#
# A fatal error has been detected by the Java Runtime Environment:
#
#  SIGSEGV (0xb) at pc=0x00007f35f7c32577, pid=289629, tid=289630
#
# JRE version: OpenJDK Runtime Environment (21.0.9) (build 21.0.9-internal-adhoc.talzuss.openjdk-mmtk)
# Java VM: OpenJDK 64-Bit Server VM (21.0.9-internal-adhoc.talzuss.openjdk-mmtk, mixed mode, sharing, tiered, compressed oops, compressed class ptrs, third-party gc, linux-amd64)
# Problematic frame:
# j  java.util.concurrent.ConcurrentHashMap.transfer([Ljava/util/concurrent/ConcurrentHashMap$Node;[Ljava/util/concurrent/ConcurrentHashMap$Node;)V+342 java.base@21.0.9-internal
#
# Core dump will be written. Default location: Core dumps may be processed with "/usr/share/apport/apport -p%p -s%s -c%c -d%d -P%P -u%u -g%g -F%F -- %E" (or dumping to /mydata/mmtk-core/core.289629)
#
# If you would like to submit a bug report, please visit:
#   https://bugreport.java.com/bugreport/crash.jsp
#

---------------  S U M M A R Y ------------

Command Line: -XX:+UseThirdPartyHeap -Xms512m -Xmx512m /mydata/dacapo/dacapo-23.11/dacapo-23.11-MR2-chopin.jar pmd -n 3

Host: AMD EPYC 7302P 16-Core Processor, 32 cores, 125G, Ubuntu 24.04.4 LTS
Time: Tue Jul  7 12:20:08 2026 MDT elapsed time: 2.639855 seconds (0d 0h 0m 2s)

---------------  T H R E A D  ---------------

Current thread (0x00007f360802b240):  JavaThread "main"             [_thread_in_Java, id=289630, stack(0x00007f360ec17000,0x00007f360ed17000) (1024K)]

Stack: [0x00007f360ec17000,0x00007f360ed17000],  sp=0x00007f360ed145a8,  free space=1013k
Native frames: (J=compiled Java code, j=interpreted, Vv=VM code, C=native code)
j  java.util.concurrent.ConcurrentHashMap.transfer([Ljava/util/concurrent/ConcurrentHashMap$Node;[Ljava/util/concurrent/ConcurrentHashMap$Node;)V+342 java.base@21.0.9-internal
J 51 c1 java.util.concurrent.ConcurrentHashMap.addCount(JI)V java.base@21.0.9-internal (280 bytes) @ 0x00007f35f0810c34 [0x00007f35f08105e0+0x0000000000000654]
J 49 c1 java.util.concurrent.ConcurrentHashMap.putVal(Ljava/lang/Object;Ljava/lang/Object;Z)Ljava/lang/Object; java.base@21.0.9-internal (432 bytes) @ 0x00007f35f080f0c4 [0x00007f35f080dce0+0x00000000000013e4]
J 54 c1 java.util.concurrent.ConcurrentHashMap.putIfAbsent(Ljava/lang/Object;Ljava/lang/Object;)Ljava/lang/Object; java.base@21.0.9-internal (8 bytes) @ 0x00007f35f0811844 [0x00007f35f08117c0+0x0000000000000084]
j  jdk.internal.loader.BuiltinClassLoader.findMiscResource(Ljava/lang/String;)Ljava/util/List;+113 java.base@21.0.9-internal
j  jdk.internal.loader.BuiltinClassLoader.findResource(Ljava/lang/String;)Ljava/net/URL;+95 java.base@21.0.9-internal
j  jdk.internal.loader.BootLoader.findResource(Ljava/lang/String;)Ljava/net/URL;+4 java.base@21.0.9-internal
j  java.lang.ClassLoader.getResource(Ljava/lang/String;)Ljava/net/URL;+25 java.base@21.0.9-internal
j  java.lang.ClassLoader.getResource(Ljava/lang/String;)Ljava/net/URL;+17 java.base@21.0.9-internal
j  java.lang.ClassLoader.getResource(Ljava/lang/String;)Ljava/net/URL;+17 java.base@21.0.9-internal
j  net.sourceforge.pmd.util.ResourceLoader.loadClassPathResourceAsStream(Ljava/lang/String;)Ljava/io/InputStream;+5
j  net.sourceforge.pmd.util.ResourceLoader.loadClassPathResourceAsStreamOrThrow(Ljava/lang/String;)Ljava/io/InputStream;+4
j  net.sourceforge.pmd.RuleSetReferenceId.checkRulesetExists(Ljava/lang/String;)Z+14
j  net.sourceforge.pmd.RuleSetReferenceId.<init>(Ljava/lang/String;Lnet/sourceforge/pmd/RuleSetReferenceId;Z)V+342
j  net.sourceforge.pmd.RuleSetLoader.loadFromResource(Ljava/lang/String;)Lnet/sourceforge/pmd/RuleSet;+11
j  net.sourceforge.pmd.RuleSetLoader.loadRuleSetsWithoutException(Ljava/util/List;)Ljava/util/List;+49
j  net.sourceforge.pmd.PmdAnalysis.create(Lnet/sourceforge/pmd/PMDConfiguration;)Lnet/sourceforge/pmd/PmdAnalysis;+57
j  net.sourceforge.pmd.PMD.doPMD(Lnet/sourceforge/pmd/PMDConfiguration;)I+30
j  net.sourceforge.pmd.PMD.runPmd(Lnet/sourceforge/pmd/PMDConfiguration;)Lnet/sourceforge/pmd/PMD$StatusCode;+52
j  net.sourceforge.pmd.PMD.runPmd([Ljava/lang/String;)Lnet/sourceforge/pmd/PMD$StatusCode;+206
j  net.sourceforge.pmd.PMD.main([Ljava/lang/String;)V+1
j  java.lang.invoke.LambdaForm$DMH+0x00007288d4001800.invokeStatic(Ljava/lang/Object;Ljava/lang/Object;)V+10 java.base@21.0.9-internal
j  java.lang.invoke.LambdaForm$MH+0x00007288d4002c00.invoke(Ljava/lang/Object;Ljava/lang/Object;Ljava/lang/Object;)Ljava/lang/Object;+33 java.base@21.0.9-internal
j  java.lang.invoke.Invokers$Holder.invokeExact_MT(Ljava/lang/Object;Ljava/lang/Object;Ljava/lang/Object;Ljava/lang/Object;)Ljava/lang/Object;+20 java.base@21.0.9-internal
j  jdk.internal.reflect.DirectMethodHandleAccessor.invokeImpl(Ljava/lang/Object;[Ljava/lang/Object;)Ljava/lang/Object;+55 java.base@21.0.9-internal
j  jdk.internal.reflect.DirectMethodHandleAccessor.invoke(Ljava/lang/Object;[Ljava/lang/Object;)Ljava/lang/Object;+23 java.base@21.0.9-internal
j  java.lang.reflect.Method.invoke(Ljava/lang/Object;[Ljava/lang/Object;)Ljava/lang/Object;+102 java.base@21.0.9-internal
j  org.dacapo.harness.Pmd.iterate(Ljava/lang/String;)V+16
j  org.dacapo.harness.Benchmark.run(Lorg/dacapo/harness/Callback;Ljava/lang/String;)Z+82
j  org.dacapo.harness.TestHarness.runBenchmark(Ljava/io/File;Ljava/io/File;Ljava/lang/String;Lorg/dacapo/harness/TestHarness;)V+109
j  org.dacapo.harness.TestHarness.main([Ljava/lang/String;)V+720
j  java.lang.invoke.LambdaForm$DMH+0x00007288d4001800.invokeStatic(Ljava/lang/Object;Ljava/lang/Object;)V+10 java.base@21.0.9-internal
j  java.lang.invoke.LambdaForm$MH+0x00007288d4002c00.invoke(Ljava/lang/Object;Ljava/lang/Object;Ljava/lang/Object;)Ljava/lang/Object;+33 java.base@21.0.9-internal
j  java.lang.invoke.Invokers$Holder.invokeExact_MT(Ljava/lang/Object;Ljava/lang/Object;Ljava/lang/Object;Ljava/lang/Object;)Ljava/lang/Object;+20 java.base@21.0.9-internal
j  jdk.internal.reflect.DirectMethodHandleAccessor.invokeImpl(Ljava/lang/Object;[Ljava/lang/Object;)Ljava/lang/Object;+55 java.base@21.0.9-internal
j  jdk.internal.reflect.DirectMethodHandleAccessor.invoke(Ljava/lang/Object;[Ljava/lang/Object;)Ljava/lang/Object;+23 java.base@21.0.9-internal
j  java.lang.reflect.Method.invoke(Ljava/lang/Object;[Ljava/lang/Object;)Ljava/lang/Object;+102 java.base@21.0.9-internal
j  Harness.main([Ljava/lang/String;)V+44
v  ~StubRoutines::call_stub 0x00007f35f7c17cc6
V  [libjvm.so+0x92b2fa]  JavaCalls::call_helper(JavaValue*, methodHandle const&, JavaCallArguments*, JavaThread*)+0x2da  (javaCalls.cpp:415)
V  [libjvm.so+0x9d1a3d]  jni_invoke_static(JNIEnv_*, JavaValue*, _jobject*, JNICallType, _jmethodID*, JNI_ArgumentPusher*, JavaThread*) [clone .constprop.1]+0x36d  (jni.cpp:888)
V  [libjvm.so+0x9d3faf]  jni_CallStaticVoidMethod+0x12f  (jni.cpp:1717)
C  [libjli.so+0x574e]  JavaMain+0xfde  (java.c:560)
C  [libjli.so+0x85ad]  ThreadJavaMain+0xd  (java_md.c:642)
C  [libc.so.6+0x9caa4]

siginfo: si_signo: 11 (SIGSEGV), si_code: 1 (SEGV_MAPERR), si_addr: 0x0000000067644d46

Registers:
RAX=0x0000000044400000, RBX=0x000000000000000c, RCX=0x0000000067644d46, RDX=0x000000000000005c
RSP=0x00007f360ed145a8, RBP=0x00007f360ed14600, RSI=0x0000000040313678, RDI=0x00007f360802b8f8
R8 =0x0000000040010670, R9 =0x0000000000000000, R10=0x00007f3610378e60, R11=0x00007f35f83fe500
R12=0x0000000000000000, R13=0x00007288d3b91f93, R14=0x00007f360ed146e0, R15=0x00007f360802b240
RIP=0x00007f35f7c32577, EFLAGS=0x0000000000010246, CSGSFS=0x002b000000000033, ERR=0x0000000000000004
  TRAPNO=0x000000000000000e

XMM[0]=0x0000000000000000 0x0000000000000000
XMM[1]=0x0000000000000000 0x00007f360ed14908
XMM[2]=0x00007f35f7c1eff2 0x00007f360ed148f0
XMM[3]=0x0000000000000000 0x00007f35f7c1e790
XMM[4]=0x00007f360ed14958 0x00007f0000000000
XMM[5]=0x0000000000000000 0x00007f0000000000
XMM[6]=0x0000000000000000 0x00007f360ed14890
XMM[7]=0x0000000000000000 0x00007f35f7c1eff2
XMM[8]=0x03da6d46c5f2280c 0xded560a5ae018c4d
XMM[9]=0x19d36ba319d36ba3 0x19d36ba31259f7d6
XMM[10]=0x0000000000000000 0x00000000f8868c33
XMM[11]=0x56d11c6156d11c61 0x56d11c61692b1437
XMM[12]=0x0000000000000000 0x000000001259f7d6
XMM[13]=0x0000000000000000 0xf29e52a2b90150b5
XMM[14]=0x0000000000000000 0x00000000c662fe13
XMM[15]=0x0000000000000000 0x0000000000000000
  MXCSR=0x00001fa2


Register to memory mapping:

RAX=
[error occurred during error reporting (printing register info), id 0xe0000000, Internal Error (/mydata/mmtk-openjdk/openjdk/share/mmtkHeap.cpp:444)]
RBX=
[error occurred during error reporting (printing register info, attempt 2), id 0xe0000000, Internal Error (/mydata/mmtk-openjdk/openjdk/share/mmtkHeap.cpp:444)]
RCX=
[error occurred during error reporting (printing register info, attempt 3), id 0xe0000000, Internal Error (/mydata/mmtk-openjdk/openjdk/share/mmtkHeap.cpp:444)]
Top of Stack: (sp=0x00007f360ed145a8)
0x00007f360ed145a8:   000000000000069b 000000004016ba28
0x00007f360ed145b8:   00007f360ed145a8 00007288d3b91f6e
0x00007f360ed145c8:   000000000000001c 00007288d340a508
0x00007f360ed145d8:   00007288c8018628 0000000040006d50
0x00007f360ed145e8:   00007288d3409950 0000000000000000
0x00007f360ed145f8:   00007f360ed146f0 00007f360ed14958
0x00007f360ed14608:   00007f35f0810c34 0000000000000000
0x00007f360ed14618:   0000000000000000 0000000000000000
0x00007f360ed14628:   0000000000000000 0000000000000000
0x00007f360ed14638:   0000000000000000 0000000000000000
0x00007f360ed14648:   0000000000000000 0000000067644d46
0x00007f360ed14658:   000000004016ba28 0000000000000000
0x00007f360ed14668:   0000000000000000 00000000412816e0
0x00007f360ed14678:   000000004016ba28 0000000000000000
0x00007f360ed14688:   000000004016ba28 0000000000000000
0x00007f360ed14698:   000000000000000a 0000000000000000
0x00007f360ed146a8:   0000000000000000 0000000040010670
0x00007f360ed146b8:   0000000000000020 0000000000000010
0x00007f360ed146c8:   0000000000000010 00000000400105e0
0x00007f360ed146d8:   0000000040313678 0000000040310ac0
0x00007f360ed146e8:   00007f35f0810c34 0000000000000001
0x00007f360ed146f8:   00007288d33eaa00 0000000000000000
0x00007f360ed14708:   00000000403f75f0 00007288d33ea1e8
0x00007f360ed14718:   0000000000000000 00007f360ed14738
0x00007f360ed14728:   00007f360ed14780 00007f35f7c1eff2
0x00007f360ed14738:   00007f360ed14738 00007288d38354a6
0x00007f360ed14748:   0000000000000007 00007288d3176368
0x00007f360ed14758:   0000000000000000 0000000040310b28
0x00007f360ed14768:   00007288d3176288 0000000000000000
0x00007f360ed14778:   0000000040310ac0 000000000000000c
0x00007f360ed14788:   0000000040313678 0000000000000000
0x00007f360ed14798:   0000000000000000 00007f360ed14958 

Instructions: (pc=0x00007f35f7c32577)
0x00007f35f7c32477:   00 00 00 00 00 00 00 00 00 48 83 ec 08 c5 fa 11
0x00007f35f7c32487:   04 24 eb 1f 48 83 ec 10 c5 fb 11 04 24 eb 14 48
0x00007f35f7c32497:   83 ec 10 48 89 04 24 48 c7 44 24 08 00 00 00 00
0x00007f35f7c324a7:   eb 01 50 41 0f b7 55 01 48 8b 4d d0 c1 e2 02 8b
0x00007f35f7c324b7:   5c d1 38 c1 eb 10 81 e3 ff 00 00 00 81 fb b4 00
0x00007f35f7c324c7:   00 00 0f 84 9e 00 00 00 bb b4 00 00 00 e8 05 00
0x00007f35f7c324d7:   00 00 e9 83 00 00 00 48 8b f3 48 8d 44 24 08 4c
0x00007f35f7c324e7:   89 6d c0 49 8b ff c5 f8 77 49 89 af c8 06 00 00
0x00007f35f7c324f7:   49 89 87 b8 06 00 00 40 f6 c4 0f 0f 84 12 00 00
0x00007f35f7c32507:   00 48 83 ec 08 e8 4f 0f af 17 48 83 c4 08 e9 05
0x00007f35f7c32517:   00 00 00 e8 41 0f af 17 49 c7 87 b8 06 00 00 00
0x00007f35f7c32527:   00 00 00 49 c7 87 c8 06 00 00 00 00 00 00 49 c7
0x00007f35f7c32537:   87 c0 06 00 00 00 00 00 00 c5 f8 77 49 83 7f 08
0x00007f35f7c32547:   00 0f 84 05 00 00 00 e9 ad 56 fe ff 4c 8b 6d c0
0x00007f35f7c32557:   4c 8b 75 c8 4e 8d 74 f5 00 c3 41 0f b7 55 01 48
0x00007f35f7c32567:   8b 4d d0 c1 e2 02 48 8b 5c d1 48 8b 44 d1 50 59
0x00007f35f7c32577:   48 3b 01 c1 e8 1c 83 e0 0f 0f 85 0a 00 00 00 0f
0x00007f35f7c32587:   be 04 19 50 e9 aa 00 00 00 83 f8 01 0f 85 0a 00
0x00007f35f7c32597:   00 00 0f b6 04 19 50 e9 97 00 00 00 83 f8 08 0f
0x00007f35f7c325a7:   85 09 00 00 00 8b 04 19 50 e9 85 00 00 00 83 f8
0x00007f35f7c325b7:   04 0f 85 09 00 00 00 8b 04 19 50 e9 73 00 00 00
0x00007f35f7c325c7:   83 f8 02 0f 85 0a 00 00 00 0f b7 04 19 50 e9 60
0x00007f35f7c325d7:   00 00 00 83 f8 03 0f 85 0a 00 00 00 0f bf 04 19
0x00007f35f7c325e7:   50 e9 4d 00 00 00 83 f8 05 0f 85 1a 00 00 00 48
0x00007f35f7c325f7:   8b 04 19 48 83 ec 10 48 89 04 24 48 c7 44 24 08
0x00007f35f7c32607:   00 00 00 00 e9 2a 00 00 00 83 f8 06 0f 85 13 00
0x00007f35f7c32617:   00 00 c5 fa 10 04 19 48 83 ec 08 c5 fa 11 04 24
0x00007f35f7c32627:   e9 0e 00 00 00 c5 fb 10 04 19 48 83 ec 10 c5 fb
0x00007f35f7c32637:   11 04 24 41 0f b6 5d 03 49 83 c5 03 49 ba 60 96
0x00007f35f7c32647:   37 10 36 7f 00 00 41 ff 24 da 0f 1f 80 00 00 00
0x00007f35f7c32657:   00 d4 4c f4 0f 36 7f 00 00 48 03 00 00 eb 00 00
0x00007f35f7c32667:   00 00 00 00 00 00 00 00 00 00 00 00 00 00 00 00 


Stack slot to memory mapping:

stack at sp + 0 slots: 
[error occurred during error reporting (inspecting top of stack), id 0xe0000000, Internal Error (/mydata/mmtk-openjdk/openjdk/share/mmtkHeap.cpp:444)]
stack at sp + 1 slots: 
[error occurred during error reporting (inspecting top of stack, attempt 2), id 0xe0000000, Internal Error (/mydata/mmtk-openjdk/openjdk/share/mmtkHeap.cpp:444)]
stack at sp + 2 slots: 
[error occurred during error reporting (inspecting top of stack, attempt 3), id 0xe0000000, Internal Error (/mydata/mmtk-openjdk/openjdk/share/mmtkHeap.cpp:444)]
nofast_getfield  234 nofast_getfield  [0x00007f35f7c32480, 0x00007f35f7c32658]  472 bytes
[MachCode]
  0x00007f35f7c32480: 4883 ec08 | c5fa 1104 | 24eb 1f48 | 83ec 10c5 | fb11 0424 | eb14 4883 | ec10 4889 | 0424 48c7 
  0x00007f35f7c324a0: 4424 0800 | 0000 00eb | 0150 410f | b755 0148 | 8b4d d0c1 | e202 8b5c | d138 c1eb | 1081 e3ff 
  0x00007f35f7c324c0: 0000 0081 | fbb4 0000 | 000f 849e | 0000 00bb | b400 0000 | e805 0000 | 00e9 8300 | 0000 488b 
  0x00007f35f7c324e0: f348 8d44 | 2408 4c89 | 6dc0 498b | ffc5 f877 | 4989 afc8 | 0600 0049 | 8987 b806 | 0000 40f6 
  0x00007f35f7c32500: c40f 0f84 | 1200 0000 | 4883 ec08 | e84f 0faf | 1748 83c4 | 08e9 0500 | 0000 e841 | 0faf 1749 
  0x00007f35f7c32520: c787 b806 | 0000 0000 | 0000 49c7 | 87c8 0600 | 0000 0000 | 0049 c787 | c006 0000 | 0000 0000 
  0x00007f35f7c32540: c5f8 7749 | 837f 0800 | 0f84 0500 | 0000 e9ad | 56fe ff4c | 8b6d c04c | 8b75 c84e | 8d74 f500 
  0x00007f35f7c32560: c341 0fb7 | 5501 488b | 4dd0 c1e2 | 0248 8b5c | d148 8b44 | d150 5948 | 3b01 c1e8 | 1c83 e00f 
  0x00007f35f7c32580: 0f85 0a00 | 0000 0fbe | 0419 50e9 | aa00 0000 | 83f8 010f | 850a 0000 | 000f b604 | 1950 e997 
  0x00007f35f7c325a0: 0000 0083 | f808 0f85 | 0900 0000 | 8b04 1950 | e985 0000 | 0083 f804 | 0f85 0900 | 0000 8b04 
  0x00007f35f7c325c0: 1950 e973 | 0000 0083 | f802 0f85 | 0a00 0000 | 0fb7 0419 | 50e9 6000 | 0000 83f8 | 030f 850a 
  0x00007f35f7c325e0: 0000 000f | bf04 1950 | e94d 0000 | 0083 f805 | 0f85 1a00 | 0000 488b | 0419 4883 | ec10 4889 
  0x00007f35f7c32600: 0424 48c7 | 4424 0800 | 0000 00e9 | 2a00 0000 | 83f8 060f | 8513 0000 | 00c5 fa10 | 0419 4883 
  0x00007f35f7c32620: ec08 c5fa | 1104 24e9 | 0e00 0000 | c5fb 1004 | 1948 83ec | 10c5 fb11 | 0424 410f | b65d 0349 
  0x00007f35f7c32640: 83c5 0349 | ba60 9637 | 1036 7f00 | 0041 ff24 | da0f 1f80 | 0000 0000 
[/MachCode]

Compiled method (c1) 4420   51       3       java.util.concurrent.ConcurrentHashMap::addCount (280 bytes)
 total in heap  [0x00007f35f0810390,0x00007f35f0811130] = 3488
 relocation     [0x00007f35f08104e8,0x00007f35f08105d0] = 232
 main code      [0x00007f35f08105e0,0x00007f35f0810e20] = 2112
 stub code      [0x00007f35f0810e20,0x00007f35f0810ea0] = 128
 metadata       [0x00007f35f0810ea0,0x00007f35f0810eb0] = 16
 scopes data    [0x00007f35f0810eb0,0x00007f35f0810ff8] = 328
 scopes pcs     [0x00007f35f0810ff8,0x00007f35f0811108] = 272
 dependencies   [0x00007f35f0811108,0x00007f35f0811110] = 8
 nul chk table  [0x00007f35f0811110,0x00007f35f0811130] = 32

[Constant Pool (empty)]

[MachCode]
[Entry Point]
  # {method} {0x00007288d3409bb8} 'addCount' '(JI)V' in 'java/util/concurrent/ConcurrentHashMap'
  # this:     rsi:rsi   = 'java/util/concurrent/ConcurrentHashMap'
  # parm0:    rdx:rdx   = long
  # parm1:    rcx       = int
  #           [sp+0xc0]  (sp of caller)
  0x00007f35f08105e0: 448b 5608 | 49bb 0000 | 00d3 8872 | 0000 4d03 | d34c 3bd0 

  0x00007f35f08105f4: ;   {runtime_call ic_miss_stub}
  0x00007f35f08105f4: 0f85 8647 | 4507 660f | 1f44 0000 
[Verified Entry Point]
  0x00007f35f0810600: 8984 2400 | c0fe ff55 | 4881 ecb0 | 0000 0090 | 4181 7f20 | 0100 0000 

  0x00007f35f0810618: ;   {runtime_call StubRoutines (final stubs)}
  0x00007f35f0810618: 7405 e841 | e843 0748 | 89b4 2488 | 0000 0089 

  0x00007f35f0810628: ;   {metadata(method data for {method} {0x00007288d3409bb8} 'addCount' '(JI)V' in 'java/util/concurrent/ConcurrentHashMap')}
  0x00007f35f0810628: 4c24 7448 | b8e0 5e01 | c888 7200 | 008b 98f4 | 0000 0083 | c302 8998 | f400 0000 | 81e3 fe07 
  0x00007f35f0810648: 0000 85db | 0f84 e006 | 0000 8b7e | 3048 85ff 

  0x00007f35f0810658: ;   {metadata(method data for {method} {0x00007288d3409bb8} 'addCount' '(JI)V' in 'java/util/concurrent/ConcurrentHashMap')}
  0x00007f35f0810658: 48b8 e05e | 01c8 8872 | 0000 48c7 | c338 0100 | 0075 0748 | c7c3 4801 | 0000 4c8b | 0418 4d8d 
  0x00007f35f0810678: 4001 4c89 | 0418 0f85 | 5600 0000 | c5fb 1046 | 18c4 e1f9 | 7ec0 4c8b | c04c 03c2 | 4c8d 4e18 
  0x00007f35f0810698: 498b d8f0 | 490f b119 | bb01 0000 | 0074 05bb | 0000 0000 

  0x00007f35f08106ac: ;   {metadata(method data for {method} {0x00007288d3409bb8} 'addCount' '(JI)V' in 'java/util/concurrent/ConcurrentHashMap')}
  0x00007f35f08106ac: 85db 48bb | e05e 01c8 | 8872 0000 | 48c7 c090 | 0100 0075 | 0748 c7c0 | a001 0000 | 4c8b 0c03 
  0x00007f35f08106cc: 4d8d 4901 | 4c89 0c03 | 0f85 e101 | 0000 4885 

  0x00007f35f08106dc: ;   {metadata(method data for {method} {0x00007288d3409bb8} 'addCount' '(JI)V' in 'java/util/concurrent/ConcurrentHashMap')}
  0x00007f35f08106dc: ff48 bbe0 | 5e01 c888 | 7200 0048 | c7c0 c001 | 0000 7507 | 48c7 c0b0 | 0100 004c | 8b04 034d 
  0x00007f35f08106fc: 8d40 014c | 8904 030f | 850a 0000 | 00bf 0100 | 0000 e9de | 0500 008b | 5f0c ffcb 

  0x00007f35f0810718: ;   {metadata(method data for {method} {0x00007288d3409bb8} 'addCount' '(JI)V' in 'java/util/concurrent/ConcurrentHashMap')}
  0x00007f35f0810718: 85db 48b8 | e05e 01c8 | 8872 0000 | 49c7 c0e0 | 0100 007d | 0749 c7c0 | d001 0000 | 4e8b 0c00 
  0x00007f35f0810738: 4d8d 4901 | 4e89 0c00 | 0f8d 0a00 | 0000 bf01 | 0000 00e9 | a105 0000 | 895c 2470 | 4889 7c24 
  0x00007f35f0810758: 7848 8994 | 2480 0000 | 0066 0f1f 

  0x00007f35f0810764: ;   {static_call}
  0x00007f35f0810764: 4400 00e8 

  0x00007f35f0810768: ; ImmutableOopMap {[120]=Oop [136]=Oop }
                      ;*invokestatic getProbe {reexecute=0 rethrow=0 return_oop=0}
                      ; - java.util.concurrent.ConcurrentHashMap::addCount@58 (line 2331)
  0x00007f35f0810768: 144f 4507 

  0x00007f35f081076c: ;   {other}
  0x00007f35f081076c: 0f1f 8400 | dc03 0000 | 2344 2470 | 488b 7c24 | 783b 470c | 0f83 d205 | 0000 4863 | c08b 4487 
  0x00007f35f081078c: 1048 85c0 

  0x00007f35f0810790: ;   {metadata(method data for {method} {0x00007288d3409bb8} 'addCount' '(JI)V' in 'java/util/concurrent/ConcurrentHashMap')}
  0x00007f35f0810790: 48bb e05e | 01c8 8872 | 0000 48c7 | c610 0200 | 0075 0748 | c7c6 0002 | 0000 488b | 3c33 488d 
  0x00007f35f08107b0: 7f01 4889 | 3c33 0f85 | 1a00 0000 | bf01 0000 | 0048 8b94 | 2480 0000 | 0048 8bb4 | 2488 0000 
  0x00007f35f08107d0: 00e9 1b05 | 0000 488b | 9424 8000 | 0000 c5fb | 1080 9000 | 0000 c4e1 | f97e c348 | 8bf3 4803 
  0x00007f35f08107f0: f248 8db8 | 9000 0000 | 488b c348 | 8bde f048 | 0fb1 1fbe | 0100 0000 | 7405 be00 | 0000 0085 
  0x00007f35f0810810: ;   {metadata(method data for {method} {0x00007288d3409bb8} 'addCount' '(JI)V' in 'java/util/concurrent/ConcurrentHashMap')}
  0x00007f35f0810810: f648 bfe0 | 5e01 c888 | 7200 0048 | c7c3 5802 | 0000 7507 | 48c7 c368 | 0200 0048 | 8b04 1f48 
  0x00007f35f0810830: 8d40 0148 | 8904 1f0f | 8510 0000 | 0048 8bfe | 488b b424 | 8800 0000 | e9a4 0400 | 008b 4c24 
  0x00007f35f0810850: 7483 f901 

  0x00007f35f0810854: ;   {metadata(method data for {method} {0x00007288d3409bb8} 'addCount' '(JI)V' in 'java/util/concurrent/ConcurrentHashMap')}
  0x00007f35f0810854: 48be e05e | 01c8 8872 | 0000 48c7 | c7c0 0200 | 007e 0748 | c7c7 b002 | 0000 488b | 1c3e 488d 
  0x00007f35f0810874: 5b01 4889 | 1c3e 0f8e | 5b04 0000 | 488b b424 | 8800 0000 

  0x00007f35f0810888: ;   {metadata(method data for {method} {0x00007288d3409bb8} 'addCount' '(JI)V' in 'java/util/concurrent/ConcurrentHashMap')}
  0x00007f35f0810888: 48bf e05e | 01c8 8872 | 0000 4883 | 87d0 0200 | 0001 488b | b424 8800 | 0000 0f1f 

  0x00007f35f08108a4: ;   {optimized virtual_call}
  0x00007f35f08108a4: 4400 00e8 

  0x00007f35f08108a8: ; ImmutableOopMap {[136]=Oop }
                      ;*invokevirtual sumCount {reexecute=0 rethrow=0 return_oop=0}
                      ; - java.util.concurrent.ConcurrentHashMap::addCount@115 (line 2339)
  0x00007f35f08108a8: d447 4507 

  0x00007f35f08108ac: ;   {other}
  0x00007f35f08108ac: 0f1f 8400 | 1c05 0001 | 4c8b c08b | 4c24 7485 

  0x00007f35f08108bc: ;   {metadata(method data for {method} {0x00007288d3409bb8} 'addCount' '(JI)V' in 'java/util/concurrent/ConcurrentHashMap')}
  0x00007f35f08108bc: c948 bee0 | 5e01 c888 | 7200 0048 | c7c7 0803 | 0000 7c07 | 48c7 c718 | 0300 0048 | 8b1c 3e48 
  0x00007f35f08108dc: 8d5b 0148 | 891c 3e0f | 8cdc 0300 | 000f 1f80 | 0000 0000 | 488b b424 | 8800 0000 | 8b7e 1448 
  0x00007f35f08108fc: 63df 4c3b 

  0x00007f35f0810900: ;   {metadata(method data for {method} {0x00007288d3409bb8} 'addCount' '(JI)V' in 'java/util/concurrent/ConcurrentHashMap')}
  0x00007f35f0810900: c348 bbe0 | 5e01 c888 | 7200 0048 | c7c0 2803 | 0000 7c07 | 48c7 c038 | 0300 0048 | 8b14 0348 
  0x00007f35f0810920: 8d52 0148 | 8914 030f | 8c98 0300 | 008b 5e28 

  0x00007f35f0810930: ;   {metadata(method data for {method} {0x00007288d3409bb8} 'addCount' '(JI)V' in 'java/util/concurrent/ConcurrentHashMap')}
  0x00007f35f0810930: 4885 db48 | b8e0 5e01 | c888 7200 | 0048 c7c2 | 4803 0000 | 7407 48c7 | c258 0300 | 0048 8b0c 
  0x00007f35f0810950: 1048 8d49 | 0148 890c | 100f 8466 | 0300 008b | 430c 3d00 

  0x00007f35f0810964: ;   {metadata(method data for {method} {0x00007288d3409bb8} 'addCount' '(JI)V' in 'java/util/concurrent/ConcurrentHashMap')}
  0x00007f35f0810964: 0000 4048 | bae0 5e01 | c888 7200 | 0048 c7c1 | 6803 0000 | 7d07 48c7 | c178 0300 | 004c 8b04 
  0x00007f35f0810984: 0a4d 8d40 | 014c 8904 | 0a0f 8d32 | 0300 0048 | 899c 2498 | 0000 0089 | bc24 9000 

  0x00007f35f08109a0: ;   {metadata(method data for {method} {0x00007288d3409bb8} 'addCount' '(JI)V' in 'java/util/concurrent/ConcurrentHashMap')}
  0x00007f35f08109a0: 0000 48ba | e05e 01c8 | 8872 0000 | 4883 8288 | 0300 0001 

  0x00007f35f08109b4: ;   {metadata(method data for {method} {0x00007288d34099a8} 'resizeStamp' '(I)I' in 'java/util/concurrent/ConcurrentHashMap')}
  0x00007f35f08109b4: 48ba 107b | 01c8 8872 | 0000 8b8a | f400 0000 | 83c1 0289 | 8af4 0000 | 0081 e1fe | ff1f 0085 
  0x00007f35f08109d4: c90f 8495 

  0x00007f35f08109d8: ;   {metadata(method data for {method} {0x00007288d34099a8} 'resizeStamp' '(I)I' in 'java/util/concurrent/ConcurrentHashMap')}
  0x00007f35f08109d8: 0300 0048 | ba10 7b01 | c888 7200 | 0048 8382 | 3801 0000 | 0148 8bf0 | 0f1f 8000 

  0x00007f35f08109f4: ;   {static_call}
  0x00007f35f08109f4: 0000 00e8 

  0x00007f35f08109f8: ; ImmutableOopMap {[136]=Oop [152]=Oop }
                      ;*invokestatic numberOfLeadingZeros {reexecute=0 rethrow=0 return_oop=0}
                      ; - java.util.concurrent.ConcurrentHashMap::resizeStamp@1 (line 2285)
                      ; - java.util.concurrent.ConcurrentHashMap::addCount@161 (line 2345)
  0x00007f35f08109f8: 44e8 1f00 

  0x00007f35f08109fc: ;   {other}
  0x00007f35f08109fc: 0f1f 8400 | 6c06 0002 | 0d00 8000 | 00c1 e010 | 8bbc 2490 | 0000 0085 

  0x00007f35f0810a14: ;   {metadata(method data for {method} {0x00007288d3409bb8} 'addCount' '(JI)V' in 'java/util/concurrent/ConcurrentHashMap')}
  0x00007f35f0810a14: ff48 bae0 | 5e01 c888 | 7200 0048 | c7c1 9803 | 0000 7d07 | 48c7 c1a8 | 0300 0048 | 8b34 0a48 
  0x00007f35f0810a34: 8d76 0148 | 8934 0a0f | 8d68 0100 | 0048 8bd0 | 81c2 ffff | 0000 3bfa 

  0x00007f35f0810a4c: ;   {metadata(method data for {method} {0x00007288d3409bb8} 'addCount' '(JI)V' in 'java/util/concurrent/ConcurrentHashMap')}
  0x00007f35f0810a4c: 48ba e05e | 01c8 8872 | 0000 48c7 | c1b8 0300 | 0074 0748 | c7c1 c803 | 0000 488b | 340a 488d 
  0x00007f35f0810a6c: 7601 4889 | 340a 0f84 | 4d02 0000 | ffc0 3bf8 

  0x00007f35f0810a7c: ;   {metadata(method data for {method} {0x00007288d3409bb8} 'addCount' '(JI)V' in 'java/util/concurrent/ConcurrentHashMap')}
  0x00007f35f0810a7c: 48b8 e05e | 01c8 8872 | 0000 48c7 | c2d8 0300 | 0074 0748 | c7c2 e803 | 0000 488b | 0c10 488d 
  0x00007f35f0810a9c: 4901 4889 | 0c10 0f84 | 1d02 0000 | 488b b424 | 8800 0000 | 8b4e 2c48 

  0x00007f35f0810ab4: ;   {metadata(method data for {method} {0x00007288d3409bb8} 'addCount' '(JI)V' in 'java/util/concurrent/ConcurrentHashMap')}
  0x00007f35f0810ab4: 85c9 48b8 | e05e 01c8 | 8872 0000 | 48c7 c2f8 | 0300 0074 | 0748 c7c2 | 0804 0000 | 488b 1c10 
  0x00007f35f0810ad4: 488d 5b01 | 4889 1c10 | 0f84 e301 | 0000 8b46 

  0x00007f35f0810ae4: ;   {metadata(method data for {method} {0x00007288d3409bb8} 'addCount' '(JI)V' in 'java/util/concurrent/ConcurrentHashMap')}
  0x00007f35f0810ae4: 2085 c048 | b8e0 5e01 | c888 7200 | 0048 c7c2 | 2804 0000 | 7e07 48c7 | c218 0400 | 0048 8b1c 
  0x00007f35f0810b04: 1048 8d5b | 0148 891c | 100f 8ea2 | 0100 0048 | 8bd7 ffc2 | 488d 5e14 | 488b c7f0 | 0fb1 13ba 
  0x00007f35f0810b24: 0100 0000 | 7405 ba00 | 0000 0085 

  0x00007f35f0810b30: ;   {metadata(method data for {method} {0x00007288d3409bb8} 'addCount' '(JI)V' in 'java/util/concurrent/ConcurrentHashMap')}
  0x00007f35f0810b30: d248 bae0 | 5e01 c888 | 7200 0048 | c7c7 8804 | 0000 7407 | 48c7 c798 | 0400 0048 | 8b1c 3a48 
  0x00007f35f0810b50: 8d5b 0148 | 891c 3a0f | 84df 0000 | 0048 8bd6 

  0x00007f35f0810b60: ;   {metadata(method data for {method} {0x00007288d3409bb8} 'addCount' '(JI)V' in 'java/util/concurrent/ConcurrentHashMap')}
  0x00007f35f0810b60: 48bf e05e | 01c8 8872 | 0000 4883 | 87a8 0400 | 0001 488b | 9424 9800 | 0000 488b | fe48 8bf7 
  0x00007f35f0810b80: 0f1f 8000 

  0x00007f35f0810b84: ;   {optimized virtual_call}
  0x00007f35f0810b84: 0000 00e8 

  0x00007f35f0810b88: ; ImmutableOopMap {[136]=Oop }
                      ;*invokevirtual transfer {reexecute=0 rethrow=0 return_oop=0}
                      ; - java.util.concurrent.ConcurrentHashMap::addCount@238 (line 2351)
  0x00007f35f0810b88: f444 4507 

  0x00007f35f0810b8c: ;   {other}
  0x00007f35f0810b8c: 0f1f 8400 | fc07 0003 

  0x00007f35f0810b94: ;   {metadata(method data for {method} {0x00007288d3409bb8} 'addCount' '(JI)V' in 'java/util/concurrent/ConcurrentHashMap')}
  0x00007f35f0810b94: 48b8 e05e | 01c8 8872 | 0000 ff80 | e004 0000 | e993 0000 | 0048 8bb4 | 2488 0000 | 0048 8bd0 
  0x00007f35f0810bb4: 83c2 0248 | 8d4e 1448 | 8bc7 f00f | b111 ba01 | 0000 0074 | 05ba 0000 | 0000 85d2 

  0x00007f35f0810bd0: ;   {metadata(method data for {method} {0x00007288d3409bb8} 'addCount' '(JI)V' in 'java/util/concurrent/ConcurrentHashMap')}
  0x00007f35f0810bd0: 48ba e05e | 01c8 8872 | 0000 48c7 | c130 0500 | 0074 0748 | c7c1 4005 | 0000 488b | 3c0a 488d 
  0x00007f35f0810bf0: 7f01 4889 | 3c0a 0f84 | 4000 0000 | 488b 9c24 | 9800 0000 

  0x00007f35f0810c04: ;   {metadata(method data for {method} {0x00007288d3409bb8} 'addCount' '(JI)V' in 'java/util/concurrent/ConcurrentHashMap')}
  0x00007f35f0810c04: 488b d648 | b9e0 5e01 | c888 7200 | 0048 8381 | 5005 0000 | 0148 8bd3 

  0x00007f35f0810c1c: ;   {oop(nullptr)}
  0x00007f35f0810c1c: 48b9 0000 | 0000 0000 | 0000 488b | fe48 8bf7 

  0x00007f35f0810c2c: ;   {optimized virtual_call}
  0x00007f35f0810c2c: 6666 90e8 

  0x00007f35f0810c30: ; ImmutableOopMap {[136]=Oop }
                      ;*invokevirtual transfer {reexecute=0 rethrow=0 return_oop=0}
                      ; - java.util.concurrent.ConcurrentHashMap::addCount@267 (line 2354)
  0x00007f35f0810c30: 1e02 0000 

  0x00007f35f0810c34: ;   {other}
  0x00007f35f0810c34: 0f1f 8400 | a408 0004 | 488b b424 | 8800 0000 

  0x00007f35f0810c44: ;   {metadata(method data for {method} {0x00007288d3409bb8} 'addCount' '(JI)V' in 'java/util/concurrent/ConcurrentHashMap')}
  0x00007f35f0810c44: 48bf e05e | 01c8 8872 | 0000 4883 | 8788 0500 | 0001 488b | b424 8800 

  0x00007f35f0810c5c: ;   {optimized virtual_call}
  0x00007f35f0810c5c: 0000 90e8 

  0x00007f35f0810c60: ; ImmutableOopMap {[136]=Oop }
                      ;*invokevirtual sumCount {reexecute=0 rethrow=0 return_oop=0}
                      ; - java.util.concurrent.ConcurrentHashMap::addCount@271 (line 2355)
  0x00007f35f0810c60: d001 0000 

  0x00007f35f0810c64: ;   {other}
  0x00007f35f0810c64: 0f1f 8400 | d408 0005 

  0x00007f35f0810c6c: ;   {metadata(method data for {method} {0x00007288d3409bb8} 'addCount' '(JI)V' in 'java/util/concurrent/ConcurrentHashMap')}
  0x00007f35f0810c6c: 48ba e05e | 01c8 8872 | 0000 8b8a | f800 0000 | 83c1 0289 | 8af8 0000 | 0081 e1fe | 3f00 0085 
  0x00007f35f0810c8c: c90f 84fe | 0000 004d | 8b97 7007 

  0x00007f35f0810c98: ; ImmutableOopMap {[136]=Oop }
                      ;*goto {reexecute=1 rethrow=0 return_oop=0}
                      ; - (reexecute) java.util.concurrent.ConcurrentHashMap::addCount@276 (line 2356)
                      ;   {poll}
  0x00007f35f0810c98: 0000 4185 

  0x00007f35f0810c9c: ;   {metadata(method data for {method} {0x00007288d3409bb8} 'addCount' '(JI)V' in 'java/util/concurrent/ConcurrentHashMap')}
  0x00007f35f0810c9c: 0248 bae0 | 5e01 c888 | 7200 00ff | 82c0 0500 | 004c 8bc0 | e93b fcff 

  0x00007f35f0810cb4: ;   {metadata(method data for {method} {0x00007288d3409bb8} 'addCount' '(JI)V' in 'java/util/concurrent/ConcurrentHashMap')}
  0x00007f35f0810cb4: ff48 bae0 | 5e01 c888 | 7200 00ff | 8238 0400 | 0048 81c4 | b000 0000 

  0x00007f35f0810ccc: ;   {poll_return}
  0x00007f35f0810ccc: 5d49 3ba7 | 6807 0000 | 0f87 d800 | 0000 c348 | 81c4 b000 

  0x00007f35f0810ce0: ;   {poll_return}
  0x00007f35f0810ce0: 0000 5d49 | 3ba7 6807 | 0000 0f87 | d800 0000 | c348 8bce 

  0x00007f35f0810cf4: ;   {metadata(method data for {method} {0x00007288d3409bb8} 'addCount' '(JI)V' in 'java/util/concurrent/ConcurrentHashMap')}
  0x00007f35f0810cf4: 48bb e05e | 01c8 8872 | 0000 4883 | 8378 0200 | 0001 488b | cf66 0f1f 

  0x00007f35f0810d0c: ;   {optimized virtual_call}
  0x00007f35f0810d0c: 4400 00e8 

  0x00007f35f0810d10: ; ImmutableOopMap {}
                      ;*invokevirtual fullAddCount {reexecute=0 rethrow=0 return_oop=0}
                      ; - java.util.concurrent.ConcurrentHashMap::addCount@104 (line 2334)
  0x00007f35f0810d10: 6c43 4507 

  0x00007f35f0810d14: ;   {other}
  0x00007f35f0810d14: 0f1f 8400 | 8409 0007 | 4881 c4b0 | 0000 005d 

  0x00007f35f0810d24: ;   {poll_return}
  0x00007f35f0810d24: 493b a768 | 0700 000f | 87ad 0000 

  0x00007f35f0810d30: ;   {metadata({method} {0x00007288d3409bb8} 'addCount' '(JI)V' in 'java/util/concurrent/ConcurrentHashMap')}
  0x00007f35f0810d30: 00c3 49ba | b89b 40d3 | 8872 0000 | 4c89 5424 | 0848 c704 | 24ff ffff 

  0x00007f35f0810d48: ;   {runtime_call counter_overflow Runtime1 stub}
  0x00007f35f0810d48: ffe8 3274 

  0x00007f35f0810d4c: ; ImmutableOopMap {rsi=Oop [136]=Oop }
                      ;*synchronization entry
                      ; - java.util.concurrent.ConcurrentHashMap::addCount@-1 (line 2326)
  0x00007f35f0810d4c: 5007 e9ff 

  0x00007f35f0810d50: ;   {runtime_call throw_null_pointer_exception Runtime1 stub}
  0x00007f35f0810d50: f8ff ffe8 

  0x00007f35f0810d54: ; ImmutableOopMap {rsi=Oop rdi=Oop [136]=Oop }
                      ;*arraylength {reexecute=0 rethrow=0 return_oop=0}
                      ; - java.util.concurrent.ConcurrentHashMap::addCount@47 (line 2330)
  0x00007f35f0810d54: 2807 5007 | 4889 0424 | 4889 7c24 

  0x00007f35f0810d60: ;   {runtime_call throw_range_check_failed Runtime1 stub}
  0x00007f35f0810d60: 08e8 1afe 

  0x00007f35f0810d64: ; ImmutableOopMap {rdi=Oop [136]=Oop }
                      ;*aaload {reexecute=0 rethrow=0 return_oop=0}
                      ; - java.util.concurrent.ConcurrentHashMap::addCount@64 (line 2331)
                      ;   {runtime_call throw_null_pointer_exception Runtime1 stub}
  0x00007f35f0810d64: 4f07 e815 

  0x00007f35f0810d68: ; ImmutableOopMap {rax=Oop [136]=Oop }
                      ;*getfield value {reexecute=1 rethrow=0 return_oop=0}
                      ; - (reexecute) java.util.concurrent.ConcurrentHashMap::addCount@81 (line 2331)
                      ;   {runtime_call throw_null_pointer_exception Runtime1 stub}
  0x00007f35f0810d68: 0750 07e8 

  0x00007f35f0810d6c: ; ImmutableOopMap {rsi=Oop rbx=Oop [136]=Oop }
                      ;*arraylength {reexecute=0 rethrow=0 return_oop=0}
                      ; - java.util.concurrent.ConcurrentHashMap::addCount@150 (line 2343)
  0x00007f35f0810d6c: 1007 5007 

  0x00007f35f0810d70: ;   {metadata({method} {0x00007288d34099a8} 'resizeStamp' '(I)I' in 'java/util/concurrent/ConcurrentHashMap')}
  0x00007f35f0810d70: 49ba a899 | 40d3 8872 | 0000 4c89 | 5424 0848 | c704 24ff 

  0x00007f35f0810d84: ;   {runtime_call counter_overflow Runtime1 stub}
  0x00007f35f0810d84: ffff ffe8 

  0x00007f35f0810d88: ; ImmutableOopMap {[136]=Oop [152]=Oop }
                      ;*synchronization entry
                      ; - java.util.concurrent.ConcurrentHashMap::resizeStamp@-1 (line 2285)
                      ; - java.util.concurrent.ConcurrentHashMap::addCount@161 (line 2345)
  0x00007f35f0810d88: f473 5007 | e94a fcff 

  0x00007f35f0810d90: ;   {metadata({method} {0x00007288d3409bb8} 'addCount' '(JI)V' in 'java/util/concurrent/ConcurrentHashMap')}
  0x00007f35f0810d90: ff49 bab8 | 9b40 d388 | 7200 004c | 8954 2408 | 48c7 0424 | 1401 0000 

  0x00007f35f0810da8: ;   {runtime_call counter_overflow Runtime1 stub}
  0x00007f35f0810da8: e8d3 7350 

  0x00007f35f0810dac: ; ImmutableOopMap {[136]=Oop }
                      ;*goto {reexecute=1 rethrow=0 return_oop=0}
                      ; - (reexecute) java.util.concurrent.ConcurrentHashMap::addCount@276 (line 2356)
  0x00007f35f0810dac: 07e9 e1fe 

  0x00007f35f0810db0: ;   {internal_word}
  0x00007f35f0810db0: ffff 49ba | cd0c 81f0 | 357f 0000 | 4d89 9780 

  0x00007f35f0810dc0: ;   {runtime_call SafepointBlob}
  0x00007f35f0810dc0: 0700 00e9 | 38a6 4507 

  0x00007f35f0810dc8: ;   {internal_word}
  0x00007f35f0810dc8: 49ba e30c | 81f0 357f | 0000 4d89 | 9780 0700 

  0x00007f35f0810dd8: ;   {runtime_call SafepointBlob}
  0x00007f35f0810dd8: 00e9 22a6 

  0x00007f35f0810ddc: ;   {internal_word}
  0x00007f35f0810ddc: 4507 49ba | 240d 81f0 | 357f 0000 | 4d89 9780 

  0x00007f35f0810dec: ;   {runtime_call SafepointBlob}
  0x00007f35f0810dec: 0700 00e9 | 0ca6 4507 | 498b 8718 | 0800 0049 | c787 1808 | 0000 0000 | 0000 49c7 | 8720 0800 
  0x00007f35f0810e0c: 0000 0000 | 0048 81c4 | b000 0000 

  0x00007f35f0810e18: ;   {runtime_call unwind_exception Runtime1 stub}
  0x00007f35f0810e18: 5de9 62f7 | 4f07 f4f4 
[Stub Code]
  0x00007f35f0810e20: ;   {no_reloc}
  0x00007f35f0810e20: 0f1f 4400 

  0x00007f35f0810e24: ;   {static_stub}
  0x00007f35f0810e24: 0048 bb00 | 0000 0000 

  0x00007f35f0810e2c: ;   {runtime_call nmethod}
  0x00007f35f0810e2c: 0000 00e9 | fbff ffff 

  0x00007f35f0810e34: ;   {static_stub}
  0x00007f35f0810e34: 48bb 789e | 40d3 8872 

  0x00007f35f0810e3c: ;   {runtime_call I2C/C2I adapters}
  0x00007f35f0810e3c: 0000 e9a0 

  0x00007f35f0810e40: ;   {static_stub}
  0x00007f35f0810e40: 3645 0748 | bb58 b241 | d388 7200 

  0x00007f35f0810e4c: ;   {runtime_call I2C/C2I adapters}
  0x00007f35f0810e4c: 00e9 108c 

  0x00007f35f0810e50: ;   {static_stub}
  0x00007f35f0810e50: 4507 48bb | 5099 40d3 | 8872 0000 

  0x00007f35f0810e5c: ;   {runtime_call I2C/C2I adapters}
  0x00007f35f0810e5c: e90a 0b45 

  0x00007f35f0810e60: ;   {static_stub}
  0x00007f35f0810e60: 0748 bb00 | 0000 0000 

  0x00007f35f0810e68: ;   {runtime_call nmethod}
  0x00007f35f0810e68: 0000 00e9 | fbff ffff 
[Exception Handler]
  0x00007f35f0810e70: ;   {runtime_call handle_exception_from_callee Runtime1 stub}
  0x00007f35f0810e70: e80b 2a50 

  0x00007f35f0810e74: ;   {external_word}
  0x00007f35f0810e74: 0748 bfbb | 51f4 0f36 | 7f00 0048 

  0x00007f35f0810e80: ;   {runtime_call MacroAssembler::debug64(char*, long, long*)}
  0x00007f35f0810e80: 83e4 f0e8 | c89f 1f1f 

  0x00007f35f0810e88: ;   {section_word}
  0x00007f35f0810e88: f449 ba89 | 0e81 f035 | 7f00 0041 

  0x00007f35f0810e94: ;   {runtime_call DeoptimizationBlob}
  0x00007f35f0810e94: 52e9 0698 | 4507 f4f4 | f4f4 f4f4 
[/MachCode]


Compiled method (c1) 4428   49   !   3       java.util.concurrent.ConcurrentHashMap::putVal (432 bytes)
 total in heap  [0x00007f35f080d990,0x00007f35f080ff60] = 9680
 relocation     [0x00007f35f080dae8,0x00007f35f080dce0] = 504
 main code      [0x00007f35f080dce0,0x00007f35f080f508] = 6184
 stub code      [0x00007f35f080f508,0x00007f35f080f5f0] = 232
 metadata       [0x00007f35f080f5f0,0x00007f35f080f610] = 32
 scopes data    [0x00007f35f080f610,0x00007f35f080fb60] = 1360
 scopes pcs     [0x00007f35f080fb60,0x00007f35f080fdf0] = 656
 dependencies   [0x00007f35f080fdf0,0x00007f35f080fdf8] = 8
 handler table  [0x00007f35f080fdf8,0x00007f35f080ff30] = 312
 nul chk table  [0x00007f35f080ff30,0x00007f35f080ff60] = 48

[Constant Pool (empty)]

[MachCode]
[Entry Point]
  # {method} {0x00007288d3409d70} 'putVal' '(Ljava/lang/Object;Ljava/lang/Object;Z)Ljava/lang/Object;' in 'java/util/concurrent/ConcurrentHashMap'
  # this:     rsi:rsi   = 'java/util/concurrent/ConcurrentHashMap'
  # parm0:    rdx:rdx   = 'java/lang/Object'
  # parm1:    rcx:rcx   = 'java/lang/Object'
  # parm2:    r8        = boolean
  #           [sp+0x100]  (sp of caller)
  0x00007f35f080dce0: 448b 5608 | 49bb 0000 | 00d3 8872 | 0000 4d03 | d34c 3bd0 

  0x00007f35f080dcf4: ;   {runtime_call ic_miss_stub}
  0x00007f35f080dcf4: 0f85 8670 | 4507 660f | 1f44 0000 
[Verified Entry Point]
  0x00007f35f080dd00: 8984 2400 | c0fe ff55 | 4881 ecf0 | 0000 0090 | 4181 7f20 | 0100 0000 

  0x00007f35f080dd18: ;   {runtime_call StubRoutines (final stubs)}
  0x00007f35f080dd18: 7405 e841 | 1144 0748 | 8974 2468 | 4889 5424 | 7048 894c | 2478 4489 | 8424 8000 

  0x00007f35f080dd34: ;   {metadata(method data for {method} {0x00007288d3409d70} 'putVal' '(Ljava/lang/Object;Ljava/lang/Object;Z)Ljava/lang/Object;' in 'java/util/concurrent/ConcurrentHashMap')}
  0x00007f35f080dd34: 0000 48bf | 5054 01c8 | 8872 0000 | 8b9f f400 | 0000 83c3 | 0289 9ff4 | 0000 0081 | e3fe 0700 
  0x00007f35f080dd54: 0085 db0f | 843c 1500 | 0048 85d2 

  0x00007f35f080dd60: ;   {metadata(method data for {method} {0x00007288d3409d70} 'putVal' '(Ljava/lang/Object;Ljava/lang/Object;Z)Ljava/lang/Object;' in 'java/util/concurrent/ConcurrentHashMap')}
  0x00007f35f080dd60: 48bf 5054 | 01c8 8872 | 0000 48c7 | c338 0100 | 0074 0748 | c7c3 4801 | 0000 488b | 041f 488d 
  0x00007f35f080dd80: 4001 4889 | 041f 0f84 | c813 0000 

  0x00007f35f080dd8c: ;   {metadata(method data for {method} {0x00007288d3409d70} 'putVal' '(Ljava/lang/Object;Ljava/lang/Object;Z)Ljava/lang/Object;' in 'java/util/concurrent/ConcurrentHashMap')}
  0x00007f35f080dd8c: 4885 c948 | bf50 5401 | c888 7200 | 0048 c7c3 | 6801 0000 | 7407 48c7 | c358 0100 | 0048 8b04 
  0x00007f35f080ddac: 1f48 8d40 | 0148 8904 | 1f0f 8499 | 1300 0048 | 3b02 488b 

  0x00007f35f080ddc0: ;   {metadata(method data for {method} {0x00007288d3409d70} 'putVal' '(Ljava/lang/Object;Ljava/lang/Object;Z)Ljava/lang/Object;' in 'java/util/concurrent/ConcurrentHashMap')}
  0x00007f35f080ddc0: fa48 bb50 | 5401 c888 | 7200 008b | 7f08 49ba | 0000 00d3 | 8872 0000 | 4903 fa48 | 3bbb 9801 
  0x00007f35f080dde0: 0000 750d | 4883 83a0 | 0100 0001 | e960 0000 | 0048 3bbb | a801 0000 | 750d 4883 | 83b0 0100 
  0x00007f35f080de00: 0001 e94a | 0000 0048 | 83bb 9801 | 0000 0075 | 1748 89bb | 9801 0000 | 48c7 83a0 | 0100 0001 
  0x00007f35f080de20: 0000 00e9 | 2900 0000 | 4883 bba8 | 0100 0000 | 7517 4889 | bba8 0100 | 0048 c783 | b001 0000 
  0x00007f35f080de40: 0100 0000 | e908 0000 | 0048 8383 | 8801 0000 | 0148 8bf2 | 9048 b8ff | ffff ffff 

  0x00007f35f080de5c: ;   {virtual_call}
  0x00007f35f080de5c: ffff ffe8 

  0x00007f35f080de60: ; ImmutableOopMap {[104]=Oop [112]=Oop [120]=Oop }
                      ;*invokevirtual hashCode {reexecute=0 rethrow=0 return_oop=0}
                      ; - java.util.concurrent.ConcurrentHashMap::putVal@17 (line 1012)
  0x00007f35f080de60: acd7 5007 

  0x00007f35f080de64: ;   {other}
  0x00007f35f080de64: 0f1f 8400 | d404 0000 

  0x00007f35f080de6c: ;   {metadata(method data for {method} {0x00007288d3409d70} 'putVal' '(Ljava/lang/Object;Ljava/lang/Object;Z)Ljava/lang/Object;' in 'java/util/concurrent/ConcurrentHashMap')}
  0x00007f35f080de6c: 48be 5054 | 01c8 8872 | 0000 4883 | 86c0 0100 

  0x00007f35f080de7c: ;   {metadata(method data for {method} {0x00007288d3409e20} 'spread' '(I)I' in 'java/util/concurrent/ConcurrentHashMap')}
  0x00007f35f080de7c: 0001 48be | a03c 01c8 | 8872 0000 | 8bbe f400 | 0000 83c7 | 0289 bef4 | 0000 0081 | e7fe ff1f 
  0x00007f35f080de9c: 0085 ff0f | 841a 1400 | 0048 8bf0 | c1ee 1048 | 33f0 81e6 | ffff ff7f | 89b4 2488 | 0000 0048 
  0x00007f35f080debc: 8b7c 2468 | 8b5f 28b8 | 0000 0000 | 8984 2484 | 0000 0090 

  0x00007f35f080ded0: ;   {metadata(method data for {method} {0x00007288d3409d70} 'putVal' '(Ljava/lang/Object;Ljava/lang/Object;Z)Ljava/lang/Object;' in 'java/util/concurrent/ConcurrentHashMap')}
  0x00007f35f080ded0: 4885 db49 | b950 5401 | c888 7200 | 0049 c7c3 | d001 0000 | 7407 49c7 | c3e0 0100 | 004f 8b2c 
  0x00007f35f080def0: 194d 8d6d | 014f 892c | 190f 8433 | 0000 0044 | 8b4b 0c45 

  0x00007f35f080df04: ;   {metadata(method data for {method} {0x00007288d3409d70} 'putVal' '(Ljava/lang/Object;Ljava/lang/Object;Z)Ljava/lang/Object;' in 'java/util/concurrent/ConcurrentHashMap')}
  0x00007f35f080df04: 85c9 49bb | 5054 01c8 | 8872 0000 | 49c7 c5f0 | 0100 0075 | 0749 c7c5 | 0002 0000 | 4f8b 342b 
  0x00007f35f080df24: 4d8d 7601 | 4f89 342b | 0f85 5300 | 0000 488b 

  0x00007f35f080df34: ;   {metadata(method data for {method} {0x00007288d3409d70} 'putVal' '(Ljava/lang/Object;Ljava/lang/Object;Z)Ljava/lang/Object;' in 'java/util/concurrent/ConcurrentHashMap')}
  0x00007f35f080df34: df49 b950 | 5401 c888 | 7200 0049 | 8381 1002 | 0000 0148 | 8bf7 0f1f 

  0x00007f35f080df4c: ;   {optimized virtual_call}
  0x00007f35f080df4c: 4400 00e8 

  0x00007f35f080df50: ; ImmutableOopMap {[104]=Oop [112]=Oop [120]=Oop }
                      ;*invokevirtual initTable {reexecute=0 rethrow=0 return_oop=0}
                      ; - java.util.concurrent.ConcurrentHashMap::putVal@49 (line 1017)
  0x00007f35f080df50: 5316 0000 

  0x00007f35f080df54: ;   {other}
  0x00007f35f080df54: 0f1f 8400 | c405 0001 

  0x00007f35f080df5c: ;   {metadata(method data for {method} {0x00007288d3409d70} 'putVal' '(Ljava/lang/Object;Ljava/lang/Object;Z)Ljava/lang/Object;' in 'java/util/concurrent/ConcurrentHashMap')}
  0x00007f35f080df5c: 48be 5054 | 01c8 8872 | 0000 ff86 | 4802 0000 | 8bb4 2484 | 0000 0044 | 8b84 2480 | 0000 0048 
  0x00007f35f080df7c: 8b4c 2478 | e9a1 0f00 | 0041 ffc9 | 4423 8c24 | 8800 0000 

  0x00007f35f080df90: ;   {metadata(method data for {method} {0x00007288d3409d70} 'putVal' '(Ljava/lang/Object;Ljava/lang/Object;Z)Ljava/lang/Object;' in 'java/util/concurrent/ConcurrentHashMap')}
  0x00007f35f080df90: 48be 5054 | 01c8 8872 | 0000 4883 | 8660 0200 | 0001 488b | f349 8bd1 | 4489 8c24 | 8c00 0000 
  0x00007f35f080dfb0: 4889 9c24 | 9000 0000 | 0f1f 8000 

  0x00007f35f080dfbc: ;   {static_call}
  0x00007f35f080dfbc: 0000 00e8 

  0x00007f35f080dfc0: ; ImmutableOopMap {[104]=Oop [112]=Oop [120]=Oop [144]=Oop }
                      ;*invokestatic tabAt {reexecute=0 rethrow=0 return_oop=0}
                      ; - java.util.concurrent.ConcurrentHashMap::putVal@69 (line 1018)
  0x00007f35f080dfc0: 3c05 bf07 

  0x00007f35f080dfc4: ;   {other}
  0x00007f35f080dfc4: 0f1f 8400 | 3406 0002 | 4889 8424 | 9800 0000 

  0x00007f35f080dfd4: ;   {metadata(method data for {method} {0x00007288d3409d70} 'putVal' '(Ljava/lang/Object;Ljava/lang/Object;Z)Ljava/lang/Object;' in 'java/util/concurrent/ConcurrentHashMap')}
  0x00007f35f080dfd4: 4885 c048 | ba50 5401 | c888 7200 | 0048 c7c6 | 7002 0000 | 7507 48c7 | c680 0200 | 0048 8b3c 
  0x00007f35f080dff4: 3248 8d7f | 0148 893c | 320f 85e8 | 0100 008b | b424 8800 | 0000 488b | 4c24 7848 | 8b54 2470 
  0x00007f35f080e014: ;   {metadata('java/util/concurrent/ConcurrentHashMap$Node')}
  0x00007f35f080e014: 488b da48 | ba10 ae17 | d388 7200 | 004c 8bd9 | 4c8b ce49 | 8b87 b804 | 0000 488d | 4820 483b 
  0x00007f35f080e034: c80f 82aa | 1200 0049 | 3b8f c004 | 0000 0f87 | 9d12 0000 | 4989 8fb8 | 0400 0048 | 8bf8 48c1 
  0x00007f35f080e054: ef06 49ba | 0000 404c | 8972 0000 | 458a 143a | 488b c848 | c1e9 0348 | 83e1 0748 | c7c7 0100 
  0x00007f35f080e074: 0000 48d3 | e74c 0bd7 | 488b f848 | c1ef 0648 | b900 0040 | 4c89 7200 | 0044 8814 | 3949 8387 
  0x00007f35f080e094: 2802 0000 | 2049 8387 | 2802 0000 | 0048 c700 | 0100 0000 | 488b ca49 | ba00 0000 | d388 7200 
  0x00007f35f080e0b4: 0049 2bca | 8948 0848 | 33c9 8948 | 0c48 33c9 | 4889 4810 | 4889 4818 

  0x00007f35f080e0cc: ;   {metadata(method data for {method} {0x00007288d3409d70} 'putVal' '(Ljava/lang/Object;Ljava/lang/Object;Z)Ljava/lang/Object;' in 'java/util/concurrent/ConcurrentHashMap')}
  0x00007f35f080e0cc: 488b f048 | ba50 5401 | c888 7200 | 0048 8382 | 9002 0000 

  0x00007f35f080e0e0: ;   {metadata(method data for {method} {0x00007288d317b628} '<init>' '(ILjava/lang/Object;Ljava/lang/Object;)V' in 'java/util/concurrent/ConcurrentHashMap$Node')}
  0x00007f35f080e0e0: 0148 be50 | 5d01 c888 | 7200 008b | 96f4 0000 | 0083 c202 | 8996 f400 | 0000 81e2 | feff 1f00 
  0x00007f35f080e100: 85d2 0f84 | ea11 0000 

  0x00007f35f080e108: ;   {metadata(method data for {method} {0x00007288d317b628} '<init>' '(ILjava/lang/Object;Ljava/lang/Object;)V' in 'java/util/concurrent/ConcurrentHashMap$Node')}
  0x00007f35f080e108: 488b f048 | ba50 5d01 | c888 7200 | 0048 8382 | 3801 0000 

  0x00007f35f080e11c: ;   {metadata(method data for {method} {0x00007288d34791f0} '<init>' '()V' in 'java/lang/Object')}
  0x00007f35f080e11c: 0148 bec0 | 7000 c888 | 7200 008b | 96f4 0000 | 0083 c202 | 8996 f400 | 0000 81e2 | feff 1f00 
  0x00007f35f080e13c: 85d2 0f84 | cf11 0000 | 4489 480c | 4c8b d344 | 8950 104d | 8bd3 4489 | 5014 f083 | 4424 c000 
  0x00007f35f080e15c: ;   {metadata(method data for {method} {0x00007288d3409d70} 'putVal' '(Ljava/lang/Object;Ljava/lang/Object;Z)Ljava/lang/Object;' in 'java/util/concurrent/ConcurrentHashMap')}
  0x00007f35f080e15c: 48be 5054 | 01c8 8872 | 0000 4883 | 86a0 0200 | 0001 488b | b424 9000 | 0000 8b94 | 248c 0000 
  0x00007f35f080e17c: ;   {oop(nullptr)}
  0x00007f35f080e17c: 0048 b900 | 0000 0000 | 0000 004c | 8bc0 0f1f 

  0x00007f35f080e18c: ;   {static_call}
  0x00007f35f080e18c: 4400 00e8 

  0x00007f35f080e190: ; ImmutableOopMap {[104]=Oop [112]=Oop [120]=Oop [144]=Oop }
                      ;*invokestatic casTabAt {reexecute=0 rethrow=0 return_oop=0}
                      ; - java.util.concurrent.ConcurrentHashMap::putVal@94 (line 1019)
  0x00007f35f080e190: 6c00 bf07 

  0x00007f35f080e194: ;   {other}
  0x00007f35f080e194: 0f1f 8400 | 0408 0003 

  0x00007f35f080e19c: ;   {metadata(method data for {method} {0x00007288d3409d70} 'putVal' '(Ljava/lang/Object;Ljava/lang/Object;Z)Ljava/lang/Object;' in 'java/util/concurrent/ConcurrentHashMap')}
  0x00007f35f080e19c: 85c0 48ba | 5054 01c8 | 8872 0000 | 48c7 c1c0 | 0200 0075 | 0748 c7c1 | b002 0000 | 488b 340a 
  0x00007f35f080e1bc: 488d 7601 | 4889 340a | 0f85 b70e | 0000 488b | 8424 9000 | 0000 8bb4 | 2484 0000 | 0044 8b84 
  0x00007f35f080e1dc: 2480 0000 | 0048 8b4c | 2478 e93b | 0d00 008b | 780c 83ff 

  0x00007f35f080e1f0: ;   {metadata(method data for {method} {0x00007288d3409d70} 'putVal' '(Ljava/lang/Object;Ljava/lang/Object;Z)Ljava/lang/Object;' in 'java/util/concurrent/ConcurrentHashMap')}
  0x00007f35f080e1f0: ff48 ba50 | 5401 c888 | 7200 0048 | c7c1 e802 | 0000 7507 | 48c7 c1f8 | 0200 0048 | 8b34 0a48 
  0x00007f35f080e210: 8d76 0148 | 8934 0a0f | 8560 0000 | 0048 8b74 

  0x00007f35f080e220: ;   {metadata(method data for {method} {0x00007288d3409d70} 'putVal' '(Ljava/lang/Object;Ljava/lang/Object;Z)Ljava/lang/Object;' in 'java/util/concurrent/ConcurrentHashMap')}
  0x00007f35f080e220: 2468 48ba | 5054 01c8 | 8872 0000 | 4883 8208 | 0300 0001 | 488b 9424 | 9000 0000 | 488b c848 
  0x00007f35f080e240: 8b74 2468 

  0x00007f35f080e244: ;   {optimized virtual_call}
  0x00007f35f080e244: 6666 90e8 

  0x00007f35f080e248: ; ImmutableOopMap {[104]=Oop [112]=Oop [120]=Oop }
                      ;*invokevirtual helpTransfer {reexecute=0 rethrow=0 return_oop=0}
                      ; - java.util.concurrent.ConcurrentHashMap::putVal@120 (line 1023)
  0x00007f35f080e248: 346e 4507 

  0x00007f35f080e24c: ;   {other}
  0x00007f35f080e24c: 0f1f 8400 | bc08 0004 

  0x00007f35f080e254: ;   {metadata(method data for {method} {0x00007288d3409d70} 'putVal' '(Ljava/lang/Object;Ljava/lang/Object;Z)Ljava/lang/Object;' in 'java/util/concurrent/ConcurrentHashMap')}
  0x00007f35f080e254: 48ba 5054 | 01c8 8872 | 0000 ff82 | 4003 0000 | 8bb4 2484 | 0000 0044 | 8b84 2480 | 0000 0048 
  0x00007f35f080e274: 8b4c 2478 | e9a9 0c00 | 0044 8b84 | 2480 0000 | 0045 85c0 

  0x00007f35f080e288: ;   {metadata(method data for {method} {0x00007288d3409d70} 'putVal' '(Ljava/lang/Object;Ljava/lang/Object;Z)Ljava/lang/Object;' in 'java/util/concurrent/ConcurrentHashMap')}
  0x00007f35f080e288: 48ba 5054 | 01c8 8872 | 0000 48c7 | c668 0300 | 0075 0748 | c7c6 5803 | 0000 488b | 1c32 488d 
  0x00007f35f080e2a8: 5b01 4889 | 1c32 0f85 | 0c00 0000 | 89bc 24a0 | 0000 00e9 | d401 0000 | 3bbc 2488 

  0x00007f35f080e2c4: ;   {metadata(method data for {method} {0x00007288d3409d70} 'putVal' '(Ljava/lang/Object;Ljava/lang/Object;Z)Ljava/lang/Object;' in 'java/util/concurrent/ConcurrentHashMap')}
  0x00007f35f080e2c4: 0000 0048 | ba50 5401 | c888 7200 | 0048 c7c6 | 8803 0000 | 7407 48c7 | c678 0300 | 0048 8b1c 
  0x00007f35f080e2e4: 3248 8d5b | 0148 891c | 320f 840c | 0000 0089 | bc24 a000 | 0000 e995 | 0100 0048 | 8b54 2470 
  0x00007f35f080e304: 8b70 1048 

  0x00007f35f080e308: ;   {metadata(method data for {method} {0x00007288d3409d70} 'putVal' '(Ljava/lang/Object;Ljava/lang/Object;Z)Ljava/lang/Object;' in 'java/util/concurrent/ConcurrentHashMap')}
  0x00007f35f080e308: 3bf2 48bb | 5054 01c8 | 8872 0000 | 48c7 c1a8 | 0300 0075 | 0748 c7c1 | 9803 0000 | 4c8b 0c0b 
  0x00007f35f080e328: 4d8d 4901 | 4c89 0c0b | 0f85 0c00 | 0000 89bc | 24a0 0000 | 00e9 2001 | 0000 4885 

  0x00007f35f080e344: ;   {metadata(method data for {method} {0x00007288d3409d70} 'putVal' '(Ljava/lang/Object;Ljava/lang/Object;Z)Ljava/lang/Object;' in 'java/util/concurrent/ConcurrentHashMap')}
  0x00007f35f080e344: f648 bb50 | 5401 c888 | 7200 0048 | c7c1 b803 | 0000 7407 | 48c7 c1c8 | 0300 004c | 8b0c 0b4d 
  0x00007f35f080e364: 8d49 014c | 890c 0b89 | bc24 a000 | 0000 0f84 | 1c01 0000 

  0x00007f35f080e378: ;   {metadata(method data for {method} {0x00007288d3409d70} 'putVal' '(Ljava/lang/Object;Ljava/lang/Object;Z)Ljava/lang/Object;' in 'java/util/concurrent/ConcurrentHashMap')}
  0x00007f35f080e378: 488b da48 | b950 5401 | c888 7200 | 008b 5b08 | 49ba 0000 | 00d3 8872 | 0000 4903 | da48 3b99 
  0x00007f35f080e398: e803 0000 | 750d 4883 | 81f0 0300 | 0001 e960 | 0000 0048 | 3b99 f803 | 0000 750d | 4883 8100 
  0x00007f35f080e3b8: 0400 0001 | e94a 0000 | 0048 83b9 | e803 0000 | 0075 1748 | 8999 e803 | 0000 48c7 | 81f0 0300 
  0x00007f35f080e3d8: 0001 0000 | 00e9 2900 | 0000 4883 | b9f8 0300 | 0000 7517 | 4889 99f8 | 0300 0048 | c781 0004 
  0x00007f35f080e3f8: 0000 0100 | 0000 e908 | 0000 0048 | 8381 d803 | 0000 0148 | 8bda 488b | d648 8bf3 | 9048 b808 
  0x00007f35f080e418: ea00 d388 

  0x00007f35f080e41c: ;   {virtual_call}
  0x00007f35f080e41c: 7200 00e8 

  0x00007f35f080e420: ; ImmutableOopMap {[104]=Oop [112]=Oop [120]=Oop [144]=Oop [152]=Oop }
                      ;*invokevirtual equals {reexecute=0 rethrow=0 return_oop=0}
                      ; - java.util.concurrent.ConcurrentHashMap::putVal@159 (line 1026)
  0x00007f35f080e420: 7c18 c107 

  0x00007f35f080e424: ;   {other}
  0x00007f35f080e424: 0f1f 8400 | 940a 0005 

  0x00007f35f080e42c: ;   {metadata(method data for {method} {0x00007288d3409d70} 'putVal' '(Ljava/lang/Object;Ljava/lang/Object;Z)Ljava/lang/Object;' in 'java/util/concurrent/ConcurrentHashMap')}
  0x00007f35f080e42c: 85c0 48b8 | 5054 01c8 | 8872 0000 | 48c7 c610 | 0400 0074 | 0748 c7c6 | 2004 0000 | 488b 1430 
  0x00007f35f080e44c: 488d 5201 | 4889 1430 | 488b 8424 | 9800 0000 | 0f84 3200 | 0000 8b70 | 1448 85f6 

  0x00007f35f080e468: ;   {metadata(method data for {method} {0x00007288d3409d70} 'putVal' '(Ljava/lang/Object;Ljava/lang/Object;Z)Ljava/lang/Object;' in 'java/util/concurrent/ConcurrentHashMap')}
  0x00007f35f080e468: 48ba 5054 | 01c8 8872 | 0000 48c7 | c740 0400 | 0075 0748 | c7c7 3004 | 0000 488b | 1c3a 488d 
  0x00007f35f080e488: 5b01 4889 | 1c3a 0f85 | d40b 0000 | 488d b424 | d000 0000 | 488b f848 | 897e 0848 | 8b07 4883 
  0x00007f35f080e4a8: c801 4889 | 06f0 480f | b137 0f84 | 1200 0000 | 482b c448 | 2507 f0ff | ff48 8906 | 0f85 6f0e 
  0x00007f35f080e4c8: 0000 49ff | 8768 0800 

  0x00007f35f080e4d0: ;   {metadata(method data for {method} {0x00007288d3409d70} 'putVal' '(Ljava/lang/Object;Ljava/lang/Object;Z)Ljava/lang/Object;' in 'java/util/concurrent/ConcurrentHashMap')}
  0x00007f35f080e4d0: 0048 be50 | 5401 c888 | 7200 0048 | 8386 5004 | 0000 0148 | 8bb4 2490 | 0000 008b | 9424 8c00 
  0x00007f35f080e4f0: 0000 0f1f 

  0x00007f35f080e4f4: ;   {static_call}
  0x00007f35f080e4f4: 4400 00e8 

  0x00007f35f080e4f8: ; ImmutableOopMap {[104]=Oop [112]=Oop [120]=Oop [144]=Oop [152]=Oop [216]=Oop }
                      ;*invokestatic tabAt {reexecute=0 rethrow=0 return_oop=0}
                      ; - java.util.concurrent.ConcurrentHashMap::putVal@192 (line 1032)
  0x00007f35f080e4f8: 0400 bf07 

  0x00007f35f080e4fc: ;   {other}
  0x00007f35f080e4fc: 0f1f 8400 | 6c0b 0006 | 488b bc24 | 9800 0000 

  0x00007f35f080e50c: ;   {metadata(method data for {method} {0x00007288d3409d70} 'putVal' '(Ljava/lang/Object;Ljava/lang/Object;Z)Ljava/lang/Object;' in 'java/util/concurrent/ConcurrentHashMap')}
  0x00007f35f080e50c: 483b c748 | ba50 5401 | c888 7200 | 0048 c7c6 | 7004 0000 | 7407 48c7 | c660 0400 | 0048 8b1c 
  0x00007f35f080e52c: 3248 8d5b | 0148 891c | 320f 8423 | 0000 008b | 8424 8400 

  0x00007f35f080e540: ;   {oop(nullptr)}
  0x00007f35f080e540: 0000 48bf | 0000 0000 | 0000 0000 | 448b 8424 | 8000 0000 | 488b 4c24 | 78e9 5209 | 0000 8b94 
  0x00007f35f080e560: 24a0 0000 

  0x00007f35f080e564: ;   {metadata(method data for {method} {0x00007288d3409d70} 'putVal' '(Ljava/lang/Object;Ljava/lang/Object;Z)Ljava/lang/Object;' in 'java/util/concurrent/ConcurrentHashMap')}
  0x00007f35f080e564: 0085 d248 | ba50 5401 | c888 7200 | 0048 c7c6 | 8004 0000 | 7c07 48c7 | c690 0400 | 0048 8b1c 
  0x00007f35f080e584: 3248 8d5b | 0148 891c | 3248 8bc7 | 0f8c 7804 | 0000 bb01 | 0000 000f | 1f44 0000 | 899c 24a4 
  0x00007f35f080e5a4: 0000 008b | b424 8800 | 0000 488b | 5424 708b | 480c 3bce 

  0x00007f35f080e5b8: ;   {metadata(method data for {method} {0x00007288d3409d70} 'putVal' '(Ljava/lang/Object;Ljava/lang/Object;Z)Ljava/lang/Object;' in 'java/util/concurrent/ConcurrentHashMap')}
  0x00007f35f080e5b8: 48b9 5054 | 01c8 8872 | 0000 49c7 | c0b0 0400 | 0074 0749 | c7c0 a004 | 0000 4e8b | 0c01 4d8d 
  0x00007f35f080e5d8: 4901 4e89 | 0c01 0f84 | 0800 0000 | 4c8b c0e9 | 5e01 0000 | 8b48 1048 

  0x00007f35f080e5f0: ;   {metadata(method data for {method} {0x00007288d3409d70} 'putVal' '(Ljava/lang/Object;Ljava/lang/Object;Z)Ljava/lang/Object;' in 'java/util/concurrent/ConcurrentHashMap')}
  0x00007f35f080e5f0: 3bca 49b8 | 5054 01c8 | 8872 0000 | 49c7 c1c0 | 0400 0074 | 0749 c7c1 | d004 0000 | 4f8b 1c08 
  0x00007f35f080e610: 4d8d 5b01 | 4f89 1c08 | 0f84 b401 | 0000 4885 

  0x00007f35f080e620: ;   {metadata(method data for {method} {0x00007288d3409d70} 'putVal' '(Ljava/lang/Object;Ljava/lang/Object;Z)Ljava/lang/Object;' in 'java/util/concurrent/ConcurrentHashMap')}
  0x00007f35f080e620: c949 b850 | 5401 c888 | 7200 0049 | c7c1 f004 | 0000 7507 | 49c7 c1e0 | 0400 004f | 8b1c 084d 
  0x00007f35f080e640: 8d5b 014f | 891c 080f | 8508 0000 | 004c 8bc0 | e9f5 0000 | 0048 8984 | 24a8 0000 | 004c 8bc2 
  0x00007f35f080e660: ;   {metadata(method data for {method} {0x00007288d3409d70} 'putVal' '(Ljava/lang/Object;Ljava/lang/Object;Z)Ljava/lang/Object;' in 'java/util/concurrent/ConcurrentHashMap')}
  0x00007f35f080e660: 49b9 5054 | 01c8 8872 | 0000 458b | 4008 49ba | 0000 00d3 | 8872 0000 | 4d03 c24d | 3b81 1005 
  0x00007f35f080e680: 0000 750d | 4983 8118 | 0500 0001 | e960 0000 | 004d 3b81 | 2005 0000 | 750d 4983 | 8128 0500 
  0x00007f35f080e6a0: 0001 e94a | 0000 0049 | 83b9 1005 | 0000 0075 | 174d 8981 | 1005 0000 | 49c7 8118 | 0500 0001 
  0x00007f35f080e6c0: 0000 00e9 | 2900 0000 | 4983 b920 | 0500 0000 | 7517 4d89 | 8120 0500 | 0049 c781 | 2805 0000 
  0x00007f35f080e6e0: 0100 0000 | e908 0000 | 0049 8381 | 0005 0000 | 014c 8bc2 | 488b d149 | 8bf0 6666 | 9048 b808 
  0x00007f35f080e700: ea00 d388 

  0x00007f35f080e704: ;   {virtual_call}
  0x00007f35f080e704: 7200 00e8 

  0x00007f35f080e708: ; ImmutableOopMap {[104]=Oop [112]=Oop [120]=Oop [144]=Oop [152]=Oop [168]=Oop [216]=Oop }
                      ;*invokevirtual equals {reexecute=0 rethrow=0 return_oop=0}
                      ; - java.util.concurrent.ConcurrentHashMap::putVal@242 (line 1039)
  0x00007f35f080e708: 9415 c107 

  0x00007f35f080e70c: ;   {other}
  0x00007f35f080e70c: 0f1f 8400 | 7c0d 0007 

  0x00007f35f080e714: ;   {metadata(method data for {method} {0x00007288d3409d70} 'putVal' '(Ljava/lang/Object;Ljava/lang/Object;Z)Ljava/lang/Object;' in 'java/util/concurrent/ConcurrentHashMap')}
  0x00007f35f080e714: 85c0 48ba | 5054 01c8 | 8872 0000 | 48c7 c648 | 0500 0075 | 0748 c7c6 | 3805 0000 | 488b 3c32 
  0x00007f35f080e734: 488d 7f01 | 4889 3c32 | 4c8b 8424 | a800 0000 | 0f85 8b00 | 0000 418b | 5018 4885 

  0x00007f35f080e750: ;   {metadata(method data for {method} {0x00007288d3409d70} 'putVal' '(Ljava/lang/Object;Ljava/lang/Object;Z)Ljava/lang/Object;' in 'java/util/concurrent/ConcurrentHashMap')}
  0x00007f35f080e750: d248 be50 | 5401 c888 | 7200 0048 | c7c7 a005 | 0000 7407 | 48c7 c790 | 0500 0048 | 8b04 3e48 
  0x00007f35f080e770: 8d40 0148 | 8904 3e8b | 9c24 a400 | 0000 0f84 | e100 0000 

  0x00007f35f080e784: ;   {metadata(method data for {method} {0x00007288d3409d70} 'putVal' '(Ljava/lang/Object;Ljava/lang/Object;Z)Ljava/lang/Object;' in 'java/util/concurrent/ConcurrentHashMap')}
  0x00007f35f080e784: ffc3 48be | 5054 01c8 | 8872 0000 | 8bbe f800 | 0000 83c7 | 0289 bef8 | 0000 0081 | e7fe 3f00 
  0x00007f35f080e7a4: 0085 ff0f | 84a4 0b00 | 004d 8b97 

  0x00007f35f080e7b0: ; ImmutableOopMap {rdx=Oop [104]=Oop [112]=Oop [120]=Oop [144]=Oop [152]=Oop [216]=Oop }
                      ;*goto {reexecute=1 rethrow=0 return_oop=0}
                      ; - (reexecute) java.util.concurrent.ConcurrentHashMap::putVal@305 (line 1035)
  0x00007f35f080e7b0: 7007 0000 

  0x00007f35f080e7b4: ;   {poll}
  0x00007f35f080e7b4: 4185 0248 | be50 5401 | c888 7200 | 00ff 86d8 | 0500 004c | 8bc2 498b | c0e9 cefd | ffff 4c8b 
  0x00007f35f080e7d4: c08b 9c24 | a400 0000 | 448b 8c24 | 8000 0000 | 418b 5014 

  0x00007f35f080e7e8: ;   {metadata(method data for {method} {0x00007288d3409d70} 'putVal' '(Ljava/lang/Object;Ljava/lang/Object;Z)Ljava/lang/Object;' in 'java/util/concurrent/ConcurrentHashMap')}
  0x00007f35f080e7e8: 4585 c948 | be50 5401 | c888 7200 | 0048 c7c7 | 6805 0000 | 7407 48c7 | c758 0500 | 0048 8b04 
  0x00007f35f080e808: 3e48 8d40 | 0148 8904 | 3e0f 8417 | 0000 0044 | 8bac 2488 | 0000 004c | 8b74 2478 | 4c8b 5c24 
  0x00007f35f080e828: 70e9 bf01 | 0000 488b | 4c24 784c | 8bd1 4589 | 5014 f083 | 4424 c000 

  0x00007f35f080e840: ;   {metadata(method data for {method} {0x00007288d3409d70} 'putVal' '(Ljava/lang/Object;Ljava/lang/Object;Z)Ljava/lang/Object;' in 'java/util/concurrent/ConcurrentHashMap')}
  0x00007f35f080e840: 48be 5054 | 01c8 8872 | 0000 ff86 | 7805 0000 | 448b ac24 | 8800 0000 | 4c8b f14c | 8b5c 2470 
  0x00007f35f080e860: e988 0100 | 008b b424 | 8800 0000 | 448b 8c24 | 8000 0000 | 488b 4c24 | 7848 8b54 | 2470 4c8b 
  0x00007f35f080e880: ;   {metadata('java/util/concurrent/ConcurrentHashMap$Node')}
  0x00007f35f080e880: da48 ba10 | ae17 d388 | 7200 004c | 8bf1 4c8b | ee49 8b87 | b804 0000 | 488d 4820 | 483b c80f 
  0x00007f35f080e8a0: 82cd 0a00 | 0049 3b8f | c004 0000 | 0f87 c00a | 0000 4989 | 8fb8 0400 | 0048 8bf8 | 48c1 ef06 
  0x00007f35f080e8c0: 49ba 0000 | 404c 8972 | 0000 458a | 143a 488b | c848 c1e9 | 0348 83e1 | 0748 c7c7 | 0100 0000 
  0x00007f35f080e8e0: 48d3 e74c | 0bd7 488b | f848 c1ef | 0648 b900 | 0040 4c89 | 7200 0044 | 8814 3949 | 8387 2802 
  0x00007f35f080e900: 0000 2049 | 8387 2802 | 0000 0048 | c700 0100 | 0000 488b | ca49 ba00 | 0000 d388 | 7200 0049 
  0x00007f35f080e920: 2bca 8948 | 0848 33c9 | 8948 0c48 | 33c9 4889 | 4810 4889 | 4818 488b 

  0x00007f35f080e938: ;   {metadata(method data for {method} {0x00007288d3409d70} 'putVal' '(Ljava/lang/Object;Ljava/lang/Object;Z)Ljava/lang/Object;' in 'java/util/concurrent/ConcurrentHashMap')}
  0x00007f35f080e938: d048 b950 | 5401 c888 | 7200 0048 | 8381 b005 

  0x00007f35f080e948: ;   {metadata(method data for {method} {0x00007288d317b628} '<init>' '(ILjava/lang/Object;Ljava/lang/Object;)V' in 'java/util/concurrent/ConcurrentHashMap$Node')}
  0x00007f35f080e948: 0000 0148 | ba50 5d01 | c888 7200 | 008b 8af4 | 0000 0083 | c102 898a | f400 0000 | 81e1 feff 
  0x00007f35f080e968: 1f00 85c9 | 0f84 0d0a | 0000 488b 

  0x00007f35f080e974: ;   {metadata(method data for {method} {0x00007288d317b628} '<init>' '(ILjava/lang/Object;Ljava/lang/Object;)V' in 'java/util/concurrent/ConcurrentHashMap$Node')}
  0x00007f35f080e974: d048 b950 | 5d01 c888 | 7200 0048 | 8381 3801 

  0x00007f35f080e984: ;   {metadata(method data for {method} {0x00007288d34791f0} '<init>' '()V' in 'java/lang/Object')}
  0x00007f35f080e984: 0000 0148 | bac0 7000 | c888 7200 | 008b 8af4 | 0000 0083 | c102 898a | f400 0000 | 81e1 feff 
  0x00007f35f080e9a4: 1f00 85c9 | 0f84 f209 | 0000 4489 | 680c 4d8b | d344 8950 | 104d 8bd6 | 4489 5014 | f083 4424 
  0x00007f35f080e9c4: c000 4c8b | d045 8950 | 18f0 8344 

  0x00007f35f080e9d0: ;   {metadata(method data for {method} {0x00007288d3409d70} 'putVal' '(Ljava/lang/Object;Ljava/lang/Object;Z)Ljava/lang/Object;' in 'java/util/concurrent/ConcurrentHashMap')}
  0x00007f35f080e9d0: 24c0 0048 | ba50 5401 | c888 7200 | 00ff 82c0 

  0x00007f35f080e9e0: ;   {oop(nullptr)}
  0x00007f35f080e9e0: 0500 0048 | ba00 0000 | 0000 0000 

  0x00007f35f080e9ec: ;   {metadata(method data for {method} {0x00007288d3409d70} 'putVal' '(Ljava/lang/Object;Ljava/lang/Object;Z)Ljava/lang/Object;' in 'java/util/concurrent/ConcurrentHashMap')}
  0x00007f35f080e9ec: 0048 b950 | 5401 c888 | 7200 00ff | 81f0 0500 | 0048 8bfa | 488b c34d | 8bc1 498b | cee9 a204 
  0x00007f35f080ea0c: 0000 448b | ac24 8800 | 0000 448b | 8c24 8000 | 0000 4c8b | 7424 784c | 8b5c 2470 | 4885 c075 
  0x00007f35f080ea2c: ;   {metadata(method data for {method} {0x00007288d3409d70} 'putVal' '(Ljava/lang/Object;Ljava/lang/Object;Z)Ljava/lang/Object;' in 'java/util/concurrent/ConcurrentHashMap')}
  0x00007f35f080ea2c: 1749 b850 | 5401 c888 | 7200 0041 | 8088 0106 | 0000 01e9 | fa00 0000 | 0f1f 4000 

  0x00007f35f080ea48: ;   {no_reloc}
  0x00007f35f080ea48: e983 0900 | 0000 0000 | 0000 448b | 4008 49ba | 0000 00d3 | 8872 0000 | 4d03 c24c | 3bc6 0f84 
  0x00007f35f080ea68: 2900 0000 | 8b4e 1449 | 3b34 080f | 841c 0000 | 0083 f920 | 0f85 a000 | 0000 4150 

  0x00007f35f080ea84: ;   {runtime_call slow_subtype_check Runtime1 stub}
  0x00007f35f080ea84: 56e8 f65f | 5007 4158 | 5e85 f60f | 848d 0000 

  0x00007f35f080ea94: ;   {metadata(method data for {method} {0x00007288d3409d70} 'putVal' '(Ljava/lang/Object;Ljava/lang/Object;Z)Ljava/lang/Object;' in 'java/util/concurrent/ConcurrentHashMap')}
  0x00007f35f080ea94: 0049 b850 | 5401 c888 | 7200 008b | 7008 49ba | 0000 00d3 | 8872 0000 | 4903 f249 | 3bb0 1806 
  0x00007f35f080eab4: 0000 750d | 4983 8020 | 0600 0001 | e97e 0000 | 0049 3bb0 | 2806 0000 | 750d 4983 | 8030 0600 
  0x00007f35f080ead4: 0001 e968 | 0000 0049 | 83b8 1806 | 0000 0075 | 1749 89b0 | 1806 0000 | 49c7 8020 | 0600 0001 
  0x00007f35f080eaf4: 0000 00e9 | 4700 0000 | 4983 b828 | 0600 0000 | 7517 4989 | b028 0600 | 0049 c780 | 3006 0000 
  0x00007f35f080eb14: 0100 0000 | e926 0000 | 00e9 2100 

  0x00007f35f080eb20: ;   {metadata(method data for {method} {0x00007288d3409d70} 'putVal' '(Ljava/lang/Object;Ljava/lang/Object;Z)Ljava/lang/Object;' in 'java/util/concurrent/ConcurrentHashMap')}
  0x00007f35f080eb20: 0000 49b8 | 5054 01c8 | 8872 0000 | 4983 a808 | 0600 0001 | e905 0000 | 00e9 0500 | 0000 4833 
  0x00007f35f080eb40: d2eb 0748 | c7c2 0100 | 0000 85d2 

  0x00007f35f080eb4c: ;   {metadata(method data for {method} {0x00007288d3409d70} 'putVal' '(Ljava/lang/Object;Ljava/lang/Object;Z)Ljava/lang/Object;' in 'java/util/concurrent/ConcurrentHashMap')}
  0x00007f35f080eb4c: 48ba 5054 | 01c8 8872 | 0000 48c7 | c140 0600 | 0074 0748 | c7c1 5006 | 0000 4c8b | 040a 4d8d 
  0x00007f35f080eb6c: 4001 4c89 | 040a 0f84 | 0002 0000 | 4885 c075 

  0x00007f35f080eb7c: ;   {metadata(method data for {method} {0x00007288d3409d70} 'putVal' '(Ljava/lang/Object;Ljava/lang/Object;Z)Ljava/lang/Object;' in 'java/util/concurrent/ConcurrentHashMap')}
  0x00007f35f080eb7c: 1648 b950 | 5401 c888 | 7200 0080 | 8959 0600 | 0001 e9f8 | 0000 000f | 1f44 0000 

  0x00007f35f080eb98: ;   {no_reloc}
  0x00007f35f080eb98: e94c 0800 | 0000 0000 | 0000 8b48 | 0849 ba00 | 0000 d388 | 7200 0049 | 03ca 483b | cf0f 8427 
  0x00007f35f080ebb8: 0000 008b | 5714 483b | 3c11 0f84 | 1a00 0000 | 83fa 200f | 859e 0000 

  0x00007f35f080ebd0: ;   {runtime_call slow_subtype_check Runtime1 stub}
  0x00007f35f080ebd0: 0051 57e8 | a85e 5007 | 595f 85ff | 0f84 8d00 

  0x00007f35f080ebe0: ;   {metadata(method data for {method} {0x00007288d3409d70} 'putVal' '(Ljava/lang/Object;Ljava/lang/Object;Z)Ljava/lang/Object;' in 'java/util/concurrent/ConcurrentHashMap')}
  0x00007f35f080ebe0: 0000 48b9 | 5054 01c8 | 8872 0000 | 8b78 0849 | ba00 0000 | d388 7200 | 0049 03fa | 483b b970 
  0x00007f35f080ec00: 0600 0075 | 0d48 8381 | 7806 0000 | 01e9 7900 | 0000 483b | b980 0600 | 0075 0d48 | 8381 8806 
  0x00007f35f080ec20: 0000 01e9 | 6300 0000 | 4883 b970 | 0600 0000 | 7517 4889 | b970 0600 | 0048 c781 | 7806 0000 
  0x00007f35f080ec40: 0100 0000 | e942 0000 | 0048 83b9 | 8006 0000 | 0075 1748 | 89b9 8006 | 0000 48c7 | 8188 0600 
  0x00007f35f080ec60: 0001 0000 | 00e9 2100 | 0000 e91c 

  0x00007f35f080ec6c: ;   {metadata(method data for {method} {0x00007288d3409d70} 'putVal' '(Ljava/lang/Object;Ljava/lang/Object;Z)Ljava/lang/Object;' in 'java/util/concurrent/ConcurrentHashMap')}
  0x00007f35f080ec6c: 0000 0048 | b950 5401 | c888 7200 | 0048 83a9 | 6006 0000 | 01e9 6d07 | 0000 e900 | 0000 0048 
  0x00007f35f080ec8c: 8bf0 498b | d549 8bcb | 4d8b c666 | 0f1f 4400 | 0048 b8ff | ffff ffff 

  0x00007f35f080eca4: ;   {virtual_call}
  0x00007f35f080eca4: ffff ffe8 

  0x00007f35f080eca8: ; ImmutableOopMap {[104]=Oop [112]=Oop [120]=Oop [144]=Oop [152]=Oop [216]=Oop }
                      ;*invokevirtual putTreeVal {reexecute=0 rethrow=0 return_oop=0}
                      ; - java.util.concurrent.ConcurrentHashMap::putVal@331 (line 1055)
  0x00007f35f080eca8: d466 4507 

  0x00007f35f080ecac: ;   {other}
  0x00007f35f080ecac: 0f1f 8400 | 1c13 0009 

  0x00007f35f080ecb4: ;   {metadata(method data for {method} {0x00007288d3409d70} 'putVal' '(Ljava/lang/Object;Ljava/lang/Object;Z)Ljava/lang/Object;' in 'java/util/concurrent/ConcurrentHashMap')}
  0x00007f35f080ecb4: 4885 c048 | ba50 5401 | c888 7200 | 0048 c7c1 | e006 0000 | 7507 48c7 | c1d0 0600 | 0048 8b34 
  0x00007f35f080ecd4: 0a48 8d76 | 0148 8934 | 0a0f 851c 

  0x00007f35f080ece0: ;   {oop(nullptr)}
  0x00007f35f080ece0: 0000 0048 | b800 0000 | 0000 0000 | 0044 8b84 | 2480 0000 | 0048 8b4c | 2478 e95c | 0000 0044 
  0x00007f35f080ed00: 8b84 2480 | 0000 008b | 5014 4585 

  0x00007f35f080ed0c: ;   {metadata(method data for {method} {0x00007288d3409d70} 'putVal' '(Ljava/lang/Object;Ljava/lang/Object;Z)Ljava/lang/Object;' in 'java/util/concurrent/ConcurrentHashMap')}
  0x00007f35f080ed0c: c048 b950 | 5401 c888 | 7200 0048 | c7c6 0007 | 0000 7407 | 48c7 c6f0 | 0600 0048 | 8b3c 3148 
  0x00007f35f080ed2c: 8d7f 0148 | 893c 310f | 840d 0000 | 0048 8bc2 | 488b 4c24 | 78e9 1500 | 0000 488b | 4c24 784c 
  0x00007f35f080ed4c: 8bd1 4489 | 5014 f083 | 4424 c000 

  0x00007f35f080ed58: ;   {metadata(method data for {method} {0x00007288d3409d70} 'putVal' '(Ljava/lang/Object;Ljava/lang/Object;Z)Ljava/lang/Object;' in 'java/util/concurrent/ConcurrentHashMap')}
  0x00007f35f080ed58: 488b c248 | ba50 5401 | c888 7200 | 00ff 8210 | 0700 0048 | 8bf8 b802 | 0000 00e9 | 3801 0000 
  0x00007f35f080ed78: 4d8b c149 | 8bce 4885 

  0x00007f35f080ed80: ;   {metadata(method data for {method} {0x00007288d3409d70} 'putVal' '(Ljava/lang/Object;Ljava/lang/Object;Z)Ljava/lang/Object;' in 'java/util/concurrent/ConcurrentHashMap')}
  0x00007f35f080ed80: c075 1648 | bf50 5401 | c888 7200 | 0080 8f21 | 0700 0001 | e9cc 0000 

  0x00007f35f080ed98: ;   {metadata('java/util/concurrent/ConcurrentHashMap$ReservationNode')}
  0x00007f35f080ed98: 0048 bb30 | bf17 d388 | 7200 008b | 7008 49ba | 0000 00d3 | 8872 0000 | 4903 f248 | 3bde 0f85 
  0x00007f35f080edb8: 8d00 0000 

  0x00007f35f080edbc: ;   {metadata(method data for {method} {0x00007288d3409d70} 'putVal' '(Ljava/lang/Object;Ljava/lang/Object;Z)Ljava/lang/Object;' in 'java/util/concurrent/ConcurrentHashMap')}
  0x00007f35f080edbc: 48bf 5054 | 01c8 8872 | 0000 8b58 | 0849 ba00 | 0000 d388 | 7200 0049 | 03da 483b | 9f38 0700 
  0x00007f35f080eddc: 0075 0d48 | 8387 4007 | 0000 01e9 | 7e00 0000 | 483b 9f48 | 0700 0075 | 0d48 8387 | 5007 0000 
  0x00007f35f080edfc: 01e9 6800 | 0000 4883 | bf38 0700 | 0000 7517 | 4889 9f38 | 0700 0048 | c787 4007 | 0000 0100 
  0x00007f35f080ee1c: 0000 e947 | 0000 0048 | 83bf 4807 | 0000 0075 | 1748 899f | 4807 0000 | 48c7 8750 | 0700 0001 
  0x00007f35f080ee3c: 0000 00e9 | 2600 0000 | e921 0000 

  0x00007f35f080ee48: ;   {metadata(method data for {method} {0x00007288d3409d70} 'putVal' '(Ljava/lang/Object;Ljava/lang/Object;Z)Ljava/lang/Object;' in 'java/util/concurrent/ConcurrentHashMap')}
  0x00007f35f080ee48: 0048 bf50 | 5401 c888 | 7200 0048 | 83af 2807 | 0000 01e9 | 0500 0000 | e905 0000 | 0048 33d2 
  0x00007f35f080ee68: eb07 48c7 | c201 0000 

  0x00007f35f080ee70: ;   {metadata(method data for {method} {0x00007288d3409d70} 'putVal' '(Ljava/lang/Object;Ljava/lang/Object;Z)Ljava/lang/Object;' in 'java/util/concurrent/ConcurrentHashMap')}
  0x00007f35f080ee70: 0085 d248 | ba50 5401 | c888 7200 | 0048 c7c6 | 7007 0000 | 7507 48c7 | c660 0700 | 0048 8b3c 
  0x00007f35f080ee90: 3248 8d7f | 0148 893c | 320f 854d | 0200 008b | 8424 8400 

  0x00007f35f080eea4: ;   {oop(nullptr)}
  0x00007f35f080eea4: 0000 48bf | 0000 0000 | 0000 0000 | 488b d848 | 8d84 24d0 | 0000 0048 | 8b10 4885 | d20f 840f 
  0x00007f35f080eec4: 0000 0048 | 8b70 08f0 | 480f b116 | 0f85 2b05 | 0000 49ff | 8f68 0800 

  0x00007f35f080eedc: ;   {metadata(method data for {method} {0x00007288d3409d70} 'putVal' '(Ljava/lang/Object;Ljava/lang/Object;Z)Ljava/lang/Object;' in 'java/util/concurrent/ConcurrentHashMap')}
  0x00007f35f080eedc: 0048 ba50 | 5401 c888 | 7200 00ff | 8290 0700 

  0x00007f35f080eeec: ;   {metadata(method data for {method} {0x00007288d3409d70} 'putVal' '(Ljava/lang/Object;Ljava/lang/Object;Z)Ljava/lang/Object;' in 'java/util/concurrent/ConcurrentHashMap')}
  0x00007f35f080eeec: 0085 db48 | ba50 5401 | c888 7200 | 0048 c7c6 | b807 0000 | 7507 48c7 | c6a8 0700 | 0048 8b04 
  0x00007f35f080ef0c: 3248 8d40 | 0148 8904 | 320f 8566 | 0000 0048 | 8b84 2490 | 0000 0048 

  0x00007f35f080ef24: ;   {metadata(method data for {method} {0x00007288d3409d70} 'putVal' '(Ljava/lang/Object;Ljava/lang/Object;Z)Ljava/lang/Object;' in 'java/util/concurrent/ConcurrentHashMap')}
  0x00007f35f080ef24: 8bf3 48ba | 5054 01c8 | 8872 0000 | 8bba f800 | 0000 83c7 | 0289 baf8 | 0000 0081 | e7fe 3f00 
  0x00007f35f080ef44: 0085 ff0f | 84ca 0400 | 004d 8b97 

  0x00007f35f080ef50: ; ImmutableOopMap {rcx=Oop rax=Oop [104]=Oop [112]=Oop [120]=Oop }
                      ;*goto {reexecute=1 rethrow=0 return_oop=0}
                      ; - (reexecute) java.util.concurrent.ConcurrentHashMap::putVal@420 (line 1074)
  0x00007f35f080ef50: 7007 0000 

  0x00007f35f080ef54: ;   {poll}
  0x00007f35f080ef54: 4185 0248 | ba50 5401 | c888 7200 | 00ff 8240 | 0800 0048 | 8bd0 488b | c648 8bda | 8984 2484 
  0x00007f35f080ef74: 0000 0048 | 8b7c 2468 | e94f efff | ff48 8b94 | 2490 0000 | 0083 fb08 

  0x00007f35f080ef8c: ;   {metadata(method data for {method} {0x00007288d3409d70} 'putVal' '(Ljava/lang/Object;Ljava/lang/Object;Z)Ljava/lang/Object;' in 'java/util/concurrent/ConcurrentHashMap')}
  0x00007f35f080ef8c: 48b9 5054 | 01c8 8872 | 0000 48c7 | c6d8 0700 | 007d 0748 | c7c6 c807 | 0000 488b | 0431 488d 
  0x00007f35f080efac: 4001 4889 | 0431 0f8d | 0c00 0000 | 899c 24b8 | 0000 00e9 | 5000 0000 | 4889 bc24 | b000 0000 
  0x00007f35f080efcc: 899c 24b8 | 0000 0044 | 8b8c 248c | 0000 0048 | 8b74 2468 

  0x00007f35f080efe0: ;   {metadata(method data for {method} {0x00007288d3409d70} 'putVal' '(Ljava/lang/Object;Ljava/lang/Object;Z)Ljava/lang/Object;' in 'java/util/concurrent/ConcurrentHashMap')}
  0x00007f35f080efe0: 48b9 5054 | 01c8 8872 | 0000 4883 | 81e8 0700 | 0001 498b | c948 8b74 | 2468 0f1f 

  0x00007f35f080effc: ;   {optimized virtual_call}
  0x00007f35f080effc: 4400 00e8 

  0x00007f35f080f000: ; ImmutableOopMap {[104]=Oop [176]=Oop }
                      ;*invokevirtual treeifyBin {reexecute=0 rethrow=0 return_oop=0}
                      ; - java.util.concurrent.ConcurrentHashMap::putVal@409 (line 1068)
  0x00007f35f080f000: 7c60 4507 

  0x00007f35f080f004: ;   {other}
  0x00007f35f080f004: 0f1f 8400 | 7416 000b | 488b bc24 | b000 0000 

  0x00007f35f080f014: ;   {metadata(method data for {method} {0x00007288d3409d70} 'putVal' '(Ljava/lang/Object;Ljava/lang/Object;Z)Ljava/lang/Object;' in 'java/util/concurrent/ConcurrentHashMap')}
  0x00007f35f080f014: 4885 ff48 | b850 5401 | c888 7200 | 0048 c7c2 | 3008 0000 | 7507 48c7 | c220 0800 | 0048 8b0c 
  0x00007f35f080f034: 1048 8d49 | 0148 890c | 100f 850c | 0000 008b | 8424 b800 | 0000 e949 | 0000 0048 | 8bc7 4881 
  0x00007f35f080f054: c4f0 0000 

  0x00007f35f080f058: ;   {poll_return}
  0x00007f35f080f058: 005d 493b | a768 0700 | 000f 87d1 | 0300 00c3 | 488b c648 | 81c4 f000 

  0x00007f35f080f070: ;   {poll_return}
  0x00007f35f080f070: 0000 5d49 | 3ba7 6807 | 0000 0f87 | ce03 0000 | c38b 8424 | 8400 0000 

  0x00007f35f080f088: ;   {metadata(method data for {method} {0x00007288d3409d70} 'putVal' '(Ljava/lang/Object;Ljava/lang/Object;Z)Ljava/lang/Object;' in 'java/util/concurrent/ConcurrentHashMap')}
  0x00007f35f080f088: 48ba 5054 | 01c8 8872 | 0000 ff82 | d002 0000 | 488b 7424 | 6848 8bd6 

  0x00007f35f080f0a0: ;   {metadata(method data for {method} {0x00007288d3409d70} 'putVal' '(Ljava/lang/Object;Ljava/lang/Object;Z)Ljava/lang/Object;' in 'java/util/concurrent/ConcurrentHashMap')}
  0x00007f35f080f0a0: 48b9 5054 | 01c8 8872 | 0000 4883 | 8158 0800 | 0001 48c7 | c201 0000 | 0048 8bc8 

  0x00007f35f080f0bc: ;   {optimized virtual_call}
  0x00007f35f080f0bc: 6666 90e8 

  0x00007f35f080f0c0: ; ImmutableOopMap {}
                      ;*invokevirtual addCount {reexecute=0 rethrow=0 return_oop=0}
                      ; - java.util.concurrent.ConcurrentHashMap::putVal@427 (line 1075)
  0x00007f35f080f0c0: 3c15 0000 

  0x00007f35f080f0c4: ;   {other}
  0x00007f35f080f0c4: 0f1f 8400 | 3417 000c 

  0x00007f35f080f0cc: ;   {oop(nullptr)}
  0x00007f35f080f0cc: 48b8 0000 | 0000 0000 | 0000 4881 | c4f0 0000 

  0x00007f35f080f0dc: ;   {poll_return}
  0x00007f35f080f0dc: 005d 493b | a768 0700 | 000f 8779 | 0300 00c3 | 0f1f 4000 

  0x00007f35f080f0f0: ;   {no_reloc}
  0x00007f35f080f0f0: e994 0300 | 0000 0000 | 0000 e994 | 0300 0048 

  0x00007f35f080f100: ;   {metadata(method data for {method} {0x00007288d3409d70} 'putVal' '(Ljava/lang/Object;Ljava/lang/Object;Z)Ljava/lang/Object;' in 'java/util/concurrent/ConcurrentHashMap')}
  0x00007f35f080f100: 8bd0 48be | 5054 01c8 | 8872 0000 | 4883 8680 | 0700 0001 

  0x00007f35f080f114: ;   {oop("Recursive update"{0x00000000403c8048})}
  0x00007f35f080f114: 48ba 4880 | 3c40 0000 | 0000 488b | f048 8984 | 24c0 0000 | 0066 0f1f 

  0x00007f35f080f12c: ;   {optimized virtual_call}
  0x00007f35f080f12c: 4400 00e8 

  0x00007f35f080f130: ; ImmutableOopMap {[152]=Oop [192]=Oop [216]=Oop }
                      ;*invokespecial <init> {reexecute=0 rethrow=0 return_oop=0}
                      ; - java.util.concurrent.ConcurrentHashMap::putVal@374 (line 1063)
  0x00007f35f080f130: 4c5f 4507 

  0x00007f35f080f134: ;   {other}
  0x00007f35f080f134: 0f1f 8400 | a417 000d | 488b 8424 

  0x00007f35f080f140: ; ImmutableOopMap {rax=Oop [152]=Oop [216]=Oop }
                      ;*athrow {reexecute=1 rethrow=0 return_oop=0}
                      ; - (reexecute) java.util.concurrent.ConcurrentHashMap::putVal@377 (line 1063)
  0x00007f35f080f140: c000 0000 

  0x00007f35f080f144: ;   {section_word}
  0x00007f35f080f144: 48ba 44f1 | 80f0 357f 

  0x00007f35f080f14c: ;   {runtime_call handle_exception_nofpu Runtime1 stub}
  0x00007f35f080f14c: 0000 e82d | 4150 0790 | 0f1f 4000 

  0x00007f35f080f158: ;   {no_reloc}
  0x00007f35f080f158: e952 0300 | 0000 0000 | 0000 498b | 87b8 0400 | 0048 8d48 | 3048 3bc8 | 0f82 4303 | 0000 493b 
  0x00007f35f080f178: 8fc0 0400 | 000f 8736 | 0300 0049 | 898f b804 | 0000 488b | f848 c1ef | 0649 ba00 | 0040 4c89 
  0x00007f35f080f198: 7200 0045 | 8a14 3a48 | 8bc8 48c1 | e903 4883 | e107 48c7 | c701 0000 | 0048 d3e7 | 4c0b d748 
  0x00007f35f080f1b8: 8bf8 48c1 | ef06 48b9 | 0000 404c | 8972 0000 | 4488 1439 | 4983 8728 | 0200 0030 | 4983 8728 
  0x00007f35f080f1d8: 0200 0000 | 48c7 0001 | 0000 0048 | 8bca 49ba | 0000 00d3 | 8872 0000 | 492b ca89 | 4808 4833 
  0x00007f35f080f1f8: c989 480c | 4833 c948 | 8948 1048 | 8948 1848 | 8948 2048 | 8948 2848 

  0x00007f35f080f210: ;   {metadata(method data for {method} {0x00007288d3409d70} 'putVal' '(Ljava/lang/Object;Ljava/lang/Object;Z)Ljava/lang/Object;' in 'java/util/concurrent/ConcurrentHashMap')}
  0x00007f35f080f210: 8bf0 48bf | 5054 01c8 | 8872 0000 | 4883 8778 | 0100 0001 | 488b f048 | 8984 24c8 

  0x00007f35f080f22c: ;   {optimized virtual_call}
  0x00007f35f080f22c: 0000 00e8 

  0x00007f35f080f230: ; ImmutableOopMap {[200]=Oop }
                      ;*invokespecial <init> {reexecute=0 rethrow=0 return_oop=0}
                      ; - java.util.concurrent.ConcurrentHashMap::putVal@12 (line 1011)
  0x00007f35f080f230: 4c5e 4507 

  0x00007f35f080f234: ;   {other}
  0x00007f35f080f234: 0f1f 8400 | a418 000f | 488b 8424 | c800 0000 | e9b0 0200 | 0049 8b87 | 1808 0000 | 4d33 d24d 
  0x00007f35f080f254: 8997 1808 | 0000 4d33 | d24d 8997 | 2008 0000 | 488b f048 | 8d84 24d0 | 0000 0048 | 8b38 4885 
  0x00007f35f080f274: ff0f 840f | 0000 0048 | 8b58 08f0 | 480f b13b | 0f85 3c02 | 0000 49ff | 8f68 0800 | 0048 8bc6 
  0x00007f35f080f294: e960 0200 

  0x00007f35f080f298: ;   {metadata({method} {0x00007288d3409d70} 'putVal' '(Ljava/lang/Object;Ljava/lang/Object;Z)Ljava/lang/Object;' in 'java/util/concurrent/ConcurrentHashMap')}
  0x00007f35f080f298: 0049 ba70 | 9d40 d388 | 7200 004c | 8954 2408 | 48c7 0424 | ffff ffff 

  0x00007f35f080f2b0: ;   {runtime_call counter_overflow Runtime1 stub}
  0x00007f35f080f2b0: e8cb 8e50 

  0x00007f35f080f2b4: ; ImmutableOopMap {rsi=Oop rdx=Oop rcx=Oop [104]=Oop [112]=Oop [120]=Oop }
                      ;*synchronization entry
                      ; - java.util.concurrent.ConcurrentHashMap::putVal@-1 (line 1011)
  0x00007f35f080f2b4: 07e9 a3ea 

  0x00007f35f080f2b8: ;   {runtime_call throw_null_pointer_exception Runtime1 stub}
  0x00007f35f080f2b8: ffff e8c1 

  0x00007f35f080f2bc: ; ImmutableOopMap {rdx=Oop [104]=Oop [112]=Oop [120]=Oop }
                      ;*invokevirtual hashCode {reexecute=0 rethrow=0 return_oop=0}
                      ; - java.util.concurrent.ConcurrentHashMap::putVal@17 (line 1012)
                      ;   {metadata({method} {0x00007288d3409e20} 'spread' '(I)I' in 'java/util/concurrent/ConcurrentHashMap')}
  0x00007f35f080f2bc: 2150 0749 | ba20 9e40 | d388 7200 | 004c 8954 | 2408 48c7 | 0424 ffff 

  0x00007f35f080f2d4: ;   {runtime_call counter_overflow Runtime1 stub}
  0x00007f35f080f2d4: ffff e8a5 

  0x00007f35f080f2d8: ; ImmutableOopMap {[104]=Oop [112]=Oop [120]=Oop }
                      ;*synchronization entry
                      ; - java.util.concurrent.ConcurrentHashMap::spread@-1 (line 697)
                      ; - java.util.concurrent.ConcurrentHashMap::putVal@20 (line 1012)
  0x00007f35f080f2d8: 8e50 07e9 | c5eb ffff 

  0x00007f35f080f2e0: ;   {runtime_call throw_null_pointer_exception Runtime1 stub}
  0x00007f35f080f2e0: e89b 2150 

  0x00007f35f080f2e4: ; ImmutableOopMap {rdi=Oop rbx=Oop [104]=Oop [112]=Oop [120]=Oop }
                      ;*arraylength {reexecute=0 rethrow=0 return_oop=0}
                      ; - java.util.concurrent.ConcurrentHashMap::putVal@41 (line 1016)
  0x00007f35f080f2e4: 0748 8bd2 

  0x00007f35f080f2e8: ;   {runtime_call fast_new_instance Runtime1 stub}
  0x00007f35f080f2e8: e893 3050 

  0x00007f35f080f2ec: ; ImmutableOopMap {rbx=Oop r11=Oop [104]=Oop [112]=Oop [120]=Oop [144]=Oop }
                      ;*new {reexecute=0 rethrow=0 return_oop=0}
                      ; - java.util.concurrent.ConcurrentHashMap::putVal@83 (line 1019)
  0x00007f35f080f2ec: 07e9 daed 

  0x00007f35f080f2f0: ;   {metadata({method} {0x00007288d317b628} '<init>' '(ILjava/lang/Object;Ljava/lang/Object;)V' in 'java/util/concurrent/ConcurrentHashMap$Node')}
  0x00007f35f080f2f0: ffff 49ba | 28b6 17d3 | 8872 0000 | 4c89 5424 | 0848 c704 | 24ff ffff 

  0x00007f35f080f308: ;   {runtime_call counter_overflow Runtime1 stub}
  0x00007f35f080f308: ffe8 728e 

  0x00007f35f080f30c: ; ImmutableOopMap {rbx=Oop r11=Oop rax=Oop [104]=Oop [112]=Oop [120]=Oop [144]=Oop }
                      ;*synchronization entry
                      ; - java.util.concurrent.ConcurrentHashMap$Node::<init>@-1 (line 631)
                      ; - java.util.concurrent.ConcurrentHashMap::putVal@91 (line 1019)
  0x00007f35f080f30c: 5007 e9f5 

  0x00007f35f080f310: ;   {metadata({method} {0x00007288d34791f0} '<init>' '()V' in 'java/lang/Object')}
  0x00007f35f080f310: edff ff49 | baf0 9147 | d388 7200 | 004c 8954 | 2408 48c7 | 0424 ffff 

  0x00007f35f080f328: ;   {runtime_call counter_overflow Runtime1 stub}
  0x00007f35f080f328: ffff e851 

  0x00007f35f080f32c: ; ImmutableOopMap {rbx=Oop r11=Oop rax=Oop [104]=Oop [112]=Oop [120]=Oop [144]=Oop }
                      ;*synchronization entry
                      ; - java.lang.Object::<init>@-1 (line 45)
                      ; - java.util.concurrent.ConcurrentHashMap$Node::<init>@1 (line 631)
                      ; - java.util.concurrent.ConcurrentHashMap::putVal@91 (line 1019)
  0x00007f35f080f32c: 8e50 07e9 | 10ee ffff 

  0x00007f35f080f334: ;   {runtime_call throw_null_pointer_exception Runtime1 stub}
  0x00007f35f080f334: e847 2150 

  0x00007f35f080f338: ; ImmutableOopMap {rax=Oop [104]=Oop [112]=Oop [120]=Oop [144]=Oop [152]=Oop }
                      ;*getfield hash {reexecute=1 rethrow=0 return_oop=0}
                      ; - (reexecute) java.util.concurrent.ConcurrentHashMap::putVal@105 (line 1022)
  0x00007f35f080f338: 0748 897c | 2408 4889 

  0x00007f35f080f340: ;   {runtime_call monitorenter_nofpu Runtime1 stub}
  0x00007f35f080f340: 3424 e839 

  0x00007f35f080f344: ; ImmutableOopMap {rdi=Oop [104]=Oop [112]=Oop [120]=Oop [144]=Oop [152]=Oop [216]=Oop }
                      ;*monitorenter {reexecute=0 rethrow=0 return_oop=0}
                      ; - java.util.concurrent.ConcurrentHashMap::putVal@187 (line 1031)
  0x00007f35f080f344: 6050 07e9 | 85f1 ffff 

  0x00007f35f080f34c: ;   {runtime_call throw_null_pointer_exception Runtime1 stub}
  0x00007f35f080f34c: e82f 2150 

  0x00007f35f080f350: ; ImmutableOopMap {rax=Oop rdx=Oop [104]=Oop [112]=Oop [120]=Oop [144]=Oop [152]=Oop [216]=Oop }
                      ;*getfield hash {reexecute=1 rethrow=0 return_oop=0}
                      ; - (reexecute) java.util.concurrent.ConcurrentHashMap::putVal@214 (line 1037)
                      ;   {metadata({method} {0x00007288d3409d70} 'putVal' '(Ljava/lang/Object;Ljava/lang/Object;Z)Ljava/lang/Object;' in 'java/util/concurrent/ConcurrentHashMap')}
  0x00007f35f080f350: 0749 ba70 | 9d40 d388 | 7200 004c | 8954 2408 | 48c7 0424 | 3101 0000 

  0x00007f35f080f368: ;   {runtime_call counter_overflow Runtime1 stub}
  0x00007f35f080f368: e813 8e50 

  0x00007f35f080f36c: ; ImmutableOopMap {rdx=Oop [104]=Oop [112]=Oop [120]=Oop [144]=Oop [152]=Oop [216]=Oop }
                      ;*goto {reexecute=1 rethrow=0 return_oop=0}
                      ; - (reexecute) java.util.concurrent.ConcurrentHashMap::putVal@305 (line 1035)
  0x00007f35f080f36c: 07e9 3bf4 | ffff 488b 

  0x00007f35f080f374: ;   {runtime_call fast_new_instance Runtime1 stub}
  0x00007f35f080f374: d2e8 0630 

  0x00007f35f080f378: ; ImmutableOopMap {r8=Oop r11=Oop r14=Oop [104]=Oop [112]=Oop [120]=Oop [144]=Oop [152]=Oop [216]=Oop }
                      ;*new {reexecute=0 rethrow=0 return_oop=0}
                      ; - java.util.concurrent.ConcurrentHashMap::putVal@285 (line 1047)
  0x00007f35f080f378: 5007 e9b7 

  0x00007f35f080f37c: ;   {metadata({method} {0x00007288d317b628} '<init>' '(ILjava/lang/Object;Ljava/lang/Object;)V' in 'java/util/concurrent/ConcurrentHashMap$Node')}
  0x00007f35f080f37c: f5ff ff49 | ba28 b617 | d388 7200 | 004c 8954 | 2408 48c7 | 0424 ffff 

  0x00007f35f080f394: ;   {runtime_call counter_overflow Runtime1 stub}
  0x00007f35f080f394: ffff e8e5 

  0x00007f35f080f398: ; ImmutableOopMap {r8=Oop r11=Oop r14=Oop rax=Oop [104]=Oop [112]=Oop [120]=Oop [144]=Oop [152]=Oop [216]=Oop }
                      ;*synchronization entry
                      ; - java.util.concurrent.ConcurrentHashMap$Node::<init>@-1 (line 631)
                      ; - java.util.concurrent.ConcurrentHashMap::putVal@293 (line 1047)
  0x00007f35f080f398: 8d50 07e9 | d2f5 ffff 

  0x00007f35f080f3a0: ;   {metadata({method} {0x00007288d34791f0} '<init>' '()V' in 'java/lang/Object')}
  0x00007f35f080f3a0: 49ba f091 | 47d3 8872 | 0000 4c89 | 5424 0848 | c704 24ff 

  0x00007f35f080f3b4: ;   {runtime_call counter_overflow Runtime1 stub}
  0x00007f35f080f3b4: ffff ffe8 

  0x00007f35f080f3b8: ; ImmutableOopMap {r8=Oop r11=Oop r14=Oop rax=Oop [104]=Oop [112]=Oop [120]=Oop [144]=Oop [152]=Oop [216]=Oop }
                      ;*synchronization entry
                      ; - java.lang.Object::<init>@-1 (line 45)
                      ; - java.util.concurrent.ConcurrentHashMap$Node::<init>@1 (line 631)
                      ; - java.util.concurrent.ConcurrentHashMap::putVal@293 (line 1047)
  0x00007f35f080f3b8: c48d 5007 | e9ed f5ff 

  0x00007f35f080f3c0: ;   {metadata(nullptr)}
  0x00007f35f080f3c0: ff48 be00 | 0000 0000 | 0000 00b8 | 000f 050a 

  0x00007f35f080f3d0: ;   {runtime_call load_klass_patching Runtime1 stub}
  0x00007f35f080f3d0: e8ab 7250 

  0x00007f35f080f3d4: ; ImmutableOopMap {r11=Oop r14=Oop rax=Oop [104]=Oop [112]=Oop [120]=Oop [144]=Oop [152]=Oop [216]=Oop }
                      ;*instanceof {reexecute=1 rethrow=0 return_oop=0}
                      ; - (reexecute) java.util.concurrent.ConcurrentHashMap::putVal@313 (line 1052)
  0x00007f35f080f3d4: 07e9 6ef6 

  0x00007f35f080f3d8: ;   {metadata(nullptr)}
  0x00007f35f080f3d8: ffff 48bf | 0000 0000 | 0000 0000 | b800 0f05 

  0x00007f35f080f3e8: ;   {runtime_call load_klass_patching Runtime1 stub}
  0x00007f35f080f3e8: 0ae8 9272 

  0x00007f35f080f3ec: ; ImmutableOopMap {r11=Oop r14=Oop rax=Oop [104]=Oop [112]=Oop [120]=Oop [144]=Oop [152]=Oop [216]=Oop }
                      ;*checkcast {reexecute=1 rethrow=0 return_oop=0}
                      ; - (reexecute) java.util.concurrent.ConcurrentHashMap::putVal@324 (line 1055)
  0x00007f35f080f3ec: 5007 e9a5 | f7ff ff48 

  0x00007f35f080f3f4: ;   {runtime_call throw_class_cast_exception Runtime1 stub}
  0x00007f35f080f3f4: 8904 24e8 

  0x00007f35f080f3f8: ; ImmutableOopMap {r11=Oop r14=Oop rax=Oop [104]=Oop [112]=Oop [120]=Oop [144]=Oop [152]=Oop [216]=Oop }
                      ;*checkcast {reexecute=0 rethrow=0 return_oop=0}
                      ; - java.util.concurrent.ConcurrentHashMap::putVal@324 (line 1055)
  0x00007f35f080f3f8: 844a 5007 

  0x00007f35f080f3fc: ;   {runtime_call throw_null_pointer_exception Runtime1 stub}
  0x00007f35f080f3fc: e87f 2050 

  0x00007f35f080f400: ; ImmutableOopMap {rax=Oop [104]=Oop [112]=Oop [120]=Oop [144]=Oop [152]=Oop [216]=Oop }
                      ;*getfield val {reexecute=1 rethrow=0 return_oop=0}
                      ; - (reexecute) java.util.concurrent.ConcurrentHashMap::putVal@342 (line 1057)
  0x00007f35f080f400: 0748 8d84 | 24d0 0000 | 0048 8904 

  0x00007f35f080f40c: ;   {runtime_call monitorexit_nofpu Runtime1 stub}
  0x00007f35f080f40c: 24e8 6e65 | 5007 e9c6 

  0x00007f35f080f414: ;   {metadata({method} {0x00007288d3409d70} 'putVal' '(Ljava/lang/Object;Ljava/lang/Object;Z)Ljava/lang/Object;' in 'java/util/concurrent/ConcurrentHashMap')}
  0x00007f35f080f414: faff ff49 | ba70 9d40 | d388 7200 | 004c 8954 | 2408 48c7 | 0424 a401 

  0x00007f35f080f42c: ;   {runtime_call counter_overflow Runtime1 stub}
  0x00007f35f080f42c: 0000 e84d 

  0x00007f35f080f430: ; ImmutableOopMap {rcx=Oop rax=Oop [104]=Oop [112]=Oop [120]=Oop }
                      ;*goto {reexecute=1 rethrow=0 return_oop=0}
                      ; - (reexecute) java.util.concurrent.ConcurrentHashMap::putVal@420 (line 1074)
  0x00007f35f080f430: 8d50 07e9 | 15fb ffff 

  0x00007f35f080f438: ;   {internal_word}
  0x00007f35f080f438: 49ba 5af0 | 80f0 357f | 0000 4d89 | 9780 0700 

  0x00007f35f080f448: ;   {runtime_call SafepointBlob}
  0x00007f35f080f448: 00e9 b2bf 

  0x00007f35f080f44c: ;   {internal_word}
  0x00007f35f080f44c: 4507 49ba | 73f0 80f0 | 357f 0000 | 4d89 9780 

  0x00007f35f080f45c: ;   {runtime_call SafepointBlob}
  0x00007f35f080f45c: 0700 00e9 | 9cbf 4507 

  0x00007f35f080f464: ;   {internal_word}
  0x00007f35f080f464: 49ba def0 | 80f0 357f | 0000 4d89 | 9780 0700 

  0x00007f35f080f474: ;   {runtime_call SafepointBlob}
  0x00007f35f080f474: 00e9 86bf 

  0x00007f35f080f478: ;   {metadata(nullptr)}
  0x00007f35f080f478: 4507 48ba | 0000 0000 | 0000 0000 | b800 0f05 

  0x00007f35f080f488: ;   {runtime_call load_klass_patching Runtime1 stub}
  0x00007f35f080f488: 0ae8 f271 

  0x00007f35f080f48c: ; ImmutableOopMap {[152]=Oop [216]=Oop }
                      ;*new {reexecute=1 rethrow=0 return_oop=0}
                      ; - (reexecute) java.util.concurrent.ConcurrentHashMap::putVal@368 (line 1063)
  0x00007f35f080f48c: 5007 e95d | fcff ff48 

  0x00007f35f080f494: ;   {runtime_call new_instance Runtime1 stub}
  0x00007f35f080f494: 8bd2 e8e5 

  0x00007f35f080f498: ; ImmutableOopMap {[152]=Oop [216]=Oop }
                      ;*new {reexecute=0 rethrow=0 return_oop=0}
                      ; - java.util.concurrent.ConcurrentHashMap::putVal@368 (line 1063)
  0x00007f35f080f498: 2b50 07e9 | 5ffc ffff 

  0x00007f35f080f4a0: ;   {metadata(nullptr)}
  0x00007f35f080f4a0: 48ba 0000 | 0000 0000 | 0000 b800 

  0x00007f35f080f4ac: ;   {runtime_call load_klass_patching Runtime1 stub}
  0x00007f35f080f4ac: 0f05 0ae8 

  0x00007f35f080f4b0: ; ImmutableOopMap {}
                      ;*new {reexecute=1 rethrow=0 return_oop=0}
                      ; - (reexecute) java.util.concurrent.ConcurrentHashMap::putVal@8 (line 1011)
  0x00007f35f080f4b0: cc71 5007 | e99f fcff | ff48 8bd2 

  0x00007f35f080f4bc: ;   {runtime_call fast_new_instance Runtime1 stub}
  0x00007f35f080f4bc: e8bf 2e50 

  0x00007f35f080f4c0: ; ImmutableOopMap {}
                      ;*new {reexecute=0 rethrow=0 return_oop=0}
                      ; - java.util.concurrent.ConcurrentHashMap::putVal@8 (line 1011)
  0x00007f35f080f4c0: 07e9 49fd | ffff 488d | 8424 d000 | 0000 4889 

  0x00007f35f080f4d0: ;   {runtime_call monitorexit_nofpu Runtime1 stub}
  0x00007f35f080f4d0: 0424 e8a9 | 6450 07e9 | b5fd ffff | 498b 8718 | 0800 0049 | c787 1808 | 0000 0000 | 0000 49c7 
  0x00007f35f080f4f0: 8720 0800 | 0000 0000 | 0048 81c4 | f000 0000 

  0x00007f35f080f500: ;   {runtime_call unwind_exception Runtime1 stub}
  0x00007f35f080f500: 5de9 7a10 | 5007 f4f4 
[Stub Code]
  0x00007f35f080f508: ;   {no_reloc}
  0x00007f35f080f508: 0f1f 4400 

  0x00007f35f080f50c: ;   {static_stub}
  0x00007f35f080f50c: 0048 bb00 | 0000 0000 

  0x00007f35f080f514: ;   {runtime_call nmethod}
  0x00007f35f080f514: 0000 00e9 | fbff ffff 

  0x00007f35f080f51c: ;   {static_stub}
  0x00007f35f080f51c: 9048 bb00 | 0000 0000 

  0x00007f35f080f524: ;   {runtime_call nmethod}
  0x00007f35f080f524: 0000 00e9 | fbff ffff 

  0x00007f35f080f52c: ;   {static_stub}
  0x00007f35f080f52c: 9048 bb00 | 0000 0000 

  0x00007f35f080f534: ;   {runtime_call nmethod}
  0x00007f35f080f534: 0000 00e9 | fbff ffff 

  0x00007f35f080f53c: ;   {static_stub}
  0x00007f35f080f53c: 9048 bb00 | 0000 0000 

  0x00007f35f080f544: ;   {runtime_call nmethod}
  0x00007f35f080f544: 0000 00e9 | fbff ffff 

  0x00007f35f080f54c: ;   {static_stub}
  0x00007f35f080f54c: 9048 bb00 | 0000 0000 

  0x00007f35f080f554: ;   {runtime_call nmethod}
  0x00007f35f080f554: 0000 00e9 | fbff ffff 

  0x00007f35f080f55c: ;   {static_stub}
  0x00007f35f080f55c: 48bb 0000 | 0000 0000 

  0x00007f35f080f564: ;   {runtime_call nmethod}
  0x00007f35f080f564: 0000 e9fb 

  0x00007f35f080f568: ;   {static_stub}
  0x00007f35f080f568: ffff ff48 | bb00 0000 | 0000 0000 

  0x00007f35f080f574: ;   {runtime_call nmethod}
  0x00007f35f080f574: 00e9 fbff 

  0x00007f35f080f578: ;   {static_stub}
  0x00007f35f080f578: ffff 48bb | 0000 0000 | 0000 0000 

  0x00007f35f080f584: ;   {runtime_call nmethod}
  0x00007f35f080f584: e9fb ffff 

  0x00007f35f080f588: ;   {static_stub}
  0x00007f35f080f588: ff48 bb00 | 0000 0000 

  0x00007f35f080f590: ;   {runtime_call nmethod}
  0x00007f35f080f590: 0000 00e9 | fbff ffff 

  0x00007f35f080f598: ;   {static_stub}
  0x00007f35f080f598: 48bb 0000 | 0000 0000 

  0x00007f35f080f5a0: ;   {runtime_call nmethod}
  0x00007f35f080f5a0: 0000 e9fb 

  0x00007f35f080f5a4: ;   {static_stub}
  0x00007f35f080f5a4: ffff ff48 | bb18 9d40 | d388 7200 

  0x00007f35f080f5b0: ;   {runtime_call I2C/C2I adapters}
  0x00007f35f080f5b0: 00e9 2d4f 

  0x00007f35f080f5b4: ;   {static_stub}
  0x00007f35f080f5b4: 4507 48bb | 0000 0000 | 0000 0000 

  0x00007f35f080f5c0: ;   {runtime_call nmethod}
  0x00007f35f080f5c0: e9fb ffff 

  0x00007f35f080f5c4: ;   {runtime_call handle_exception_from_callee Runtime1 stub}
  0x00007f35f080f5c4: ffe8 b642 

  0x00007f35f080f5c8: ;   {external_word}
  0x00007f35f080f5c8: 5007 48bf | bb51 f40f | 367f 0000 | 4883 e4f0 

  0x00007f35f080f5d8: ;   {runtime_call MacroAssembler::debug64(char*, long, long*)}
  0x00007f35f080f5d8: e873 b81f 

  0x00007f35f080f5dc: ;   {section_word}
  0x00007f35f080f5dc: 1ff4 49ba | def5 80f0 | 357f 0000 

  0x00007f35f080f5e8: ;   {runtime_call DeoptimizationBlob}
  0x00007f35f080f5e8: 4152 e9b1 | b045 07f4 
[/MachCode]


---------------  P R O C E S S  ---------------

Threads class SMR info:
_java_thread_list=0x000072883002be90, length=17, elements={
0x00007f360802b240, 0x00007f3608524740, 0x00007f3608525fd0, 0x00007f3608527ac0,
0x00007f36085462f0, 0x00007f3608547c40, 0x00007f3608549500, 0x00007f360854b340,
0x00007f3608554d10, 0x000072884c03ddb0, 0x0000728840001600, 0x00007f36085a40f0,
0x00007f36085a70f0, 0x0000728840016bb0, 0x000072884c06b880, 0x000072884c06ceb0,
0x000072883002a730
}

Java Threads: ( => current thread )
=>0x00007f360802b240 JavaThread "main"                              [_thread_in_Java, id=289630, stack(0x00007f360ec17000,0x00007f360ed17000) (1024K)]
  0x00007f3608524740 JavaThread "Reference Handler"          daemon [_thread_blocked, id=289634, stack(0x00007f360d942000,0x00007f360da42000) (1024K)]
  0x00007f3608525fd0 JavaThread "Finalizer"                  daemon [_thread_blocked, id=289635, stack(0x00007f360d500000,0x00007f360d600000) (1024K)]
  0x00007f3608527ac0 JavaThread "MMTk Finalizer Thread"      daemon [_thread_blocked, id=289636, stack(0x00007f360d400000,0x00007f360d500000) (1024K)]
  0x00007f36085462f0 JavaThread "Signal Dispatcher"          daemon [_thread_blocked, id=289660, stack(0x0000728919100000,0x0000728919200000) (1024K)]
  0x00007f3608547c40 JavaThread "Service Thread"             daemon [_thread_blocked, id=289661, stack(0x0000728919000000,0x0000728919100000) (1024K)]
  0x00007f3608549500 JavaThread "Monitor Deflation Thread"   daemon [_thread_blocked, id=289662, stack(0x0000728918f00000,0x0000728919000000) (1024K)]
  0x00007f360854b340 JavaThread "C2 CompilerThread0"         daemon [_thread_blocked, id=289663, stack(0x0000728918e00000,0x0000728918f00000) (1024K)]
  0x00007f3608554d10 JavaThread "C1 CompilerThread0"         daemon [_thread_blocked, id=289664, stack(0x0000728918d00000,0x0000728918e00000) (1024K)]
  0x000072884c03ddb0 JavaThread "C1 CompilerThread1"         daemon [_thread_blocked, id=289665, stack(0x0000728918c00000,0x0000728918d00000) (1024K)]
  0x0000728840001600 JavaThread "C1 CompilerThread2"         daemon [_thread_blocked, id=289666, stack(0x0000728918b00000,0x0000728918c00000) (1024K)]
  0x00007f36085a40f0 JavaThread "Notification Thread"        daemon [_thread_blocked, id=289667, stack(0x0000728918a00000,0x0000728918b00000) (1024K)]
  0x00007f36085a70f0 JavaThread "Common-Cleaner"             daemon [_thread_blocked, id=289668, stack(0x0000728918900000,0x0000728918a00000) (1024K)]
  0x0000728840016bb0 JavaThread "C2 CompilerThread1"         daemon [_thread_blocked, id=289669, stack(0x0000728918800000,0x0000728918900000) (1024K)]
  0x000072884c06b880 JavaThread "C1 CompilerThread3"         daemon [_thread_blocked, id=289670, stack(0x0000728918700000,0x0000728918800000) (1024K)]
  0x000072884c06ceb0 JavaThread "C1 CompilerThread4"         daemon [_thread_blocked, id=289671, stack(0x0000728918600000,0x0000728918700000) (1024K)]
  0x000072883002a730 JavaThread "C2 CompilerThread2"         daemon [_thread_blocked, id=289672, stack(0x0000728918500000,0x0000728918600000) (1024K)]
Total: 17

Other Threads:
  0x00007f3608519290 VMThread "VM Thread"                           [id=289633, stack(0x00007f360da43000,0x00007f360db43000) (1024K)] _threads_hazard_ptr=0x000072883002be90
  0x00007f3608506ee0 WatcherThread "VM Periodic Task Thread"        [id=289632, stack(0x00007f360db44000,0x00007f360dc44000) (1024K)]
Total: 2

Threads with active compile tasks:
Total: 0

VM state: synchronizing (normal execution)

VM Mutex/Monitor currently owned by a thread:  ([mutex/lock_event])
[0x00007f36103580d0] Threads_lock - owner thread: 0x00007f3608519290

Heap address: 0x0000000040000000, size: 3072 MB, Compressed Oops mode: 32-bit

CDS archive(s) mapped at: [0x00007288d3000000-0x00007288d3ca3000-0x00007288d3ca3000), size 13250560, SharedBaseAddress: 0x00007288d3000000, ArchiveRelocationMode: 1.
Compressed class space mapped at: 0x00007288d4000000-0x0000728914000000, reserved size: 1073741824
Narrow klass base: 0x00007288d3000000, Narrow klass shift: 0, Narrow klass range: 0x100000000

GC Precious Log:
<Empty>

Heap:

[error occurred during error reporting (printing heap information), id 0xe0000000, Internal Error (/mydata/mmtk-openjdk/openjdk/share/mmtkHeap.cpp:424)]
Metaspace:

Usage:
  Non-class:      4.03 MB used.
      Class:    454.38 KB used.
       Both:      4.47 MB used.

Virtual space:
  Non-class space:       64.00 MB reserved,       4.06 MB (  6%) committed,  1 nodes.
      Class space:        1.00 GB reserved,     576.00 KB ( <1%) committed,  1 nodes.
             Both:        1.06 GB reserved,       4.62 MB ( <1%) committed. 

Chunk freelists:
   Non-Class:  10.56 MB
       Class:  15.48 MB
        Both:  26.05 MB

MaxMetaspaceSize: unlimited
CompressedClassSpaceSize: 1.00 GB
Initial GC threshold: 21.00 MB
Current GC threshold: 21.00 MB
CDS: on
 - commit_granule_bytes: 65536.
 - commit_granule_words: 8192.
 - virtual_space_node_default_size: 8388608.
 - enlarge_chunks_in_place: 1.
 - use_allocation_guard: 0.


Internal statistics:

num_allocs_failed_limit: 0.
num_arena_births: 72.
num_arena_deaths: 0.
num_vsnodes_births: 2.
num_vsnodes_deaths: 0.
num_space_committed: 74.
num_space_uncommitted: 0.
num_chunks_returned_to_freelist: 0.
num_chunks_taken_from_freelist: 165.
num_chunk_merges: 0.
num_chunk_splits: 106.
num_chunks_enlarged: 77.
num_inconsistent_stats: 0.

CodeHeap 'non-profiled nmethods': size=118880Kb used=393Kb max_used=393Kb free=118486Kb
 bounds [0x00007f35f83e8000, 0x00007f35f8658000, 0x00007f35ff800000]
CodeHeap 'profiled nmethods': size=118876Kb used=2520Kb max_used=2520Kb free=116355Kb
 bounds [0x00007f35f0800000, 0x00007f35f0a80000, 0x00007f35f7c17000]
CodeHeap 'non-nmethods': size=8004Kb used=3435Kb max_used=3464Kb free=4568Kb
 bounds [0x00007f35f7c17000, 0x00007f35f7f87000, 0x00007f35f83e8000]
CodeCache: size=245760Kb, used=6348Kb, max_used=6377Kb, free=239409Kb
 total_blobs=1815, nmethods=1360, adapters=355, full_count=0
Compilation: enabled, stopped_count=0, restarted_count=0

Compilation events (20 events):
Event: 2.636 Thread 0x000072884c06b880 1353       3       java.lang.StringBuilder::<init> (6 bytes)
Event: 2.636 Thread 0x000072884c03ddb0 nmethod 1350 0x00007f35f0a69a10 code [0x00007f35f0a69be0, 0x00007f35f0a69ee0]
Event: 2.636 Thread 0x000072884c06b880 nmethod 1353 0x00007f35f0a6a090 code [0x00007f35f0a6a240, 0x00007f35f0a6a378]
Event: 2.636 Thread 0x000072884c03ddb0 1354       3       java.lang.invoke.MethodHandles$Lookup::checkAccess (200 bytes)
Event: 2.636 Thread 0x0000728840001600 nmethod 1351 0x00007f35f0a6a410 code [0x00007f35f0a6a660, 0x00007f35f0a6ab80]
Event: 2.636 Thread 0x00007f3608554d10 nmethod 1347 0x00007f35f0a6ae90 code [0x00007f35f0a6b3e0, 0x00007f35f0a6e518]
Event: 2.636 Thread 0x000072884c03ddb0 nmethod 1354 0x00007f35f0a6f790 code [0x00007f35f0a6fa20, 0x00007f35f0a704f8]
Event: 2.637 Thread 0x0000728840001600 1355       3       sun.net.util.URLUtil::urlNoFragString (143 bytes)
Event: 2.637 Thread 0x000072884c03ddb0 1356   !   3       jdk.internal.loader.URLClassPath$JarLoader::checkResource (73 bytes)
Event: 2.638 Thread 0x0000728840001600 nmethod 1355 0x00007f35f0a70810 code [0x00007f35f0a70b40, 0x00007f35f0a71b18]
Event: 2.638 Thread 0x000072884c03ddb0 nmethod 1356 0x00007f35f0a72090 code [0x00007f35f0a722c0, 0x00007f35f0a72b08]
Event: 2.639 Thread 0x000072884c06b880 1357       3       java.lang.invoke.Invokers$Holder::linkToTargetMethod (9 bytes)
Event: 2.639 Thread 0x0000728840016bb0 nmethod 1352 0x00007f35f8447b90 code [0x00007f35f8447d40, 0x00007f35f84482e0]
Event: 2.639 Thread 0x000072884c06b880 nmethod 1357 0x00007f35f0a72f10 code [0x00007f35f0a730c0, 0x00007f35f0a73488]
Event: 2.639 Thread 0x0000728840001600 1358       3       java.net.URL::toString (5 bytes)
Event: 2.639 Thread 0x000072884c06ceb0 1359       3       java.net.URL::toExternalForm (9 bytes)
Event: 2.639 Thread 0x000072884c03ddb0 1360       3       java.net.URLStreamHandler::toExternalForm (156 bytes)
Event: 2.639 Thread 0x000072884c06ceb0 nmethod 1359 0x00007f35f0a73590 code [0x00007f35f0a73740, 0x00007f35f0a73910]
Event: 2.639 Thread 0x0000728840001600 nmethod 1358 0x00007f35f0a73a10 code [0x00007f35f0a73bc0, 0x00007f35f0a73de8]
Event: 2.640 Thread 0x000072884c03ddb0 nmethod 1360 0x00007f35f0a73f10 code [0x00007f35f0a742e0, 0x00007f35f0a75ab8]

GC Heap History (0 events):
No events

Dll operation events (7 events):
Event: 0.001 Loaded shared library /mydata/openjdk-mmtk/build/b0test/images/jdk/lib/libjava.so
Event: 2.254 Loaded shared library /mydata/openjdk-mmtk/build/b0test/images/jdk/lib/libjsvml.so
Event: 2.267 Loaded shared library /mydata/openjdk-mmtk/build/b0test/images/jdk/lib/libnio.so
Event: 2.271 Loaded shared library /mydata/openjdk-mmtk/build/b0test/images/jdk/lib/libzip.so
Event: 2.284 Loaded shared library /mydata/openjdk-mmtk/build/b0test/images/jdk/lib/libjimage.so
Event: 2.311 Loaded shared library /mydata/openjdk-mmtk/build/b0test/images/jdk/lib/libnet.so
Event: 2.548 Loaded shared library /mydata/openjdk-mmtk/build/b0test/images/jdk/lib/libverify.so

Deoptimization events (20 events):
Event: 2.614 Thread 0x00007f360802b240 DEOPT PACKING pc=0x00007f35f0a26655 sp=0x00007f360ed146b0
Event: 2.614 Thread 0x00007f360802b240 DEOPT UNPACKING pc=0x00007f35f7c6ab2f sp=0x00007f360ed13bb8 mode 0
Event: 2.617 Thread 0x00007f360802b240 DEOPT PACKING pc=0x00007f35f0a26655 sp=0x00007f360ed146b0
Event: 2.617 Thread 0x00007f360802b240 DEOPT UNPACKING pc=0x00007f35f7c6ab2f sp=0x00007f360ed13bb8 mode 0
Event: 2.620 Thread 0x00007f360802b240 DEOPT PACKING pc=0x00007f35f0a26655 sp=0x00007f360ed14660
Event: 2.620 Thread 0x00007f360802b240 DEOPT UNPACKING pc=0x00007f35f7c6ab2f sp=0x00007f360ed13b68 mode 0
Event: 2.622 Thread 0x00007f360802b240 DEOPT PACKING pc=0x00007f35f0a29202 sp=0x00007f360ed14870
Event: 2.622 Thread 0x00007f360802b240 DEOPT UNPACKING pc=0x00007f35f7c6ab2f sp=0x00007f360ed13d28 mode 0
Event: 2.622 Thread 0x00007f360802b240 DEOPT PACKING pc=0x00007f35f0a26655 sp=0x00007f360ed14660
Event: 2.622 Thread 0x00007f360802b240 DEOPT UNPACKING pc=0x00007f35f7c6ab2f sp=0x00007f360ed13b68 mode 0
Event: 2.623 Thread 0x00007f360802b240 DEOPT PACKING pc=0x00007f35f0a29202 sp=0x00007f360ed14870
Event: 2.623 Thread 0x00007f360802b240 DEOPT UNPACKING pc=0x00007f35f7c6ab2f sp=0x00007f360ed13d28 mode 0
Event: 2.624 Thread 0x00007f360802b240 DEOPT PACKING pc=0x00007f35f0a29202 sp=0x00007f360ed148a0
Event: 2.624 Thread 0x00007f360802b240 DEOPT UNPACKING pc=0x00007f35f7c6ab2f sp=0x00007f360ed13d58 mode 0
Event: 2.626 Thread 0x00007f360802b240 DEOPT PACKING pc=0x00007f35f0a29202 sp=0x00007f360ed148a0
Event: 2.626 Thread 0x00007f360802b240 DEOPT UNPACKING pc=0x00007f35f7c6ab2f sp=0x00007f360ed13d58 mode 0
Event: 2.627 Thread 0x00007f360802b240 DEOPT PACKING pc=0x00007f35f0a29202 sp=0x00007f360ed148a0
Event: 2.627 Thread 0x00007f360802b240 DEOPT UNPACKING pc=0x00007f35f7c6ab2f sp=0x00007f360ed13d58 mode 0
Event: 2.628 Thread 0x00007f360802b240 DEOPT PACKING pc=0x00007f35f0a29202 sp=0x00007f360ed148a0
Event: 2.628 Thread 0x00007f360802b240 DEOPT UNPACKING pc=0x00007f35f7c6ab2f sp=0x00007f360ed13d58 mode 0

Classes loaded (20 events):
Event: 2.599 Loading class sun/nio/fs/UnixSecureDirectoryStream
Event: 2.599 Loading class java/nio/file/SecureDirectoryStream
Event: 2.599 Loading class java/nio/file/SecureDirectoryStream done
Event: 2.599 Loading class sun/nio/fs/UnixSecureDirectoryStream done
Event: 2.599 Loading class sun/nio/fs/UnixDirectoryStream
Event: 2.599 Loading class sun/nio/fs/UnixDirectoryStream done
Event: 2.599 Loading class java/util/concurrent/locks/ReentrantReadWriteLock$FairSync
Event: 2.599 Loading class java/util/concurrent/locks/ReentrantReadWriteLock$FairSync done
Event: 2.599 Loading class sun/nio/fs/UnixDirectoryStream$UnixDirectoryIterator
Event: 2.599 Loading class sun/nio/fs/UnixDirectoryStream$UnixDirectoryIterator done
Event: 2.599 Loading class java/nio/file/Files$3
Event: 2.599 Loading class java/nio/file/Files$3 done
Event: 2.599 Loading class java/nio/file/FileVisitResult
Event: 2.599 Loading class java/nio/file/FileVisitResult done
Event: 2.600 Loading class sun/nio/fs/UnixException
Event: 2.601 Loading class sun/nio/fs/UnixException done
Event: 2.637 Loading class java/nio/charset/UnsupportedCharsetException
Event: 2.637 Loading class java/nio/charset/UnsupportedCharsetException done
Event: 2.638 Loading class sun/nio/ch/ChannelOutputStream
Event: 2.638 Loading class sun/nio/ch/ChannelOutputStream done

Classes unloaded (0 events):
No events

Classes redefined (0 events):
No events

Internal exceptions (11 events):
Event: 2.278 Thread 0x00007f360802b240 Exception <a 'java/lang/NoSuchMethodError'{0x000000004033c090}: 'java.lang.Object java.lang.invoke.DirectMethodHandle$Holder.newInvokeSpecial(java.lang.Object, int, java.lang.Object)'> (0x000000004033c090) 
thrown [src/hotspot/share/interpreter/linkResolver.cpp, line 772]
Event: 2.287 Thread 0x00007f360802b240 Exception <a 'java/lang/NoSuchMethodError'{0x0000000040301e28}: 'void java.lang.invoke.DirectMethodHandle$Holder.invokeStatic(java.lang.Object, java.lang.Object)'> (0x0000000040301e28) 
thrown [src/hotspot/share/interpreter/linkResolver.cpp, line 772]
Event: 2.287 Thread 0x00007f360802b240 Exception <a 'java/lang/NoSuchMethodError'{0x0000000040305820}: 'void java.lang.invoke.DirectMethodHandle$Holder.invokeSpecial(java.lang.Object, java.lang.Object, java.lang.Object)'> (0x0000000040305820) 
thrown [src/hotspot/share/interpreter/linkResolver.cpp, line 772]
Event: 2.330 Thread 0x00007f360802b240 Exception <a 'java/lang/NoSuchMethodError'{0x00000000401b5ca8}: 'void java.lang.invoke.DirectMethodHandle$Holder.invokeVirtual(java.lang.Object, java.lang.Object)'> (0x00000000401b5ca8) 
thrown [src/hotspot/share/interpreter/linkResolver.cpp, line 772]
Event: 2.336 Thread 0x00007f360802b240 Exception <a 'java/io/FileNotFoundException'{0x0000000040180bc0}> (0x0000000040180bc0) 
thrown [src/hotspot/share/prims/jni.cpp, line 520]
Event: 2.347 Thread 0x00007f360802b240 Exception <a 'java/lang/NoSuchMethodError'{0x0000000040126dd8}: 'java.lang.Object java.lang.invoke.Invokers$Holder.invokeExact_MT(java.lang.Object, java.lang.Object, java.lang.Object, java.lang.Object, java.lang.Object)'> (0x0000000040126dd8) 
thrown [src/hotspot/share/interpreter/linkResolver.cpp, line 772]
Event: 2.573 Thread 0x00007f360802b240 Exception <a 'java/lang/NoSuchMethodError'{0x000000004130b160}: 'int java.lang.invoke.DirectMethodHandle$Holder.invokeSpecial(java.lang.Object, java.lang.Object, java.lang.Object)'> (0x000000004130b160) 
thrown [src/hotspot/share/interpreter/linkResolver.cpp, line 772]
Event: 2.574 Thread 0x00007f360802b240 Exception <a 'java/lang/NoSuchMethodError'{0x00000000413071e8}: 'void java.lang.invoke.DelegatingMethodHandle$Holder.reinvoke_L(java.lang.Object, java.lang.Object, int)'> (0x00000000413071e8) 
thrown [src/hotspot/share/interpreter/linkResolver.cpp, line 772]
Event: 2.574 Thread 0x00007f360802b240 Exception <a 'java/lang/NoSuchMethodError'{0x00000000412fe2d0}: 'int java.lang.invoke.Invokers$Holder.invokeExact_MT(java.lang.Object, java.lang.Object, java.lang.Object)'> (0x00000000412fe2d0) 
thrown [src/hotspot/share/interpreter/linkResolver.cpp, line 772]
Event: 2.581 Thread 0x00007f360802b240 Exception <a 'java/lang/NoSuchMethodError'{0x00000000412c9390}: 'void java.lang.invoke.Invokers$Holder.invokeExact_MT(java.lang.Object, java.lang.Object, java.lang.Object, java.lang.Object)'> (0x00000000412c9390) 
thrown [src/hotspot/share/interpreter/linkResolver.cpp, line 772]
Event: 2.637 Thread 0x00007f360802b240 Exception <a 'sun/nio/fs/UnixException'{0x0000000040027b70}> (0x0000000040027b70) 
thrown [src/hotspot/share/prims/jni.cpp, line 520]

ZGC Phase Switch (0 events):
No events

VM Operations (10 events):
Event: 2.271 Executing VM operation: HandshakeAllThreads (Deoptimize)
Event: 2.271 Executing VM operation: HandshakeAllThreads (Deoptimize) done
Event: 2.300 Executing VM operation: HandshakeAllThreads (Deoptimize)
Event: 2.300 Executing VM operation: HandshakeAllThreads (Deoptimize) done
Event: 2.539 Executing VM operation: ThirdPartyHeapOperation
Event: 2.541 Executing VM operation: ThirdPartyHeapOperation done
Event: 2.543 Executing VM operation: ThirdPartyHeapOperation
Event: 2.546 Executing VM operation: ThirdPartyHeapOperation done
Event: 2.639 Executing VM operation: HandshakeAllThreads (Deoptimize)
Event: 2.639 Executing VM operation: HandshakeAllThreads (Deoptimize) done

Memory protections (17 events):
Event: 0.001 Protecting memory [0x00007f360ec17000,0x00007f360ec1b000] with protection modes 0
Event: 2.249 Protecting memory [0x00007f360d942000,0x00007f360d946000] with protection modes 0
Event: 2.250 Protecting memory [0x00007f360d500000,0x00007f360d504000] with protection modes 0
Event: 2.250 Protecting memory [0x00007f360d400000,0x00007f360d404000] with protection modes 0
Event: 2.253 Protecting memory [0x0000728919100000,0x0000728919104000] with protection modes 0
Event: 2.253 Protecting memory [0x0000728919000000,0x0000728919004000] with protection modes 0
Event: 2.253 Protecting memory [0x0000728918f00000,0x0000728918f04000] with protection modes 0
Event: 2.253 Protecting memory [0x0000728918e00000,0x0000728918e04000] with protection modes 0
Event: 2.253 Protecting memory [0x0000728918d00000,0x0000728918d04000] with protection modes 0
Event: 2.263 Protecting memory [0x0000728918c00000,0x0000728918c04000] with protection modes 0
Event: 2.264 Protecting memory [0x0000728918b00000,0x0000728918b04000] with protection modes 0
Event: 2.265 Protecting memory [0x0000728918a00000,0x0000728918a04000] with protection modes 0
Event: 2.266 Protecting memory [0x0000728918900000,0x0000728918904000] with protection modes 0
Event: 2.316 Protecting memory [0x0000728918800000,0x0000728918804000] with protection modes 0
Event: 2.323 Protecting memory [0x0000728918700000,0x0000728918704000] with protection modes 0
Event: 2.323 Protecting memory [0x0000728918600000,0x0000728918604000] with protection modes 0
Event: 2.327 Protecting memory [0x0000728918500000,0x0000728918504000] with protection modes 0

Nmethod flushes (0 events):
No events

Events (17 events):
Event: 2.243 Thread 0x00007f360802b240 Thread added: 0x00007f360802b240
Event: 2.249 Thread 0x00007f360802b240 Thread added: 0x00007f3608524740
Event: 2.250 Thread 0x00007f360802b240 Thread added: 0x00007f3608525fd0
Event: 2.250 Thread 0x00007f360802b240 Thread added: 0x00007f3608527ac0
Event: 2.253 Thread 0x00007f360802b240 Thread added: 0x00007f36085462f0
Event: 2.253 Thread 0x00007f360802b240 Thread added: 0x00007f3608547c40
Event: 2.253 Thread 0x00007f360802b240 Thread added: 0x00007f3608549500
Event: 2.253 Thread 0x00007f360802b240 Thread added: 0x00007f360854b340
Event: 2.253 Thread 0x00007f360802b240 Thread added: 0x00007f3608554d10
Event: 2.263 Thread 0x00007f3608554d10 Thread added: 0x000072884c03ddb0
Event: 2.264 Thread 0x000072884c03ddb0 Thread added: 0x0000728840001600
Event: 2.265 Thread 0x00007f360802b240 Thread added: 0x00007f36085a40f0
Event: 2.266 Thread 0x00007f360802b240 Thread added: 0x00007f36085a70f0
Event: 2.316 Thread 0x000072884c03ddb0 Thread added: 0x0000728840016bb0
Event: 2.323 Thread 0x00007f3608554d10 Thread added: 0x000072884c06b880
Event: 2.323 Thread 0x00007f3608554d10 Thread added: 0x000072884c06ceb0
Event: 2.327 Thread 0x0000728840016bb0 Thread added: 0x000072883002a730


Dynamic libraries:
40000000-40400000 rw-p 00000000 00:00 0                                  [anon:mmtk:space:immix]
40400000-41000000 rw-p 00000000 00:00 0                                  [anon:mmtk:space:los]
41000000-41400000 rw-p 00000000 00:00 0                                  [anon:mmtk:space:immix]
41400000-43800000 rw-p 00000000 00:00 0                                  [anon:mmtk:space:los]
200000000000-2000c00c0000 rw-s 00000000 00:10 68                         anon_inode:bpf-map
5d26c3ec3000-5d26c3ec4000 r--p 00000000 fc:00 49676320                   /mydata/openjdk-mmtk/build/b0test/images/jdk/bin/java
5d26c3ec4000-5d26c3ec5000 r-xp 00001000 fc:00 49676320                   /mydata/openjdk-mmtk/build/b0test/images/jdk/bin/java
5d26c3ec5000-5d26c3ec6000 r--p 00002000 fc:00 49676320                   /mydata/openjdk-mmtk/build/b0test/images/jdk/bin/java
5d26c3ec6000-5d26c3ec7000 r--p 00002000 fc:00 49676320                   /mydata/openjdk-mmtk/build/b0test/images/jdk/bin/java
5d26c3ec7000-5d26c3ec8000 rw-p 00003000 fc:00 49676320                   /mydata/openjdk-mmtk/build/b0test/images/jdk/bin/java
5d26eefe1000-5d26ef029000 rw-p 00000000 00:00 0                          [heap]
728828000000-7288280a1000 rw-p 00000000 00:00 0 
7288280a1000-72882c000000 ---p 00000000 00:00 0 
72882c000000-72882c254000 rw-p 00000000 00:00 0 
72882c254000-728830000000 ---p 00000000 00:00 0 
728830000000-7288301ef000 rw-p 00000000 00:00 0 
7288301ef000-728834000000 ---p 00000000 00:00 0 
728834000000-7288340ec000 rw-p 00000000 00:00 0 
7288340ec000-728838000000 ---p 00000000 00:00 0 
728838000000-728838021000 rw-p 00000000 00:00 0 
728838021000-72883c000000 ---p 00000000 00:00 0 
72883c000000-72883c021000 rw-p 00000000 00:00 0 
72883c021000-728840000000 ---p 00000000 00:00 0 
728840000000-7288400b5000 rw-p 00000000 00:00 0 
7288400b5000-728844000000 ---p 00000000 00:00 0 
728844000000-7288440ba000 rw-p 00000000 00:00 0 
7288440ba000-728848000000 ---p 00000000 00:00 0 
728848000000-728848283000 rw-p 00000000 00:00 0 
728848283000-72884c000000 ---p 00000000 00:00 0 
72884c000000-72884c095000 rw-p 00000000 00:00 0 
72884c095000-728850000000 ---p 00000000 00:00 0 
728850000000-728850021000 rw-p 00000000 00:00 0 
728850021000-728854000000 ---p 00000000 00:00 0 
728854000000-728854021000 rw-p 00000000 00:00 0 
728854021000-728858000000 ---p 00000000 00:00 0 
728858000000-728858021000 rw-p 00000000 00:00 0 
728858021000-72885c000000 ---p 00000000 00:00 0 
72885c000000-72885c021000 rw-p 00000000 00:00 0 
72885c021000-728860000000 ---p 00000000 00:00 0 
728860000000-728860021000 rw-p 00000000 00:00 0 
728860021000-728864000000 ---p 00000000 00:00 0 
728864000000-728864021000 rw-p 00000000 00:00 0 
728864021000-728868000000 ---p 00000000 00:00 0 
728868000000-728868021000 rw-p 00000000 00:00 0 
728868021000-72886c000000 ---p 00000000 00:00 0 
72886c000000-72886c021000 rw-p 00000000 00:00 0 
72886c021000-728870000000 ---p 00000000 00:00 0 
728870000000-728870021000 rw-p 00000000 00:00 0 
728870021000-728874000000 ---p 00000000 00:00 0 
728874000000-728874021000 rw-p 00000000 00:00 0 
728874021000-728878000000 ---p 00000000 00:00 0 
728878000000-728878021000 rw-p 00000000 00:00 0 
728878021000-72887c000000 ---p 00000000 00:00 0 
72887c000000-72887c021000 rw-p 00000000 00:00 0 
72887c021000-728880000000 ---p 00000000 00:00 0 
728880000000-728880021000 rw-p 00000000 00:00 0 
728880021000-728884000000 ---p 00000000 00:00 0 
728884000000-728884021000 rw-p 00000000 00:00 0 
728884021000-728888000000 ---p 00000000 00:00 0 
728888000000-728888021000 rw-p 00000000 00:00 0 
728888021000-72888c000000 ---p 00000000 00:00 0 
72888c000000-72888c021000 rw-p 00000000 00:00 0 
72888c021000-728890000000 ---p 00000000 00:00 0 
728890000000-728890021000 rw-p 00000000 00:00 0 
728890021000-728894000000 ---p 00000000 00:00 0 
728894000000-728894023000 rw-p 00000000 00:00 0 
728894023000-728898000000 ---p 00000000 00:00 0 
728898000000-728898021000 rw-p 00000000 00:00 0 
728898021000-72889c000000 ---p 00000000 00:00 0 
72889c000000-72889c021000 rw-p 00000000 00:00 0 
72889c021000-7288a0000000 ---p 00000000 00:00 0 
7288a0000000-7288a0021000 rw-p 00000000 00:00 0 
7288a0021000-7288a4000000 ---p 00000000 00:00 0 
7288a4000000-7288a4023000 rw-p 00000000 00:00 0 
7288a4023000-7288a8000000 ---p 00000000 00:00 0 
7288a8000000-7288a8042000 rw-p 00000000 00:00 0 
7288a8042000-7288ac000000 ---p 00000000 00:00 0 
7288ac000000-7288ac021000 rw-p 00000000 00:00 0 
7288ac021000-7288b0000000 ---p 00000000 00:00 0 
7288b0000000-7288b0021000 rw-p 00000000 00:00 0 
7288b0021000-7288b4000000 ---p 00000000 00:00 0 
7288b4000000-7288b4021000 rw-p 00000000 00:00 0 
7288b4021000-7288b8000000 ---p 00000000 00:00 0 
7288b8000000-7288b8021000 rw-p 00000000 00:00 0 
7288b8021000-7288bc000000 ---p 00000000 00:00 0 
7288bc000000-7288bc021000 rw-p 00000000 00:00 0 
7288bc021000-7288c0000000 ---p 00000000 00:00 0 
7288c0000000-7288c0021000 rw-p 00000000 00:00 0 
7288c0021000-7288c4000000 ---p 00000000 00:00 0 
7288c4000000-7288c4021000 rw-p 00000000 00:00 0 
7288c4021000-7288c8000000 ---p 00000000 00:00 0 
7288c8000000-7288c82a0000 rw-p 00000000 00:00 0 
7288c82a0000-7288c8400000 ---p 00000000 00:00 0 
7288c8400000-7288c8570000 rw-p 00000000 00:00 0 
7288c8570000-7288cc000000 ---p 00000000 00:00 0 
7288cc000000-7288cc021000 rw-p 00000000 00:00 0 
7288cc021000-7288d0000000 ---p 00000000 00:00 0 
7288d2b82000-7288d3000000 rw-p 00000000 00:00 0 
7288d3000000-7288d3ca3000 rw-p 00001000 fc:00 49677004                   /mydata/openjdk-mmtk/build/b0test/images/jdk/lib/server/classes.jsa
7288d3ca3000-7288d4000000 ---p 00000000 00:00 0 
7288d4000000-7288d4040000 rw-p 00000000 00:00 0 
7288d4040000-7288d4090000 rw-p 00000000 00:00 0 
7288d4090000-728914000000 ---p 00000000 00:00 0 
728914000000-728914021000 rw-p 00000000 00:00 0 
728914021000-728918000000 ---p 00000000 00:00 0 
72891808a000-728918500000 rw-p 00000000 00:00 0 
728918500000-728918504000 ---p 00000000 00:00 0 
728918504000-728918600000 rw-p 00000000 00:00 0 
728918600000-728918604000 ---p 00000000 00:00 0 
728918604000-728918700000 rw-p 00000000 00:00 0 
728918700000-728918704000 ---p 00000000 00:00 0 
728918704000-728918800000 rw-p 00000000 00:00 0 
728918800000-728918804000 ---p 00000000 00:00 0 
728918804000-728918900000 rw-p 00000000 00:00 0 
728918900000-728918904000 ---p 00000000 00:00 0 
728918904000-728918a00000 rw-p 00000000 00:00 0 
728918a00000-728918a04000 ---p 00000000 00:00 0 
728918a04000-728918b00000 rw-p 00000000 00:00 0 
728918b00000-728918b04000 ---p 00000000 00:00 0 
728918b04000-728918c00000 rw-p 00000000 00:00 0 
728918c00000-728918c04000 ---p 00000000 00:00 0 
728918c04000-728918d00000 rw-p 00000000 00:00 0 
728918d00000-728918d04000 ---p 00000000 00:00 0 
728918d04000-728918e00000 rw-p 00000000 00:00 0 
728918e00000-728918e04000 ---p 00000000 00:00 0 
728918e04000-728918f00000 rw-p 00000000 00:00 0 
728918f00000-728918f04000 ---p 00000000 00:00 0 
728918f04000-728919000000 rw-p 00000000 00:00 0 
728919000000-728919004000 ---p 00000000 00:00 0 
728919004000-728919100000 rw-p 00000000 00:00 0 
728919100000-728919104000 ---p 00000000 00:00 0 
728919104000-728919200000 rw-p 00000000 00:00 0 
728919200000-72891c200000 rw-p 00000000 00:00 0 
72891c2fb000-72891c2fc000 ---p 00000000 00:00 0 
72891c2fc000-72891c3fc000 rw-p 00000000 00:00 0 
72891c3fc000-72894c400000 rw-p 00000000 00:00 0 
72894c400000-72894d400000 ---p 00000000 00:00 0                          [anon:mmtk:sidemeta:all:all-quarantined]
72894d400000-72894d800000 rw-p 00000000 00:00 0                          [anon:mmtk:sidemeta:immix:VO_BIT]
72894d800000-74894e400000 ---p 00000000 00:00 0                          [anon:mmtk:sidemeta:all:all-quarantined]
74894e400000-74894e800000 rw-p 00000000 00:00 0                          [anon:mmtk:sidemeta:immix:CHUNK_MARK]
74894e800000-748951400000 ---p 00000000 00:00 0                          [anon:mmtk:sidemeta:all:all-quarantined]
748951400000-748951800000 rw-p 00000000 00:00 0                          [anon:mmtk:sidemeta:immix:VMGlobalLogBitSpec]
748951800000-769150800000 ---p 00000000 00:00 0                          [anon:mmtk:sidemeta:all:all-quarantined]
769150800000-769150c00000 rw-p 00000000 00:00 0                          [anon:mmtk:sidemeta:immix:IX_LINE_MARK]
769150c00000-771150400000 ---p 00000000 00:00 0                          [anon:mmtk:sidemeta:all:all-quarantined]
771150400000-771150800000 rw-p 00000000 00:00 0                          [anon:mmtk:sidemeta:immix:IX_BLOCK_DEFRAG]
771150800000-771250400000 ---p 00000000 00:00 0                          [anon:mmtk:sidemeta:all:all-quarantined]
771250400000-771250800000 rw-p 00000000 00:00 0                          [anon:mmtk:sidemeta:immix:IX_BLOCK_MARK]
771250800000-7d33d0400000 ---p 00000000 00:00 0                          [anon:mmtk:sidemeta:all:all-quarantined]
7d33d0400000-7d33d0800000 rw-p 00000000 00:00 0                          [anon:mmtk:sidemeta:los:VMLocalLOSMarkNurserySpec]
7d33d0800000-7d35d1400000 ---p 00000000 00:00 0                          [anon:mmtk:sidemeta:all:all-quarantined]
7d35d1400000-7d35d1800000 rw-p 00000000 00:00 0                          [anon:mmtk:sidemeta:immix:VMLocalMarkBitSpec]
7d35d1800000-7f35d0400000 ---p 00000000 00:00 0                          [anon:mmtk:sidemeta:all:all-quarantined]
7f35d04fc000-7f35d04fd000 ---p 00000000 00:00 0 
7f35d04fd000-7f35d05fd000 rw-p 00000000 00:00 0 
7f35d05fd000-7f35d05fe000 ---p 00000000 00:00 0 
7f35d05fe000-7f35d06fe000 rw-p 00000000 00:00 0 
7f35d06fe000-7f35d06ff000 ---p 00000000 00:00 0 
7f35d06ff000-7f35d07ff000 rw-p 00000000 00:00 0 
7f35d07ff000-7f35f0800000 rw-p 00000000 00:00 0 
7f35f0800000-7f35f0a80000 rwxp 00000000 00:00 0 
7f35f0a80000-7f35f7c17000 ---p 00000000 00:00 0 
7f35f7c17000-7f35f7f87000 rwxp 00000000 00:00 0 
7f35f7f87000-7f35f83e8000 ---p 00000000 00:00 0 
7f35f83e8000-7f35f8658000 rwxp 00000000 00:00 0 
7f35f8658000-7f35ff800000 ---p 00000000 00:00 0 
7f35ff800000-7f3607fa0000 r--s 00000000 fc:00 49676291                   /mydata/openjdk-mmtk/build/b0test/images/jdk/lib/modules
7f3608000000-7f3608790000 rw-p 00000000 00:00 0 
7f3608790000-7f360c000000 ---p 00000000 00:00 0 
7f360c01c000-7f360c021000 r--p 00000000 fc:00 49676385                   /mydata/openjdk-mmtk/build/b0test/images/jdk/lib/libjsvml.so
7f360c021000-7f360c062000 r-xp 00005000 fc:00 49676385                   /mydata/openjdk-mmtk/build/b0test/images/jdk/lib/libjsvml.so
7f360c062000-7f360c0eb000 r--p 00046000 fc:00 49676385                   /mydata/openjdk-mmtk/build/b0test/images/jdk/lib/libjsvml.so
7f360c0eb000-7f360c0ec000 r--p 000ce000 fc:00 49676385                   /mydata/openjdk-mmtk/build/b0test/images/jdk/lib/libjsvml.so
7f360c0ec000-7f360c0ed000 rw-p 000cf000 fc:00 49676385                   /mydata/openjdk-mmtk/build/b0test/images/jdk/lib/libjsvml.so
7f360c0ed000-7f360c0ee000 ---p 00000000 00:00 0 
7f360c0ee000-7f360c1ee000 rw-p 00000000 00:00 0 
7f360c1ee000-7f360c1ef000 ---p 00000000 00:00 0 
7f360c1ef000-7f360c2ef000 rw-p 00000000 00:00 0 
7f360c2ef000-7f360c2f0000 ---p 00000000 00:00 0 
7f360c2f0000-7f360c3f0000 rw-p 00000000 00:00 0 
7f360c3f0000-7f360c3f1000 ---p 00000000 00:00 0 
7f360c3f1000-7f360c4f1000 rw-p 00000000 00:00 0 
7f360c4f1000-7f360c4f2000 ---p 00000000 00:00 0 
7f360c4f2000-7f360c5f2000 rw-p 00000000 00:00 0 
7f360c5f2000-7f360c5f3000 ---p 00000000 00:00 0 
7f360c5f3000-7f360c6f3000 rw-p 00000000 00:00 0 
7f360c6f3000-7f360c6f4000 ---p 00000000 00:00 0 
7f360c6f4000-7f360c7f4000 rw-p 00000000 00:00 0 
7f360c7f4000-7f360c7f5000 ---p 00000000 00:00 0 
7f360c7f5000-7f360c8f5000 rw-p 00000000 00:00 0 
7f360c8f5000-7f360c8f6000 ---p 00000000 00:00 0 
7f360c8f6000-7f360c9f6000 rw-p 00000000 00:00 0 
7f360c9f6000-7f360c9f7000 ---p 00000000 00:00 0 
7f360c9f7000-7f360caf7000 rw-p 00000000 00:00 0 
7f360caf7000-7f360caf8000 ---p 00000000 00:00 0 
7f360caf8000-7f360cbf8000 rw-p 00000000 00:00 0 
7f360cbf8000-7f360cbf9000 ---p 00000000 00:00 0 
7f360cbf9000-7f360ccf9000 rw-p 00000000 00:00 0 
7f360ccf9000-7f360ccfa000 ---p 00000000 00:00 0 
7f360ccfa000-7f360cdfa000 rw-p 00000000 00:00 0 
7f360cdfa000-7f360cdfb000 ---p 00000000 00:00 0 
7f360cdfb000-7f360cefb000 rw-p 00000000 00:00 0 
7f360cefb000-7f360cefc000 ---p 00000000 00:00 0 
7f360cefc000-7f360cffc000 rw-p 00000000 00:00 0 
7f360cffc000-7f360cffd000 ---p 00000000 00:00 0 
7f360cffd000-7f360d0fd000 rw-p 00000000 00:00 0 
7f360d0fd000-7f360d0fe000 ---p 00000000 00:00 0 
7f360d0fe000-7f360d1fe000 rw-p 00000000 00:00 0 
7f360d1fe000-7f360d1ff000 ---p 00000000 00:00 0 
7f360d1ff000-7f360d2ff000 rw-p 00000000 00:00 0 
7f360d2ff000-7f360d300000 ---p 00000000 00:00 0 
7f360d300000-7f360d400000 rw-p 00000000 00:00 0 
7f360d400000-7f360d404000 ---p 00000000 00:00 0 
7f360d404000-7f360d500000 rw-p 00000000 00:00 0 
7f360d500000-7f360d504000 ---p 00000000 00:00 0 
7f360d504000-7f360d600000 rw-p 00000000 00:00 0 
7f360d600000-7f360d8eb000 r--p 00000000 08:03 1410552                    /usr/lib/locale/locale-archive
7f360d942000-7f360d946000 ---p 00000000 00:00 0 
7f360d946000-7f360da42000 rw-p 00000000 00:00 0 
7f360da42000-7f360da43000 ---p 00000000 00:00 0 
7f360da43000-7f360db43000 rw-p 00000000 00:00 0 
7f360db43000-7f360db44000 ---p 00000000 00:00 0 
7f360db44000-7f360dc44000 rw-p 00000000 00:00 0 
7f360dc44000-7f360dc45000 ---p 00000000 00:00 0 
7f360dc45000-7f360dd45000 rw-p 00000000 00:00 0 
7f360dd45000-7f360e346000 rw-p 00000000 00:00 0 
7f360e346000-7f360e34a000 r--p 00000000 08:03 1410107                    /usr/lib/x86_64-linux-gnu/libzstd.so.1.5.5
7f360e34a000-7f360e3f1000 r-xp 00004000 08:03 1410107                    /usr/lib/x86_64-linux-gnu/libzstd.so.1.5.5
7f360e3f1000-7f360e3fe000 r--p 000ab000 08:03 1410107                    /usr/lib/x86_64-linux-gnu/libzstd.so.1.5.5
7f360e3fe000-7f360e3ff000 r--p 000b7000 08:03 1410107                    /usr/lib/x86_64-linux-gnu/libzstd.so.1.5.5
7f360e3ff000-7f360e400000 rw-p 000b8000 08:03 1410107                    /usr/lib/x86_64-linux-gnu/libzstd.so.1.5.5
7f360e400000-7f360e40c000 r--p 00000000 fc:00 13107225                   /mydata/gc-bpf-fault/shim/libgcbpf.so
7f360e40c000-7f360e46e000 r-xp 0000c000 fc:00 13107225                   /mydata/gc-bpf-fault/shim/libgcbpf.so
7f360e46e000-7f360e61b000 r--p 0006e000 fc:00 13107225                   /mydata/gc-bpf-fault/shim/libgcbpf.so
7f360e61b000-7f360e61d000 r--p 0021b000 fc:00 13107225                   /mydata/gc-bpf-fault/shim/libgcbpf.so
7f360e61d000-7f360e61e000 rw-p 0021d000 fc:00 13107225                   /mydata/gc-bpf-fault/shim/libgcbpf.so
7f360e61e000-7f360e61f000 rw-p 00000000 00:00 0 
7f360e62e000-7f360e633000 rw-p 00000000 00:00 0 
7f360e633000-7f360e717000 ---p 00000000 00:00 0 
7f360e717000-7f360e71c000 rw-p 00000000 00:00 0 
7f360e71c000-7f360e800000 ---p 00000000 00:00 0 
7f360e800000-7f360e945000 r--p 00000000 fc:00 49676344                   /mydata/openjdk-mmtk/build/b0test/images/jdk/lib/server/libmmtk_openjdk.so
7f360e945000-7f360ebbe000 r-xp 00144000 fc:00 49676344                   /mydata/openjdk-mmtk/build/b0test/images/jdk/lib/server/libmmtk_openjdk.so
7f360ebbe000-7f360ebfe000 r--p 003bc000 fc:00 49676344                   /mydata/openjdk-mmtk/build/b0test/images/jdk/lib/server/libmmtk_openjdk.so
7f360ebfe000-7f360ec00000 rw-p 003fb000 fc:00 49676344                   /mydata/openjdk-mmtk/build/b0test/images/jdk/lib/server/libmmtk_openjdk.so
7f360ec00000-7f360ec02000 rw-p 00000000 00:00 0 
7f360ec17000-7f360ec1b000 ---p 00000000 00:00 0 
7f360ec1b000-7f360ed17000 rw-p 00000000 00:00 0 
7f360ed17000-7f360ed27000 r--p 00000000 08:03 1411099                    /usr/lib/x86_64-linux-gnu/libm.so.6
7f360ed27000-7f360eda6000 r-xp 00010000 08:03 1411099                    /usr/lib/x86_64-linux-gnu/libm.so.6
7f360eda6000-7f360edfe000 r--p 0008f000 08:03 1411099                    /usr/lib/x86_64-linux-gnu/libm.so.6
7f360edfe000-7f360edff000 r--p 000e7000 08:03 1411099                    /usr/lib/x86_64-linux-gnu/libm.so.6
7f360edff000-7f360ee00000 rw-p 000e8000 08:03 1411099                    /usr/lib/x86_64-linux-gnu/libm.so.6
7f360ee00000-7f360f0a9000 r--p 00000000 fc:00 49676343                   /mydata/openjdk-mmtk/build/b0test/images/jdk/lib/server/libjvm.so
7f360f0a9000-7f360ff3c000 r-xp 002a9000 fc:00 49676343                   /mydata/openjdk-mmtk/build/b0test/images/jdk/lib/server/libjvm.so
7f360ff3c000-7f3610220000 r--p 0113c000 fc:00 49676343                   /mydata/openjdk-mmtk/build/b0test/images/jdk/lib/server/libjvm.so
7f3610220000-7f36102f6000 r--p 0141f000 fc:00 49676343                   /mydata/openjdk-mmtk/build/b0test/images/jdk/lib/server/libjvm.so
7f36102f6000-7f3610326000 rw-p 014f5000 fc:00 49676343                   /mydata/openjdk-mmtk/build/b0test/images/jdk/lib/server/libjvm.so
7f3610326000-7f361038c000 rw-p 00000000 00:00 0 
7f36103bb000-7f36103c2000 r--s 00000000 08:03 1436340                    /usr/lib/x86_64-linux-gnu/gconv/gconv-modules.cache
7f36103c2000-7f36103c6000 r--p 00000000 fc:00 49676334                   /mydata/openjdk-mmtk/build/b0test/images/jdk/lib/libverify.so
7f36103c6000-7f36103cd000 r-xp 00004000 fc:00 49676334                   /mydata/openjdk-mmtk/build/b0test/images/jdk/lib/libverify.so
7f36103cd000-7f36103cf000 r--p 0000b000 fc:00 49676334                   /mydata/openjdk-mmtk/build/b0test/images/jdk/lib/libverify.so
7f36103cf000-7f36103d1000 r--p 0000c000 fc:00 49676334                   /mydata/openjdk-mmtk/build/b0test/images/jdk/lib/libverify.so
7f36103d1000-7f36103d2000 rw-p 0000e000 fc:00 49676334                   /mydata/openjdk-mmtk/build/b0test/images/jdk/lib/libverify.so
7f36103d2000-7f36103d5000 r--p 00000000 fc:00 49676331                   /mydata/openjdk-mmtk/build/b0test/images/jdk/lib/libnet.so
7f36103d5000-7f36103dd000 r-xp 00003000 fc:00 49676331                   /mydata/openjdk-mmtk/build/b0test/images/jdk/lib/libnet.so
7f36103dd000-7f36103df000 r--p 0000b000 fc:00 49676331                   /mydata/openjdk-mmtk/build/b0test/images/jdk/lib/libnet.so
7f36103df000-7f36103e0000 r--p 0000c000 fc:00 49676331                   /mydata/openjdk-mmtk/build/b0test/images/jdk/lib/libnet.so
7f36103e0000-7f36103e1000 rw-p 0000d000 fc:00 49676331                   /mydata/openjdk-mmtk/build/b0test/images/jdk/lib/libnet.so
7f36103e1000-7f36103e4000 r--p 00000000 08:03 1410420                    /usr/lib/x86_64-linux-gnu/libelf-0.190.so
7f36103e4000-7f36103fa000 r-xp 00003000 08:03 1410420                    /usr/lib/x86_64-linux-gnu/libelf-0.190.so
7f36103fa000-7f36103fe000 r--p 00019000 08:03 1410420                    /usr/lib/x86_64-linux-gnu/libelf-0.190.so
7f36103fe000-7f36103ff000 r--p 0001c000 08:03 1410420                    /usr/lib/x86_64-linux-gnu/libelf-0.190.so
7f36103ff000-7f3610400000 rw-p 0001d000 08:03 1410420                    /usr/lib/x86_64-linux-gnu/libelf-0.190.so
7f3610400000-7f3610428000 r--p 00000000 08:03 1410238                    /usr/lib/x86_64-linux-gnu/libc.so.6
7f3610428000-7f36105b0000 r-xp 00028000 08:03 1410238                    /usr/lib/x86_64-linux-gnu/libc.so.6
7f36105b0000-7f36105ff000 r--p 001b0000 08:03 1410238                    /usr/lib/x86_64-linux-gnu/libc.so.6
7f36105ff000-7f3610603000 r--p 001fe000 08:03 1410238                    /usr/lib/x86_64-linux-gnu/libc.so.6
7f3610603000-7f3610605000 rw-p 00202000 08:03 1410238                    /usr/lib/x86_64-linux-gnu/libc.so.6
7f3610605000-7f3610612000 rw-p 00000000 00:00 0 
7f3610612000-7f3610614000 r--p 00000000 fc:00 49676335                   /mydata/openjdk-mmtk/build/b0test/images/jdk/lib/libzip.so
7f3610614000-7f3610619000 r-xp 00002000 fc:00 49676335                   /mydata/openjdk-mmtk/build/b0test/images/jdk/lib/libzip.so
7f3610619000-7f361061b000 r--p 00007000 fc:00 49676335                   /mydata/openjdk-mmtk/build/b0test/images/jdk/lib/libzip.so
7f361061b000-7f361061c000 r--p 00008000 fc:00 49676335                   /mydata/openjdk-mmtk/build/b0test/images/jdk/lib/libzip.so
7f361061c000-7f361061d000 rw-p 00009000 fc:00 49676335                   /mydata/openjdk-mmtk/build/b0test/images/jdk/lib/libzip.so
7f361061d000-7f3610624000 r--p 00000000 fc:00 49676332                   /mydata/openjdk-mmtk/build/b0test/images/jdk/lib/libnio.so
7f3610624000-7f361062d000 r-xp 00007000 fc:00 49676332                   /mydata/openjdk-mmtk/build/b0test/images/jdk/lib/libnio.so
7f361062d000-7f3610631000 r--p 00010000 fc:00 49676332                   /mydata/openjdk-mmtk/build/b0test/images/jdk/lib/libnio.so
7f3610631000-7f3610632000 r--p 00014000 fc:00 49676332                   /mydata/openjdk-mmtk/build/b0test/images/jdk/lib/libnio.so
7f3610632000-7f3610633000 rw-p 00015000 fc:00 49676332                   /mydata/openjdk-mmtk/build/b0test/images/jdk/lib/libnio.so
7f3610633000-7f361063a000 rw-p 00000000 00:00 0 
7f361063a000-7f3610643000 ---p 00000000 00:00 0 
7f3610643000-7f3610650000 r--p 00000000 fc:00 49676327                   /mydata/openjdk-mmtk/build/b0test/images/jdk/lib/libjava.so
7f3610650000-7f361065f000 r-xp 0000d000 fc:00 49676327                   /mydata/openjdk-mmtk/build/b0test/images/jdk/lib/libjava.so
7f361065f000-7f3610664000 r--p 0001c000 fc:00 49676327                   /mydata/openjdk-mmtk/build/b0test/images/jdk/lib/libjava.so
7f3610664000-7f3610665000 r--p 00021000 fc:00 49676327                   /mydata/openjdk-mmtk/build/b0test/images/jdk/lib/libjava.so
7f3610665000-7f3610666000 rw-p 00022000 fc:00 49676327                   /mydata/openjdk-mmtk/build/b0test/images/jdk/lib/libjava.so
7f3610666000-7f3610667000 rw-p 00000000 00:00 0 
7f3610667000-7f361066f000 rw-s 00000000 08:03 237590                     /tmp/hsperfdata_root/289629
7f361066f000-7f3610673000 r--p 00000000 fc:00 49676328                   /mydata/openjdk-mmtk/build/b0test/images/jdk/lib/libjimage.so
7f3610673000-7f361068a000 r-xp 00004000 fc:00 49676328                   /mydata/openjdk-mmtk/build/b0test/images/jdk/lib/libjimage.so
7f361068a000-7f361068f000 r--p 0001b000 fc:00 49676328                   /mydata/openjdk-mmtk/build/b0test/images/jdk/lib/libjimage.so
7f361068f000-7f3610691000 r--p 00020000 fc:00 49676328                   /mydata/openjdk-mmtk/build/b0test/images/jdk/lib/libjimage.so
7f3610691000-7f3610692000 rw-p 00022000 fc:00 49676328                   /mydata/openjdk-mmtk/build/b0test/images/jdk/lib/libjimage.so
7f3610692000-7f3610696000 r--p 00000000 08:03 1410148                    /usr/lib/x86_64-linux-gnu/libgcc_s.so.1
7f3610696000-7f36106ba000 r-xp 00004000 08:03 1410148                    /usr/lib/x86_64-linux-gnu/libgcc_s.so.1
7f36106ba000-7f36106be000 r--p 00028000 08:03 1410148                    /usr/lib/x86_64-linux-gnu/libgcc_s.so.1
7f36106be000-7f36106bf000 r--p 0002b000 08:03 1410148                    /usr/lib/x86_64-linux-gnu/libgcc_s.so.1
7f36106bf000-7f36106c0000 rw-p 0002c000 08:03 1410148                    /usr/lib/x86_64-linux-gnu/libgcc_s.so.1
7f36106c0000-7f36106c2000 rw-p 00000000 00:00 0 
7f36106c2000-7f36106c4000 r--p 00000000 08:03 1409104                    /usr/lib/x86_64-linux-gnu/libz.so.1.3
7f36106c4000-7f36106d6000 r-xp 00002000 08:03 1409104                    /usr/lib/x86_64-linux-gnu/libz.so.1.3
7f36106d6000-7f36106dc000 r--p 00014000 08:03 1409104                    /usr/lib/x86_64-linux-gnu/libz.so.1.3
7f36106dc000-7f36106dd000 r--p 0001a000 08:03 1409104                    /usr/lib/x86_64-linux-gnu/libz.so.1.3
7f36106dd000-7f36106de000 rw-p 0001b000 08:03 1409104                    /usr/lib/x86_64-linux-gnu/libz.so.1.3
7f36106e3000-7f36106e4000 rw-s 00000000 00:10 68                         anon_inode:bpf-map
7f36106e4000-7f36106e5000 r--s 00000000 00:10 68                         anon_inode:bpf-map
7f36106e5000-7f36106e6000 ---p 00000000 00:00 0 
7f36106e6000-7f36106e7000 r--p 00000000 00:00 0 
7f36106e7000-7f36106e8000 ---p 00000000 00:00 0 
7f36106e8000-7f36106ea000 r--p 00000000 fc:00 49676329                   /mydata/openjdk-mmtk/build/b0test/images/jdk/lib/libjli.so
7f36106ea000-7f36106f4000 r-xp 00002000 fc:00 49676329                   /mydata/openjdk-mmtk/build/b0test/images/jdk/lib/libjli.so
7f36106f4000-7f36106f7000 r--p 0000c000 fc:00 49676329                   /mydata/openjdk-mmtk/build/b0test/images/jdk/lib/libjli.so
7f36106f7000-7f36106f8000 r--p 0000f000 fc:00 49676329                   /mydata/openjdk-mmtk/build/b0test/images/jdk/lib/libjli.so
7f36106f8000-7f36106f9000 rw-p 00010000 fc:00 49676329                   /mydata/openjdk-mmtk/build/b0test/images/jdk/lib/libjli.so
7f36106f9000-7f36106fb000 rw-p 00000000 00:00 0 
7f36106fb000-7f36106ff000 r--p 00000000 00:00 0                          [vvar]
7f36106ff000-7f3610701000 r--p 00000000 00:00 0                          [vvar_vclock]
7f3610701000-7f3610703000 r-xp 00000000 00:00 0                          [vdso]
7f3610703000-7f3610704000 r--p 00000000 08:03 1409763                    /usr/lib/x86_64-linux-gnu/ld-linux-x86-64.so.2
7f3610704000-7f361072f000 r-xp 00001000 08:03 1409763                    /usr/lib/x86_64-linux-gnu/ld-linux-x86-64.so.2
7f361072f000-7f3610739000 r--p 0002c000 08:03 1409763                    /usr/lib/x86_64-linux-gnu/ld-linux-x86-64.so.2
7f3610739000-7f361073b000 r--p 00036000 08:03 1409763                    /usr/lib/x86_64-linux-gnu/ld-linux-x86-64.so.2
7f361073b000-7f361073d000 rw-p 00038000 08:03 1409763                    /usr/lib/x86_64-linux-gnu/ld-linux-x86-64.so.2
7ffdee085000-7ffdee0a6000 rw-p 00000000 00:00 0                          [stack]
ffffffffff600000-ffffffffff601000 --xp 00000000 00:00 0                  [vsyscall]
Total number of mappings: 337

JVMTI agents: none


VM Arguments:
jvm_args: -XX:+UseThirdPartyHeap -Xms512m -Xmx512m 
java_command: /mydata/dacapo/dacapo-23.11/dacapo-23.11-MR2-chopin.jar pmd -n 3
java_class_path (initial): /mydata/dacapo/dacapo-23.11/dacapo-23.11-MR2-chopin.jar
Launcher Type: SUN_STANDARD

[Global flags]
     intx CICompilerCount                          = 15                                        {product} {ergonomic}
   size_t InitialHeapSize                          = 536870912                                 {product} {command line}
   size_t MaxHeapSize                              = 536870912                                 {product} {command line}
   size_t MinHeapDeltaBytes                        = 524288                                    {product} {ergonomic}
   size_t MinHeapSize                              = 536870912                                 {product} {command line}
    uintx NonNMethodCodeHeapSize                   = 8192380                                {pd product} {ergonomic}
    uintx NonProfiledCodeHeapSize                  = 121732930                              {pd product} {ergonomic}
    uintx ProfiledCodeHeapSize                     = 121732930                              {pd product} {ergonomic}
    uintx ReservedCodeCacheSize                    = 251658240                              {pd product} {ergonomic}
     bool SegmentedCodeCache                       = true                                      {product} {ergonomic}
   size_t SoftMaxHeapSize                          = 536870912                              {manageable} {ergonomic}
     bool UseCompressedOops                        = true                           {product lp64_product} {ergonomic}

Logging:
Log output configuration:
 #0: stdout all=warning uptime,level,tags foldmultilines=false
 #1: stderr all=off uptime,level,tags foldmultilines=false

Release file:
IMPLEMENTOR="N/A"
JAVA_RUNTIME_VERSION="21.0.9-internal-adhoc.talzuss.openjdk-mmtk"
JAVA_VERSION="21.0.9"
JAVA_VERSION_DATE="2025-10-21"
LIBC="gnu"
MODULES="java.base java.compiler java.datatransfer java.xml java.prefs java.desktop java.instrument java.logging java.management java.security.sasl java.naming java.rmi java.management.rmi java.net.http java.scripting java.security.jgss java.transaction.xa java.sql java.sql.rowset java.xml.crypto java.se java.smartcardio jdk.accessibility jdk.internal.jvmstat jdk.attach jdk.charsets jdk.internal.opt jdk.zipfs jdk.compiler jdk.crypto.ec jdk.crypto.cryptoki jdk.dynalink jdk.internal.ed jdk.editpad jdk.hotspot.agent jdk.httpserver jdk.incubator.vector jdk.internal.le jdk.internal.vm.ci jdk.internal.vm.compiler jdk.internal.vm.compiler.management jdk.jartool jdk.javadoc jdk.jcmd jdk.management jdk.management.agent jdk.jconsole jdk.jdeps jdk.jdwp.agent jdk.jdi jdk.jfr jdk.jlink jdk.jpackage jdk.jshell jdk.jsobject jdk.jstatd jdk.localedata jdk.management.jfr jdk.naming.dns jdk.naming.rmi jdk.net jdk.nio.mapmode jdk.random jdk.sctp jdk.security.auth jdk.security.jgss jdk.unsupported jdk.unsupported.desktop jdk.xml.dom"
OS_ARCH="x86_64"
OS_NAME="Linux"
SOURCE=".:git:b557520f04b3+"

Environment Variables:
PATH=/usr/local/sbin:/usr/local/bin:/usr/sbin:/usr/bin:/sbin:/bin:/snap/bin
SHELL=/bin/bash
LANG=en_US.UTF-8
TERM=tmux-256color

Active Locale:
LC_ALL=en_US.UTF-8
LC_COLLATE=en_US.UTF-8
LC_CTYPE=en_US.UTF-8
LC_MESSAGES=en_US.UTF-8
LC_MONETARY=en_US.UTF-8
LC_NUMERIC=en_US.UTF-8
LC_TIME=en_US.UTF-8

Signal Handlers:
   SIGSEGV: crash_handler in libjvm.so, mask=11100100010111111101111111111110, flags=SA_RESTART|SA_SIGINFO, unblocked
    SIGBUS: crash_handler in libjvm.so, mask=11100100010111111101111111111110, flags=SA_RESTART|SA_SIGINFO, unblocked
    SIGFPE: crash_handler in libjvm.so, mask=11100100010111111101111111111110, flags=SA_RESTART|SA_SIGINFO, unblocked
   SIGPIPE: javaSignalHandler in libjvm.so, mask=11100100010111111101111111111110, flags=SA_RESTART|SA_SIGINFO, blocked
   SIGXFSZ: javaSignalHandler in libjvm.so, mask=11100100010111111101111111111110, flags=SA_RESTART|SA_SIGINFO, blocked
    SIGILL: crash_handler in libjvm.so, mask=11100100010111111101111111111110, flags=SA_RESTART|SA_SIGINFO, unblocked
   SIGUSR2: SR_handler in libjvm.so, mask=00000000000000000000000000000000, flags=SA_RESTART|SA_SIGINFO, blocked
    SIGHUP: UserHandler in libjvm.so, mask=11100100010111111101111111111110, flags=SA_RESTART|SA_SIGINFO, blocked
    SIGINT: UserHandler in libjvm.so, mask=11100100010111111101111111111110, flags=SA_RESTART|SA_SIGINFO, blocked
   SIGTERM: UserHandler in libjvm.so, mask=11100100010111111101111111111110, flags=SA_RESTART|SA_SIGINFO, blocked
   SIGQUIT: UserHandler in libjvm.so, mask=11100100010111111101111111111110, flags=SA_RESTART|SA_SIGINFO, blocked
   SIGTRAP: crash_handler in libjvm.so, mask=11100100010111111101111111111110, flags=SA_RESTART|SA_SIGINFO, unblocked


Periodic native trim disabled

---------------  S Y S T E M  ---------------

OS:
DISTRIB_ID=Ubuntu
DISTRIB_RELEASE=24.04
DISTRIB_CODENAME=noble
DISTRIB_DESCRIPTION="Ubuntu 24.04.4 LTS"
uname: Linux 6.17.0-bpf-fault+ #1 SMP PREEMPT_DYNAMIC Mon Jul  6 16:43:12 MDT 2026 x86_64
OS uptime: 0 days 19:23 hours
libc: glibc 2.39 NPTL 2.39 
rlimit (soft/hard): STACK 8192k/infinity , CORE 0k/0k , NPROC 513205/513205 , NOFILE 1048576/1048576 , AS infinity/infinity , CPU infinity/infinity , DATA infinity/infinity , FSIZE infinity/infinity , MEMLOCK 16436528k/16436528k
load average: 1.33 0.92 0.89

/proc/meminfo:
MemTotal:       131492232 kB
MemFree:        82381336 kB
MemAvailable:   124174224 kB
Buffers:          509700 kB
Cached:         40690000 kB
SwapCached:            0 kB
Active:          1958948 kB
Inactive:       40390312 kB
Active(anon):    1166004 kB
Inactive(anon):        0 kB
Active(file):     792944 kB
Inactive(file): 40390312 kB
Unevictable:       41912 kB
Mlocked:           38840 kB
SwapTotal:       8388604 kB
SwapFree:        8388604 kB
Zswap:                 0 kB
Zswapped:              0 kB
Dirty:            548960 kB
Writeback:         13604 kB
AnonPages:       1192460 kB
Mapped:          3391180 kB
Shmem:              5316 kB
KReclaimable:    1860868 kB
Slab:            2378776 kB
SReclaimable:    1860868 kB
SUnreclaim:       517908 kB
KernelStack:        9968 kB
PageTables:        27224 kB
SecPageTables:      8684 kB
NFS_Unstable:          0 kB
Bounce:                0 kB
WritebackTmp:          0 kB
CommitLimit:    74134720 kB
Committed_AS:   159654328 kB
VmallocTotal:   34359738367 kB
VmallocUsed:       35988 kB
VmallocChunk:          0 kB
Percpu:            48896 kB
HardwareCorrupted:     0 kB
AnonHugePages:         0 kB
ShmemHugePages:        0 kB
ShmemPmdMapped:        0 kB
FileHugePages:   2152448 kB
FilePmdMapped:         0 kB
Unaccepted:            0 kB
Balloon:               0 kB
HugePages_Total:       0
HugePages_Free:        0
HugePages_Rsvd:        0
HugePages_Surp:        0
Hugepagesize:       2048 kB
Hugetlb:               0 kB
DirectMap4k:      643904 kB
DirectMap2M:    18866176 kB
DirectMap1G:    114294784 kB

/sys/kernel/mm/transparent_hugepage/enabled: always [madvise] never
/sys/kernel/mm/transparent_hugepage/hpage_pmd_size: 2097152
/sys/kernel/mm/transparent_hugepage/defrag (defrag/compaction efforts parameter): always defer defer+madvise [madvise] never

Process Memory:
Virtual Size: 13617480948K (peak: 13617480988K)
Resident Set Size: 3806372K (peak: 3806372K) (anon: 632996K, file: 3173376K, shmem: 0K)
Swapped out: 0K
C-Heap outstanding allocations: 1342052K, retained: 7259K
glibc malloc tunables: (default)

/proc/sys/kernel/threads-max (system-wide limit on the number of threads): 1026411
/proc/sys/vm/max_map_count (maximum number of memory map areas a process may have): 1048576
/proc/sys/vm/swappiness (control to define how aggressively the kernel swaps out anonymous memory): 60
/proc/sys/kernel/pid_max (system-wide limit on number of process identifiers): 4194304

container information not found.
Steal ticks since vm start: 0
Steal ticks percentage since vm start:  0.000

CPU: total 32 (initial active 32) (32 cores per cpu, 2 threads per core) family 23 model 49 stepping 0 microcode 0x830107c, cx8, cmov, fxsr, ht, mmx, 3dnowpref, sse, sse2, sse3, ssse3, sse4a, sse4.1, sse4.2, popcnt, lzcnt, tsc, tscinvbit, avx, avx2, aes, clmul, bmi1, bmi2, adx, sha, fma, vzeroupper, clflush, clflushopt, rdtscp, rdpid, f16c
CPU Model and flags from /proc/cpuinfo:
model name	: AMD EPYC 7302P 16-Core Processor
flags		: fpu vme de pse tsc msr pae mce cx8 apic sep mtrr pge mca cmov pat pse36 clflush mmx fxsr sse sse2 ht syscall nx mmxext fxsr_opt pdpe1gb rdtscp lm constant_tsc rep_good nopl xtopology nonstop_tsc cpuid extd_apicid aperfmperf rapl pni pclmulqdq monitor ssse3 fma cx16 sse4_1 sse4_2 movbe popcnt aes xsave avx f16c rdrand lahf_lm cmp_legacy svm extapic cr8_legacy abm sse4a misalignsse 3dnowprefetch osvw ibs skinit wdt tce topoext perfctr_core perfctr_nb bpext perfctr_llc mwaitx cpb cat_l3 cdp_l3 hw_pstate ssbd mba ibrs ibpb stibp vmmcall fsgsbase bmi1 avx2 smep bmi2 cqm rdt_a rdseed adx smap clflushopt clwb sha_ni xsaveopt xsavec xgetbv1 xsaves cqm_llc cqm_occup_llc cqm_mbm_total cqm_mbm_local clzero irperf xsaveerptr rdpru wbnoinvd amd_ppin arat npt lbrv svm_lock nrip_save tsc_scale vmcb_clean flushbyasid decodeassists pausefilter pfthreshold avic v_vmsave_vmload vgif v_spec_ctrl umip rdpid overflow_recov succor smca sev sev_es

Online cpus: 0-31
Offline cpus: 
BIOS frequency limitation: <Not Available>
Frequency switch latency (ns): <Not Available>
Available cpu frequencies: <Not Available>
Current governor: <Not Available>
Core performance/turbo boost: <Not Available>

Memory: 4k page, physical 131492232k(124174224k free), swap 8388604k(8388604k free)
Page Sizes: 4k

vm_info: OpenJDK 64-Bit Server VM (21.0.9-internal-adhoc.talzuss.openjdk-mmtk) for linux-amd64 JRE (21.0.9-internal-adhoc.talzuss.openjdk-mmtk), built on 2026-07-06T23:13:08Z by "talzuss" with gcc 13.3.0
heap_info: MMTk OpenJDK 0.32.0 (15c0350-dirty), using MMTk 0.32.0 (06c0b68-dirty, BUILTIN_ENV_LOGGER, DEFAULT, EAGER_SWEEPING, VO_BIT)6

END.
