#
# A fatal error has been detected by the Java Runtime Environment:
#
#  SIGSEGV (0xb) at pc=0x00007f0373c32577, pid=391681, tid=391682
#
# JRE version: OpenJDK Runtime Environment (21.0.9) (build 21.0.9-internal-adhoc.talzuss.openjdk-mmtk)
# Java VM: OpenJDK 64-Bit Server VM (21.0.9-internal-adhoc.talzuss.openjdk-mmtk, mixed mode, sharing, tiered, compressed oops, compressed class ptrs, third-party gc, linux-amd64)
# Problematic frame:
# j  java.util.concurrent.ConcurrentHashMap.transfer([Ljava/util/concurrent/ConcurrentHashMap$Node;[Ljava/util/concurrent/ConcurrentHashMap$Node;)V+342 java.base@21.0.9-internal
#
# Core dump will be written. Default location: Core dumps may be processed with "/usr/share/apport/apport -p%p -s%s -c%c -d%d -P%P -u%u -g%g -F%F -- %E" (or dumping to /mydata/mmtk-core/core.391681)
#
# If you would like to submit a bug report, please visit:
#   https://bugreport.java.com/bugreport/crash.jsp
#

---------------  S U M M A R Y ------------

Command Line: -XX:+UseThirdPartyHeap -Xms512m -Xmx512m /mydata/dacapo/dacapo-23.11/dacapo-23.11-MR2-chopin.jar pmd -n 3

Host: AMD EPYC 7302P 16-Core Processor, 32 cores, 125G, Ubuntu 24.04.4 LTS
Time: Tue Jul  7 17:03:40 2026 MDT elapsed time: 2.638633 seconds (0d 0h 0m 2s)

---------------  T H R E A D  ---------------

Current thread (0x00007f038402b240):  JavaThread "main"             [_thread_in_Java, id=391682, stack(0x00007f038b300000,0x00007f038b400000) (1024K)]

Stack: [0x00007f038b300000,0x00007f038b400000],  sp=0x00007f038b3fd5a8,  free space=1013k
Native frames: (J=compiled Java code, j=interpreted, Vv=VM code, C=native code)
j  java.util.concurrent.ConcurrentHashMap.transfer([Ljava/util/concurrent/ConcurrentHashMap$Node;[Ljava/util/concurrent/ConcurrentHashMap$Node;)V+342 java.base@21.0.9-internal
J 51 c1 java.util.concurrent.ConcurrentHashMap.addCount(JI)V java.base@21.0.9-internal (280 bytes) @ 0x00007f036c810c34 [0x00007f036c8105e0+0x0000000000000654]
J 49 c1 java.util.concurrent.ConcurrentHashMap.putVal(Ljava/lang/Object;Ljava/lang/Object;Z)Ljava/lang/Object; java.base@21.0.9-internal (432 bytes) @ 0x00007f036c80f0c4 [0x00007f036c80dce0+0x00000000000013e4]
J 53 c1 java.util.concurrent.ConcurrentHashMap.putIfAbsent(Ljava/lang/Object;Ljava/lang/Object;)Ljava/lang/Object; java.base@21.0.9-internal (8 bytes) @ 0x00007f036c8113c4 [0x00007f036c811340+0x0000000000000084]
j  jdk.internal.loader.BuiltinClassLoader.findMiscResource(Ljava/lang/String;)Ljava/util/List;+113 java.base@21.0.9-internal
j  jdk.internal.loader.BuiltinClassLoader.findResource(Ljava/lang/String;)Ljava/net/URL;+95 java.base@21.0.9-internal
j  jdk.internal.loader.BootLoader.findResource(Ljava/lang/String;)Ljava/net/URL;+4 java.base@21.0.9-internal
j  java.lang.ClassLoader.getResource(Ljava/lang/String;)Ljava/net/URL;+25 java.base@21.0.9-internal
j  java.lang.ClassLoader.getResource(Ljava/lang/String;)Ljava/net/URL;+17 java.base@21.0.9-internal
j  java.lang.ClassLoader.getResource(Ljava/lang/String;)Ljava/net/URL;+17 java.base@21.0.9-internal
j  net.sourceforge.pmd.util.ResourceLoader.loadClassPathResourceAsStream(Ljava/lang/String;)Ljava/io/InputStream;+5
j  net.sourceforge.pmd.util.ResourceLoader.loadClassPathResourceAsStreamOrThrow(Ljava/lang/String;)Ljava/io/InputStream;+4
j  net.sourceforge.pmd.RuleSetReferenceId.checkRulesetExists(Ljava/lang/String;)Z+14
j  net.sourceforge.pmd.RuleSetReferenceId.<init>(Ljava/lang/String;Lnet/sourceforge/pmd/RuleSetReferenceId;Z)V+342
j  net.sourceforge.pmd.RuleSetLoader.loadFromResource(Ljava/lang/String;)Lnet/sourceforge/pmd/RuleSet;+11
j  net.sourceforge.pmd.RuleSetLoader.loadRuleSetsWithoutException(Ljava/util/List;)Ljava/util/List;+49
j  net.sourceforge.pmd.PmdAnalysis.create(Lnet/sourceforge/pmd/PMDConfiguration;)Lnet/sourceforge/pmd/PmdAnalysis;+57
j  net.sourceforge.pmd.PMD.doPMD(Lnet/sourceforge/pmd/PMDConfiguration;)I+30
j  net.sourceforge.pmd.PMD.runPmd(Lnet/sourceforge/pmd/PMDConfiguration;)Lnet/sourceforge/pmd/PMD$StatusCode;+52
j  net.sourceforge.pmd.PMD.runPmd([Ljava/lang/String;)Lnet/sourceforge/pmd/PMD$StatusCode;+206
j  net.sourceforge.pmd.PMD.main([Ljava/lang/String;)V+1
j  java.lang.invoke.LambdaForm$DMH+0x0000725650001800.invokeStatic(Ljava/lang/Object;Ljava/lang/Object;)V+10 java.base@21.0.9-internal
j  java.lang.invoke.LambdaForm$MH+0x0000725650002c00.invoke(Ljava/lang/Object;Ljava/lang/Object;Ljava/lang/Object;)Ljava/lang/Object;+33 java.base@21.0.9-internal
j  java.lang.invoke.Invokers$Holder.invokeExact_MT(Ljava/lang/Object;Ljava/lang/Object;Ljava/lang/Object;Ljava/lang/Object;)Ljava/lang/Object;+20 java.base@21.0.9-internal
j  jdk.internal.reflect.DirectMethodHandleAccessor.invokeImpl(Ljava/lang/Object;[Ljava/lang/Object;)Ljava/lang/Object;+55 java.base@21.0.9-internal
j  jdk.internal.reflect.DirectMethodHandleAccessor.invoke(Ljava/lang/Object;[Ljava/lang/Object;)Ljava/lang/Object;+23 java.base@21.0.9-internal
j  java.lang.reflect.Method.invoke(Ljava/lang/Object;[Ljava/lang/Object;)Ljava/lang/Object;+102 java.base@21.0.9-internal
j  org.dacapo.harness.Pmd.iterate(Ljava/lang/String;)V+16
j  org.dacapo.harness.Benchmark.run(Lorg/dacapo/harness/Callback;Ljava/lang/String;)Z+82
j  org.dacapo.harness.TestHarness.runBenchmark(Ljava/io/File;Ljava/io/File;Ljava/lang/String;Lorg/dacapo/harness/TestHarness;)V+109
j  org.dacapo.harness.TestHarness.main([Ljava/lang/String;)V+720
j  java.lang.invoke.LambdaForm$DMH+0x0000725650001800.invokeStatic(Ljava/lang/Object;Ljava/lang/Object;)V+10 java.base@21.0.9-internal
j  java.lang.invoke.LambdaForm$MH+0x0000725650002c00.invoke(Ljava/lang/Object;Ljava/lang/Object;Ljava/lang/Object;)Ljava/lang/Object;+33 java.base@21.0.9-internal
j  java.lang.invoke.Invokers$Holder.invokeExact_MT(Ljava/lang/Object;Ljava/lang/Object;Ljava/lang/Object;Ljava/lang/Object;)Ljava/lang/Object;+20 java.base@21.0.9-internal
j  jdk.internal.reflect.DirectMethodHandleAccessor.invokeImpl(Ljava/lang/Object;[Ljava/lang/Object;)Ljava/lang/Object;+55 java.base@21.0.9-internal
j  jdk.internal.reflect.DirectMethodHandleAccessor.invoke(Ljava/lang/Object;[Ljava/lang/Object;)Ljava/lang/Object;+23 java.base@21.0.9-internal
j  java.lang.reflect.Method.invoke(Ljava/lang/Object;[Ljava/lang/Object;)Ljava/lang/Object;+102 java.base@21.0.9-internal
j  Harness.main([Ljava/lang/String;)V+44
v  ~StubRoutines::call_stub 0x00007f0373c17cc6
V  [libjvm.so+0x92b2fa]  JavaCalls::call_helper(JavaValue*, methodHandle const&, JavaCallArguments*, JavaThread*)+0x2da  (javaCalls.cpp:415)
V  [libjvm.so+0x9d1a3d]  jni_invoke_static(JNIEnv_*, JavaValue*, _jobject*, JNICallType, _jmethodID*, JNI_ArgumentPusher*, JavaThread*) [clone .constprop.1]+0x36d  (jni.cpp:888)
V  [libjvm.so+0x9d3faf]  jni_CallStaticVoidMethod+0x12f  (jni.cpp:1717)
C  [libjli.so+0x574e]  JavaMain+0xfde  (java.c:560)
C  [libjli.so+0x85ad]  ThreadJavaMain+0xd  (java_md.c:642)
C  [libc.so.6+0x9caa4]

siginfo: si_signo: 11 (SIGSEGV), si_code: 1 (SEGV_MAPERR), si_addr: 0x000000000000ea08

Registers:
RAX=0x0000000044400000, RBX=0x000000000000000c, RCX=0x000000000000ea08, RDX=0x000000000000005c
RSP=0x00007f038b3fd5a8, RBP=0x00007f038b3fd600, RSI=0x000000004030b678, RDI=0x00007f038402b8f8
R8 =0x000000004000e890, R9 =0x0000000000000000, R10=0x00007f038c978e60, R11=0x00007f03743fe200
R12=0x0000000000000000, R13=0x000072564fb91f93, R14=0x00007f038b3fd6e0, R15=0x00007f038402b240
RIP=0x00007f0373c32577, EFLAGS=0x0000000000010246, CSGSFS=0x002b000000000033, ERR=0x0000000000000004
  TRAPNO=0x000000000000000e

XMM[0]=0x0000000000000000 0x0000000000000000
XMM[1]=0x0000000000000000 0x00007f038b3fd908
XMM[2]=0x00007f0373c1eff2 0x00007f038b3fd8f0
XMM[3]=0x0000000000000000 0x00007f0373c1e790
XMM[4]=0x00007f038b3fd958 0x00007f0000000000
XMM[5]=0x0000000000000000 0x00007f0000000000
XMM[6]=0x0000000000000000 0x00007f038b3fd890
XMM[7]=0x0000000000000000 0x00007f0373c1eff2
XMM[8]=0x03da6d46c5f2280c 0xded560a5ae018c4d
XMM[9]=0x19d36ba319d36ba3 0x19d36ba31259f7d6
XMM[10]=0x0000000000000000 0x00000000f8868c33
XMM[11]=0x56d11c6156d11c61 0x56d11c61692b1437
XMM[12]=0x0000000000000000 0x000000001259f7d6
XMM[13]=0x0000000000000000 0xf29e52a2b90150b5
XMM[14]=0x0000000000000000 0x00000000c662fe13
XMM[15]=0x0000000000000000 0x0000000000000000
  MXCSR=0x00001fa2


Register to memory mapping:

RAX=
[error occurred during error reporting (printing register info), id 0xe0000000, Internal Error (/mydata/mmtk-openjdk/openjdk/share/mmtkHeap.cpp:444)]
RBX=
[error occurred during error reporting (printing register info, attempt 2), id 0xe0000000, Internal Error (/mydata/mmtk-openjdk/openjdk/share/mmtkHeap.cpp:444)]
RCX=
[error occurred during error reporting (printing register info, attempt 3), id 0xe0000000, Internal Error (/mydata/mmtk-openjdk/openjdk/share/mmtkHeap.cpp:444)]
Top of Stack: (sp=0x00007f038b3fd5a8)
0x00007f038b3fd5a8:   0000000000000001 0000000041280f78
0x00007f038b3fd5b8:   00007f038b3fd5a8 000072564fb91f6e
0x00007f038b3fd5c8:   000000000000001c 000072564f40a508
0x00007f038b3fd5d8:   0000725644018748 0000000040006d50
0x00007f038b3fd5e8:   000072564f409950 0000000000000000
0x00007f038b3fd5f8:   00007f038b3fd6f0 00007f038b3fd958
0x00007f038b3fd608:   00007f036c810c34 0000000000000000
0x00007f038b3fd618:   0000000000000000 0000000000000000
0x00007f038b3fd628:   0000000000000000 0000000000000000
0x00007f038b3fd638:   0000000000000000 0000000000000000
0x00007f038b3fd648:   0000000000000000 000000000000ea08
0x00007f038b3fd658:   0000000041280f78 0000000000000000
0x00007f038b3fd668:   0000000000000000 0000000000000000
0x00007f038b3fd678:   0000000041280f78 0000000000000000
0x00007f038b3fd688:   0000000041280f78 0000000000000000
0x00007f038b3fd698:   000000000000000d 0000000000000000
0x00007f038b3fd6a8:   0000000000000000 000000004000e890
0x00007f038b3fd6b8:   0000000000000020 0000000000000010
0x00007f038b3fd6c8:   0000000000000010 000000004000e800
0x00007f038b3fd6d8:   000000004030b678 0000000040308ac0
0x00007f038b3fd6e8:   00007f036c810c34 0000000000000001
0x00007f038b3fd6f8:   000072564f3eaa00 0000000000000000
0x00007f038b3fd708:   00000000403f75f0 000072564f3ea1e8
0x00007f038b3fd718:   0000000000000000 00007f038b3fd738
0x00007f038b3fd728:   00007f038b3fd780 00007f0373c1eff2
0x00007f038b3fd738:   00007f038b3fd738 000072564f8354a6
0x00007f038b3fd748:   0000000000000007 000072564f176368
0x00007f038b3fd758:   0000000000000000 0000000040308b28
0x00007f038b3fd768:   000072564f176288 0000000000000000
0x00007f038b3fd778:   0000000040308ac0 000000000000000c
0x00007f038b3fd788:   000000004030b678 0000000000000000
0x00007f038b3fd798:   0000000000000000 00007f038b3fd958 

Instructions: (pc=0x00007f0373c32577)
0x00007f0373c32477:   00 00 00 00 00 00 00 00 00 48 83 ec 08 c5 fa 11
0x00007f0373c32487:   04 24 eb 1f 48 83 ec 10 c5 fb 11 04 24 eb 14 48
0x00007f0373c32497:   83 ec 10 48 89 04 24 48 c7 44 24 08 00 00 00 00
0x00007f0373c324a7:   eb 01 50 41 0f b7 55 01 48 8b 4d d0 c1 e2 02 8b
0x00007f0373c324b7:   5c d1 38 c1 eb 10 81 e3 ff 00 00 00 81 fb b4 00
0x00007f0373c324c7:   00 00 0f 84 9e 00 00 00 bb b4 00 00 00 e8 05 00
0x00007f0373c324d7:   00 00 e9 83 00 00 00 48 8b f3 48 8d 44 24 08 4c
0x00007f0373c324e7:   89 6d c0 49 8b ff c5 f8 77 49 89 af c8 06 00 00
0x00007f0373c324f7:   49 89 87 b8 06 00 00 40 f6 c4 0f 0f 84 12 00 00
0x00007f0373c32507:   00 48 83 ec 08 e8 4f 0f 0f 18 48 83 c4 08 e9 05
0x00007f0373c32517:   00 00 00 e8 41 0f 0f 18 49 c7 87 b8 06 00 00 00
0x00007f0373c32527:   00 00 00 49 c7 87 c8 06 00 00 00 00 00 00 49 c7
0x00007f0373c32537:   87 c0 06 00 00 00 00 00 00 c5 f8 77 49 83 7f 08
0x00007f0373c32547:   00 0f 84 05 00 00 00 e9 ad 56 fe ff 4c 8b 6d c0
0x00007f0373c32557:   4c 8b 75 c8 4e 8d 74 f5 00 c3 41 0f b7 55 01 48
0x00007f0373c32567:   8b 4d d0 c1 e2 02 48 8b 5c d1 48 8b 44 d1 50 59
0x00007f0373c32577:   48 3b 01 c1 e8 1c 83 e0 0f 0f 85 0a 00 00 00 0f
0x00007f0373c32587:   be 04 19 50 e9 aa 00 00 00 83 f8 01 0f 85 0a 00
0x00007f0373c32597:   00 00 0f b6 04 19 50 e9 97 00 00 00 83 f8 08 0f
0x00007f0373c325a7:   85 09 00 00 00 8b 04 19 50 e9 85 00 00 00 83 f8
0x00007f0373c325b7:   04 0f 85 09 00 00 00 8b 04 19 50 e9 73 00 00 00
0x00007f0373c325c7:   83 f8 02 0f 85 0a 00 00 00 0f b7 04 19 50 e9 60
0x00007f0373c325d7:   00 00 00 83 f8 03 0f 85 0a 00 00 00 0f bf 04 19
0x00007f0373c325e7:   50 e9 4d 00 00 00 83 f8 05 0f 85 1a 00 00 00 48
0x00007f0373c325f7:   8b 04 19 48 83 ec 10 48 89 04 24 48 c7 44 24 08
0x00007f0373c32607:   00 00 00 00 e9 2a 00 00 00 83 f8 06 0f 85 13 00
0x00007f0373c32617:   00 00 c5 fa 10 04 19 48 83 ec 08 c5 fa 11 04 24
0x00007f0373c32627:   e9 0e 00 00 00 c5 fb 10 04 19 48 83 ec 10 c5 fb
0x00007f0373c32637:   11 04 24 41 0f b6 5d 03 49 83 c5 03 49 ba 60 96
0x00007f0373c32647:   97 8c 03 7f 00 00 41 ff 24 da 0f 1f 80 00 00 00
0x00007f0373c32657:   00 d4 4c 54 8c 03 7f 00 00 48 03 00 00 eb 00 00
0x00007f0373c32667:   00 00 00 00 00 00 00 00 00 00 00 00 00 00 00 00 


Stack slot to memory mapping:

stack at sp + 0 slots: 
[error occurred during error reporting (inspecting top of stack), id 0xe0000000, Internal Error (/mydata/mmtk-openjdk/openjdk/share/mmtkHeap.cpp:444)]
stack at sp + 1 slots: 
[error occurred during error reporting (inspecting top of stack, attempt 2), id 0xe0000000, Internal Error (/mydata/mmtk-openjdk/openjdk/share/mmtkHeap.cpp:444)]
stack at sp + 2 slots: 
[error occurred during error reporting (inspecting top of stack, attempt 3), id 0xe0000000, Internal Error (/mydata/mmtk-openjdk/openjdk/share/mmtkHeap.cpp:444)]
nofast_getfield  234 nofast_getfield  [0x00007f0373c32480, 0x00007f0373c32658]  472 bytes
[MachCode]
  0x00007f0373c32480: 4883 ec08 | c5fa 1104 | 24eb 1f48 | 83ec 10c5 | fb11 0424 | eb14 4883 | ec10 4889 | 0424 48c7 
  0x00007f0373c324a0: 4424 0800 | 0000 00eb | 0150 410f | b755 0148 | 8b4d d0c1 | e202 8b5c | d138 c1eb | 1081 e3ff 
  0x00007f0373c324c0: 0000 0081 | fbb4 0000 | 000f 849e | 0000 00bb | b400 0000 | e805 0000 | 00e9 8300 | 0000 488b 
  0x00007f0373c324e0: f348 8d44 | 2408 4c89 | 6dc0 498b | ffc5 f877 | 4989 afc8 | 0600 0049 | 8987 b806 | 0000 40f6 
  0x00007f0373c32500: c40f 0f84 | 1200 0000 | 4883 ec08 | e84f 0f0f | 1848 83c4 | 08e9 0500 | 0000 e841 | 0f0f 1849 
  0x00007f0373c32520: c787 b806 | 0000 0000 | 0000 49c7 | 87c8 0600 | 0000 0000 | 0049 c787 | c006 0000 | 0000 0000 
  0x00007f0373c32540: c5f8 7749 | 837f 0800 | 0f84 0500 | 0000 e9ad | 56fe ff4c | 8b6d c04c | 8b75 c84e | 8d74 f500 
  0x00007f0373c32560: c341 0fb7 | 5501 488b | 4dd0 c1e2 | 0248 8b5c | d148 8b44 | d150 5948 | 3b01 c1e8 | 1c83 e00f 
  0x00007f0373c32580: 0f85 0a00 | 0000 0fbe | 0419 50e9 | aa00 0000 | 83f8 010f | 850a 0000 | 000f b604 | 1950 e997 
  0x00007f0373c325a0: 0000 0083 | f808 0f85 | 0900 0000 | 8b04 1950 | e985 0000 | 0083 f804 | 0f85 0900 | 0000 8b04 
  0x00007f0373c325c0: 1950 e973 | 0000 0083 | f802 0f85 | 0a00 0000 | 0fb7 0419 | 50e9 6000 | 0000 83f8 | 030f 850a 
  0x00007f0373c325e0: 0000 000f | bf04 1950 | e94d 0000 | 0083 f805 | 0f85 1a00 | 0000 488b | 0419 4883 | ec10 4889 
  0x00007f0373c32600: 0424 48c7 | 4424 0800 | 0000 00e9 | 2a00 0000 | 83f8 060f | 8513 0000 | 00c5 fa10 | 0419 4883 
  0x00007f0373c32620: ec08 c5fa | 1104 24e9 | 0e00 0000 | c5fb 1004 | 1948 83ec | 10c5 fb11 | 0424 410f | b65d 0349 
  0x00007f0373c32640: 83c5 0349 | ba60 9697 | 8c03 7f00 | 0041 ff24 | da0f 1f80 | 0000 0000 
[/MachCode]

Compiled method (c1) 4402   51       3       java.util.concurrent.ConcurrentHashMap::addCount (280 bytes)
 total in heap  [0x00007f036c810390,0x00007f036c811130] = 3488
 relocation     [0x00007f036c8104e8,0x00007f036c8105d0] = 232
 main code      [0x00007f036c8105e0,0x00007f036c810e20] = 2112
 stub code      [0x00007f036c810e20,0x00007f036c810ea0] = 128
 metadata       [0x00007f036c810ea0,0x00007f036c810eb0] = 16
 scopes data    [0x00007f036c810eb0,0x00007f036c810ff8] = 328
 scopes pcs     [0x00007f036c810ff8,0x00007f036c811108] = 272
 dependencies   [0x00007f036c811108,0x00007f036c811110] = 8
 nul chk table  [0x00007f036c811110,0x00007f036c811130] = 32

[Constant Pool (empty)]

[MachCode]
[Entry Point]
  # {method} {0x000072564f409bb8} 'addCount' '(JI)V' in 'java/util/concurrent/ConcurrentHashMap'
  # this:     rsi:rsi   = 'java/util/concurrent/ConcurrentHashMap'
  # parm0:    rdx:rdx   = long
  # parm1:    rcx       = int
  #           [sp+0xc0]  (sp of caller)
  0x00007f036c8105e0: 448b 5608 | 49bb 0000 | 004f 5672 | 0000 4d03 | d34c 3bd0 

  0x00007f036c8105f4: ;   {runtime_call ic_miss_stub}
  0x00007f036c8105f4: 0f85 8647 | 4507 660f | 1f44 0000 
[Verified Entry Point]
  0x00007f036c810600: 8984 2400 | c0fe ff55 | 4881 ecb0 | 0000 0090 | 4181 7f20 | 0100 0000 

  0x00007f036c810618: ;   {runtime_call StubRoutines (final stubs)}
  0x00007f036c810618: 7405 e841 | e843 0748 | 89b4 2488 | 0000 0089 

  0x00007f036c810628: ;   {metadata(method data for {method} {0x000072564f409bb8} 'addCount' '(JI)V' in 'java/util/concurrent/ConcurrentHashMap')}
  0x00007f036c810628: 4c24 7448 | b8e0 5e01 | 4456 7200 | 008b 98f4 | 0000 0083 | c302 8998 | f400 0000 | 81e3 fe07 
  0x00007f036c810648: 0000 85db | 0f84 e006 | 0000 8b7e | 3048 85ff 

  0x00007f036c810658: ;   {metadata(method data for {method} {0x000072564f409bb8} 'addCount' '(JI)V' in 'java/util/concurrent/ConcurrentHashMap')}
  0x00007f036c810658: 48b8 e05e | 0144 5672 | 0000 48c7 | c338 0100 | 0075 0748 | c7c3 4801 | 0000 4c8b | 0418 4d8d 
  0x00007f036c810678: 4001 4c89 | 0418 0f85 | 5600 0000 | c5fb 1046 | 18c4 e1f9 | 7ec0 4c8b | c04c 03c2 | 4c8d 4e18 
  0x00007f036c810698: 498b d8f0 | 490f b119 | bb01 0000 | 0074 05bb | 0000 0000 

  0x00007f036c8106ac: ;   {metadata(method data for {method} {0x000072564f409bb8} 'addCount' '(JI)V' in 'java/util/concurrent/ConcurrentHashMap')}
  0x00007f036c8106ac: 85db 48bb | e05e 0144 | 5672 0000 | 48c7 c090 | 0100 0075 | 0748 c7c0 | a001 0000 | 4c8b 0c03 
  0x00007f036c8106cc: 4d8d 4901 | 4c89 0c03 | 0f85 e101 | 0000 4885 

  0x00007f036c8106dc: ;   {metadata(method data for {method} {0x000072564f409bb8} 'addCount' '(JI)V' in 'java/util/concurrent/ConcurrentHashMap')}
  0x00007f036c8106dc: ff48 bbe0 | 5e01 4456 | 7200 0048 | c7c0 c001 | 0000 7507 | 48c7 c0b0 | 0100 004c | 8b04 034d 
  0x00007f036c8106fc: 8d40 014c | 8904 030f | 850a 0000 | 00bf 0100 | 0000 e9de | 0500 008b | 5f0c ffcb 

  0x00007f036c810718: ;   {metadata(method data for {method} {0x000072564f409bb8} 'addCount' '(JI)V' in 'java/util/concurrent/ConcurrentHashMap')}
  0x00007f036c810718: 85db 48b8 | e05e 0144 | 5672 0000 | 49c7 c0e0 | 0100 007d | 0749 c7c0 | d001 0000 | 4e8b 0c00 
  0x00007f036c810738: 4d8d 4901 | 4e89 0c00 | 0f8d 0a00 | 0000 bf01 | 0000 00e9 | a105 0000 | 895c 2470 | 4889 7c24 
  0x00007f036c810758: 7848 8994 | 2480 0000 | 0066 0f1f 

  0x00007f036c810764: ;   {static_call}
  0x00007f036c810764: 4400 00e8 

  0x00007f036c810768: ; ImmutableOopMap {[120]=Oop [136]=Oop }
                      ;*invokestatic getProbe {reexecute=0 rethrow=0 return_oop=0}
                      ; - java.util.concurrent.ConcurrentHashMap::addCount@58 (line 2331)
  0x00007f036c810768: 144f 4507 

  0x00007f036c81076c: ;   {other}
  0x00007f036c81076c: 0f1f 8400 | dc03 0000 | 2344 2470 | 488b 7c24 | 783b 470c | 0f83 d205 | 0000 4863 | c08b 4487 
  0x00007f036c81078c: 1048 85c0 

  0x00007f036c810790: ;   {metadata(method data for {method} {0x000072564f409bb8} 'addCount' '(JI)V' in 'java/util/concurrent/ConcurrentHashMap')}
  0x00007f036c810790: 48bb e05e | 0144 5672 | 0000 48c7 | c610 0200 | 0075 0748 | c7c6 0002 | 0000 488b | 3c33 488d 
  0x00007f036c8107b0: 7f01 4889 | 3c33 0f85 | 1a00 0000 | bf01 0000 | 0048 8b94 | 2480 0000 | 0048 8bb4 | 2488 0000 
  0x00007f036c8107d0: 00e9 1b05 | 0000 488b | 9424 8000 | 0000 c5fb | 1080 9000 | 0000 c4e1 | f97e c348 | 8bf3 4803 
  0x00007f036c8107f0: f248 8db8 | 9000 0000 | 488b c348 | 8bde f048 | 0fb1 1fbe | 0100 0000 | 7405 be00 | 0000 0085 
  0x00007f036c810810: ;   {metadata(method data for {method} {0x000072564f409bb8} 'addCount' '(JI)V' in 'java/util/concurrent/ConcurrentHashMap')}
  0x00007f036c810810: f648 bfe0 | 5e01 4456 | 7200 0048 | c7c3 5802 | 0000 7507 | 48c7 c368 | 0200 0048 | 8b04 1f48 
  0x00007f036c810830: 8d40 0148 | 8904 1f0f | 8510 0000 | 0048 8bfe | 488b b424 | 8800 0000 | e9a4 0400 | 008b 4c24 
  0x00007f036c810850: 7483 f901 

  0x00007f036c810854: ;   {metadata(method data for {method} {0x000072564f409bb8} 'addCount' '(JI)V' in 'java/util/concurrent/ConcurrentHashMap')}
  0x00007f036c810854: 48be e05e | 0144 5672 | 0000 48c7 | c7c0 0200 | 007e 0748 | c7c7 b002 | 0000 488b | 1c3e 488d 
  0x00007f036c810874: 5b01 4889 | 1c3e 0f8e | 5b04 0000 | 488b b424 | 8800 0000 

  0x00007f036c810888: ;   {metadata(method data for {method} {0x000072564f409bb8} 'addCount' '(JI)V' in 'java/util/concurrent/ConcurrentHashMap')}
  0x00007f036c810888: 48bf e05e | 0144 5672 | 0000 4883 | 87d0 0200 | 0001 488b | b424 8800 | 0000 0f1f 

  0x00007f036c8108a4: ;   {optimized virtual_call}
  0x00007f036c8108a4: 4400 00e8 

  0x00007f036c8108a8: ; ImmutableOopMap {[136]=Oop }
                      ;*invokevirtual sumCount {reexecute=0 rethrow=0 return_oop=0}
                      ; - java.util.concurrent.ConcurrentHashMap::addCount@115 (line 2339)
  0x00007f036c8108a8: d447 4507 

  0x00007f036c8108ac: ;   {other}
  0x00007f036c8108ac: 0f1f 8400 | 1c05 0001 | 4c8b c08b | 4c24 7485 

  0x00007f036c8108bc: ;   {metadata(method data for {method} {0x000072564f409bb8} 'addCount' '(JI)V' in 'java/util/concurrent/ConcurrentHashMap')}
  0x00007f036c8108bc: c948 bee0 | 5e01 4456 | 7200 0048 | c7c7 0803 | 0000 7c07 | 48c7 c718 | 0300 0048 | 8b1c 3e48 
  0x00007f036c8108dc: 8d5b 0148 | 891c 3e0f | 8cdc 0300 | 000f 1f80 | 0000 0000 | 488b b424 | 8800 0000 | 8b7e 1448 
  0x00007f036c8108fc: 63df 4c3b 

  0x00007f036c810900: ;   {metadata(method data for {method} {0x000072564f409bb8} 'addCount' '(JI)V' in 'java/util/concurrent/ConcurrentHashMap')}
  0x00007f036c810900: c348 bbe0 | 5e01 4456 | 7200 0048 | c7c0 2803 | 0000 7c07 | 48c7 c038 | 0300 0048 | 8b14 0348 
  0x00007f036c810920: 8d52 0148 | 8914 030f | 8c98 0300 | 008b 5e28 

  0x00007f036c810930: ;   {metadata(method data for {method} {0x000072564f409bb8} 'addCount' '(JI)V' in 'java/util/concurrent/ConcurrentHashMap')}
  0x00007f036c810930: 4885 db48 | b8e0 5e01 | 4456 7200 | 0048 c7c2 | 4803 0000 | 7407 48c7 | c258 0300 | 0048 8b0c 
  0x00007f036c810950: 1048 8d49 | 0148 890c | 100f 8466 | 0300 008b | 430c 3d00 

  0x00007f036c810964: ;   {metadata(method data for {method} {0x000072564f409bb8} 'addCount' '(JI)V' in 'java/util/concurrent/ConcurrentHashMap')}
  0x00007f036c810964: 0000 4048 | bae0 5e01 | 4456 7200 | 0048 c7c1 | 6803 0000 | 7d07 48c7 | c178 0300 | 004c 8b04 
  0x00007f036c810984: 0a4d 8d40 | 014c 8904 | 0a0f 8d32 | 0300 0048 | 899c 2498 | 0000 0089 | bc24 9000 

  0x00007f036c8109a0: ;   {metadata(method data for {method} {0x000072564f409bb8} 'addCount' '(JI)V' in 'java/util/concurrent/ConcurrentHashMap')}
  0x00007f036c8109a0: 0000 48ba | e05e 0144 | 5672 0000 | 4883 8288 | 0300 0001 

  0x00007f036c8109b4: ;   {metadata(method data for {method} {0x000072564f4099a8} 'resizeStamp' '(I)I' in 'java/util/concurrent/ConcurrentHashMap')}
  0x00007f036c8109b4: 48ba 107b | 0144 5672 | 0000 8b8a | f400 0000 | 83c1 0289 | 8af4 0000 | 0081 e1fe | ff1f 0085 
  0x00007f036c8109d4: c90f 8495 

  0x00007f036c8109d8: ;   {metadata(method data for {method} {0x000072564f4099a8} 'resizeStamp' '(I)I' in 'java/util/concurrent/ConcurrentHashMap')}
  0x00007f036c8109d8: 0300 0048 | ba10 7b01 | 4456 7200 | 0048 8382 | 3801 0000 | 0148 8bf0 | 0f1f 8000 

  0x00007f036c8109f4: ;   {static_call}
  0x00007f036c8109f4: 0000 00e8 

  0x00007f036c8109f8: ; ImmutableOopMap {[136]=Oop [152]=Oop }
                      ;*invokestatic numberOfLeadingZeros {reexecute=0 rethrow=0 return_oop=0}
                      ; - java.util.concurrent.ConcurrentHashMap::resizeStamp@1 (line 2285)
                      ; - java.util.concurrent.ConcurrentHashMap::addCount@161 (line 2345)
  0x00007f036c8109f8: c4c7 1f00 

  0x00007f036c8109fc: ;   {other}
  0x00007f036c8109fc: 0f1f 8400 | 6c06 0002 | 0d00 8000 | 00c1 e010 | 8bbc 2490 | 0000 0085 

  0x00007f036c810a14: ;   {metadata(method data for {method} {0x000072564f409bb8} 'addCount' '(JI)V' in 'java/util/concurrent/ConcurrentHashMap')}
  0x00007f036c810a14: ff48 bae0 | 5e01 4456 | 7200 0048 | c7c1 9803 | 0000 7d07 | 48c7 c1a8 | 0300 0048 | 8b34 0a48 
  0x00007f036c810a34: 8d76 0148 | 8934 0a0f | 8d68 0100 | 0048 8bd0 | 81c2 ffff | 0000 3bfa 

  0x00007f036c810a4c: ;   {metadata(method data for {method} {0x000072564f409bb8} 'addCount' '(JI)V' in 'java/util/concurrent/ConcurrentHashMap')}
  0x00007f036c810a4c: 48ba e05e | 0144 5672 | 0000 48c7 | c1b8 0300 | 0074 0748 | c7c1 c803 | 0000 488b | 340a 488d 
  0x00007f036c810a6c: 7601 4889 | 340a 0f84 | 4d02 0000 | ffc0 3bf8 

  0x00007f036c810a7c: ;   {metadata(method data for {method} {0x000072564f409bb8} 'addCount' '(JI)V' in 'java/util/concurrent/ConcurrentHashMap')}
  0x00007f036c810a7c: 48b8 e05e | 0144 5672 | 0000 48c7 | c2d8 0300 | 0074 0748 | c7c2 e803 | 0000 488b | 0c10 488d 
  0x00007f036c810a9c: 4901 4889 | 0c10 0f84 | 1d02 0000 | 488b b424 | 8800 0000 | 8b4e 2c48 

  0x00007f036c810ab4: ;   {metadata(method data for {method} {0x000072564f409bb8} 'addCount' '(JI)V' in 'java/util/concurrent/ConcurrentHashMap')}
  0x00007f036c810ab4: 85c9 48b8 | e05e 0144 | 5672 0000 | 48c7 c2f8 | 0300 0074 | 0748 c7c2 | 0804 0000 | 488b 1c10 
  0x00007f036c810ad4: 488d 5b01 | 4889 1c10 | 0f84 e301 | 0000 8b46 

  0x00007f036c810ae4: ;   {metadata(method data for {method} {0x000072564f409bb8} 'addCount' '(JI)V' in 'java/util/concurrent/ConcurrentHashMap')}
  0x00007f036c810ae4: 2085 c048 | b8e0 5e01 | 4456 7200 | 0048 c7c2 | 2804 0000 | 7e07 48c7 | c218 0400 | 0048 8b1c 
  0x00007f036c810b04: 1048 8d5b | 0148 891c | 100f 8ea2 | 0100 0048 | 8bd7 ffc2 | 488d 5e14 | 488b c7f0 | 0fb1 13ba 
  0x00007f036c810b24: 0100 0000 | 7405 ba00 | 0000 0085 

  0x00007f036c810b30: ;   {metadata(method data for {method} {0x000072564f409bb8} 'addCount' '(JI)V' in 'java/util/concurrent/ConcurrentHashMap')}
  0x00007f036c810b30: d248 bae0 | 5e01 4456 | 7200 0048 | c7c7 8804 | 0000 7407 | 48c7 c798 | 0400 0048 | 8b1c 3a48 
  0x00007f036c810b50: 8d5b 0148 | 891c 3a0f | 84df 0000 | 0048 8bd6 

  0x00007f036c810b60: ;   {metadata(method data for {method} {0x000072564f409bb8} 'addCount' '(JI)V' in 'java/util/concurrent/ConcurrentHashMap')}
  0x00007f036c810b60: 48bf e05e | 0144 5672 | 0000 4883 | 87a8 0400 | 0001 488b | 9424 9800 | 0000 488b | fe48 8bf7 
  0x00007f036c810b80: 0f1f 8000 

  0x00007f036c810b84: ;   {optimized virtual_call}
  0x00007f036c810b84: 0000 00e8 

  0x00007f036c810b88: ; ImmutableOopMap {[136]=Oop }
                      ;*invokevirtual transfer {reexecute=0 rethrow=0 return_oop=0}
                      ; - java.util.concurrent.ConcurrentHashMap::addCount@238 (line 2351)
  0x00007f036c810b88: f444 4507 

  0x00007f036c810b8c: ;   {other}
  0x00007f036c810b8c: 0f1f 8400 | fc07 0003 

  0x00007f036c810b94: ;   {metadata(method data for {method} {0x000072564f409bb8} 'addCount' '(JI)V' in 'java/util/concurrent/ConcurrentHashMap')}
  0x00007f036c810b94: 48b8 e05e | 0144 5672 | 0000 ff80 | e004 0000 | e993 0000 | 0048 8bb4 | 2488 0000 | 0048 8bd0 
  0x00007f036c810bb4: 83c2 0248 | 8d4e 1448 | 8bc7 f00f | b111 ba01 | 0000 0074 | 05ba 0000 | 0000 85d2 

  0x00007f036c810bd0: ;   {metadata(method data for {method} {0x000072564f409bb8} 'addCount' '(JI)V' in 'java/util/concurrent/ConcurrentHashMap')}
  0x00007f036c810bd0: 48ba e05e | 0144 5672 | 0000 48c7 | c130 0500 | 0074 0748 | c7c1 4005 | 0000 488b | 3c0a 488d 
  0x00007f036c810bf0: 7f01 4889 | 3c0a 0f84 | 4000 0000 | 488b 9c24 | 9800 0000 

  0x00007f036c810c04: ;   {metadata(method data for {method} {0x000072564f409bb8} 'addCount' '(JI)V' in 'java/util/concurrent/ConcurrentHashMap')}
  0x00007f036c810c04: 488b d648 | b9e0 5e01 | 4456 7200 | 0048 8381 | 5005 0000 | 0148 8bd3 

  0x00007f036c810c1c: ;   {oop(nullptr)}
  0x00007f036c810c1c: 48b9 0000 | 0000 0000 | 0000 488b | fe48 8bf7 

  0x00007f036c810c2c: ;   {optimized virtual_call}
  0x00007f036c810c2c: 6666 90e8 

  0x00007f036c810c30: ; ImmutableOopMap {[136]=Oop }
                      ;*invokevirtual transfer {reexecute=0 rethrow=0 return_oop=0}
                      ; - java.util.concurrent.ConcurrentHashMap::addCount@267 (line 2354)
  0x00007f036c810c30: 1e02 0000 

  0x00007f036c810c34: ;   {other}
  0x00007f036c810c34: 0f1f 8400 | a408 0004 | 488b b424 | 8800 0000 

  0x00007f036c810c44: ;   {metadata(method data for {method} {0x000072564f409bb8} 'addCount' '(JI)V' in 'java/util/concurrent/ConcurrentHashMap')}
  0x00007f036c810c44: 48bf e05e | 0144 5672 | 0000 4883 | 8788 0500 | 0001 488b | b424 8800 

  0x00007f036c810c5c: ;   {optimized virtual_call}
  0x00007f036c810c5c: 0000 90e8 

  0x00007f036c810c60: ; ImmutableOopMap {[136]=Oop }
                      ;*invokevirtual sumCount {reexecute=0 rethrow=0 return_oop=0}
                      ; - java.util.concurrent.ConcurrentHashMap::addCount@271 (line 2355)
  0x00007f036c810c60: d001 0000 

  0x00007f036c810c64: ;   {other}
  0x00007f036c810c64: 0f1f 8400 | d408 0005 

  0x00007f036c810c6c: ;   {metadata(method data for {method} {0x000072564f409bb8} 'addCount' '(JI)V' in 'java/util/concurrent/ConcurrentHashMap')}
  0x00007f036c810c6c: 48ba e05e | 0144 5672 | 0000 8b8a | f800 0000 | 83c1 0289 | 8af8 0000 | 0081 e1fe | 3f00 0085 
  0x00007f036c810c8c: c90f 84fe | 0000 004d | 8b97 7007 

  0x00007f036c810c98: ; ImmutableOopMap {[136]=Oop }
                      ;*goto {reexecute=1 rethrow=0 return_oop=0}
                      ; - (reexecute) java.util.concurrent.ConcurrentHashMap::addCount@276 (line 2356)
                      ;   {poll}
  0x00007f036c810c98: 0000 4185 

  0x00007f036c810c9c: ;   {metadata(method data for {method} {0x000072564f409bb8} 'addCount' '(JI)V' in 'java/util/concurrent/ConcurrentHashMap')}
  0x00007f036c810c9c: 0248 bae0 | 5e01 4456 | 7200 00ff | 82c0 0500 | 004c 8bc0 | e93b fcff 

  0x00007f036c810cb4: ;   {metadata(method data for {method} {0x000072564f409bb8} 'addCount' '(JI)V' in 'java/util/concurrent/ConcurrentHashMap')}
  0x00007f036c810cb4: ff48 bae0 | 5e01 4456 | 7200 00ff | 8238 0400 | 0048 81c4 | b000 0000 

  0x00007f036c810ccc: ;   {poll_return}
  0x00007f036c810ccc: 5d49 3ba7 | 6807 0000 | 0f87 d800 | 0000 c348 | 81c4 b000 

  0x00007f036c810ce0: ;   {poll_return}
  0x00007f036c810ce0: 0000 5d49 | 3ba7 6807 | 0000 0f87 | d800 0000 | c348 8bce 

  0x00007f036c810cf4: ;   {metadata(method data for {method} {0x000072564f409bb8} 'addCount' '(JI)V' in 'java/util/concurrent/ConcurrentHashMap')}
  0x00007f036c810cf4: 48bb e05e | 0144 5672 | 0000 4883 | 8378 0200 | 0001 488b | cf66 0f1f 

  0x00007f036c810d0c: ;   {optimized virtual_call}
  0x00007f036c810d0c: 4400 00e8 

  0x00007f036c810d10: ; ImmutableOopMap {}
                      ;*invokevirtual fullAddCount {reexecute=0 rethrow=0 return_oop=0}
                      ; - java.util.concurrent.ConcurrentHashMap::addCount@104 (line 2334)
  0x00007f036c810d10: 6c43 4507 

  0x00007f036c810d14: ;   {other}
  0x00007f036c810d14: 0f1f 8400 | 8409 0007 | 4881 c4b0 | 0000 005d 

  0x00007f036c810d24: ;   {poll_return}
  0x00007f036c810d24: 493b a768 | 0700 000f | 87ad 0000 

  0x00007f036c810d30: ;   {metadata({method} {0x000072564f409bb8} 'addCount' '(JI)V' in 'java/util/concurrent/ConcurrentHashMap')}
  0x00007f036c810d30: 00c3 49ba | b89b 404f | 5672 0000 | 4c89 5424 | 0848 c704 | 24ff ffff 

  0x00007f036c810d48: ;   {runtime_call counter_overflow Runtime1 stub}
  0x00007f036c810d48: ffe8 3265 

  0x00007f036c810d4c: ; ImmutableOopMap {rsi=Oop [136]=Oop }
                      ;*synchronization entry
                      ; - java.util.concurrent.ConcurrentHashMap::addCount@-1 (line 2326)
  0x00007f036c810d4c: 5007 e9ff 

  0x00007f036c810d50: ;   {runtime_call throw_null_pointer_exception Runtime1 stub}
  0x00007f036c810d50: f8ff ffe8 

  0x00007f036c810d54: ; ImmutableOopMap {rsi=Oop rdi=Oop [136]=Oop }
                      ;*arraylength {reexecute=0 rethrow=0 return_oop=0}
                      ; - java.util.concurrent.ConcurrentHashMap::addCount@47 (line 2330)
  0x00007f036c810d54: 280a 5007 | 4889 0424 | 4889 7c24 

  0x00007f036c810d60: ;   {runtime_call throw_range_check_failed Runtime1 stub}
  0x00007f036c810d60: 08e8 1a01 

  0x00007f036c810d64: ; ImmutableOopMap {rdi=Oop [136]=Oop }
                      ;*aaload {reexecute=0 rethrow=0 return_oop=0}
                      ; - java.util.concurrent.ConcurrentHashMap::addCount@64 (line 2331)
                      ;   {runtime_call throw_null_pointer_exception Runtime1 stub}
  0x00007f036c810d64: 5007 e815 

  0x00007f036c810d68: ; ImmutableOopMap {rax=Oop [136]=Oop }
                      ;*getfield value {reexecute=1 rethrow=0 return_oop=0}
                      ; - (reexecute) java.util.concurrent.ConcurrentHashMap::addCount@81 (line 2331)
                      ;   {runtime_call throw_null_pointer_exception Runtime1 stub}
  0x00007f036c810d68: 0a50 07e8 

  0x00007f036c810d6c: ; ImmutableOopMap {rsi=Oop rbx=Oop [136]=Oop }
                      ;*arraylength {reexecute=0 rethrow=0 return_oop=0}
                      ; - java.util.concurrent.ConcurrentHashMap::addCount@150 (line 2343)
  0x00007f036c810d6c: 100a 5007 

  0x00007f036c810d70: ;   {metadata({method} {0x000072564f4099a8} 'resizeStamp' '(I)I' in 'java/util/concurrent/ConcurrentHashMap')}
  0x00007f036c810d70: 49ba a899 | 404f 5672 | 0000 4c89 | 5424 0848 | c704 24ff 

  0x00007f036c810d84: ;   {runtime_call counter_overflow Runtime1 stub}
  0x00007f036c810d84: ffff ffe8 

  0x00007f036c810d88: ; ImmutableOopMap {[136]=Oop [152]=Oop }
                      ;*synchronization entry
                      ; - java.util.concurrent.ConcurrentHashMap::resizeStamp@-1 (line 2285)
                      ; - java.util.concurrent.ConcurrentHashMap::addCount@161 (line 2345)
  0x00007f036c810d88: f464 5007 | e94a fcff 

  0x00007f036c810d90: ;   {metadata({method} {0x000072564f409bb8} 'addCount' '(JI)V' in 'java/util/concurrent/ConcurrentHashMap')}
  0x00007f036c810d90: ff49 bab8 | 9b40 4f56 | 7200 004c | 8954 2408 | 48c7 0424 | 1401 0000 

  0x00007f036c810da8: ;   {runtime_call counter_overflow Runtime1 stub}
  0x00007f036c810da8: e8d3 6450 

  0x00007f036c810dac: ; ImmutableOopMap {[136]=Oop }
                      ;*goto {reexecute=1 rethrow=0 return_oop=0}
                      ; - (reexecute) java.util.concurrent.ConcurrentHashMap::addCount@276 (line 2356)
  0x00007f036c810dac: 07e9 e1fe 

  0x00007f036c810db0: ;   {internal_word}
  0x00007f036c810db0: ffff 49ba | cd0c 816c | 037f 0000 | 4d89 9780 

  0x00007f036c810dc0: ;   {runtime_call SafepointBlob}
  0x00007f036c810dc0: 0700 00e9 | 38a6 4507 

  0x00007f036c810dc8: ;   {internal_word}
  0x00007f036c810dc8: 49ba e30c | 816c 037f | 0000 4d89 | 9780 0700 

  0x00007f036c810dd8: ;   {runtime_call SafepointBlob}
  0x00007f036c810dd8: 00e9 22a6 

  0x00007f036c810ddc: ;   {internal_word}
  0x00007f036c810ddc: 4507 49ba | 240d 816c | 037f 0000 | 4d89 9780 

  0x00007f036c810dec: ;   {runtime_call SafepointBlob}
  0x00007f036c810dec: 0700 00e9 | 0ca6 4507 | 498b 8718 | 0800 0049 | c787 1808 | 0000 0000 | 0000 49c7 | 8720 0800 
  0x00007f036c810e0c: 0000 0000 | 0048 81c4 | b000 0000 

  0x00007f036c810e18: ;   {runtime_call unwind_exception Runtime1 stub}
  0x00007f036c810e18: 5de9 62f7 | 4f07 f4f4 
[Stub Code]
  0x00007f036c810e20: ;   {no_reloc}
  0x00007f036c810e20: 0f1f 4400 

  0x00007f036c810e24: ;   {static_stub}
  0x00007f036c810e24: 0048 bb00 | 0000 0000 

  0x00007f036c810e2c: ;   {runtime_call nmethod}
  0x00007f036c810e2c: 0000 00e9 | fbff ffff 

  0x00007f036c810e34: ;   {static_stub}
  0x00007f036c810e34: 48bb 789e | 404f 5672 

  0x00007f036c810e3c: ;   {runtime_call I2C/C2I adapters}
  0x00007f036c810e3c: 0000 e9a0 

  0x00007f036c810e40: ;   {static_stub}
  0x00007f036c810e40: 3645 0748 | bb58 b241 | 4f56 7200 

  0x00007f036c810e4c: ;   {runtime_call I2C/C2I adapters}
  0x00007f036c810e4c: 00e9 108c 

  0x00007f036c810e50: ;   {static_stub}
  0x00007f036c810e50: 4507 48bb | 5099 404f | 5672 0000 

  0x00007f036c810e5c: ;   {runtime_call I2C/C2I adapters}
  0x00007f036c810e5c: e90a 0b45 

  0x00007f036c810e60: ;   {static_stub}
  0x00007f036c810e60: 0748 bb00 | 0000 0000 

  0x00007f036c810e68: ;   {runtime_call nmethod}
  0x00007f036c810e68: 0000 00e9 | fbff ffff 
[Exception Handler]
  0x00007f036c810e70: ;   {runtime_call handle_exception_from_callee Runtime1 stub}
  0x00007f036c810e70: e80b 2750 

  0x00007f036c810e74: ;   {external_word}
  0x00007f036c810e74: 0748 bfbb | 5154 8c03 | 7f00 0048 

  0x00007f036c810e80: ;   {runtime_call MacroAssembler::debug64(char*, long, long*)}
  0x00007f036c810e80: 83e4 f0e8 | c89f 7f1f 

  0x00007f036c810e88: ;   {section_word}
  0x00007f036c810e88: f449 ba89 | 0e81 6c03 | 7f00 0041 

  0x00007f036c810e94: ;   {runtime_call DeoptimizationBlob}
  0x00007f036c810e94: 52e9 0698 | 4507 f4f4 | f4f4 f4f4 
[/MachCode]


Compiled method (c1) 4410   49   !   3       java.util.concurrent.ConcurrentHashMap::putVal (432 bytes)
 total in heap  [0x00007f036c80d990,0x00007f036c80ff60] = 9680
 relocation     [0x00007f036c80dae8,0x00007f036c80dce0] = 504
 main code      [0x00007f036c80dce0,0x00007f036c80f508] = 6184
 stub code      [0x00007f036c80f508,0x00007f036c80f5f0] = 232
 metadata       [0x00007f036c80f5f0,0x00007f036c80f610] = 32
 scopes data    [0x00007f036c80f610,0x00007f036c80fb60] = 1360
 scopes pcs     [0x00007f036c80fb60,0x00007f036c80fdf0] = 656
 dependencies   [0x00007f036c80fdf0,0x00007f036c80fdf8] = 8
 handler table  [0x00007f036c80fdf8,0x00007f036c80ff30] = 312
 nul chk table  [0x00007f036c80ff30,0x00007f036c80ff60] = 48

[Constant Pool (empty)]

[MachCode]
[Entry Point]
  # {method} {0x000072564f409d70} 'putVal' '(Ljava/lang/Object;Ljava/lang/Object;Z)Ljava/lang/Object;' in 'java/util/concurrent/ConcurrentHashMap'
  # this:     rsi:rsi   = 'java/util/concurrent/ConcurrentHashMap'
  # parm0:    rdx:rdx   = 'java/lang/Object'
  # parm1:    rcx:rcx   = 'java/lang/Object'
  # parm2:    r8        = boolean
  #           [sp+0x100]  (sp of caller)
  0x00007f036c80dce0: 448b 5608 | 49bb 0000 | 004f 5672 | 0000 4d03 | d34c 3bd0 

  0x00007f036c80dcf4: ;   {runtime_call ic_miss_stub}
  0x00007f036c80dcf4: 0f85 8670 | 4507 660f | 1f44 0000 
[Verified Entry Point]
  0x00007f036c80dd00: 8984 2400 | c0fe ff55 | 4881 ecf0 | 0000 0090 | 4181 7f20 | 0100 0000 

  0x00007f036c80dd18: ;   {runtime_call StubRoutines (final stubs)}
  0x00007f036c80dd18: 7405 e841 | 1144 0748 | 8974 2468 | 4889 5424 | 7048 894c | 2478 4489 | 8424 8000 

  0x00007f036c80dd34: ;   {metadata(method data for {method} {0x000072564f409d70} 'putVal' '(Ljava/lang/Object;Ljava/lang/Object;Z)Ljava/lang/Object;' in 'java/util/concurrent/ConcurrentHashMap')}
  0x00007f036c80dd34: 0000 48bf | 5054 0144 | 5672 0000 | 8b9f f400 | 0000 83c3 | 0289 9ff4 | 0000 0081 | e3fe 0700 
  0x00007f036c80dd54: 0085 db0f | 843c 1500 | 0048 85d2 

  0x00007f036c80dd60: ;   {metadata(method data for {method} {0x000072564f409d70} 'putVal' '(Ljava/lang/Object;Ljava/lang/Object;Z)Ljava/lang/Object;' in 'java/util/concurrent/ConcurrentHashMap')}
  0x00007f036c80dd60: 48bf 5054 | 0144 5672 | 0000 48c7 | c338 0100 | 0074 0748 | c7c3 4801 | 0000 488b | 041f 488d 
  0x00007f036c80dd80: 4001 4889 | 041f 0f84 | c813 0000 

  0x00007f036c80dd8c: ;   {metadata(method data for {method} {0x000072564f409d70} 'putVal' '(Ljava/lang/Object;Ljava/lang/Object;Z)Ljava/lang/Object;' in 'java/util/concurrent/ConcurrentHashMap')}
  0x00007f036c80dd8c: 4885 c948 | bf50 5401 | 4456 7200 | 0048 c7c3 | 6801 0000 | 7407 48c7 | c358 0100 | 0048 8b04 
  0x00007f036c80ddac: 1f48 8d40 | 0148 8904 | 1f0f 8499 | 1300 0048 | 3b02 488b 

  0x00007f036c80ddc0: ;   {metadata(method data for {method} {0x000072564f409d70} 'putVal' '(Ljava/lang/Object;Ljava/lang/Object;Z)Ljava/lang/Object;' in 'java/util/concurrent/ConcurrentHashMap')}
  0x00007f036c80ddc0: fa48 bb50 | 5401 4456 | 7200 008b | 7f08 49ba | 0000 004f | 5672 0000 | 4903 fa48 | 3bbb 9801 
  0x00007f036c80dde0: 0000 750d | 4883 83a0 | 0100 0001 | e960 0000 | 0048 3bbb | a801 0000 | 750d 4883 | 83b0 0100 
  0x00007f036c80de00: 0001 e94a | 0000 0048 | 83bb 9801 | 0000 0075 | 1748 89bb | 9801 0000 | 48c7 83a0 | 0100 0001 
  0x00007f036c80de20: 0000 00e9 | 2900 0000 | 4883 bba8 | 0100 0000 | 7517 4889 | bba8 0100 | 0048 c783 | b001 0000 
  0x00007f036c80de40: 0100 0000 | e908 0000 | 0048 8383 | 8801 0000 | 0148 8bf2 | 9048 b8ff | ffff ffff 

  0x00007f036c80de5c: ;   {virtual_call}
  0x00007f036c80de5c: ffff ffe8 

  0x00007f036c80de60: ; ImmutableOopMap {[104]=Oop [112]=Oop [120]=Oop }
                      ;*invokevirtual hashCode {reexecute=0 rethrow=0 return_oop=0}
                      ; - java.util.concurrent.ConcurrentHashMap::putVal@17 (line 1012)
  0x00007f036c80de60: 2c12 5107 

  0x00007f036c80de64: ;   {other}
  0x00007f036c80de64: 0f1f 8400 | d404 0000 

  0x00007f036c80de6c: ;   {metadata(method data for {method} {0x000072564f409d70} 'putVal' '(Ljava/lang/Object;Ljava/lang/Object;Z)Ljava/lang/Object;' in 'java/util/concurrent/ConcurrentHashMap')}
  0x00007f036c80de6c: 48be 5054 | 0144 5672 | 0000 4883 | 86c0 0100 

  0x00007f036c80de7c: ;   {metadata(method data for {method} {0x000072564f409e20} 'spread' '(I)I' in 'java/util/concurrent/ConcurrentHashMap')}
  0x00007f036c80de7c: 0001 48be | a03c 0144 | 5672 0000 | 8bbe f400 | 0000 83c7 | 0289 bef4 | 0000 0081 | e7fe ff1f 
  0x00007f036c80de9c: 0085 ff0f | 841a 1400 | 0048 8bf0 | c1ee 1048 | 33f0 81e6 | ffff ff7f | 89b4 2488 | 0000 0048 
  0x00007f036c80debc: 8b7c 2468 | 8b5f 28b8 | 0000 0000 | 8984 2484 | 0000 0090 

  0x00007f036c80ded0: ;   {metadata(method data for {method} {0x000072564f409d70} 'putVal' '(Ljava/lang/Object;Ljava/lang/Object;Z)Ljava/lang/Object;' in 'java/util/concurrent/ConcurrentHashMap')}
  0x00007f036c80ded0: 4885 db49 | b950 5401 | 4456 7200 | 0049 c7c3 | d001 0000 | 7407 49c7 | c3e0 0100 | 004f 8b2c 
  0x00007f036c80def0: 194d 8d6d | 014f 892c | 190f 8433 | 0000 0044 | 8b4b 0c45 

  0x00007f036c80df04: ;   {metadata(method data for {method} {0x000072564f409d70} 'putVal' '(Ljava/lang/Object;Ljava/lang/Object;Z)Ljava/lang/Object;' in 'java/util/concurrent/ConcurrentHashMap')}
  0x00007f036c80df04: 85c9 49bb | 5054 0144 | 5672 0000 | 49c7 c5f0 | 0100 0075 | 0749 c7c5 | 0002 0000 | 4f8b 342b 
  0x00007f036c80df24: 4d8d 7601 | 4f89 342b | 0f85 5300 | 0000 488b 

  0x00007f036c80df34: ;   {metadata(method data for {method} {0x000072564f409d70} 'putVal' '(Ljava/lang/Object;Ljava/lang/Object;Z)Ljava/lang/Object;' in 'java/util/concurrent/ConcurrentHashMap')}
  0x00007f036c80df34: df49 b950 | 5401 4456 | 7200 0049 | 8381 1002 | 0000 0148 | 8bf7 0f1f 

  0x00007f036c80df4c: ;   {optimized virtual_call}
  0x00007f036c80df4c: 4400 00e8 

  0x00007f036c80df50: ; ImmutableOopMap {[104]=Oop [112]=Oop [120]=Oop }
                      ;*invokevirtual initTable {reexecute=0 rethrow=0 return_oop=0}
                      ; - java.util.concurrent.ConcurrentHashMap::putVal@49 (line 1017)
  0x00007f036c80df50: 5316 0000 

  0x00007f036c80df54: ;   {other}
  0x00007f036c80df54: 0f1f 8400 | c405 0001 

  0x00007f036c80df5c: ;   {metadata(method data for {method} {0x000072564f409d70} 'putVal' '(Ljava/lang/Object;Ljava/lang/Object;Z)Ljava/lang/Object;' in 'java/util/concurrent/ConcurrentHashMap')}
  0x00007f036c80df5c: 48be 5054 | 0144 5672 | 0000 ff86 | 4802 0000 | 8bb4 2484 | 0000 0044 | 8b84 2480 | 0000 0048 
  0x00007f036c80df7c: 8b4c 2478 | e9a1 0f00 | 0041 ffc9 | 4423 8c24 | 8800 0000 

  0x00007f036c80df90: ;   {metadata(method data for {method} {0x000072564f409d70} 'putVal' '(Ljava/lang/Object;Ljava/lang/Object;Z)Ljava/lang/Object;' in 'java/util/concurrent/ConcurrentHashMap')}
  0x00007f036c80df90: 48be 5054 | 0144 5672 | 0000 4883 | 8660 0200 | 0001 488b | f349 8bd1 | 4489 8c24 | 8c00 0000 
  0x00007f036c80dfb0: 4889 9c24 | 9000 0000 | 0f1f 8000 

  0x00007f036c80dfbc: ;   {static_call}
  0x00007f036c80dfbc: 0000 00e8 

  0x00007f036c80dfc0: ; ImmutableOopMap {[104]=Oop [112]=Oop [120]=Oop [144]=Oop }
                      ;*invokestatic tabAt {reexecute=0 rethrow=0 return_oop=0}
                      ; - java.util.concurrent.ConcurrentHashMap::putVal@69 (line 1018)
  0x00007f036c80dfc0: 3c02 bf07 

  0x00007f036c80dfc4: ;   {other}
  0x00007f036c80dfc4: 0f1f 8400 | 3406 0002 | 4889 8424 | 9800 0000 

  0x00007f036c80dfd4: ;   {metadata(method data for {method} {0x000072564f409d70} 'putVal' '(Ljava/lang/Object;Ljava/lang/Object;Z)Ljava/lang/Object;' in 'java/util/concurrent/ConcurrentHashMap')}
  0x00007f036c80dfd4: 4885 c048 | ba50 5401 | 4456 7200 | 0048 c7c6 | 7002 0000 | 7507 48c7 | c680 0200 | 0048 8b3c 
  0x00007f036c80dff4: 3248 8d7f | 0148 893c | 320f 85e8 | 0100 008b | b424 8800 | 0000 488b | 4c24 7848 | 8b54 2470 
  0x00007f036c80e014: ;   {metadata('java/util/concurrent/ConcurrentHashMap$Node')}
  0x00007f036c80e014: 488b da48 | ba10 ae17 | 4f56 7200 | 004c 8bd9 | 4c8b ce49 | 8b87 b804 | 0000 488d | 4820 483b 
  0x00007f036c80e034: c80f 82aa | 1200 0049 | 3b8f c004 | 0000 0f87 | 9d12 0000 | 4989 8fb8 | 0400 0048 | 8bf8 48c1 
  0x00007f036c80e054: ef06 49ba | 0000 40c8 | 5672 0000 | 458a 143a | 488b c848 | c1e9 0348 | 83e1 0748 | c7c7 0100 
  0x00007f036c80e074: 0000 48d3 | e74c 0bd7 | 488b f848 | c1ef 0648 | b900 0040 | c856 7200 | 0044 8814 | 3949 8387 
  0x00007f036c80e094: 2802 0000 | 2049 8387 | 2802 0000 | 0048 c700 | 0100 0000 | 488b ca49 | ba00 0000 | 4f56 7200 
  0x00007f036c80e0b4: 0049 2bca | 8948 0848 | 33c9 8948 | 0c48 33c9 | 4889 4810 | 4889 4818 

  0x00007f036c80e0cc: ;   {metadata(method data for {method} {0x000072564f409d70} 'putVal' '(Ljava/lang/Object;Ljava/lang/Object;Z)Ljava/lang/Object;' in 'java/util/concurrent/ConcurrentHashMap')}
  0x00007f036c80e0cc: 488b f048 | ba50 5401 | 4456 7200 | 0048 8382 | 9002 0000 

  0x00007f036c80e0e0: ;   {metadata(method data for {method} {0x000072564f17b628} '<init>' '(ILjava/lang/Object;Ljava/lang/Object;)V' in 'java/util/concurrent/ConcurrentHashMap$Node')}
  0x00007f036c80e0e0: 0148 be50 | 5d01 4456 | 7200 008b | 96f4 0000 | 0083 c202 | 8996 f400 | 0000 81e2 | feff 1f00 
  0x00007f036c80e100: 85d2 0f84 | ea11 0000 

  0x00007f036c80e108: ;   {metadata(method data for {method} {0x000072564f17b628} '<init>' '(ILjava/lang/Object;Ljava/lang/Object;)V' in 'java/util/concurrent/ConcurrentHashMap$Node')}
  0x00007f036c80e108: 488b f048 | ba50 5d01 | 4456 7200 | 0048 8382 | 3801 0000 

  0x00007f036c80e11c: ;   {metadata(method data for {method} {0x000072564f4791f0} '<init>' '()V' in 'java/lang/Object')}
  0x00007f036c80e11c: 0148 bec0 | 7000 4456 | 7200 008b | 96f4 0000 | 0083 c202 | 8996 f400 | 0000 81e2 | feff 1f00 
  0x00007f036c80e13c: 85d2 0f84 | cf11 0000 | 4489 480c | 4c8b d344 | 8950 104d | 8bd3 4489 | 5014 f083 | 4424 c000 
  0x00007f036c80e15c: ;   {metadata(method data for {method} {0x000072564f409d70} 'putVal' '(Ljava/lang/Object;Ljava/lang/Object;Z)Ljava/lang/Object;' in 'java/util/concurrent/ConcurrentHashMap')}
  0x00007f036c80e15c: 48be 5054 | 0144 5672 | 0000 4883 | 86a0 0200 | 0001 488b | b424 9000 | 0000 8b94 | 248c 0000 
  0x00007f036c80e17c: ;   {oop(nullptr)}
  0x00007f036c80e17c: 0048 b900 | 0000 0000 | 0000 004c | 8bc0 0f1f 

  0x00007f036c80e18c: ;   {static_call}
  0x00007f036c80e18c: 4400 00e8 

  0x00007f036c80e190: ; ImmutableOopMap {[104]=Oop [112]=Oop [120]=Oop [144]=Oop }
                      ;*invokestatic casTabAt {reexecute=0 rethrow=0 return_oop=0}
                      ; - java.util.concurrent.ConcurrentHashMap::putVal@94 (line 1019)
  0x00007f036c80e190: 6cfd be07 

  0x00007f036c80e194: ;   {other}
  0x00007f036c80e194: 0f1f 8400 | 0408 0003 

  0x00007f036c80e19c: ;   {metadata(method data for {method} {0x000072564f409d70} 'putVal' '(Ljava/lang/Object;Ljava/lang/Object;Z)Ljava/lang/Object;' in 'java/util/concurrent/ConcurrentHashMap')}
  0x00007f036c80e19c: 85c0 48ba | 5054 0144 | 5672 0000 | 48c7 c1c0 | 0200 0075 | 0748 c7c1 | b002 0000 | 488b 340a 
  0x00007f036c80e1bc: 488d 7601 | 4889 340a | 0f85 b70e | 0000 488b | 8424 9000 | 0000 8bb4 | 2484 0000 | 0044 8b84 
  0x00007f036c80e1dc: 2480 0000 | 0048 8b4c | 2478 e93b | 0d00 008b | 780c 83ff 

  0x00007f036c80e1f0: ;   {metadata(method data for {method} {0x000072564f409d70} 'putVal' '(Ljava/lang/Object;Ljava/lang/Object;Z)Ljava/lang/Object;' in 'java/util/concurrent/ConcurrentHashMap')}
  0x00007f036c80e1f0: ff48 ba50 | 5401 4456 | 7200 0048 | c7c1 e802 | 0000 7507 | 48c7 c1f8 | 0200 0048 | 8b34 0a48 
  0x00007f036c80e210: 8d76 0148 | 8934 0a0f | 8560 0000 | 0048 8b74 

  0x00007f036c80e220: ;   {metadata(method data for {method} {0x000072564f409d70} 'putVal' '(Ljava/lang/Object;Ljava/lang/Object;Z)Ljava/lang/Object;' in 'java/util/concurrent/ConcurrentHashMap')}
  0x00007f036c80e220: 2468 48ba | 5054 0144 | 5672 0000 | 4883 8208 | 0300 0001 | 488b 9424 | 9000 0000 | 488b c848 
  0x00007f036c80e240: 8b74 2468 

  0x00007f036c80e244: ;   {optimized virtual_call}
  0x00007f036c80e244: 6666 90e8 

  0x00007f036c80e248: ; ImmutableOopMap {[104]=Oop [112]=Oop [120]=Oop }
                      ;*invokevirtual helpTransfer {reexecute=0 rethrow=0 return_oop=0}
                      ; - java.util.concurrent.ConcurrentHashMap::putVal@120 (line 1023)
  0x00007f036c80e248: 346e 4507 

  0x00007f036c80e24c: ;   {other}
  0x00007f036c80e24c: 0f1f 8400 | bc08 0004 

  0x00007f036c80e254: ;   {metadata(method data for {method} {0x000072564f409d70} 'putVal' '(Ljava/lang/Object;Ljava/lang/Object;Z)Ljava/lang/Object;' in 'java/util/concurrent/ConcurrentHashMap')}
  0x00007f036c80e254: 48ba 5054 | 0144 5672 | 0000 ff82 | 4003 0000 | 8bb4 2484 | 0000 0044 | 8b84 2480 | 0000 0048 
  0x00007f036c80e274: 8b4c 2478 | e9a9 0c00 | 0044 8b84 | 2480 0000 | 0045 85c0 

  0x00007f036c80e288: ;   {metadata(method data for {method} {0x000072564f409d70} 'putVal' '(Ljava/lang/Object;Ljava/lang/Object;Z)Ljava/lang/Object;' in 'java/util/concurrent/ConcurrentHashMap')}
  0x00007f036c80e288: 48ba 5054 | 0144 5672 | 0000 48c7 | c668 0300 | 0075 0748 | c7c6 5803 | 0000 488b | 1c32 488d 
  0x00007f036c80e2a8: 5b01 4889 | 1c32 0f85 | 0c00 0000 | 89bc 24a0 | 0000 00e9 | d401 0000 | 3bbc 2488 

  0x00007f036c80e2c4: ;   {metadata(method data for {method} {0x000072564f409d70} 'putVal' '(Ljava/lang/Object;Ljava/lang/Object;Z)Ljava/lang/Object;' in 'java/util/concurrent/ConcurrentHashMap')}
  0x00007f036c80e2c4: 0000 0048 | ba50 5401 | 4456 7200 | 0048 c7c6 | 8803 0000 | 7407 48c7 | c678 0300 | 0048 8b1c 
  0x00007f036c80e2e4: 3248 8d5b | 0148 891c | 320f 840c | 0000 0089 | bc24 a000 | 0000 e995 | 0100 0048 | 8b54 2470 
  0x00007f036c80e304: 8b70 1048 

  0x00007f036c80e308: ;   {metadata(method data for {method} {0x000072564f409d70} 'putVal' '(Ljava/lang/Object;Ljava/lang/Object;Z)Ljava/lang/Object;' in 'java/util/concurrent/ConcurrentHashMap')}
  0x00007f036c80e308: 3bf2 48bb | 5054 0144 | 5672 0000 | 48c7 c1a8 | 0300 0075 | 0748 c7c1 | 9803 0000 | 4c8b 0c0b 
  0x00007f036c80e328: 4d8d 4901 | 4c89 0c0b | 0f85 0c00 | 0000 89bc | 24a0 0000 | 00e9 2001 | 0000 4885 

  0x00007f036c80e344: ;   {metadata(method data for {method} {0x000072564f409d70} 'putVal' '(Ljava/lang/Object;Ljava/lang/Object;Z)Ljava/lang/Object;' in 'java/util/concurrent/ConcurrentHashMap')}
  0x00007f036c80e344: f648 bb50 | 5401 4456 | 7200 0048 | c7c1 b803 | 0000 7407 | 48c7 c1c8 | 0300 004c | 8b0c 0b4d 
  0x00007f036c80e364: 8d49 014c | 890c 0b89 | bc24 a000 | 0000 0f84 | 1c01 0000 

  0x00007f036c80e378: ;   {metadata(method data for {method} {0x000072564f409d70} 'putVal' '(Ljava/lang/Object;Ljava/lang/Object;Z)Ljava/lang/Object;' in 'java/util/concurrent/ConcurrentHashMap')}
  0x00007f036c80e378: 488b da48 | b950 5401 | 4456 7200 | 008b 5b08 | 49ba 0000 | 004f 5672 | 0000 4903 | da48 3b99 
  0x00007f036c80e398: e803 0000 | 750d 4883 | 81f0 0300 | 0001 e960 | 0000 0048 | 3b99 f803 | 0000 750d | 4883 8100 
  0x00007f036c80e3b8: 0400 0001 | e94a 0000 | 0048 83b9 | e803 0000 | 0075 1748 | 8999 e803 | 0000 48c7 | 81f0 0300 
  0x00007f036c80e3d8: 0001 0000 | 00e9 2900 | 0000 4883 | b9f8 0300 | 0000 7517 | 4889 99f8 | 0300 0048 | c781 0004 
  0x00007f036c80e3f8: 0000 0100 | 0000 e908 | 0000 0048 | 8381 d803 | 0000 0148 | 8bda 488b | d648 8bf3 | 9048 b808 
  0x00007f036c80e418: ea00 4f56 

  0x00007f036c80e41c: ;   {virtual_call}
  0x00007f036c80e41c: 7200 00e8 

  0x00007f036c80e420: ; ImmutableOopMap {[104]=Oop [112]=Oop [120]=Oop [144]=Oop [152]=Oop }
                      ;*invokevirtual equals {reexecute=0 rethrow=0 return_oop=0}
                      ; - java.util.concurrent.ConcurrentHashMap::putVal@159 (line 1026)
  0x00007f036c80e420: fc0e c107 

  0x00007f036c80e424: ;   {other}
  0x00007f036c80e424: 0f1f 8400 | 940a 0005 

  0x00007f036c80e42c: ;   {metadata(method data for {method} {0x000072564f409d70} 'putVal' '(Ljava/lang/Object;Ljava/lang/Object;Z)Ljava/lang/Object;' in 'java/util/concurrent/ConcurrentHashMap')}
  0x00007f036c80e42c: 85c0 48b8 | 5054 0144 | 5672 0000 | 48c7 c610 | 0400 0074 | 0748 c7c6 | 2004 0000 | 488b 1430 
  0x00007f036c80e44c: 488d 5201 | 4889 1430 | 488b 8424 | 9800 0000 | 0f84 3200 | 0000 8b70 | 1448 85f6 

  0x00007f036c80e468: ;   {metadata(method data for {method} {0x000072564f409d70} 'putVal' '(Ljava/lang/Object;Ljava/lang/Object;Z)Ljava/lang/Object;' in 'java/util/concurrent/ConcurrentHashMap')}
  0x00007f036c80e468: 48ba 5054 | 0144 5672 | 0000 48c7 | c740 0400 | 0075 0748 | c7c7 3004 | 0000 488b | 1c3a 488d 
  0x00007f036c80e488: 5b01 4889 | 1c3a 0f85 | d40b 0000 | 488d b424 | d000 0000 | 488b f848 | 897e 0848 | 8b07 4883 
  0x00007f036c80e4a8: c801 4889 | 06f0 480f | b137 0f84 | 1200 0000 | 482b c448 | 2507 f0ff | ff48 8906 | 0f85 6f0e 
  0x00007f036c80e4c8: 0000 49ff | 8768 0800 

  0x00007f036c80e4d0: ;   {metadata(method data for {method} {0x000072564f409d70} 'putVal' '(Ljava/lang/Object;Ljava/lang/Object;Z)Ljava/lang/Object;' in 'java/util/concurrent/ConcurrentHashMap')}
  0x00007f036c80e4d0: 0048 be50 | 5401 4456 | 7200 0048 | 8386 5004 | 0000 0148 | 8bb4 2490 | 0000 008b | 9424 8c00 
  0x00007f036c80e4f0: 0000 0f1f 

  0x00007f036c80e4f4: ;   {static_call}
  0x00007f036c80e4f4: 4400 00e8 

  0x00007f036c80e4f8: ; ImmutableOopMap {[104]=Oop [112]=Oop [120]=Oop [144]=Oop [152]=Oop [216]=Oop }
                      ;*invokestatic tabAt {reexecute=0 rethrow=0 return_oop=0}
                      ; - java.util.concurrent.ConcurrentHashMap::putVal@192 (line 1032)
  0x00007f036c80e4f8: 04fd be07 

  0x00007f036c80e4fc: ;   {other}
  0x00007f036c80e4fc: 0f1f 8400 | 6c0b 0006 | 488b bc24 | 9800 0000 

  0x00007f036c80e50c: ;   {metadata(method data for {method} {0x000072564f409d70} 'putVal' '(Ljava/lang/Object;Ljava/lang/Object;Z)Ljava/lang/Object;' in 'java/util/concurrent/ConcurrentHashMap')}
  0x00007f036c80e50c: 483b c748 | ba50 5401 | 4456 7200 | 0048 c7c6 | 7004 0000 | 7407 48c7 | c660 0400 | 0048 8b1c 
  0x00007f036c80e52c: 3248 8d5b | 0148 891c | 320f 8423 | 0000 008b | 8424 8400 

  0x00007f036c80e540: ;   {oop(nullptr)}
  0x00007f036c80e540: 0000 48bf | 0000 0000 | 0000 0000 | 448b 8424 | 8000 0000 | 488b 4c24 | 78e9 5209 | 0000 8b94 
  0x00007f036c80e560: 24a0 0000 

  0x00007f036c80e564: ;   {metadata(method data for {method} {0x000072564f409d70} 'putVal' '(Ljava/lang/Object;Ljava/lang/Object;Z)Ljava/lang/Object;' in 'java/util/concurrent/ConcurrentHashMap')}
  0x00007f036c80e564: 0085 d248 | ba50 5401 | 4456 7200 | 0048 c7c6 | 8004 0000 | 7c07 48c7 | c690 0400 | 0048 8b1c 
  0x00007f036c80e584: 3248 8d5b | 0148 891c | 3248 8bc7 | 0f8c 7804 | 0000 bb01 | 0000 000f | 1f44 0000 | 899c 24a4 
  0x00007f036c80e5a4: 0000 008b | b424 8800 | 0000 488b | 5424 708b | 480c 3bce 

  0x00007f036c80e5b8: ;   {metadata(method data for {method} {0x000072564f409d70} 'putVal' '(Ljava/lang/Object;Ljava/lang/Object;Z)Ljava/lang/Object;' in 'java/util/concurrent/ConcurrentHashMap')}
  0x00007f036c80e5b8: 48b9 5054 | 0144 5672 | 0000 49c7 | c0b0 0400 | 0074 0749 | c7c0 a004 | 0000 4e8b | 0c01 4d8d 
  0x00007f036c80e5d8: 4901 4e89 | 0c01 0f84 | 0800 0000 | 4c8b c0e9 | 5e01 0000 | 8b48 1048 

  0x00007f036c80e5f0: ;   {metadata(method data for {method} {0x000072564f409d70} 'putVal' '(Ljava/lang/Object;Ljava/lang/Object;Z)Ljava/lang/Object;' in 'java/util/concurrent/ConcurrentHashMap')}
  0x00007f036c80e5f0: 3bca 49b8 | 5054 0144 | 5672 0000 | 49c7 c1c0 | 0400 0074 | 0749 c7c1 | d004 0000 | 4f8b 1c08 
  0x00007f036c80e610: 4d8d 5b01 | 4f89 1c08 | 0f84 b401 | 0000 4885 

  0x00007f036c80e620: ;   {metadata(method data for {method} {0x000072564f409d70} 'putVal' '(Ljava/lang/Object;Ljava/lang/Object;Z)Ljava/lang/Object;' in 'java/util/concurrent/ConcurrentHashMap')}
  0x00007f036c80e620: c949 b850 | 5401 4456 | 7200 0049 | c7c1 f004 | 0000 7507 | 49c7 c1e0 | 0400 004f | 8b1c 084d 
  0x00007f036c80e640: 8d5b 014f | 891c 080f | 8508 0000 | 004c 8bc0 | e9f5 0000 | 0048 8984 | 24a8 0000 | 004c 8bc2 
  0x00007f036c80e660: ;   {metadata(method data for {method} {0x000072564f409d70} 'putVal' '(Ljava/lang/Object;Ljava/lang/Object;Z)Ljava/lang/Object;' in 'java/util/concurrent/ConcurrentHashMap')}
  0x00007f036c80e660: 49b9 5054 | 0144 5672 | 0000 458b | 4008 49ba | 0000 004f | 5672 0000 | 4d03 c24d | 3b81 1005 
  0x00007f036c80e680: 0000 750d | 4983 8118 | 0500 0001 | e960 0000 | 004d 3b81 | 2005 0000 | 750d 4983 | 8128 0500 
  0x00007f036c80e6a0: 0001 e94a | 0000 0049 | 83b9 1005 | 0000 0075 | 174d 8981 | 1005 0000 | 49c7 8118 | 0500 0001 
  0x00007f036c80e6c0: 0000 00e9 | 2900 0000 | 4983 b920 | 0500 0000 | 7517 4d89 | 8120 0500 | 0049 c781 | 2805 0000 
  0x00007f036c80e6e0: 0100 0000 | e908 0000 | 0049 8381 | 0005 0000 | 014c 8bc2 | 488b d149 | 8bf0 6666 | 9048 b808 
  0x00007f036c80e700: ea00 4f56 

  0x00007f036c80e704: ;   {virtual_call}
  0x00007f036c80e704: 7200 00e8 

  0x00007f036c80e708: ; ImmutableOopMap {[104]=Oop [112]=Oop [120]=Oop [144]=Oop [152]=Oop [168]=Oop [216]=Oop }
                      ;*invokevirtual equals {reexecute=0 rethrow=0 return_oop=0}
                      ; - java.util.concurrent.ConcurrentHashMap::putVal@242 (line 1039)
  0x00007f036c80e708: 140c c107 

  0x00007f036c80e70c: ;   {other}
  0x00007f036c80e70c: 0f1f 8400 | 7c0d 0007 

  0x00007f036c80e714: ;   {metadata(method data for {method} {0x000072564f409d70} 'putVal' '(Ljava/lang/Object;Ljava/lang/Object;Z)Ljava/lang/Object;' in 'java/util/concurrent/ConcurrentHashMap')}
  0x00007f036c80e714: 85c0 48ba | 5054 0144 | 5672 0000 | 48c7 c648 | 0500 0075 | 0748 c7c6 | 3805 0000 | 488b 3c32 
  0x00007f036c80e734: 488d 7f01 | 4889 3c32 | 4c8b 8424 | a800 0000 | 0f85 8b00 | 0000 418b | 5018 4885 

  0x00007f036c80e750: ;   {metadata(method data for {method} {0x000072564f409d70} 'putVal' '(Ljava/lang/Object;Ljava/lang/Object;Z)Ljava/lang/Object;' in 'java/util/concurrent/ConcurrentHashMap')}
  0x00007f036c80e750: d248 be50 | 5401 4456 | 7200 0048 | c7c7 a005 | 0000 7407 | 48c7 c790 | 0500 0048 | 8b04 3e48 
  0x00007f036c80e770: 8d40 0148 | 8904 3e8b | 9c24 a400 | 0000 0f84 | e100 0000 

  0x00007f036c80e784: ;   {metadata(method data for {method} {0x000072564f409d70} 'putVal' '(Ljava/lang/Object;Ljava/lang/Object;Z)Ljava/lang/Object;' in 'java/util/concurrent/ConcurrentHashMap')}
  0x00007f036c80e784: ffc3 48be | 5054 0144 | 5672 0000 | 8bbe f800 | 0000 83c7 | 0289 bef8 | 0000 0081 | e7fe 3f00 
  0x00007f036c80e7a4: 0085 ff0f | 84a4 0b00 | 004d 8b97 

  0x00007f036c80e7b0: ; ImmutableOopMap {rdx=Oop [104]=Oop [112]=Oop [120]=Oop [144]=Oop [152]=Oop [216]=Oop }
                      ;*goto {reexecute=1 rethrow=0 return_oop=0}
                      ; - (reexecute) java.util.concurrent.ConcurrentHashMap::putVal@305 (line 1035)
  0x00007f036c80e7b0: 7007 0000 

  0x00007f036c80e7b4: ;   {poll}
  0x00007f036c80e7b4: 4185 0248 | be50 5401 | 4456 7200 | 00ff 86d8 | 0500 004c | 8bc2 498b | c0e9 cefd | ffff 4c8b 
  0x00007f036c80e7d4: c08b 9c24 | a400 0000 | 448b 8c24 | 8000 0000 | 418b 5014 

  0x00007f036c80e7e8: ;   {metadata(method data for {method} {0x000072564f409d70} 'putVal' '(Ljava/lang/Object;Ljava/lang/Object;Z)Ljava/lang/Object;' in 'java/util/concurrent/ConcurrentHashMap')}
  0x00007f036c80e7e8: 4585 c948 | be50 5401 | 4456 7200 | 0048 c7c7 | 6805 0000 | 7407 48c7 | c758 0500 | 0048 8b04 
  0x00007f036c80e808: 3e48 8d40 | 0148 8904 | 3e0f 8417 | 0000 0044 | 8bac 2488 | 0000 004c | 8b74 2478 | 4c8b 5c24 
  0x00007f036c80e828: 70e9 bf01 | 0000 488b | 4c24 784c | 8bd1 4589 | 5014 f083 | 4424 c000 

  0x00007f036c80e840: ;   {metadata(method data for {method} {0x000072564f409d70} 'putVal' '(Ljava/lang/Object;Ljava/lang/Object;Z)Ljava/lang/Object;' in 'java/util/concurrent/ConcurrentHashMap')}
  0x00007f036c80e840: 48be 5054 | 0144 5672 | 0000 ff86 | 7805 0000 | 448b ac24 | 8800 0000 | 4c8b f14c | 8b5c 2470 
  0x00007f036c80e860: e988 0100 | 008b b424 | 8800 0000 | 448b 8c24 | 8000 0000 | 488b 4c24 | 7848 8b54 | 2470 4c8b 
  0x00007f036c80e880: ;   {metadata('java/util/concurrent/ConcurrentHashMap$Node')}
  0x00007f036c80e880: da48 ba10 | ae17 4f56 | 7200 004c | 8bf1 4c8b | ee49 8b87 | b804 0000 | 488d 4820 | 483b c80f 
  0x00007f036c80e8a0: 82cd 0a00 | 0049 3b8f | c004 0000 | 0f87 c00a | 0000 4989 | 8fb8 0400 | 0048 8bf8 | 48c1 ef06 
  0x00007f036c80e8c0: 49ba 0000 | 40c8 5672 | 0000 458a | 143a 488b | c848 c1e9 | 0348 83e1 | 0748 c7c7 | 0100 0000 
  0x00007f036c80e8e0: 48d3 e74c | 0bd7 488b | f848 c1ef | 0648 b900 | 0040 c856 | 7200 0044 | 8814 3949 | 8387 2802 
  0x00007f036c80e900: 0000 2049 | 8387 2802 | 0000 0048 | c700 0100 | 0000 488b | ca49 ba00 | 0000 4f56 | 7200 0049 
  0x00007f036c80e920: 2bca 8948 | 0848 33c9 | 8948 0c48 | 33c9 4889 | 4810 4889 | 4818 488b 

  0x00007f036c80e938: ;   {metadata(method data for {method} {0x000072564f409d70} 'putVal' '(Ljava/lang/Object;Ljava/lang/Object;Z)Ljava/lang/Object;' in 'java/util/concurrent/ConcurrentHashMap')}
  0x00007f036c80e938: d048 b950 | 5401 4456 | 7200 0048 | 8381 b005 

  0x00007f036c80e948: ;   {metadata(method data for {method} {0x000072564f17b628} '<init>' '(ILjava/lang/Object;Ljava/lang/Object;)V' in 'java/util/concurrent/ConcurrentHashMap$Node')}
  0x00007f036c80e948: 0000 0148 | ba50 5d01 | 4456 7200 | 008b 8af4 | 0000 0083 | c102 898a | f400 0000 | 81e1 feff 
  0x00007f036c80e968: 1f00 85c9 | 0f84 0d0a | 0000 488b 

  0x00007f036c80e974: ;   {metadata(method data for {method} {0x000072564f17b628} '<init>' '(ILjava/lang/Object;Ljava/lang/Object;)V' in 'java/util/concurrent/ConcurrentHashMap$Node')}
  0x00007f036c80e974: d048 b950 | 5d01 4456 | 7200 0048 | 8381 3801 

  0x00007f036c80e984: ;   {metadata(method data for {method} {0x000072564f4791f0} '<init>' '()V' in 'java/lang/Object')}
  0x00007f036c80e984: 0000 0148 | bac0 7000 | 4456 7200 | 008b 8af4 | 0000 0083 | c102 898a | f400 0000 | 81e1 feff 
  0x00007f036c80e9a4: 1f00 85c9 | 0f84 f209 | 0000 4489 | 680c 4d8b | d344 8950 | 104d 8bd6 | 4489 5014 | f083 4424 
  0x00007f036c80e9c4: c000 4c8b | d045 8950 | 18f0 8344 

  0x00007f036c80e9d0: ;   {metadata(method data for {method} {0x000072564f409d70} 'putVal' '(Ljava/lang/Object;Ljava/lang/Object;Z)Ljava/lang/Object;' in 'java/util/concurrent/ConcurrentHashMap')}
  0x00007f036c80e9d0: 24c0 0048 | ba50 5401 | 4456 7200 | 00ff 82c0 

  0x00007f036c80e9e0: ;   {oop(nullptr)}
  0x00007f036c80e9e0: 0500 0048 | ba00 0000 | 0000 0000 

  0x00007f036c80e9ec: ;   {metadata(method data for {method} {0x000072564f409d70} 'putVal' '(Ljava/lang/Object;Ljava/lang/Object;Z)Ljava/lang/Object;' in 'java/util/concurrent/ConcurrentHashMap')}
  0x00007f036c80e9ec: 0048 b950 | 5401 4456 | 7200 00ff | 81f0 0500 | 0048 8bfa | 488b c34d | 8bc1 498b | cee9 a204 
  0x00007f036c80ea0c: 0000 448b | ac24 8800 | 0000 448b | 8c24 8000 | 0000 4c8b | 7424 784c | 8b5c 2470 | 4885 c075 
  0x00007f036c80ea2c: ;   {metadata(method data for {method} {0x000072564f409d70} 'putVal' '(Ljava/lang/Object;Ljava/lang/Object;Z)Ljava/lang/Object;' in 'java/util/concurrent/ConcurrentHashMap')}
  0x00007f036c80ea2c: 1749 b850 | 5401 4456 | 7200 0041 | 8088 0106 | 0000 01e9 | fa00 0000 | 0f1f 4000 

  0x00007f036c80ea48: ;   {no_reloc}
  0x00007f036c80ea48: e983 0900 | 0000 0000 | 0000 448b | 4008 49ba | 0000 004f | 5672 0000 | 4d03 c24c | 3bc6 0f84 
  0x00007f036c80ea68: 2900 0000 | 8b4e 1449 | 3b34 080f | 841c 0000 | 0083 f920 | 0f85 a000 | 0000 4150 

  0x00007f036c80ea84: ;   {runtime_call slow_subtype_check Runtime1 stub}
  0x00007f036c80ea84: 56e8 f659 | 5007 4158 | 5e85 f60f | 848d 0000 

  0x00007f036c80ea94: ;   {metadata(method data for {method} {0x000072564f409d70} 'putVal' '(Ljava/lang/Object;Ljava/lang/Object;Z)Ljava/lang/Object;' in 'java/util/concurrent/ConcurrentHashMap')}
  0x00007f036c80ea94: 0049 b850 | 5401 4456 | 7200 008b | 7008 49ba | 0000 004f | 5672 0000 | 4903 f249 | 3bb0 1806 
  0x00007f036c80eab4: 0000 750d | 4983 8020 | 0600 0001 | e97e 0000 | 0049 3bb0 | 2806 0000 | 750d 4983 | 8030 0600 
  0x00007f036c80ead4: 0001 e968 | 0000 0049 | 83b8 1806 | 0000 0075 | 1749 89b0 | 1806 0000 | 49c7 8020 | 0600 0001 
  0x00007f036c80eaf4: 0000 00e9 | 4700 0000 | 4983 b828 | 0600 0000 | 7517 4989 | b028 0600 | 0049 c780 | 3006 0000 
  0x00007f036c80eb14: 0100 0000 | e926 0000 | 00e9 2100 

  0x00007f036c80eb20: ;   {metadata(method data for {method} {0x000072564f409d70} 'putVal' '(Ljava/lang/Object;Ljava/lang/Object;Z)Ljava/lang/Object;' in 'java/util/concurrent/ConcurrentHashMap')}
  0x00007f036c80eb20: 0000 49b8 | 5054 0144 | 5672 0000 | 4983 a808 | 0600 0001 | e905 0000 | 00e9 0500 | 0000 4833 
  0x00007f036c80eb40: d2eb 0748 | c7c2 0100 | 0000 85d2 

  0x00007f036c80eb4c: ;   {metadata(method data for {method} {0x000072564f409d70} 'putVal' '(Ljava/lang/Object;Ljava/lang/Object;Z)Ljava/lang/Object;' in 'java/util/concurrent/ConcurrentHashMap')}
  0x00007f036c80eb4c: 48ba 5054 | 0144 5672 | 0000 48c7 | c140 0600 | 0074 0748 | c7c1 5006 | 0000 4c8b | 040a 4d8d 
  0x00007f036c80eb6c: 4001 4c89 | 040a 0f84 | 0002 0000 | 4885 c075 

  0x00007f036c80eb7c: ;   {metadata(method data for {method} {0x000072564f409d70} 'putVal' '(Ljava/lang/Object;Ljava/lang/Object;Z)Ljava/lang/Object;' in 'java/util/concurrent/ConcurrentHashMap')}
  0x00007f036c80eb7c: 1648 b950 | 5401 4456 | 7200 0080 | 8959 0600 | 0001 e9f8 | 0000 000f | 1f44 0000 

  0x00007f036c80eb98: ;   {no_reloc}
  0x00007f036c80eb98: e94c 0800 | 0000 0000 | 0000 8b48 | 0849 ba00 | 0000 4f56 | 7200 0049 | 03ca 483b | cf0f 8427 
  0x00007f036c80ebb8: 0000 008b | 5714 483b | 3c11 0f84 | 1a00 0000 | 83fa 200f | 859e 0000 

  0x00007f036c80ebd0: ;   {runtime_call slow_subtype_check Runtime1 stub}
  0x00007f036c80ebd0: 0051 57e8 | a858 5007 | 595f 85ff | 0f84 8d00 

  0x00007f036c80ebe0: ;   {metadata(method data for {method} {0x000072564f409d70} 'putVal' '(Ljava/lang/Object;Ljava/lang/Object;Z)Ljava/lang/Object;' in 'java/util/concurrent/ConcurrentHashMap')}
  0x00007f036c80ebe0: 0000 48b9 | 5054 0144 | 5672 0000 | 8b78 0849 | ba00 0000 | 4f56 7200 | 0049 03fa | 483b b970 
  0x00007f036c80ec00: 0600 0075 | 0d48 8381 | 7806 0000 | 01e9 7900 | 0000 483b | b980 0600 | 0075 0d48 | 8381 8806 
  0x00007f036c80ec20: 0000 01e9 | 6300 0000 | 4883 b970 | 0600 0000 | 7517 4889 | b970 0600 | 0048 c781 | 7806 0000 
  0x00007f036c80ec40: 0100 0000 | e942 0000 | 0048 83b9 | 8006 0000 | 0075 1748 | 89b9 8006 | 0000 48c7 | 8188 0600 
  0x00007f036c80ec60: 0001 0000 | 00e9 2100 | 0000 e91c 

  0x00007f036c80ec6c: ;   {metadata(method data for {method} {0x000072564f409d70} 'putVal' '(Ljava/lang/Object;Ljava/lang/Object;Z)Ljava/lang/Object;' in 'java/util/concurrent/ConcurrentHashMap')}
  0x00007f036c80ec6c: 0000 0048 | b950 5401 | 4456 7200 | 0048 83a9 | 6006 0000 | 01e9 6d07 | 0000 e900 | 0000 0048 
  0x00007f036c80ec8c: 8bf0 498b | d549 8bcb | 4d8b c666 | 0f1f 4400 | 0048 b8ff | ffff ffff 

  0x00007f036c80eca4: ;   {virtual_call}
  0x00007f036c80eca4: ffff ffe8 

  0x00007f036c80eca8: ; ImmutableOopMap {[104]=Oop [112]=Oop [120]=Oop [144]=Oop [152]=Oop [216]=Oop }
                      ;*invokevirtual putTreeVal {reexecute=0 rethrow=0 return_oop=0}
                      ; - java.util.concurrent.ConcurrentHashMap::putVal@331 (line 1055)
  0x00007f036c80eca8: d466 4507 

  0x00007f036c80ecac: ;   {other}
  0x00007f036c80ecac: 0f1f 8400 | 1c13 0009 

  0x00007f036c80ecb4: ;   {metadata(method data for {method} {0x000072564f409d70} 'putVal' '(Ljava/lang/Object;Ljava/lang/Object;Z)Ljava/lang/Object;' in 'java/util/concurrent/ConcurrentHashMap')}
  0x00007f036c80ecb4: 4885 c048 | ba50 5401 | 4456 7200 | 0048 c7c1 | e006 0000 | 7507 48c7 | c1d0 0600 | 0048 8b34 
  0x00007f036c80ecd4: 0a48 8d76 | 0148 8934 | 0a0f 851c 

  0x00007f036c80ece0: ;   {oop(nullptr)}
  0x00007f036c80ece0: 0000 0048 | b800 0000 | 0000 0000 | 0044 8b84 | 2480 0000 | 0048 8b4c | 2478 e95c | 0000 0044 
  0x00007f036c80ed00: 8b84 2480 | 0000 008b | 5014 4585 

  0x00007f036c80ed0c: ;   {metadata(method data for {method} {0x000072564f409d70} 'putVal' '(Ljava/lang/Object;Ljava/lang/Object;Z)Ljava/lang/Object;' in 'java/util/concurrent/ConcurrentHashMap')}
  0x00007f036c80ed0c: c048 b950 | 5401 4456 | 7200 0048 | c7c6 0007 | 0000 7407 | 48c7 c6f0 | 0600 0048 | 8b3c 3148 
  0x00007f036c80ed2c: 8d7f 0148 | 893c 310f | 840d 0000 | 0048 8bc2 | 488b 4c24 | 78e9 1500 | 0000 488b | 4c24 784c 
  0x00007f036c80ed4c: 8bd1 4489 | 5014 f083 | 4424 c000 

  0x00007f036c80ed58: ;   {metadata(method data for {method} {0x000072564f409d70} 'putVal' '(Ljava/lang/Object;Ljava/lang/Object;Z)Ljava/lang/Object;' in 'java/util/concurrent/ConcurrentHashMap')}
  0x00007f036c80ed58: 488b c248 | ba50 5401 | 4456 7200 | 00ff 8210 | 0700 0048 | 8bf8 b802 | 0000 00e9 | 3801 0000 
  0x00007f036c80ed78: 4d8b c149 | 8bce 4885 

  0x00007f036c80ed80: ;   {metadata(method data for {method} {0x000072564f409d70} 'putVal' '(Ljava/lang/Object;Ljava/lang/Object;Z)Ljava/lang/Object;' in 'java/util/concurrent/ConcurrentHashMap')}
  0x00007f036c80ed80: c075 1648 | bf50 5401 | 4456 7200 | 0080 8f21 | 0700 0001 | e9cc 0000 

  0x00007f036c80ed98: ;   {metadata('java/util/concurrent/ConcurrentHashMap$ReservationNode')}
  0x00007f036c80ed98: 0048 bb30 | bf17 4f56 | 7200 008b | 7008 49ba | 0000 004f | 5672 0000 | 4903 f248 | 3bde 0f85 
  0x00007f036c80edb8: 8d00 0000 

  0x00007f036c80edbc: ;   {metadata(method data for {method} {0x000072564f409d70} 'putVal' '(Ljava/lang/Object;Ljava/lang/Object;Z)Ljava/lang/Object;' in 'java/util/concurrent/ConcurrentHashMap')}
  0x00007f036c80edbc: 48bf 5054 | 0144 5672 | 0000 8b58 | 0849 ba00 | 0000 4f56 | 7200 0049 | 03da 483b | 9f38 0700 
  0x00007f036c80eddc: 0075 0d48 | 8387 4007 | 0000 01e9 | 7e00 0000 | 483b 9f48 | 0700 0075 | 0d48 8387 | 5007 0000 
  0x00007f036c80edfc: 01e9 6800 | 0000 4883 | bf38 0700 | 0000 7517 | 4889 9f38 | 0700 0048 | c787 4007 | 0000 0100 
  0x00007f036c80ee1c: 0000 e947 | 0000 0048 | 83bf 4807 | 0000 0075 | 1748 899f | 4807 0000 | 48c7 8750 | 0700 0001 
  0x00007f036c80ee3c: 0000 00e9 | 2600 0000 | e921 0000 

  0x00007f036c80ee48: ;   {metadata(method data for {method} {0x000072564f409d70} 'putVal' '(Ljava/lang/Object;Ljava/lang/Object;Z)Ljava/lang/Object;' in 'java/util/concurrent/ConcurrentHashMap')}
  0x00007f036c80ee48: 0048 bf50 | 5401 4456 | 7200 0048 | 83af 2807 | 0000 01e9 | 0500 0000 | e905 0000 | 0048 33d2 
  0x00007f036c80ee68: eb07 48c7 | c201 0000 

  0x00007f036c80ee70: ;   {metadata(method data for {method} {0x000072564f409d70} 'putVal' '(Ljava/lang/Object;Ljava/lang/Object;Z)Ljava/lang/Object;' in 'java/util/concurrent/ConcurrentHashMap')}
  0x00007f036c80ee70: 0085 d248 | ba50 5401 | 4456 7200 | 0048 c7c6 | 7007 0000 | 7507 48c7 | c660 0700 | 0048 8b3c 
  0x00007f036c80ee90: 3248 8d7f | 0148 893c | 320f 854d | 0200 008b | 8424 8400 

  0x00007f036c80eea4: ;   {oop(nullptr)}
  0x00007f036c80eea4: 0000 48bf | 0000 0000 | 0000 0000 | 488b d848 | 8d84 24d0 | 0000 0048 | 8b10 4885 | d20f 840f 
  0x00007f036c80eec4: 0000 0048 | 8b70 08f0 | 480f b116 | 0f85 2b05 | 0000 49ff | 8f68 0800 

  0x00007f036c80eedc: ;   {metadata(method data for {method} {0x000072564f409d70} 'putVal' '(Ljava/lang/Object;Ljava/lang/Object;Z)Ljava/lang/Object;' in 'java/util/concurrent/ConcurrentHashMap')}
  0x00007f036c80eedc: 0048 ba50 | 5401 4456 | 7200 00ff | 8290 0700 

  0x00007f036c80eeec: ;   {metadata(method data for {method} {0x000072564f409d70} 'putVal' '(Ljava/lang/Object;Ljava/lang/Object;Z)Ljava/lang/Object;' in 'java/util/concurrent/ConcurrentHashMap')}
  0x00007f036c80eeec: 0085 db48 | ba50 5401 | 4456 7200 | 0048 c7c6 | b807 0000 | 7507 48c7 | c6a8 0700 | 0048 8b04 
  0x00007f036c80ef0c: 3248 8d40 | 0148 8904 | 320f 8566 | 0000 0048 | 8b84 2490 | 0000 0048 

  0x00007f036c80ef24: ;   {metadata(method data for {method} {0x000072564f409d70} 'putVal' '(Ljava/lang/Object;Ljava/lang/Object;Z)Ljava/lang/Object;' in 'java/util/concurrent/ConcurrentHashMap')}
  0x00007f036c80ef24: 8bf3 48ba | 5054 0144 | 5672 0000 | 8bba f800 | 0000 83c7 | 0289 baf8 | 0000 0081 | e7fe 3f00 
  0x00007f036c80ef44: 0085 ff0f | 84ca 0400 | 004d 8b97 

  0x00007f036c80ef50: ; ImmutableOopMap {rcx=Oop rax=Oop [104]=Oop [112]=Oop [120]=Oop }
                      ;*goto {reexecute=1 rethrow=0 return_oop=0}
                      ; - (reexecute) java.util.concurrent.ConcurrentHashMap::putVal@420 (line 1074)
  0x00007f036c80ef50: 7007 0000 

  0x00007f036c80ef54: ;   {poll}
  0x00007f036c80ef54: 4185 0248 | ba50 5401 | 4456 7200 | 00ff 8240 | 0800 0048 | 8bd0 488b | c648 8bda | 8984 2484 
  0x00007f036c80ef74: 0000 0048 | 8b7c 2468 | e94f efff | ff48 8b94 | 2490 0000 | 0083 fb08 

  0x00007f036c80ef8c: ;   {metadata(method data for {method} {0x000072564f409d70} 'putVal' '(Ljava/lang/Object;Ljava/lang/Object;Z)Ljava/lang/Object;' in 'java/util/concurrent/ConcurrentHashMap')}
  0x00007f036c80ef8c: 48b9 5054 | 0144 5672 | 0000 48c7 | c6d8 0700 | 007d 0748 | c7c6 c807 | 0000 488b | 0431 488d 
  0x00007f036c80efac: 4001 4889 | 0431 0f8d | 0c00 0000 | 899c 24b8 | 0000 00e9 | 5000 0000 | 4889 bc24 | b000 0000 
  0x00007f036c80efcc: 899c 24b8 | 0000 0044 | 8b8c 248c | 0000 0048 | 8b74 2468 

  0x00007f036c80efe0: ;   {metadata(method data for {method} {0x000072564f409d70} 'putVal' '(Ljava/lang/Object;Ljava/lang/Object;Z)Ljava/lang/Object;' in 'java/util/concurrent/ConcurrentHashMap')}
  0x00007f036c80efe0: 48b9 5054 | 0144 5672 | 0000 4883 | 81e8 0700 | 0001 498b | c948 8b74 | 2468 0f1f 

  0x00007f036c80effc: ;   {optimized virtual_call}
  0x00007f036c80effc: 4400 00e8 

  0x00007f036c80f000: ; ImmutableOopMap {[104]=Oop [176]=Oop }
                      ;*invokevirtual treeifyBin {reexecute=0 rethrow=0 return_oop=0}
                      ; - java.util.concurrent.ConcurrentHashMap::putVal@409 (line 1068)
  0x00007f036c80f000: 7c60 4507 

  0x00007f036c80f004: ;   {other}
  0x00007f036c80f004: 0f1f 8400 | 7416 000b | 488b bc24 | b000 0000 

  0x00007f036c80f014: ;   {metadata(method data for {method} {0x000072564f409d70} 'putVal' '(Ljava/lang/Object;Ljava/lang/Object;Z)Ljava/lang/Object;' in 'java/util/concurrent/ConcurrentHashMap')}
  0x00007f036c80f014: 4885 ff48 | b850 5401 | 4456 7200 | 0048 c7c2 | 3008 0000 | 7507 48c7 | c220 0800 | 0048 8b0c 
  0x00007f036c80f034: 1048 8d49 | 0148 890c | 100f 850c | 0000 008b | 8424 b800 | 0000 e949 | 0000 0048 | 8bc7 4881 
  0x00007f036c80f054: c4f0 0000 

  0x00007f036c80f058: ;   {poll_return}
  0x00007f036c80f058: 005d 493b | a768 0700 | 000f 87d1 | 0300 00c3 | 488b c648 | 81c4 f000 

  0x00007f036c80f070: ;   {poll_return}
  0x00007f036c80f070: 0000 5d49 | 3ba7 6807 | 0000 0f87 | ce03 0000 | c38b 8424 | 8400 0000 

  0x00007f036c80f088: ;   {metadata(method data for {method} {0x000072564f409d70} 'putVal' '(Ljava/lang/Object;Ljava/lang/Object;Z)Ljava/lang/Object;' in 'java/util/concurrent/ConcurrentHashMap')}
  0x00007f036c80f088: 48ba 5054 | 0144 5672 | 0000 ff82 | d002 0000 | 488b 7424 | 6848 8bd6 

  0x00007f036c80f0a0: ;   {metadata(method data for {method} {0x000072564f409d70} 'putVal' '(Ljava/lang/Object;Ljava/lang/Object;Z)Ljava/lang/Object;' in 'java/util/concurrent/ConcurrentHashMap')}
  0x00007f036c80f0a0: 48b9 5054 | 0144 5672 | 0000 4883 | 8158 0800 | 0001 48c7 | c201 0000 | 0048 8bc8 

  0x00007f036c80f0bc: ;   {optimized virtual_call}
  0x00007f036c80f0bc: 6666 90e8 

  0x00007f036c80f0c0: ; ImmutableOopMap {}
                      ;*invokevirtual addCount {reexecute=0 rethrow=0 return_oop=0}
                      ; - java.util.concurrent.ConcurrentHashMap::putVal@427 (line 1075)
  0x00007f036c80f0c0: 3c15 0000 

  0x00007f036c80f0c4: ;   {other}
  0x00007f036c80f0c4: 0f1f 8400 | 3417 000c 

  0x00007f036c80f0cc: ;   {oop(nullptr)}
  0x00007f036c80f0cc: 48b8 0000 | 0000 0000 | 0000 4881 | c4f0 0000 

  0x00007f036c80f0dc: ;   {poll_return}
  0x00007f036c80f0dc: 005d 493b | a768 0700 | 000f 8779 | 0300 00c3 | 0f1f 4000 

  0x00007f036c80f0f0: ;   {no_reloc}
  0x00007f036c80f0f0: e994 0300 | 0000 0000 | 0000 e994 | 0300 0048 

  0x00007f036c80f100: ;   {metadata(method data for {method} {0x000072564f409d70} 'putVal' '(Ljava/lang/Object;Ljava/lang/Object;Z)Ljava/lang/Object;' in 'java/util/concurrent/ConcurrentHashMap')}
  0x00007f036c80f100: 8bd0 48be | 5054 0144 | 5672 0000 | 4883 8680 | 0700 0001 

  0x00007f036c80f114: ;   {oop("Recursive update"{0x00000000403c8048})}
  0x00007f036c80f114: 48ba 4880 | 3c40 0000 | 0000 488b | f048 8984 | 24c0 0000 | 0066 0f1f 

  0x00007f036c80f12c: ;   {optimized virtual_call}
  0x00007f036c80f12c: 4400 00e8 

  0x00007f036c80f130: ; ImmutableOopMap {[152]=Oop [192]=Oop [216]=Oop }
                      ;*invokespecial <init> {reexecute=0 rethrow=0 return_oop=0}
                      ; - java.util.concurrent.ConcurrentHashMap::putVal@374 (line 1063)
  0x00007f036c80f130: 4c5f 4507 

  0x00007f036c80f134: ;   {other}
  0x00007f036c80f134: 0f1f 8400 | a417 000d | 488b 8424 

  0x00007f036c80f140: ; ImmutableOopMap {rax=Oop [152]=Oop [216]=Oop }
                      ;*athrow {reexecute=1 rethrow=0 return_oop=0}
                      ; - (reexecute) java.util.concurrent.ConcurrentHashMap::putVal@377 (line 1063)
  0x00007f036c80f140: c000 0000 

  0x00007f036c80f144: ;   {section_word}
  0x00007f036c80f144: 48ba 44f1 | 806c 037f 

  0x00007f036c80f14c: ;   {runtime_call handle_exception_nofpu Runtime1 stub}
  0x00007f036c80f14c: 0000 e82d | 3e50 0790 | 0f1f 4000 

  0x00007f036c80f158: ;   {no_reloc}
  0x00007f036c80f158: e952 0300 | 0000 0000 | 0000 498b | 87b8 0400 | 0048 8d48 | 3048 3bc8 | 0f82 4303 | 0000 493b 
  0x00007f036c80f178: 8fc0 0400 | 000f 8736 | 0300 0049 | 898f b804 | 0000 488b | f848 c1ef | 0649 ba00 | 0040 c856 
  0x00007f036c80f198: 7200 0045 | 8a14 3a48 | 8bc8 48c1 | e903 4883 | e107 48c7 | c701 0000 | 0048 d3e7 | 4c0b d748 
  0x00007f036c80f1b8: 8bf8 48c1 | ef06 48b9 | 0000 40c8 | 5672 0000 | 4488 1439 | 4983 8728 | 0200 0030 | 4983 8728 
  0x00007f036c80f1d8: 0200 0000 | 48c7 0001 | 0000 0048 | 8bca 49ba | 0000 004f | 5672 0000 | 492b ca89 | 4808 4833 
  0x00007f036c80f1f8: c989 480c | 4833 c948 | 8948 1048 | 8948 1848 | 8948 2048 | 8948 2848 

  0x00007f036c80f210: ;   {metadata(method data for {method} {0x000072564f409d70} 'putVal' '(Ljava/lang/Object;Ljava/lang/Object;Z)Ljava/lang/Object;' in 'java/util/concurrent/ConcurrentHashMap')}
  0x00007f036c80f210: 8bf0 48bf | 5054 0144 | 5672 0000 | 4883 8778 | 0100 0001 | 488b f048 | 8984 24c8 

  0x00007f036c80f22c: ;   {optimized virtual_call}
  0x00007f036c80f22c: 0000 00e8 

  0x00007f036c80f230: ; ImmutableOopMap {[200]=Oop }
                      ;*invokespecial <init> {reexecute=0 rethrow=0 return_oop=0}
                      ; - java.util.concurrent.ConcurrentHashMap::putVal@12 (line 1011)
  0x00007f036c80f230: 4c5e 4507 

  0x00007f036c80f234: ;   {other}
  0x00007f036c80f234: 0f1f 8400 | a418 000f | 488b 8424 | c800 0000 | e9b0 0200 | 0049 8b87 | 1808 0000 | 4d33 d24d 
  0x00007f036c80f254: 8997 1808 | 0000 4d33 | d24d 8997 | 2008 0000 | 488b f048 | 8d84 24d0 | 0000 0048 | 8b38 4885 
  0x00007f036c80f274: ff0f 840f | 0000 0048 | 8b58 08f0 | 480f b13b | 0f85 3c02 | 0000 49ff | 8f68 0800 | 0048 8bc6 
  0x00007f036c80f294: e960 0200 

  0x00007f036c80f298: ;   {metadata({method} {0x000072564f409d70} 'putVal' '(Ljava/lang/Object;Ljava/lang/Object;Z)Ljava/lang/Object;' in 'java/util/concurrent/ConcurrentHashMap')}
  0x00007f036c80f298: 0049 ba70 | 9d40 4f56 | 7200 004c | 8954 2408 | 48c7 0424 | ffff ffff 

  0x00007f036c80f2b0: ;   {runtime_call counter_overflow Runtime1 stub}
  0x00007f036c80f2b0: e8cb 7f50 

  0x00007f036c80f2b4: ; ImmutableOopMap {rsi=Oop rdx=Oop rcx=Oop [104]=Oop [112]=Oop [120]=Oop }
                      ;*synchronization entry
                      ; - java.util.concurrent.ConcurrentHashMap::putVal@-1 (line 1011)
  0x00007f036c80f2b4: 07e9 a3ea 

  0x00007f036c80f2b8: ;   {runtime_call throw_null_pointer_exception Runtime1 stub}
  0x00007f036c80f2b8: ffff e8c1 

  0x00007f036c80f2bc: ; ImmutableOopMap {rdx=Oop [104]=Oop [112]=Oop [120]=Oop }
                      ;*invokevirtual hashCode {reexecute=0 rethrow=0 return_oop=0}
                      ; - java.util.concurrent.ConcurrentHashMap::putVal@17 (line 1012)
                      ;   {metadata({method} {0x000072564f409e20} 'spread' '(I)I' in 'java/util/concurrent/ConcurrentHashMap')}
  0x00007f036c80f2bc: 2450 0749 | ba20 9e40 | 4f56 7200 | 004c 8954 | 2408 48c7 | 0424 ffff 

  0x00007f036c80f2d4: ;   {runtime_call counter_overflow Runtime1 stub}
  0x00007f036c80f2d4: ffff e8a5 

  0x00007f036c80f2d8: ; ImmutableOopMap {[104]=Oop [112]=Oop [120]=Oop }
                      ;*synchronization entry
                      ; - java.util.concurrent.ConcurrentHashMap::spread@-1 (line 697)
                      ; - java.util.concurrent.ConcurrentHashMap::putVal@20 (line 1012)
  0x00007f036c80f2d8: 7f50 07e9 | c5eb ffff 

  0x00007f036c80f2e0: ;   {runtime_call throw_null_pointer_exception Runtime1 stub}
  0x00007f036c80f2e0: e89b 2450 

  0x00007f036c80f2e4: ; ImmutableOopMap {rdi=Oop rbx=Oop [104]=Oop [112]=Oop [120]=Oop }
                      ;*arraylength {reexecute=0 rethrow=0 return_oop=0}
                      ; - java.util.concurrent.ConcurrentHashMap::putVal@41 (line 1016)
  0x00007f036c80f2e4: 0748 8bd2 

  0x00007f036c80f2e8: ;   {runtime_call fast_new_instance Runtime1 stub}
  0x00007f036c80f2e8: e893 2d50 

  0x00007f036c80f2ec: ; ImmutableOopMap {rbx=Oop r11=Oop [104]=Oop [112]=Oop [120]=Oop [144]=Oop }
                      ;*new {reexecute=0 rethrow=0 return_oop=0}
                      ; - java.util.concurrent.ConcurrentHashMap::putVal@83 (line 1019)
  0x00007f036c80f2ec: 07e9 daed 

  0x00007f036c80f2f0: ;   {metadata({method} {0x000072564f17b628} '<init>' '(ILjava/lang/Object;Ljava/lang/Object;)V' in 'java/util/concurrent/ConcurrentHashMap$Node')}
  0x00007f036c80f2f0: ffff 49ba | 28b6 174f | 5672 0000 | 4c89 5424 | 0848 c704 | 24ff ffff 

  0x00007f036c80f308: ;   {runtime_call counter_overflow Runtime1 stub}
  0x00007f036c80f308: ffe8 727f 

  0x00007f036c80f30c: ; ImmutableOopMap {rbx=Oop r11=Oop rax=Oop [104]=Oop [112]=Oop [120]=Oop [144]=Oop }
                      ;*synchronization entry
                      ; - java.util.concurrent.ConcurrentHashMap$Node::<init>@-1 (line 631)
                      ; - java.util.concurrent.ConcurrentHashMap::putVal@91 (line 1019)
  0x00007f036c80f30c: 5007 e9f5 

  0x00007f036c80f310: ;   {metadata({method} {0x000072564f4791f0} '<init>' '()V' in 'java/lang/Object')}
  0x00007f036c80f310: edff ff49 | baf0 9147 | 4f56 7200 | 004c 8954 | 2408 48c7 | 0424 ffff 

  0x00007f036c80f328: ;   {runtime_call counter_overflow Runtime1 stub}
  0x00007f036c80f328: ffff e851 

  0x00007f036c80f32c: ; ImmutableOopMap {rbx=Oop r11=Oop rax=Oop [104]=Oop [112]=Oop [120]=Oop [144]=Oop }
                      ;*synchronization entry
                      ; - java.lang.Object::<init>@-1 (line 45)
                      ; - java.util.concurrent.ConcurrentHashMap$Node::<init>@1 (line 631)
                      ; - java.util.concurrent.ConcurrentHashMap::putVal@91 (line 1019)
  0x00007f036c80f32c: 7f50 07e9 | 10ee ffff 

  0x00007f036c80f334: ;   {runtime_call throw_null_pointer_exception Runtime1 stub}
  0x00007f036c80f334: e847 2450 

  0x00007f036c80f338: ; ImmutableOopMap {rax=Oop [104]=Oop [112]=Oop [120]=Oop [144]=Oop [152]=Oop }
                      ;*getfield hash {reexecute=1 rethrow=0 return_oop=0}
                      ; - (reexecute) java.util.concurrent.ConcurrentHashMap::putVal@105 (line 1022)
  0x00007f036c80f338: 0748 897c | 2408 4889 

  0x00007f036c80f340: ;   {runtime_call monitorenter_nofpu Runtime1 stub}
  0x00007f036c80f340: 3424 e839 

  0x00007f036c80f344: ; ImmutableOopMap {rdi=Oop [104]=Oop [112]=Oop [120]=Oop [144]=Oop [152]=Oop [216]=Oop }
                      ;*monitorenter {reexecute=0 rethrow=0 return_oop=0}
                      ; - java.util.concurrent.ConcurrentHashMap::putVal@187 (line 1031)
  0x00007f036c80f344: 5750 07e9 | 85f1 ffff 

  0x00007f036c80f34c: ;   {runtime_call throw_null_pointer_exception Runtime1 stub}
  0x00007f036c80f34c: e82f 2450 

  0x00007f036c80f350: ; ImmutableOopMap {rax=Oop rdx=Oop [104]=Oop [112]=Oop [120]=Oop [144]=Oop [152]=Oop [216]=Oop }
                      ;*getfield hash {reexecute=1 rethrow=0 return_oop=0}
                      ; - (reexecute) java.util.concurrent.ConcurrentHashMap::putVal@214 (line 1037)
                      ;   {metadata({method} {0x000072564f409d70} 'putVal' '(Ljava/lang/Object;Ljava/lang/Object;Z)Ljava/lang/Object;' in 'java/util/concurrent/ConcurrentHashMap')}
  0x00007f036c80f350: 0749 ba70 | 9d40 4f56 | 7200 004c | 8954 2408 | 48c7 0424 | 3101 0000 

  0x00007f036c80f368: ;   {runtime_call counter_overflow Runtime1 stub}
  0x00007f036c80f368: e813 7f50 

  0x00007f036c80f36c: ; ImmutableOopMap {rdx=Oop [104]=Oop [112]=Oop [120]=Oop [144]=Oop [152]=Oop [216]=Oop }
                      ;*goto {reexecute=1 rethrow=0 return_oop=0}
                      ; - (reexecute) java.util.concurrent.ConcurrentHashMap::putVal@305 (line 1035)
  0x00007f036c80f36c: 07e9 3bf4 | ffff 488b 

  0x00007f036c80f374: ;   {runtime_call fast_new_instance Runtime1 stub}
  0x00007f036c80f374: d2e8 062d 

  0x00007f036c80f378: ; ImmutableOopMap {r8=Oop r11=Oop r14=Oop [104]=Oop [112]=Oop [120]=Oop [144]=Oop [152]=Oop [216]=Oop }
                      ;*new {reexecute=0 rethrow=0 return_oop=0}
                      ; - java.util.concurrent.ConcurrentHashMap::putVal@285 (line 1047)
  0x00007f036c80f378: 5007 e9b7 

  0x00007f036c80f37c: ;   {metadata({method} {0x000072564f17b628} '<init>' '(ILjava/lang/Object;Ljava/lang/Object;)V' in 'java/util/concurrent/ConcurrentHashMap$Node')}
  0x00007f036c80f37c: f5ff ff49 | ba28 b617 | 4f56 7200 | 004c 8954 | 2408 48c7 | 0424 ffff 

  0x00007f036c80f394: ;   {runtime_call counter_overflow Runtime1 stub}
  0x00007f036c80f394: ffff e8e5 

  0x00007f036c80f398: ; ImmutableOopMap {r8=Oop r11=Oop r14=Oop rax=Oop [104]=Oop [112]=Oop [120]=Oop [144]=Oop [152]=Oop [216]=Oop }
                      ;*synchronization entry
                      ; - java.util.concurrent.ConcurrentHashMap$Node::<init>@-1 (line 631)
                      ; - java.util.concurrent.ConcurrentHashMap::putVal@293 (line 1047)
  0x00007f036c80f398: 7e50 07e9 | d2f5 ffff 

  0x00007f036c80f3a0: ;   {metadata({method} {0x000072564f4791f0} '<init>' '()V' in 'java/lang/Object')}
  0x00007f036c80f3a0: 49ba f091 | 474f 5672 | 0000 4c89 | 5424 0848 | c704 24ff 

  0x00007f036c80f3b4: ;   {runtime_call counter_overflow Runtime1 stub}
  0x00007f036c80f3b4: ffff ffe8 

  0x00007f036c80f3b8: ; ImmutableOopMap {r8=Oop r11=Oop r14=Oop rax=Oop [104]=Oop [112]=Oop [120]=Oop [144]=Oop [152]=Oop [216]=Oop }
                      ;*synchronization entry
                      ; - java.lang.Object::<init>@-1 (line 45)
                      ; - java.util.concurrent.ConcurrentHashMap$Node::<init>@1 (line 631)
                      ; - java.util.concurrent.ConcurrentHashMap::putVal@293 (line 1047)
  0x00007f036c80f3b8: c47e 5007 | e9ed f5ff 

  0x00007f036c80f3c0: ;   {metadata(nullptr)}
  0x00007f036c80f3c0: ff48 be00 | 0000 0000 | 0000 00b8 | 000f 050a 

  0x00007f036c80f3d0: ;   {runtime_call load_klass_patching Runtime1 stub}
  0x00007f036c80f3d0: e8ab 6650 

  0x00007f036c80f3d4: ; ImmutableOopMap {r11=Oop r14=Oop rax=Oop [104]=Oop [112]=Oop [120]=Oop [144]=Oop [152]=Oop [216]=Oop }
                      ;*instanceof {reexecute=1 rethrow=0 return_oop=0}
                      ; - (reexecute) java.util.concurrent.ConcurrentHashMap::putVal@313 (line 1052)
  0x00007f036c80f3d4: 07e9 6ef6 

  0x00007f036c80f3d8: ;   {metadata(nullptr)}
  0x00007f036c80f3d8: ffff 48bf | 0000 0000 | 0000 0000 | b800 0f05 

  0x00007f036c80f3e8: ;   {runtime_call load_klass_patching Runtime1 stub}
  0x00007f036c80f3e8: 0ae8 9266 

  0x00007f036c80f3ec: ; ImmutableOopMap {r11=Oop r14=Oop rax=Oop [104]=Oop [112]=Oop [120]=Oop [144]=Oop [152]=Oop [216]=Oop }
                      ;*checkcast {reexecute=1 rethrow=0 return_oop=0}
                      ; - (reexecute) java.util.concurrent.ConcurrentHashMap::putVal@324 (line 1055)
  0x00007f036c80f3ec: 5007 e9a5 | f7ff ff48 

  0x00007f036c80f3f4: ;   {runtime_call throw_class_cast_exception Runtime1 stub}
  0x00007f036c80f3f4: 8904 24e8 

  0x00007f036c80f3f8: ; ImmutableOopMap {r11=Oop r14=Oop rax=Oop [104]=Oop [112]=Oop [120]=Oop [144]=Oop [152]=Oop [216]=Oop }
                      ;*checkcast {reexecute=0 rethrow=0 return_oop=0}
                      ; - java.util.concurrent.ConcurrentHashMap::putVal@324 (line 1055)
  0x00007f036c80f3f8: 844a 5007 

  0x00007f036c80f3fc: ;   {runtime_call throw_null_pointer_exception Runtime1 stub}
  0x00007f036c80f3fc: e87f 2350 

  0x00007f036c80f400: ; ImmutableOopMap {rax=Oop [104]=Oop [112]=Oop [120]=Oop [144]=Oop [152]=Oop [216]=Oop }
                      ;*getfield val {reexecute=1 rethrow=0 return_oop=0}
                      ; - (reexecute) java.util.concurrent.ConcurrentHashMap::putVal@342 (line 1057)
  0x00007f036c80f400: 0748 8d84 | 24d0 0000 | 0048 8904 

  0x00007f036c80f40c: ;   {runtime_call monitorexit_nofpu Runtime1 stub}
  0x00007f036c80f40c: 24e8 6e5c | 5007 e9c6 

  0x00007f036c80f414: ;   {metadata({method} {0x000072564f409d70} 'putVal' '(Ljava/lang/Object;Ljava/lang/Object;Z)Ljava/lang/Object;' in 'java/util/concurrent/ConcurrentHashMap')}
  0x00007f036c80f414: faff ff49 | ba70 9d40 | 4f56 7200 | 004c 8954 | 2408 48c7 | 0424 a401 

  0x00007f036c80f42c: ;   {runtime_call counter_overflow Runtime1 stub}
  0x00007f036c80f42c: 0000 e84d 

  0x00007f036c80f430: ; ImmutableOopMap {rcx=Oop rax=Oop [104]=Oop [112]=Oop [120]=Oop }
                      ;*goto {reexecute=1 rethrow=0 return_oop=0}
                      ; - (reexecute) java.util.concurrent.ConcurrentHashMap::putVal@420 (line 1074)
  0x00007f036c80f430: 7e50 07e9 | 15fb ffff 

  0x00007f036c80f438: ;   {internal_word}
  0x00007f036c80f438: 49ba 5af0 | 806c 037f | 0000 4d89 | 9780 0700 

  0x00007f036c80f448: ;   {runtime_call SafepointBlob}
  0x00007f036c80f448: 00e9 b2bf 

  0x00007f036c80f44c: ;   {internal_word}
  0x00007f036c80f44c: 4507 49ba | 73f0 806c | 037f 0000 | 4d89 9780 

  0x00007f036c80f45c: ;   {runtime_call SafepointBlob}
  0x00007f036c80f45c: 0700 00e9 | 9cbf 4507 

  0x00007f036c80f464: ;   {internal_word}
  0x00007f036c80f464: 49ba def0 | 806c 037f | 0000 4d89 | 9780 0700 

  0x00007f036c80f474: ;   {runtime_call SafepointBlob}
  0x00007f036c80f474: 00e9 86bf 

  0x00007f036c80f478: ;   {metadata(nullptr)}
  0x00007f036c80f478: 4507 48ba | 0000 0000 | 0000 0000 | b800 0f05 

  0x00007f036c80f488: ;   {runtime_call load_klass_patching Runtime1 stub}
  0x00007f036c80f488: 0ae8 f265 

  0x00007f036c80f48c: ; ImmutableOopMap {[152]=Oop [216]=Oop }
                      ;*new {reexecute=1 rethrow=0 return_oop=0}
                      ; - (reexecute) java.util.concurrent.ConcurrentHashMap::putVal@368 (line 1063)
  0x00007f036c80f48c: 5007 e95d | fcff ff48 

  0x00007f036c80f494: ;   {runtime_call new_instance Runtime1 stub}
  0x00007f036c80f494: 8bd2 e8e5 

  0x00007f036c80f498: ; ImmutableOopMap {[152]=Oop [216]=Oop }
                      ;*new {reexecute=0 rethrow=0 return_oop=0}
                      ; - java.util.concurrent.ConcurrentHashMap::putVal@368 (line 1063)
  0x00007f036c80f498: 2850 07e9 | 5ffc ffff 

  0x00007f036c80f4a0: ;   {metadata(nullptr)}
  0x00007f036c80f4a0: 48ba 0000 | 0000 0000 | 0000 b800 

  0x00007f036c80f4ac: ;   {runtime_call load_klass_patching Runtime1 stub}
  0x00007f036c80f4ac: 0f05 0ae8 

  0x00007f036c80f4b0: ; ImmutableOopMap {}
                      ;*new {reexecute=1 rethrow=0 return_oop=0}
                      ; - (reexecute) java.util.concurrent.ConcurrentHashMap::putVal@8 (line 1011)
  0x00007f036c80f4b0: cc65 5007 | e99f fcff | ff48 8bd2 

  0x00007f036c80f4bc: ;   {runtime_call fast_new_instance Runtime1 stub}
  0x00007f036c80f4bc: e8bf 2b50 

  0x00007f036c80f4c0: ; ImmutableOopMap {}
                      ;*new {reexecute=0 rethrow=0 return_oop=0}
                      ; - java.util.concurrent.ConcurrentHashMap::putVal@8 (line 1011)
  0x00007f036c80f4c0: 07e9 49fd | ffff 488d | 8424 d000 | 0000 4889 

  0x00007f036c80f4d0: ;   {runtime_call monitorexit_nofpu Runtime1 stub}
  0x00007f036c80f4d0: 0424 e8a9 | 5b50 07e9 | b5fd ffff | 498b 8718 | 0800 0049 | c787 1808 | 0000 0000 | 0000 49c7 
  0x00007f036c80f4f0: 8720 0800 | 0000 0000 | 0048 81c4 | f000 0000 

  0x00007f036c80f500: ;   {runtime_call unwind_exception Runtime1 stub}
  0x00007f036c80f500: 5de9 7a10 | 5007 f4f4 
[Stub Code]
  0x00007f036c80f508: ;   {no_reloc}
  0x00007f036c80f508: 0f1f 4400 

  0x00007f036c80f50c: ;   {static_stub}
  0x00007f036c80f50c: 0048 bb00 | 0000 0000 

  0x00007f036c80f514: ;   {runtime_call nmethod}
  0x00007f036c80f514: 0000 00e9 | fbff ffff 

  0x00007f036c80f51c: ;   {static_stub}
  0x00007f036c80f51c: 9048 bb00 | 0000 0000 

  0x00007f036c80f524: ;   {runtime_call nmethod}
  0x00007f036c80f524: 0000 00e9 | fbff ffff 

  0x00007f036c80f52c: ;   {static_stub}
  0x00007f036c80f52c: 9048 bb00 | 0000 0000 

  0x00007f036c80f534: ;   {runtime_call nmethod}
  0x00007f036c80f534: 0000 00e9 | fbff ffff 

  0x00007f036c80f53c: ;   {static_stub}
  0x00007f036c80f53c: 9048 bb00 | 0000 0000 

  0x00007f036c80f544: ;   {runtime_call nmethod}
  0x00007f036c80f544: 0000 00e9 | fbff ffff 

  0x00007f036c80f54c: ;   {static_stub}
  0x00007f036c80f54c: 9048 bb00 | 0000 0000 

  0x00007f036c80f554: ;   {runtime_call nmethod}
  0x00007f036c80f554: 0000 00e9 | fbff ffff 

  0x00007f036c80f55c: ;   {static_stub}
  0x00007f036c80f55c: 48bb 0000 | 0000 0000 

  0x00007f036c80f564: ;   {runtime_call nmethod}
  0x00007f036c80f564: 0000 e9fb 

  0x00007f036c80f568: ;   {static_stub}
  0x00007f036c80f568: ffff ff48 | bb00 0000 | 0000 0000 

  0x00007f036c80f574: ;   {runtime_call nmethod}
  0x00007f036c80f574: 00e9 fbff 

  0x00007f036c80f578: ;   {static_stub}
  0x00007f036c80f578: ffff 48bb | 0000 0000 | 0000 0000 

  0x00007f036c80f584: ;   {runtime_call nmethod}
  0x00007f036c80f584: e9fb ffff 

  0x00007f036c80f588: ;   {static_stub}
  0x00007f036c80f588: ff48 bb00 | 0000 0000 

  0x00007f036c80f590: ;   {runtime_call nmethod}
  0x00007f036c80f590: 0000 00e9 | fbff ffff 

  0x00007f036c80f598: ;   {static_stub}
  0x00007f036c80f598: 48bb 0000 | 0000 0000 

  0x00007f036c80f5a0: ;   {runtime_call nmethod}
  0x00007f036c80f5a0: 0000 e9fb 

  0x00007f036c80f5a4: ;   {static_stub}
  0x00007f036c80f5a4: ffff ff48 | bb18 9d40 | 4f56 7200 

  0x00007f036c80f5b0: ;   {runtime_call I2C/C2I adapters}
  0x00007f036c80f5b0: 00e9 2d4f 

  0x00007f036c80f5b4: ;   {static_stub}
  0x00007f036c80f5b4: 4507 48bb | 0000 0000 | 0000 0000 

  0x00007f036c80f5c0: ;   {runtime_call nmethod}
  0x00007f036c80f5c0: e9fb ffff 

  0x00007f036c80f5c4: ;   {runtime_call handle_exception_from_callee Runtime1 stub}
  0x00007f036c80f5c4: ffe8 b63f 

  0x00007f036c80f5c8: ;   {external_word}
  0x00007f036c80f5c8: 5007 48bf | bb51 548c | 037f 0000 | 4883 e4f0 

  0x00007f036c80f5d8: ;   {runtime_call MacroAssembler::debug64(char*, long, long*)}
  0x00007f036c80f5d8: e873 b87f 

  0x00007f036c80f5dc: ;   {section_word}
  0x00007f036c80f5dc: 1ff4 49ba | def5 806c | 037f 0000 

  0x00007f036c80f5e8: ;   {runtime_call DeoptimizationBlob}
  0x00007f036c80f5e8: 4152 e9b1 | b045 07f4 
[/MachCode]


---------------  P R O C E S S  ---------------

Threads class SMR info:
_java_thread_list=0x00007255ac04ee20, length=17, elements={
0x00007f038402b240, 0x00007f0384526f30, 0x00007f03845287c0, 0x00007f038452a2b0,
0x00007f0384548ae0, 0x00007f038454a430, 0x00007f038454bcf0, 0x00007f038454db30,
0x00007f0384557500, 0x00007255c804d5b0, 0x00007255bc0015f0, 0x00007f038459e5c0,
0x00007f03845a15c0, 0x00007255bc0167f0, 0x00007255c004d660, 0x00007255c004ecd0,
0x00007255ac04d6c0
}

Java Threads: ( => current thread )
=>0x00007f038402b240 JavaThread "main"                              [_thread_in_Java, id=391682, stack(0x00007f038b300000,0x00007f038b400000) (1024K)]
  0x00007f0384526f30 JavaThread "Reference Handler"          daemon [_thread_blocked, id=391686, stack(0x00007f0389f42000,0x00007f038a042000) (1024K)]
  0x00007f03845287c0 JavaThread "Finalizer"                  daemon [_thread_blocked, id=391687, stack(0x00007f0389b00000,0x00007f0389c00000) (1024K)]
  0x00007f038452a2b0 JavaThread "MMTk Finalizer Thread"      daemon [_thread_blocked, id=391688, stack(0x00007f0389a00000,0x00007f0389b00000) (1024K)]
  0x00007f0384548ae0 JavaThread "Signal Dispatcher"          daemon [_thread_blocked, id=391712, stack(0x00007f03881e9000,0x00007f03882e9000) (1024K)]
  0x00007f038454a430 JavaThread "Service Thread"             daemon [_thread_blocked, id=391713, stack(0x00007f03880e9000,0x00007f03881e9000) (1024K)]
  0x00007f038454bcf0 JavaThread "Monitor Deflation Thread"   daemon [_thread_blocked, id=391714, stack(0x00007f034c6ff000,0x00007f034c7ff000) (1024K)]
  0x00007f038454db30 JavaThread "C2 CompilerThread0"         daemon [_thread_blocked, id=391715, stack(0x00007f034c5ff000,0x00007f034c6ff000) (1024K)]
  0x00007f0384557500 JavaThread "C1 CompilerThread0"         daemon [_thread_blocked, id=391716, stack(0x00007f034c4ff000,0x00007f034c5ff000) (1024K)]
  0x00007255c804d5b0 JavaThread "C1 CompilerThread1"         daemon [_thread_blocked, id=391717, stack(0x00007256982fc000,0x00007256983fc000) (1024K)]
  0x00007255bc0015f0 JavaThread "C1 CompilerThread2"         daemon [_thread_blocked, id=391718, stack(0x0000725695100000,0x0000725695200000) (1024K)]
  0x00007f038459e5c0 JavaThread "Notification Thread"        daemon [_thread_blocked, id=391719, stack(0x0000725695000000,0x0000725695100000) (1024K)]
  0x00007f03845a15c0 JavaThread "Common-Cleaner"             daemon [_thread_blocked, id=391720, stack(0x0000725694f00000,0x0000725695000000) (1024K)]
  0x00007255bc0167f0 JavaThread "C2 CompilerThread1"         daemon [_thread_blocked, id=391721, stack(0x0000725694e00000,0x0000725694f00000) (1024K)]
  0x00007255c004d660 JavaThread "C1 CompilerThread3"         daemon [_thread_blocked, id=391722, stack(0x0000725694d00000,0x0000725694e00000) (1024K)]
  0x00007255c004ecd0 JavaThread "C1 CompilerThread4"         daemon [_thread_blocked, id=391723, stack(0x0000725694c00000,0x0000725694d00000) (1024K)]
  0x00007255ac04d6c0 JavaThread "C2 CompilerThread2"         daemon [_thread_blocked, id=391724, stack(0x0000725694b00000,0x0000725694c00000) (1024K)]
Total: 17

Other Threads:
  0x00007f038451ba80 VMThread "VM Thread"                           [id=391685, stack(0x00007f038a043000,0x00007f038a143000) (1024K)] _threads_hazard_ptr=0x00007255ac04ee20
  0x00007f03845096d0 WatcherThread "VM Periodic Task Thread"        [id=391684, stack(0x00007f038a144000,0x00007f038a244000) (1024K)]
Total: 2

Threads with active compile tasks:
Total: 0

VM state: synchronizing (normal execution)

VM Mutex/Monitor currently owned by a thread:  ([mutex/lock_event])
[0x00007f038c9580d0] Threads_lock - owner thread: 0x00007f038451ba80

Heap address: 0x0000000040000000, size: 3072 MB, Compressed Oops mode: 32-bit

CDS archive(s) mapped at: [0x000072564f000000-0x000072564fca3000-0x000072564fca3000), size 13250560, SharedBaseAddress: 0x000072564f000000, ArchiveRelocationMode: 1.
Compressed class space mapped at: 0x0000725650000000-0x0000725690000000, reserved size: 1073741824
Narrow klass base: 0x000072564f000000, Narrow klass shift: 0, Narrow klass range: 0x100000000

GC Precious Log:
<Empty>

Heap:

[error occurred during error reporting (printing heap information), id 0xe0000000, Internal Error (/mydata/mmtk-openjdk/openjdk/share/mmtkHeap.cpp:424)]
Metaspace:

Usage:
  Non-class:      4.02 MB used.
      Class:    454.38 KB used.
       Both:      4.47 MB used.

Virtual space:
  Non-class space:       64.00 MB reserved,       4.06 MB (  6%) committed,  1 nodes.
      Class space:        1.00 GB reserved,     576.00 KB ( <1%) committed,  1 nodes.
             Both:        1.06 GB reserved,       4.62 MB ( <1%) committed. 

Chunk freelists:
   Non-Class:  10.56 MB
       Class:  15.48 MB
        Both:  26.05 MB

MaxMetaspaceSize: unlimited
CompressedClassSpaceSize: 1.00 GB
Initial GC threshold: 21.00 MB
Current GC threshold: 21.00 MB
CDS: on
 - commit_granule_bytes: 65536.
 - commit_granule_words: 8192.
 - virtual_space_node_default_size: 8388608.
 - enlarge_chunks_in_place: 1.
 - use_allocation_guard: 0.


Internal statistics:

num_allocs_failed_limit: 0.
num_arena_births: 72.
num_arena_deaths: 0.
num_vsnodes_births: 2.
num_vsnodes_deaths: 0.
num_space_committed: 74.
num_space_uncommitted: 0.
num_chunks_returned_to_freelist: 0.
num_chunks_taken_from_freelist: 165.
num_chunk_merges: 0.
num_chunk_splits: 105.
num_chunks_enlarged: 76.
num_inconsistent_stats: 0.

CodeHeap 'non-profiled nmethods': size=118880Kb used=390Kb max_used=390Kb free=118489Kb
 bounds [0x00007f03743e8000, 0x00007f0374658000, 0x00007f037b800000]
CodeHeap 'profiled nmethods': size=118876Kb used=2515Kb max_used=2515Kb free=116360Kb
 bounds [0x00007f036c800000, 0x00007f036ca80000, 0x00007f0373c17000]
CodeHeap 'non-nmethods': size=8004Kb used=3436Kb max_used=3465Kb free=4567Kb
 bounds [0x00007f0373c17000, 0x00007f0373f87000, 0x00007f03743e8000]
CodeCache: size=245760Kb, used=6341Kb, max_used=6370Kb, free=239416Kb
 total_blobs=1809, nmethods=1354, adapters=355, full_count=0
Compilation: enabled, stopped_count=0, restarted_count=0

Compilation events (20 events):
Event: 2.634 Thread 0x00007f0384557500 nmethod 1345 0x00007f036ca68c10 code [0x00007f036ca68e60, 0x00007f036ca69380]
Event: 2.634 Thread 0x00007f0384557500 1347       3       java.lang.StringBuilder::<init> (6 bytes)
Event: 2.634 Thread 0x00007255c804d5b0 1348       3       java.lang.invoke.MethodHandles$Lookup::checkAccess (200 bytes)
Event: 2.634 Thread 0x00007f0384557500 nmethod 1347 0x00007f036ca69690 code [0x00007f036ca69840, 0x00007f036ca69978]
Event: 2.635 Thread 0x00007255bc0015f0 nmethod 1341 0x00007f036ca69a10 code [0x00007f036ca69f60, 0x00007f036ca6d098]
Event: 2.635 Thread 0x00007255c804d5b0 nmethod 1348 0x00007f036ca6e310 code [0x00007f036ca6e5a0, 0x00007f036ca6f078]
Event: 2.635 Thread 0x00007255c004d660 1349       3       sun.net.util.URLUtil::urlNoFragString (143 bytes)
Event: 2.636 Thread 0x00007255bc0015f0 1350   !   3       jdk.internal.loader.URLClassPath$JarLoader::checkResource (73 bytes)
Event: 2.636 Thread 0x00007255bc0015f0 nmethod 1350 0x00007f036ca6f390 code [0x00007f036ca6f5c0, 0x00007f036ca6fe08]
Event: 2.636 Thread 0x00007255c004d660 nmethod 1349 0x00007f036ca70210 code [0x00007f036ca70540, 0x00007f036ca71518]
Event: 2.637 Thread 0x00007255ac04d6c0 nmethod 1346 0x00007f0374447190 code [0x00007f0374447340, 0x00007f03744478e0]
Event: 2.637 Thread 0x00007255c804d5b0 1351       3       java.lang.invoke.Invokers$Holder::linkToTargetMethod (9 bytes)
Event: 2.637 Thread 0x00007255c804d5b0 nmethod 1351 0x00007f036ca71a90 code [0x00007f036ca71c40, 0x00007f036ca72008]
Event: 2.638 Thread 0x00007255bc0015f0 1352       3       java.net.URL::toString (5 bytes)
Event: 2.638 Thread 0x00007255c004d660 1353       3       java.net.URL::toExternalForm (9 bytes)
Event: 2.638 Thread 0x00007255c804d5b0 1354       3       java.net.URLStreamHandler::toExternalForm (156 bytes)
Event: 2.638 Thread 0x00007255c004d660 nmethod 1353 0x00007f036ca72110 code [0x00007f036ca722c0, 0x00007f036ca72490]
Event: 2.638 Thread 0x00007255bc0015f0 nmethod 1352 0x00007f036ca72590 code [0x00007f036ca72740, 0x00007f036ca72968]
Event: 2.638 Thread 0x00007255bc0167f0 nmethod 1330% 0x00007f0374447b90 code [0x00007f0374447e20, 0x00007f03744490f0]
Event: 2.638 Thread 0x00007255c804d5b0 nmethod 1354 0x00007f036ca72a90 code [0x00007f036ca72e60, 0x00007f036ca74638]

GC Heap History (0 events):
No events

Dll operation events (7 events):
Event: 0.001 Loaded shared library /mydata/openjdk-mmtk/build/b0test/images/jdk/lib/libjava.so
Event: 2.219 Loaded shared library /mydata/openjdk-mmtk/build/b0test/images/jdk/lib/libjsvml.so
Event: 2.233 Loaded shared library /mydata/openjdk-mmtk/build/b0test/images/jdk/lib/libnio.so
Event: 2.236 Loaded shared library /mydata/openjdk-mmtk/build/b0test/images/jdk/lib/libzip.so
Event: 2.249 Loaded shared library /mydata/openjdk-mmtk/build/b0test/images/jdk/lib/libjimage.so
Event: 2.276 Loaded shared library /mydata/openjdk-mmtk/build/b0test/images/jdk/lib/libnet.so
Event: 2.544 Loaded shared library /mydata/openjdk-mmtk/build/b0test/images/jdk/lib/libverify.so

Deoptimization events (20 events):
Event: 2.607 Thread 0x00007f038402b240 DEOPT PACKING pc=0x00007f036ca241d5 sp=0x00007f038b3fd680
Event: 2.607 Thread 0x00007f038402b240 DEOPT UNPACKING pc=0x00007f0373c6ab2f sp=0x00007f038b3fcb88 mode 0
Event: 2.612 Thread 0x00007f038402b240 DEOPT PACKING pc=0x00007f036ca241d5 sp=0x00007f038b3fd6b0
Event: 2.612 Thread 0x00007f038402b240 DEOPT UNPACKING pc=0x00007f0373c6ab2f sp=0x00007f038b3fcbb8 mode 0
Event: 2.615 Thread 0x00007f038402b240 DEOPT PACKING pc=0x00007f036ca241d5 sp=0x00007f038b3fd6b0
Event: 2.615 Thread 0x00007f038402b240 DEOPT UNPACKING pc=0x00007f0373c6ab2f sp=0x00007f038b3fcbb8 mode 0
Event: 2.618 Thread 0x00007f038402b240 DEOPT PACKING pc=0x00007f036ca241d5 sp=0x00007f038b3fd660
Event: 2.618 Thread 0x00007f038402b240 DEOPT UNPACKING pc=0x00007f0373c6ab2f sp=0x00007f038b3fcb68 mode 0
Event: 2.620 Thread 0x00007f038402b240 DEOPT PACKING pc=0x00007f036ca27582 sp=0x00007f038b3fd870
Event: 2.620 Thread 0x00007f038402b240 DEOPT UNPACKING pc=0x00007f0373c6ab2f sp=0x00007f038b3fcd28 mode 0
Event: 2.621 Thread 0x00007f038402b240 DEOPT PACKING pc=0x00007f036ca241d5 sp=0x00007f038b3fd660
Event: 2.621 Thread 0x00007f038402b240 DEOPT UNPACKING pc=0x00007f0373c6ab2f sp=0x00007f038b3fcb68 mode 0
Event: 2.621 Thread 0x00007f038402b240 DEOPT PACKING pc=0x00007f036ca27582 sp=0x00007f038b3fd870
Event: 2.621 Thread 0x00007f038402b240 DEOPT UNPACKING pc=0x00007f0373c6ab2f sp=0x00007f038b3fcd28 mode 0
Event: 2.622 Thread 0x00007f038402b240 DEOPT PACKING pc=0x00007f036ca27582 sp=0x00007f038b3fd8a0
Event: 2.622 Thread 0x00007f038402b240 DEOPT UNPACKING pc=0x00007f0373c6ab2f sp=0x00007f038b3fcd58 mode 0
Event: 2.624 Thread 0x00007f038402b240 DEOPT PACKING pc=0x00007f036ca27582 sp=0x00007f038b3fd8a0
Event: 2.624 Thread 0x00007f038402b240 DEOPT UNPACKING pc=0x00007f0373c6ab2f sp=0x00007f038b3fcd58 mode 0
Event: 2.625 Thread 0x00007f038402b240 DEOPT PACKING pc=0x00007f036ca27582 sp=0x00007f038b3fd8a0
Event: 2.625 Thread 0x00007f038402b240 DEOPT UNPACKING pc=0x00007f0373c6ab2f sp=0x00007f038b3fcd58 mode 0

Classes loaded (20 events):
Event: 2.596 Loading class sun/nio/fs/UnixSecureDirectoryStream
Event: 2.596 Loading class java/nio/file/SecureDirectoryStream
Event: 2.597 Loading class java/nio/file/SecureDirectoryStream done
Event: 2.597 Loading class sun/nio/fs/UnixSecureDirectoryStream done
Event: 2.597 Loading class sun/nio/fs/UnixDirectoryStream
Event: 2.597 Loading class sun/nio/fs/UnixDirectoryStream done
Event: 2.597 Loading class java/util/concurrent/locks/ReentrantReadWriteLock$FairSync
Event: 2.597 Loading class java/util/concurrent/locks/ReentrantReadWriteLock$FairSync done
Event: 2.597 Loading class sun/nio/fs/UnixDirectoryStream$UnixDirectoryIterator
Event: 2.597 Loading class sun/nio/fs/UnixDirectoryStream$UnixDirectoryIterator done
Event: 2.597 Loading class java/nio/file/Files$3
Event: 2.597 Loading class java/nio/file/Files$3 done
Event: 2.597 Loading class java/nio/file/FileVisitResult
Event: 2.597 Loading class java/nio/file/FileVisitResult done
Event: 2.598 Loading class sun/nio/fs/UnixException
Event: 2.598 Loading class sun/nio/fs/UnixException done
Event: 2.636 Loading class java/nio/charset/UnsupportedCharsetException
Event: 2.636 Loading class java/nio/charset/UnsupportedCharsetException done
Event: 2.636 Loading class sun/nio/ch/ChannelOutputStream
Event: 2.636 Loading class sun/nio/ch/ChannelOutputStream done

Classes unloaded (0 events):
No events

Classes redefined (0 events):
No events

Internal exceptions (11 events):
Event: 2.243 Thread 0x00007f038402b240 Exception <a 'java/lang/NoSuchMethodError'{0x0000000040334090}: 'java.lang.Object java.lang.invoke.DirectMethodHandle$Holder.newInvokeSpecial(java.lang.Object, int, java.lang.Object)'> (0x0000000040334090) 
thrown [src/hotspot/share/interpreter/linkResolver.cpp, line 772]
Event: 2.252 Thread 0x00007f038402b240 Exception <a 'java/lang/NoSuchMethodError'{0x00000000402f9e28}: 'void java.lang.invoke.DirectMethodHandle$Holder.invokeStatic(java.lang.Object, java.lang.Object)'> (0x00000000402f9e28) 
thrown [src/hotspot/share/interpreter/linkResolver.cpp, line 772]
Event: 2.253 Thread 0x00007f038402b240 Exception <a 'java/lang/NoSuchMethodError'{0x00000000402fd820}: 'void java.lang.invoke.DirectMethodHandle$Holder.invokeSpecial(java.lang.Object, java.lang.Object, java.lang.Object)'> (0x00000000402fd820) 
thrown [src/hotspot/share/interpreter/linkResolver.cpp, line 772]
Event: 2.294 Thread 0x00007f038402b240 Exception <a 'java/lang/NoSuchMethodError'{0x00000000401b5ca8}: 'void java.lang.invoke.DirectMethodHandle$Holder.invokeVirtual(java.lang.Object, java.lang.Object)'> (0x00000000401b5ca8) 
thrown [src/hotspot/share/interpreter/linkResolver.cpp, line 772]
Event: 2.300 Thread 0x00007f038402b240 Exception <a 'java/io/FileNotFoundException'{0x0000000040180bc0}> (0x0000000040180bc0) 
thrown [src/hotspot/share/prims/jni.cpp, line 520]
Event: 2.312 Thread 0x00007f038402b240 Exception <a 'java/lang/NoSuchMethodError'{0x0000000040126dd8}: 'java.lang.Object java.lang.invoke.Invokers$Holder.invokeExact_MT(java.lang.Object, java.lang.Object, java.lang.Object, java.lang.Object, java.lang.Object)'> (0x0000000040126dd8) 
thrown [src/hotspot/share/interpreter/linkResolver.cpp, line 772]
Event: 2.570 Thread 0x00007f038402b240 Exception <a 'java/lang/NoSuchMethodError'{0x000000004130a268}: 'int java.lang.invoke.DirectMethodHandle$Holder.invokeSpecial(java.lang.Object, java.lang.Object, java.lang.Object)'> (0x000000004130a268) 
thrown [src/hotspot/share/interpreter/linkResolver.cpp, line 772]
Event: 2.571 Thread 0x00007f038402b240 Exception <a 'java/lang/NoSuchMethodError'{0x00000000413066c0}: 'void java.lang.invoke.DelegatingMethodHandle$Holder.reinvoke_L(java.lang.Object, java.lang.Object, int)'> (0x00000000413066c0) 
thrown [src/hotspot/share/interpreter/linkResolver.cpp, line 772]
Event: 2.571 Thread 0x00007f038402b240 Exception <a 'java/lang/NoSuchMethodError'{0x00000000412fddd0}: 'int java.lang.invoke.Invokers$Holder.invokeExact_MT(java.lang.Object, java.lang.Object, java.lang.Object)'> (0x00000000412fddd0) 
thrown [src/hotspot/share/interpreter/linkResolver.cpp, line 772]
Event: 2.578 Thread 0x00007f038402b240 Exception <a 'java/lang/NoSuchMethodError'{0x00000000412c8e08}: 'void java.lang.invoke.Invokers$Holder.invokeExact_MT(java.lang.Object, java.lang.Object, java.lang.Object, java.lang.Object)'> (0x00000000412c8e08) 
thrown [src/hotspot/share/interpreter/linkResolver.cpp, line 772]
Event: 2.636 Thread 0x00007f038402b240 Exception <a 'sun/nio/fs/UnixException'{0x0000000040015e28}> (0x0000000040015e28) 
thrown [src/hotspot/share/prims/jni.cpp, line 520]

ZGC Phase Switch (0 events):
No events

VM Operations (10 events):
Event: 2.237 Executing VM operation: HandshakeAllThreads (Deoptimize)
Event: 2.237 Executing VM operation: HandshakeAllThreads (Deoptimize) done
Event: 2.265 Executing VM operation: HandshakeAllThreads (Deoptimize)
Event: 2.265 Executing VM operation: HandshakeAllThreads (Deoptimize) done
Event: 2.506 Executing VM operation: ThirdPartyHeapOperation
Event: 2.535 Executing VM operation: ThirdPartyHeapOperation done
Event: 2.538 Executing VM operation: ThirdPartyHeapOperation
Event: 2.542 Executing VM operation: ThirdPartyHeapOperation done
Event: 2.638 Executing VM operation: HandshakeAllThreads (Deoptimize)
Event: 2.638 Executing VM operation: HandshakeAllThreads (Deoptimize) done

Memory protections (17 events):
Event: 0.001 Protecting memory [0x00007f038b300000,0x00007f038b304000] with protection modes 0
Event: 2.215 Protecting memory [0x00007f0389f42000,0x00007f0389f46000] with protection modes 0
Event: 2.216 Protecting memory [0x00007f0389b00000,0x00007f0389b04000] with protection modes 0
Event: 2.216 Protecting memory [0x00007f0389a00000,0x00007f0389a04000] with protection modes 0
Event: 2.218 Protecting memory [0x00007f03881e9000,0x00007f03881ed000] with protection modes 0
Event: 2.218 Protecting memory [0x00007f03880e9000,0x00007f03880ed000] with protection modes 0
Event: 2.218 Protecting memory [0x00007f034c6ff000,0x00007f034c703000] with protection modes 0
Event: 2.219 Protecting memory [0x00007f034c5ff000,0x00007f034c603000] with protection modes 0
Event: 2.219 Protecting memory [0x00007f034c4ff000,0x00007f034c503000] with protection modes 0
Event: 2.229 Protecting memory [0x00007256982fc000,0x0000725698300000] with protection modes 0
Event: 2.229 Protecting memory [0x0000725695100000,0x0000725695104000] with protection modes 0
Event: 2.231 Protecting memory [0x0000725695000000,0x0000725695004000] with protection modes 0
Event: 2.232 Protecting memory [0x0000725694f00000,0x0000725694f04000] with protection modes 0
Event: 2.281 Protecting memory [0x0000725694e00000,0x0000725694e04000] with protection modes 0
Event: 2.287 Protecting memory [0x0000725694d00000,0x0000725694d04000] with protection modes 0
Event: 2.287 Protecting memory [0x0000725694c00000,0x0000725694c04000] with protection modes 0
Event: 2.291 Protecting memory [0x0000725694b00000,0x0000725694b04000] with protection modes 0

Nmethod flushes (0 events):
No events

Events (17 events):
Event: 2.209 Thread 0x00007f038402b240 Thread added: 0x00007f038402b240
Event: 2.215 Thread 0x00007f038402b240 Thread added: 0x00007f0384526f30
Event: 2.216 Thread 0x00007f038402b240 Thread added: 0x00007f03845287c0
Event: 2.216 Thread 0x00007f038402b240 Thread added: 0x00007f038452a2b0
Event: 2.218 Thread 0x00007f038402b240 Thread added: 0x00007f0384548ae0
Event: 2.218 Thread 0x00007f038402b240 Thread added: 0x00007f038454a430
Event: 2.218 Thread 0x00007f038402b240 Thread added: 0x00007f038454bcf0
Event: 2.219 Thread 0x00007f038402b240 Thread added: 0x00007f038454db30
Event: 2.219 Thread 0x00007f038402b240 Thread added: 0x00007f0384557500
Event: 2.229 Thread 0x00007f0384557500 Thread added: 0x00007255c804d5b0
Event: 2.229 Thread 0x00007255c804d5b0 Thread added: 0x00007255bc0015f0
Event: 2.231 Thread 0x00007f038402b240 Thread added: 0x00007f038459e5c0
Event: 2.232 Thread 0x00007f038402b240 Thread added: 0x00007f03845a15c0
Event: 2.281 Thread 0x00007255c804d5b0 Thread added: 0x00007255bc0167f0
Event: 2.287 Thread 0x00007255bc0015f0 Thread added: 0x00007255c004d660
Event: 2.287 Thread 0x00007255bc0015f0 Thread added: 0x00007255c004ecd0
Event: 2.291 Thread 0x00007255bc0167f0 Thread added: 0x00007255ac04d6c0


Dynamic libraries:
40000000-40400000 rw-p 00000000 00:00 0                                  [anon:mmtk:space:immix]
40400000-41000000 rw-p 00000000 00:00 0                                  [anon:mmtk:space:los]
41000000-41400000 rw-p 00000000 00:00 0                                  [anon:mmtk:space:immix]
41400000-43800000 rw-p 00000000 00:00 0                                  [anon:mmtk:space:los]
200000000000-2000c00c0000 rw-s 00000000 00:10 68                         anon_inode:bpf-map
64ac64976000-64ac64977000 r--p 00000000 fc:00 49676337                   /mydata/openjdk-mmtk/build/b0test/images/jdk/bin/java
64ac64977000-64ac64978000 r-xp 00001000 fc:00 49676337                   /mydata/openjdk-mmtk/build/b0test/images/jdk/bin/java
64ac64978000-64ac64979000 r--p 00002000 fc:00 49676337                   /mydata/openjdk-mmtk/build/b0test/images/jdk/bin/java
64ac64979000-64ac6497a000 r--p 00002000 fc:00 49676337                   /mydata/openjdk-mmtk/build/b0test/images/jdk/bin/java
64ac6497a000-64ac6497b000 rw-p 00003000 fc:00 49676337                   /mydata/openjdk-mmtk/build/b0test/images/jdk/bin/java
64ac6d49f000-64ac6d4e7000 rw-p 00000000 00:00 0                          [heap]
7255a4000000-7255a4119000 rw-p 00000000 00:00 0 
7255a4119000-7255a8000000 ---p 00000000 00:00 0 
7255a8000000-7255a8175000 rw-p 00000000 00:00 0 
7255a8175000-7255ac000000 ---p 00000000 00:00 0 
7255ac000000-7255ac2b4000 rw-p 00000000 00:00 0 
7255ac2b4000-7255b0000000 ---p 00000000 00:00 0 
7255b0000000-7255b0063000 rw-p 00000000 00:00 0 
7255b0063000-7255b4000000 ---p 00000000 00:00 0 
7255b4000000-7255b4021000 rw-p 00000000 00:00 0 
7255b4021000-7255b8000000 ---p 00000000 00:00 0 
7255b8000000-7255b8021000 rw-p 00000000 00:00 0 
7255b8021000-7255bc000000 ---p 00000000 00:00 0 
7255bc000000-7255bc0ca000 rw-p 00000000 00:00 0 
7255bc0ca000-7255c0000000 ---p 00000000 00:00 0 
7255c0000000-7255c00ae000 rw-p 00000000 00:00 0 
7255c00ae000-7255c4000000 ---p 00000000 00:00 0 
7255c4000000-7255c429d000 rw-p 00000000 00:00 0 
7255c429d000-7255c8000000 ---p 00000000 00:00 0 
7255c8000000-7255c80c7000 rw-p 00000000 00:00 0 
7255c80c7000-7255cc000000 ---p 00000000 00:00 0 
7255cc000000-7255cc021000 rw-p 00000000 00:00 0 
7255cc021000-7255d0000000 ---p 00000000 00:00 0 
7255d0000000-7255d0021000 rw-p 00000000 00:00 0 
7255d0021000-7255d4000000 ---p 00000000 00:00 0 
7255d4000000-7255d4021000 rw-p 00000000 00:00 0 
7255d4021000-7255d8000000 ---p 00000000 00:00 0 
7255d8000000-7255d8021000 rw-p 00000000 00:00 0 
7255d8021000-7255dc000000 ---p 00000000 00:00 0 
7255dc000000-7255dc021000 rw-p 00000000 00:00 0 
7255dc021000-7255e0000000 ---p 00000000 00:00 0 
7255e0000000-7255e0021000 rw-p 00000000 00:00 0 
7255e0021000-7255e4000000 ---p 00000000 00:00 0 
7255e4000000-7255e4021000 rw-p 00000000 00:00 0 
7255e4021000-7255e8000000 ---p 00000000 00:00 0 
7255e8000000-7255e8021000 rw-p 00000000 00:00 0 
7255e8021000-7255ec000000 ---p 00000000 00:00 0 
7255ec000000-7255ec021000 rw-p 00000000 00:00 0 
7255ec021000-7255f0000000 ---p 00000000 00:00 0 
7255f0000000-7255f0021000 rw-p 00000000 00:00 0 
7255f0021000-7255f4000000 ---p 00000000 00:00 0 
7255f4000000-7255f4021000 rw-p 00000000 00:00 0 
7255f4021000-7255f8000000 ---p 00000000 00:00 0 
7255f8000000-7255f8021000 rw-p 00000000 00:00 0 
7255f8021000-7255fc000000 ---p 00000000 00:00 0 
7255fc000000-7255fc021000 rw-p 00000000 00:00 0 
7255fc021000-725600000000 ---p 00000000 00:00 0 
725600000000-725600021000 rw-p 00000000 00:00 0 
725600021000-725604000000 ---p 00000000 00:00 0 
725604000000-725604021000 rw-p 00000000 00:00 0 
725604021000-725608000000 ---p 00000000 00:00 0 
725608000000-725608022000 rw-p 00000000 00:00 0 
725608022000-72560c000000 ---p 00000000 00:00 0 
72560c000000-72560c021000 rw-p 00000000 00:00 0 
72560c021000-725610000000 ---p 00000000 00:00 0 
725610000000-725610021000 rw-p 00000000 00:00 0 
725610021000-725614000000 ---p 00000000 00:00 0 
725614000000-725614021000 rw-p 00000000 00:00 0 
725614021000-725618000000 ---p 00000000 00:00 0 
725618000000-725618021000 rw-p 00000000 00:00 0 
725618021000-72561c000000 ---p 00000000 00:00 0 
72561c000000-72561c022000 rw-p 00000000 00:00 0 
72561c022000-725620000000 ---p 00000000 00:00 0 
725620000000-725620052000 rw-p 00000000 00:00 0 
725620052000-725624000000 ---p 00000000 00:00 0 
725624000000-725624021000 rw-p 00000000 00:00 0 
725624021000-725628000000 ---p 00000000 00:00 0 
725628000000-725628021000 rw-p 00000000 00:00 0 
725628021000-72562c000000 ---p 00000000 00:00 0 
72562c000000-72562c021000 rw-p 00000000 00:00 0 
72562c021000-725630000000 ---p 00000000 00:00 0 
725630000000-725630021000 rw-p 00000000 00:00 0 
725630021000-725634000000 ---p 00000000 00:00 0 
725634000000-725634021000 rw-p 00000000 00:00 0 
725634021000-725638000000 ---p 00000000 00:00 0 
725638000000-725638021000 rw-p 00000000 00:00 0 
725638021000-72563c000000 ---p 00000000 00:00 0 
72563c000000-72563c021000 rw-p 00000000 00:00 0 
72563c021000-725640000000 ---p 00000000 00:00 0 
725640000000-725640021000 rw-p 00000000 00:00 0 
725640021000-725644000000 ---p 00000000 00:00 0 
725644000000-7256442a0000 rw-p 00000000 00:00 0 
7256442a0000-725644400000 ---p 00000000 00:00 0 
725644400000-725644570000 rw-p 00000000 00:00 0 
725644570000-725648000000 ---p 00000000 00:00 0 
725648000000-725648021000 rw-p 00000000 00:00 0 
725648021000-72564c000000 ---p 00000000 00:00 0 
72564f000000-72564fca3000 rw-p 00001000 fc:00 49677043                   /mydata/openjdk-mmtk/build/b0test/images/jdk/lib/server/classes.jsa
72564fca3000-725650000000 ---p 00000000 00:00 0 
725650000000-725650040000 rw-p 00000000 00:00 0 
725650040000-725650090000 rw-p 00000000 00:00 0 
725650090000-725690000000 ---p 00000000 00:00 0 
725690000000-725690021000 rw-p 00000000 00:00 0 
725690021000-725694000000 ---p 00000000 00:00 0 
72569420c000-725694b00000 rw-p 00000000 00:00 0 
725694b00000-725694b04000 ---p 00000000 00:00 0 
725694b04000-725694c00000 rw-p 00000000 00:00 0 
725694c00000-725694c04000 ---p 00000000 00:00 0 
725694c04000-725694d00000 rw-p 00000000 00:00 0 
725694d00000-725694d04000 ---p 00000000 00:00 0 
725694d04000-725694e00000 rw-p 00000000 00:00 0 
725694e00000-725694e04000 ---p 00000000 00:00 0 
725694e04000-725694f00000 rw-p 00000000 00:00 0 
725694f00000-725694f04000 ---p 00000000 00:00 0 
725694f04000-725695000000 rw-p 00000000 00:00 0 
725695000000-725695004000 ---p 00000000 00:00 0 
725695004000-725695100000 rw-p 00000000 00:00 0 
725695100000-725695104000 ---p 00000000 00:00 0 
725695104000-725695200000 rw-p 00000000 00:00 0 
725695200000-725698200000 rw-p 00000000 00:00 0 
7256982fc000-725698300000 ---p 00000000 00:00 0 
725698300000-7256983fc000 rw-p 00000000 00:00 0 
7256983fc000-7256c8400000 rw-p 00000000 00:00 0 
7256c8400000-7256c9400000 ---p 00000000 00:00 0                          [anon:mmtk:sidemeta:all:all-quarantined]
7256c9400000-7256c9800000 rw-p 00000000 00:00 0                          [anon:mmtk:sidemeta:immix:VO_BIT]
7256c9800000-7456ca400000 ---p 00000000 00:00 0                          [anon:mmtk:sidemeta:all:all-quarantined]
7456ca400000-7456ca800000 rw-p 00000000 00:00 0                          [anon:mmtk:sidemeta:immix:CHUNK_MARK]
7456ca800000-7456cd400000 ---p 00000000 00:00 0                          [anon:mmtk:sidemeta:all:all-quarantined]
7456cd400000-7456cd800000 rw-p 00000000 00:00 0                          [anon:mmtk:sidemeta:immix:VMGlobalLogBitSpec]
7456cd800000-765ecc800000 ---p 00000000 00:00 0                          [anon:mmtk:sidemeta:all:all-quarantined]
765ecc800000-765eccc00000 rw-p 00000000 00:00 0                          [anon:mmtk:sidemeta:immix:IX_LINE_MARK]
765eccc00000-76decc400000 ---p 00000000 00:00 0                          [anon:mmtk:sidemeta:all:all-quarantined]
76decc400000-76decc800000 rw-p 00000000 00:00 0                          [anon:mmtk:sidemeta:immix:IX_BLOCK_DEFRAG]
76decc800000-76dfcc400000 ---p 00000000 00:00 0                          [anon:mmtk:sidemeta:all:all-quarantined]
76dfcc400000-76dfcc800000 rw-p 00000000 00:00 0                          [anon:mmtk:sidemeta:immix:IX_BLOCK_MARK]
76dfcc800000-7d014c400000 ---p 00000000 00:00 0                          [anon:mmtk:sidemeta:all:all-quarantined]
7d014c400000-7d014c800000 rw-p 00000000 00:00 0                          [anon:mmtk:sidemeta:los:VMLocalLOSMarkNurserySpec]
7d014c800000-7d034d400000 ---p 00000000 00:00 0                          [anon:mmtk:sidemeta:all:all-quarantined]
7d034d400000-7d034d800000 rw-p 00000000 00:00 0                          [anon:mmtk:sidemeta:immix:VMLocalMarkBitSpec]
7d034d800000-7f034c400000 ---p 00000000 00:00 0                          [anon:mmtk:sidemeta:all:all-quarantined]
7f034c4ff000-7f034c503000 ---p 00000000 00:00 0 
7f034c503000-7f034c5ff000 rw-p 00000000 00:00 0 
7f034c5ff000-7f034c603000 ---p 00000000 00:00 0 
7f034c603000-7f034c6ff000 rw-p 00000000 00:00 0 
7f034c6ff000-7f034c703000 ---p 00000000 00:00 0 
7f034c703000-7f034c7ff000 rw-p 00000000 00:00 0 
7f034c7ff000-7f036c800000 rw-p 00000000 00:00 0 
7f036c800000-7f036ca80000 rwxp 00000000 00:00 0 
7f036ca80000-7f0373c17000 ---p 00000000 00:00 0 
7f0373c17000-7f0373f87000 rwxp 00000000 00:00 0 
7f0373f87000-7f03743e8000 ---p 00000000 00:00 0 
7f03743e8000-7f0374658000 rwxp 00000000 00:00 0 
7f0374658000-7f037b800000 ---p 00000000 00:00 0 
7f037b800000-7f0383fa0000 r--s 00000000 fc:00 49676297                   /mydata/openjdk-mmtk/build/b0test/images/jdk/lib/modules
7f0384000000-7f0384772000 rw-p 00000000 00:00 0 
7f0384772000-7f0388000000 ---p 00000000 00:00 0 
7f0388018000-7f038801d000 r--p 00000000 fc:00 49676417                   /mydata/openjdk-mmtk/build/b0test/images/jdk/lib/libjsvml.so
7f038801d000-7f038805e000 r-xp 00005000 fc:00 49676417                   /mydata/openjdk-mmtk/build/b0test/images/jdk/lib/libjsvml.so
7f038805e000-7f03880e7000 r--p 00046000 fc:00 49676417                   /mydata/openjdk-mmtk/build/b0test/images/jdk/lib/libjsvml.so
7f03880e7000-7f03880e8000 r--p 000ce000 fc:00 49676417                   /mydata/openjdk-mmtk/build/b0test/images/jdk/lib/libjsvml.so
7f03880e8000-7f03880e9000 rw-p 000cf000 fc:00 49676417                   /mydata/openjdk-mmtk/build/b0test/images/jdk/lib/libjsvml.so
7f03880e9000-7f03880ed000 ---p 00000000 00:00 0 
7f03880ed000-7f03881e9000 rw-p 00000000 00:00 0 
7f03881e9000-7f03881ed000 ---p 00000000 00:00 0 
7f03881ed000-7f03882e9000 rw-p 00000000 00:00 0 
7f03882e9000-7f03882ea000 ---p 00000000 00:00 0 
7f03882ea000-7f03883ea000 rw-p 00000000 00:00 0 
7f03883ea000-7f03883eb000 ---p 00000000 00:00 0 
7f03883eb000-7f03884eb000 rw-p 00000000 00:00 0 
7f03884eb000-7f03884ec000 ---p 00000000 00:00 0 
7f03884ec000-7f03885ec000 rw-p 00000000 00:00 0 
7f03885ec000-7f03885ed000 ---p 00000000 00:00 0 
7f03885ed000-7f03886ed000 rw-p 00000000 00:00 0 
7f03886ed000-7f03886ee000 ---p 00000000 00:00 0 
7f03886ee000-7f03887ee000 rw-p 00000000 00:00 0 
7f03887ee000-7f03887ef000 ---p 00000000 00:00 0 
7f03887ef000-7f03888ef000 rw-p 00000000 00:00 0 
7f03888ef000-7f03888f0000 ---p 00000000 00:00 0 
7f03888f0000-7f03889f0000 rw-p 00000000 00:00 0 
7f03889f0000-7f03889f1000 ---p 00000000 00:00 0 
7f03889f1000-7f0388af1000 rw-p 00000000 00:00 0 
7f0388af1000-7f0388af2000 ---p 00000000 00:00 0 
7f0388af2000-7f0388bf2000 rw-p 00000000 00:00 0 
7f0388bf2000-7f0388bf3000 ---p 00000000 00:00 0 
7f0388bf3000-7f0388cf3000 rw-p 00000000 00:00 0 
7f0388cf3000-7f0388cf4000 ---p 00000000 00:00 0 
7f0388cf4000-7f0388df4000 rw-p 00000000 00:00 0 
7f0388df4000-7f0388df5000 ---p 00000000 00:00 0 
7f0388df5000-7f0388ef5000 rw-p 00000000 00:00 0 
7f0388ef5000-7f0388ef6000 ---p 00000000 00:00 0 
7f0388ef6000-7f0388ff6000 rw-p 00000000 00:00 0 
7f0388ff6000-7f0388ff7000 ---p 00000000 00:00 0 
7f0388ff7000-7f03890f7000 rw-p 00000000 00:00 0 
7f03890f7000-7f03890f8000 ---p 00000000 00:00 0 
7f03890f8000-7f03891f8000 rw-p 00000000 00:00 0 
7f03891f8000-7f03891f9000 ---p 00000000 00:00 0 
7f03891f9000-7f03892f9000 rw-p 00000000 00:00 0 
7f03892f9000-7f03892fa000 ---p 00000000 00:00 0 
7f03892fa000-7f03893fa000 rw-p 00000000 00:00 0 
7f03893fa000-7f03893fb000 ---p 00000000 00:00 0 
7f03893fb000-7f03894fb000 rw-p 00000000 00:00 0 
7f03894fb000-7f03894fc000 ---p 00000000 00:00 0 
7f03894fc000-7f03895fc000 rw-p 00000000 00:00 0 
7f03895fc000-7f03895fd000 ---p 00000000 00:00 0 
7f03895fd000-7f03896fd000 rw-p 00000000 00:00 0 
7f03896fd000-7f03896fe000 ---p 00000000 00:00 0 
7f03896fe000-7f03897fe000 rw-p 00000000 00:00 0 
7f03897fe000-7f03897ff000 ---p 00000000 00:00 0 
7f03897ff000-7f03898ff000 rw-p 00000000 00:00 0 
7f03898ff000-7f0389900000 ---p 00000000 00:00 0 
7f0389900000-7f0389a00000 rw-p 00000000 00:00 0 
7f0389a00000-7f0389a04000 ---p 00000000 00:00 0 
7f0389a04000-7f0389b00000 rw-p 00000000 00:00 0 
7f0389b00000-7f0389b04000 ---p 00000000 00:00 0 
7f0389b04000-7f0389c00000 rw-p 00000000 00:00 0 
7f0389c00000-7f0389eeb000 r--p 00000000 08:03 1410552                    /usr/lib/locale/locale-archive
7f0389f42000-7f0389f46000 ---p 00000000 00:00 0 
7f0389f46000-7f038a042000 rw-p 00000000 00:00 0 
7f038a042000-7f038a043000 ---p 00000000 00:00 0 
7f038a043000-7f038a143000 rw-p 00000000 00:00 0 
7f038a143000-7f038a144000 ---p 00000000 00:00 0 
7f038a144000-7f038a244000 rw-p 00000000 00:00 0 
7f038a244000-7f038a245000 ---p 00000000 00:00 0 
7f038a245000-7f038a345000 rw-p 00000000 00:00 0 
7f038a345000-7f038a946000 rw-p 00000000 00:00 0 
7f038a946000-7f038a94a000 r--p 00000000 08:03 1410107                    /usr/lib/x86_64-linux-gnu/libzstd.so.1.5.5
7f038a94a000-7f038a9f1000 r-xp 00004000 08:03 1410107                    /usr/lib/x86_64-linux-gnu/libzstd.so.1.5.5
7f038a9f1000-7f038a9fe000 r--p 000ab000 08:03 1410107                    /usr/lib/x86_64-linux-gnu/libzstd.so.1.5.5
7f038a9fe000-7f038a9ff000 r--p 000b7000 08:03 1410107                    /usr/lib/x86_64-linux-gnu/libzstd.so.1.5.5
7f038a9ff000-7f038aa00000 rw-p 000b8000 08:03 1410107                    /usr/lib/x86_64-linux-gnu/libzstd.so.1.5.5
7f038aa00000-7f038aa0c000 r--p 00000000 fc:00 13107796                   /mydata/gc-bpf-fault/shim/libgcbpf.so
7f038aa0c000-7f038aa6e000 r-xp 0000c000 fc:00 13107796                   /mydata/gc-bpf-fault/shim/libgcbpf.so
7f038aa6e000-7f038acde000 r--p 0006e000 fc:00 13107796                   /mydata/gc-bpf-fault/shim/libgcbpf.so
7f038acde000-7f038ace0000 r--p 002de000 fc:00 13107796                   /mydata/gc-bpf-fault/shim/libgcbpf.so
7f038ace0000-7f038ace1000 rw-p 002e0000 fc:00 13107796                   /mydata/gc-bpf-fault/shim/libgcbpf.so
7f038ace1000-7f038ace2000 rw-p 00000000 00:00 0 
7f038ad17000-7f038ad1c000 rw-p 00000000 00:00 0 
7f038ad1c000-7f038ae00000 ---p 00000000 00:00 0 
7f038ae00000-7f038af48000 r--p 00000000 fc:00 49676374                   /mydata/openjdk-mmtk/build/b0test/images/jdk/lib/server/libmmtk_openjdk.so
7f038af48000-7f038b1c8000 r-xp 00147000 fc:00 49676374                   /mydata/openjdk-mmtk/build/b0test/images/jdk/lib/server/libmmtk_openjdk.so
7f038b1c8000-7f038b208000 r--p 003c7000 fc:00 49676374                   /mydata/openjdk-mmtk/build/b0test/images/jdk/lib/server/libmmtk_openjdk.so
7f038b208000-7f038b20b000 rw-p 00406000 fc:00 49676374                   /mydata/openjdk-mmtk/build/b0test/images/jdk/lib/server/libmmtk_openjdk.so
7f038b20b000-7f038b20d000 rw-p 00000000 00:00 0 
7f038b217000-7f038b21c000 rw-p 00000000 00:00 0 
7f038b21c000-7f038b300000 ---p 00000000 00:00 0 
7f038b300000-7f038b304000 ---p 00000000 00:00 0 
7f038b304000-7f038b400000 rw-p 00000000 00:00 0 
7f038b400000-7f038b6a9000 r--p 00000000 fc:00 49676373                   /mydata/openjdk-mmtk/build/b0test/images/jdk/lib/server/libjvm.so
7f038b6a9000-7f038c53c000 r-xp 002a9000 fc:00 49676373                   /mydata/openjdk-mmtk/build/b0test/images/jdk/lib/server/libjvm.so
7f038c53c000-7f038c820000 r--p 0113c000 fc:00 49676373                   /mydata/openjdk-mmtk/build/b0test/images/jdk/lib/server/libjvm.so
7f038c820000-7f038c8f6000 r--p 0141f000 fc:00 49676373                   /mydata/openjdk-mmtk/build/b0test/images/jdk/lib/server/libjvm.so
7f038c8f6000-7f038c926000 rw-p 014f5000 fc:00 49676373                   /mydata/openjdk-mmtk/build/b0test/images/jdk/lib/server/libjvm.so
7f038c926000-7f038c98c000 rw-p 00000000 00:00 0 
7f038c9e5000-7f038c9e9000 r--p 00000000 fc:00 49676364                   /mydata/openjdk-mmtk/build/b0test/images/jdk/lib/libverify.so
7f038c9e9000-7f038c9f0000 r-xp 00004000 fc:00 49676364                   /mydata/openjdk-mmtk/build/b0test/images/jdk/lib/libverify.so
7f038c9f0000-7f038c9f2000 r--p 0000b000 fc:00 49676364                   /mydata/openjdk-mmtk/build/b0test/images/jdk/lib/libverify.so
7f038c9f2000-7f038c9f4000 r--p 0000c000 fc:00 49676364                   /mydata/openjdk-mmtk/build/b0test/images/jdk/lib/libverify.so
7f038c9f4000-7f038c9f5000 rw-p 0000e000 fc:00 49676364                   /mydata/openjdk-mmtk/build/b0test/images/jdk/lib/libverify.so
7f038c9f5000-7f038c9f7000 r--p 00000000 fc:00 49676365                   /mydata/openjdk-mmtk/build/b0test/images/jdk/lib/libzip.so
7f038c9f7000-7f038c9fc000 r-xp 00002000 fc:00 49676365                   /mydata/openjdk-mmtk/build/b0test/images/jdk/lib/libzip.so
7f038c9fc000-7f038c9fe000 r--p 00007000 fc:00 49676365                   /mydata/openjdk-mmtk/build/b0test/images/jdk/lib/libzip.so
7f038c9fe000-7f038c9ff000 r--p 00008000 fc:00 49676365                   /mydata/openjdk-mmtk/build/b0test/images/jdk/lib/libzip.so
7f038c9ff000-7f038ca00000 rw-p 00009000 fc:00 49676365                   /mydata/openjdk-mmtk/build/b0test/images/jdk/lib/libzip.so
7f038ca00000-7f038ca28000 r--p 00000000 08:03 1410238                    /usr/lib/x86_64-linux-gnu/libc.so.6
7f038ca28000-7f038cbb0000 r-xp 00028000 08:03 1410238                    /usr/lib/x86_64-linux-gnu/libc.so.6
7f038cbb0000-7f038cbff000 r--p 001b0000 08:03 1410238                    /usr/lib/x86_64-linux-gnu/libc.so.6
7f038cbff000-7f038cc03000 r--p 001fe000 08:03 1410238                    /usr/lib/x86_64-linux-gnu/libc.so.6
7f038cc03000-7f038cc05000 rw-p 00202000 08:03 1410238                    /usr/lib/x86_64-linux-gnu/libc.so.6
7f038cc05000-7f038cc12000 rw-p 00000000 00:00 0 
7f038cc12000-7f038cc15000 r--p 00000000 fc:00 49676361                   /mydata/openjdk-mmtk/build/b0test/images/jdk/lib/libnet.so
7f038cc15000-7f038cc1d000 r-xp 00003000 fc:00 49676361                   /mydata/openjdk-mmtk/build/b0test/images/jdk/lib/libnet.so
7f038cc1d000-7f038cc1f000 r--p 0000b000 fc:00 49676361                   /mydata/openjdk-mmtk/build/b0test/images/jdk/lib/libnet.so
7f038cc1f000-7f038cc20000 r--p 0000c000 fc:00 49676361                   /mydata/openjdk-mmtk/build/b0test/images/jdk/lib/libnet.so
7f038cc20000-7f038cc21000 rw-p 0000d000 fc:00 49676361                   /mydata/openjdk-mmtk/build/b0test/images/jdk/lib/libnet.so
7f038cc21000-7f038cc28000 r--p 00000000 fc:00 49676362                   /mydata/openjdk-mmtk/build/b0test/images/jdk/lib/libnio.so
7f038cc28000-7f038cc31000 r-xp 00007000 fc:00 49676362                   /mydata/openjdk-mmtk/build/b0test/images/jdk/lib/libnio.so
7f038cc31000-7f038cc35000 r--p 00010000 fc:00 49676362                   /mydata/openjdk-mmtk/build/b0test/images/jdk/lib/libnio.so
7f038cc35000-7f038cc36000 r--p 00014000 fc:00 49676362                   /mydata/openjdk-mmtk/build/b0test/images/jdk/lib/libnio.so
7f038cc36000-7f038cc37000 rw-p 00015000 fc:00 49676362                   /mydata/openjdk-mmtk/build/b0test/images/jdk/lib/libnio.so
7f038cc37000-7f038cc3a000 r--p 00000000 08:03 1410420                    /usr/lib/x86_64-linux-gnu/libelf-0.190.so
7f038cc3a000-7f038cc50000 r-xp 00003000 08:03 1410420                    /usr/lib/x86_64-linux-gnu/libelf-0.190.so
7f038cc50000-7f038cc54000 r--p 00019000 08:03 1410420                    /usr/lib/x86_64-linux-gnu/libelf-0.190.so
7f038cc54000-7f038cc55000 r--p 0001c000 08:03 1410420                    /usr/lib/x86_64-linux-gnu/libelf-0.190.so
7f038cc55000-7f038cc56000 rw-p 0001d000 08:03 1410420                    /usr/lib/x86_64-linux-gnu/libelf-0.190.so
7f038cc59000-7f038cc60000 r--s 00000000 08:03 1436340                    /usr/lib/x86_64-linux-gnu/gconv/gconv-modules.cache
7f038cc60000-7f038cc67000 rw-p 00000000 00:00 0 
7f038cc67000-7f038cc70000 ---p 00000000 00:00 0 
7f038cc70000-7f038cc7d000 r--p 00000000 fc:00 49676354                   /mydata/openjdk-mmtk/build/b0test/images/jdk/lib/libjava.so
7f038cc7d000-7f038cc8c000 r-xp 0000d000 fc:00 49676354                   /mydata/openjdk-mmtk/build/b0test/images/jdk/lib/libjava.so
7f038cc8c000-7f038cc91000 r--p 0001c000 fc:00 49676354                   /mydata/openjdk-mmtk/build/b0test/images/jdk/lib/libjava.so
7f038cc91000-7f038cc92000 r--p 00021000 fc:00 49676354                   /mydata/openjdk-mmtk/build/b0test/images/jdk/lib/libjava.so
7f038cc92000-7f038cc93000 rw-p 00022000 fc:00 49676354                   /mydata/openjdk-mmtk/build/b0test/images/jdk/lib/libjava.so
7f038cc93000-7f038cc94000 rw-p 00000000 00:00 0 
7f038cc94000-7f038cc9c000 rw-s 00000000 08:03 237599                     /tmp/hsperfdata_root/391681
7f038cc9c000-7f038cca0000 r--p 00000000 fc:00 49676355                   /mydata/openjdk-mmtk/build/b0test/images/jdk/lib/libjimage.so
7f038cca0000-7f038ccb7000 r-xp 00004000 fc:00 49676355                   /mydata/openjdk-mmtk/build/b0test/images/jdk/lib/libjimage.so
7f038ccb7000-7f038ccbc000 r--p 0001b000 fc:00 49676355                   /mydata/openjdk-mmtk/build/b0test/images/jdk/lib/libjimage.so
7f038ccbc000-7f038ccbe000 r--p 00020000 fc:00 49676355                   /mydata/openjdk-mmtk/build/b0test/images/jdk/lib/libjimage.so
7f038ccbe000-7f038ccbf000 rw-p 00022000 fc:00 49676355                   /mydata/openjdk-mmtk/build/b0test/images/jdk/lib/libjimage.so
7f038ccbf000-7f038ccc3000 r--p 00000000 08:03 1410148                    /usr/lib/x86_64-linux-gnu/libgcc_s.so.1
7f038ccc3000-7f038cce7000 r-xp 00004000 08:03 1410148                    /usr/lib/x86_64-linux-gnu/libgcc_s.so.1
7f038cce7000-7f038cceb000 r--p 00028000 08:03 1410148                    /usr/lib/x86_64-linux-gnu/libgcc_s.so.1
7f038cceb000-7f038ccec000 r--p 0002b000 08:03 1410148                    /usr/lib/x86_64-linux-gnu/libgcc_s.so.1
7f038ccec000-7f038cced000 rw-p 0002c000 08:03 1410148                    /usr/lib/x86_64-linux-gnu/libgcc_s.so.1
7f038cced000-7f038ccfd000 r--p 00000000 08:03 1411099                    /usr/lib/x86_64-linux-gnu/libm.so.6
7f038ccfd000-7f038cd7c000 r-xp 00010000 08:03 1411099                    /usr/lib/x86_64-linux-gnu/libm.so.6
7f038cd7c000-7f038cdd4000 r--p 0008f000 08:03 1411099                    /usr/lib/x86_64-linux-gnu/libm.so.6
7f038cdd4000-7f038cdd5000 r--p 000e7000 08:03 1411099                    /usr/lib/x86_64-linux-gnu/libm.so.6
7f038cdd5000-7f038cdd6000 rw-p 000e8000 08:03 1411099                    /usr/lib/x86_64-linux-gnu/libm.so.6
7f038cdd6000-7f038cdd8000 rw-p 00000000 00:00 0 
7f038cdd8000-7f038cdda000 r--p 00000000 08:03 1409104                    /usr/lib/x86_64-linux-gnu/libz.so.1.3
7f038cdda000-7f038cdec000 r-xp 00002000 08:03 1409104                    /usr/lib/x86_64-linux-gnu/libz.so.1.3
7f038cdec000-7f038cdf2000 r--p 00014000 08:03 1409104                    /usr/lib/x86_64-linux-gnu/libz.so.1.3
7f038cdf2000-7f038cdf3000 r--p 0001a000 08:03 1409104                    /usr/lib/x86_64-linux-gnu/libz.so.1.3
7f038cdf3000-7f038cdf4000 rw-p 0001b000 08:03 1409104                    /usr/lib/x86_64-linux-gnu/libz.so.1.3
7f038cdf9000-7f038cdfa000 rw-s 00000000 00:10 68                         anon_inode:bpf-map
7f038cdfa000-7f038cdfb000 r--s 00000000 00:10 68                         anon_inode:bpf-map
7f038cdfb000-7f038cdfc000 ---p 00000000 00:00 0 
7f038cdfc000-7f038cdfd000 r--p 00000000 00:00 0 
7f038cdfd000-7f038cdfe000 ---p 00000000 00:00 0 
7f038cdfe000-7f038ce00000 r--p 00000000 fc:00 49676357                   /mydata/openjdk-mmtk/build/b0test/images/jdk/lib/libjli.so
7f038ce00000-7f038ce0a000 r-xp 00002000 fc:00 49676357                   /mydata/openjdk-mmtk/build/b0test/images/jdk/lib/libjli.so
7f038ce0a000-7f038ce0d000 r--p 0000c000 fc:00 49676357                   /mydata/openjdk-mmtk/build/b0test/images/jdk/lib/libjli.so
7f038ce0d000-7f038ce0e000 r--p 0000f000 fc:00 49676357                   /mydata/openjdk-mmtk/build/b0test/images/jdk/lib/libjli.so
7f038ce0e000-7f038ce0f000 rw-p 00010000 fc:00 49676357                   /mydata/openjdk-mmtk/build/b0test/images/jdk/lib/libjli.so
7f038ce0f000-7f038ce11000 rw-p 00000000 00:00 0 
7f038ce11000-7f038ce15000 r--p 00000000 00:00 0                          [vvar]
7f038ce15000-7f038ce17000 r--p 00000000 00:00 0                          [vvar_vclock]
7f038ce17000-7f038ce19000 r-xp 00000000 00:00 0                          [vdso]
7f038ce19000-7f038ce1a000 r--p 00000000 08:03 1409763                    /usr/lib/x86_64-linux-gnu/ld-linux-x86-64.so.2
7f038ce1a000-7f038ce45000 r-xp 00001000 08:03 1409763                    /usr/lib/x86_64-linux-gnu/ld-linux-x86-64.so.2
7f038ce45000-7f038ce4f000 r--p 0002c000 08:03 1409763                    /usr/lib/x86_64-linux-gnu/ld-linux-x86-64.so.2
7f038ce4f000-7f038ce51000 r--p 00036000 08:03 1409763                    /usr/lib/x86_64-linux-gnu/ld-linux-x86-64.so.2
7f038ce51000-7f038ce53000 rw-p 00038000 08:03 1409763                    /usr/lib/x86_64-linux-gnu/ld-linux-x86-64.so.2
7fffb4cca000-7fffb4ceb000 rw-p 00000000 00:00 0                          [stack]
ffffffffff600000-ffffffffff601000 --xp 00000000 00:00 0                  [vsyscall]
Total number of mappings: 336

JVMTI agents: none


VM Arguments:
jvm_args: -XX:+UseThirdPartyHeap -Xms512m -Xmx512m 
java_command: /mydata/dacapo/dacapo-23.11/dacapo-23.11-MR2-chopin.jar pmd -n 3
java_class_path (initial): /mydata/dacapo/dacapo-23.11/dacapo-23.11-MR2-chopin.jar
Launcher Type: SUN_STANDARD

[Global flags]
     intx CICompilerCount                          = 15                                        {product} {ergonomic}
   size_t InitialHeapSize                          = 536870912                                 {product} {command line}
   size_t MaxHeapSize                              = 536870912                                 {product} {command line}
   size_t MinHeapDeltaBytes                        = 524288                                    {product} {ergonomic}
   size_t MinHeapSize                              = 536870912                                 {product} {command line}
    uintx NonNMethodCodeHeapSize                   = 8192380                                {pd product} {ergonomic}
    uintx NonProfiledCodeHeapSize                  = 121732930                              {pd product} {ergonomic}
    uintx ProfiledCodeHeapSize                     = 121732930                              {pd product} {ergonomic}
    uintx ReservedCodeCacheSize                    = 251658240                              {pd product} {ergonomic}
     bool SegmentedCodeCache                       = true                                      {product} {ergonomic}
   size_t SoftMaxHeapSize                          = 536870912                              {manageable} {ergonomic}
     bool UseCompressedOops                        = true                           {product lp64_product} {ergonomic}

Logging:
Log output configuration:
 #0: stdout all=warning uptime,level,tags foldmultilines=false
 #1: stderr all=off uptime,level,tags foldmultilines=false

Release file:
IMPLEMENTOR="N/A"
JAVA_RUNTIME_VERSION="21.0.9-internal-adhoc.talzuss.openjdk-mmtk"
JAVA_VERSION="21.0.9"
JAVA_VERSION_DATE="2025-10-21"
LIBC="gnu"
MODULES="java.base java.compiler java.datatransfer java.xml java.prefs java.desktop java.instrument java.logging java.management java.security.sasl java.naming java.rmi java.management.rmi java.net.http java.scripting java.security.jgss java.transaction.xa java.sql java.sql.rowset java.xml.crypto java.se java.smartcardio jdk.accessibility jdk.internal.jvmstat jdk.attach jdk.charsets jdk.internal.opt jdk.zipfs jdk.compiler jdk.crypto.ec jdk.crypto.cryptoki jdk.dynalink jdk.internal.ed jdk.editpad jdk.hotspot.agent jdk.httpserver jdk.incubator.vector jdk.internal.le jdk.internal.vm.ci jdk.internal.vm.compiler jdk.internal.vm.compiler.management jdk.jartool jdk.javadoc jdk.jcmd jdk.management jdk.management.agent jdk.jconsole jdk.jdeps jdk.jdwp.agent jdk.jdi jdk.jfr jdk.jlink jdk.jpackage jdk.jshell jdk.jsobject jdk.jstatd jdk.localedata jdk.management.jfr jdk.naming.dns jdk.naming.rmi jdk.net jdk.nio.mapmode jdk.random jdk.sctp jdk.security.auth jdk.security.jgss jdk.unsupported jdk.unsupported.desktop jdk.xml.dom"
OS_ARCH="x86_64"
OS_NAME="Linux"
SOURCE=".:git:b557520f04b3+"

Environment Variables:
PATH=/usr/local/sbin:/usr/local/bin:/usr/sbin:/usr/bin:/sbin:/bin:/snap/bin
SHELL=/bin/bash
LANG=en_US.UTF-8
TERM=tmux-256color

Active Locale:
LC_ALL=en_US.UTF-8
LC_COLLATE=en_US.UTF-8
LC_CTYPE=en_US.UTF-8
LC_MESSAGES=en_US.UTF-8
LC_MONETARY=en_US.UTF-8
LC_NUMERIC=en_US.UTF-8
LC_TIME=en_US.UTF-8

Signal Handlers:
   SIGSEGV: crash_handler in libjvm.so, mask=11100100010111111101111111111110, flags=SA_RESTART|SA_SIGINFO, unblocked
    SIGBUS: crash_handler in libjvm.so, mask=11100100010111111101111111111110, flags=SA_RESTART|SA_SIGINFO, unblocked
    SIGFPE: crash_handler in libjvm.so, mask=11100100010111111101111111111110, flags=SA_RESTART|SA_SIGINFO, unblocked
   SIGPIPE: javaSignalHandler in libjvm.so, mask=11100100010111111101111111111110, flags=SA_RESTART|SA_SIGINFO, blocked
   SIGXFSZ: javaSignalHandler in libjvm.so, mask=11100100010111111101111111111110, flags=SA_RESTART|SA_SIGINFO, blocked
    SIGILL: crash_handler in libjvm.so, mask=11100100010111111101111111111110, flags=SA_RESTART|SA_SIGINFO, unblocked
   SIGUSR2: SR_handler in libjvm.so, mask=00000000000000000000000000000000, flags=SA_RESTART|SA_SIGINFO, blocked
    SIGHUP: UserHandler in libjvm.so, mask=11100100010111111101111111111110, flags=SA_RESTART|SA_SIGINFO, blocked
    SIGINT: UserHandler in libjvm.so, mask=11100100010111111101111111111110, flags=SA_RESTART|SA_SIGINFO, blocked
   SIGTERM: UserHandler in libjvm.so, mask=11100100010111111101111111111110, flags=SA_RESTART|SA_SIGINFO, blocked
   SIGQUIT: UserHandler in libjvm.so, mask=11100100010111111101111111111110, flags=SA_RESTART|SA_SIGINFO, blocked
   SIGTRAP: crash_handler in libjvm.so, mask=11100100010111111101111111111110, flags=SA_RESTART|SA_SIGINFO, unblocked


Periodic native trim disabled

---------------  S Y S T E M  ---------------

OS:
DISTRIB_ID=Ubuntu
DISTRIB_RELEASE=24.04
DISTRIB_CODENAME=noble
DISTRIB_DESCRIPTION="Ubuntu 24.04.4 LTS"
uname: Linux 6.17.0-bpf-fault+ #1 SMP PREEMPT_DYNAMIC Mon Jul  6 16:43:12 MDT 2026 x86_64
OS uptime: 1 days 0:06 hours
libc: glibc 2.39 NPTL 2.39 
rlimit (soft/hard): STACK 8192k/infinity , CORE 0k/0k , NPROC 513205/513205 , NOFILE 1048576/1048576 , AS infinity/infinity , CPU infinity/infinity , DATA infinity/infinity , FSIZE infinity/infinity , MEMLOCK 16436528k/16436528k
load average: 1.39 2.32 2.07

/proc/meminfo:
MemTotal:       131492232 kB
MemFree:        73735832 kB
MemAvailable:   116405556 kB
Buffers:          537856 kB
Cached:         41514900 kB
SwapCached:            0 kB
Active:          3361376 kB
Inactive:       41232040 kB
Active(anon):    2557096 kB
Inactive(anon):        0 kB
Active(file):     804280 kB
Inactive(file): 41232040 kB
Unevictable:       41912 kB
Mlocked:           38840 kB
SwapTotal:       8388604 kB
SwapFree:        8388604 kB
Zswap:                 0 kB
Zswapped:              0 kB
Dirty:               972 kB
Writeback:             0 kB
AnonPages:       2583780 kB
Mapped:          9734276 kB
Shmem:              5316 kB
KReclaimable:    1885088 kB
Slab:            2411188 kB
SReclaimable:    1885088 kB
SUnreclaim:       526100 kB
KernelStack:       11584 kB
PageTables:        57084 kB
SecPageTables:      8984 kB
NFS_Unstable:          0 kB
Bounce:                0 kB
WritebackTmp:          0 kB
CommitLimit:    74134720 kB
Committed_AS:   163022884 kB
VmallocTotal:   34359738367 kB
VmallocUsed:       37620 kB
VmallocChunk:          0 kB
Percpu:            51072 kB
HardwareCorrupted:     0 kB
AnonHugePages:         0 kB
ShmemHugePages:        0 kB
ShmemPmdMapped:        0 kB
FileHugePages:   2168832 kB
FilePmdMapped:         0 kB
Unaccepted:            0 kB
Balloon:               0 kB
HugePages_Total:       0
HugePages_Free:        0
HugePages_Rsvd:        0
HugePages_Surp:        0
Hugepagesize:       2048 kB
Hugetlb:               0 kB
DirectMap4k:      879424 kB
DirectMap2M:    24922112 kB
DirectMap1G:    108003328 kB

/sys/kernel/mm/transparent_hugepage/enabled: always [madvise] never
/sys/kernel/mm/transparent_hugepage/hpage_pmd_size: 2097152
/sys/kernel/mm/transparent_hugepage/defrag (defrag/compaction efforts parameter): always defer defer+madvise [madvise] never

Process Memory:
Virtual Size: 13617481772K (peak: 13617481812K)
Resident Set Size: 3855196K (peak: 3855196K) (anon: 682084K, file: 3173112K, shmem: 0K)
Swapped out: 0K
C-Heap outstanding allocations: 1342154K, retained: 7261K
glibc malloc tunables: (default)

/proc/sys/kernel/threads-max (system-wide limit on the number of threads): 1026411
/proc/sys/vm/max_map_count (maximum number of memory map areas a process may have): 1048576
/proc/sys/vm/swappiness (control to define how aggressively the kernel swaps out anonymous memory): 60
/proc/sys/kernel/pid_max (system-wide limit on number of process identifiers): 4194304

container information not found.
Steal ticks since vm start: 0
Steal ticks percentage since vm start:  0.000

CPU: total 32 (initial active 32) (32 cores per cpu, 2 threads per core) family 23 model 49 stepping 0 microcode 0x830107c, cx8, cmov, fxsr, ht, mmx, 3dnowpref, sse, sse2, sse3, ssse3, sse4a, sse4.1, sse4.2, popcnt, lzcnt, tsc, tscinvbit, avx, avx2, aes, clmul, bmi1, bmi2, adx, sha, fma, vzeroupper, clflush, clflushopt, rdtscp, rdpid, f16c
CPU Model and flags from /proc/cpuinfo:
model name	: AMD EPYC 7302P 16-Core Processor
flags		: fpu vme de pse tsc msr pae mce cx8 apic sep mtrr pge mca cmov pat pse36 clflush mmx fxsr sse sse2 ht syscall nx mmxext fxsr_opt pdpe1gb rdtscp lm constant_tsc rep_good nopl xtopology nonstop_tsc cpuid extd_apicid aperfmperf rapl pni pclmulqdq monitor ssse3 fma cx16 sse4_1 sse4_2 movbe popcnt aes xsave avx f16c rdrand lahf_lm cmp_legacy svm extapic cr8_legacy abm sse4a misalignsse 3dnowprefetch osvw ibs skinit wdt tce topoext perfctr_core perfctr_nb bpext perfctr_llc mwaitx cpb cat_l3 cdp_l3 hw_pstate ssbd mba ibrs ibpb stibp vmmcall fsgsbase bmi1 avx2 smep bmi2 cqm rdt_a rdseed adx smap clflushopt clwb sha_ni xsaveopt xsavec xgetbv1 xsaves cqm_llc cqm_occup_llc cqm_mbm_total cqm_mbm_local clzero irperf xsaveerptr rdpru wbnoinvd amd_ppin arat npt lbrv svm_lock nrip_save tsc_scale vmcb_clean flushbyasid decodeassists pausefilter pfthreshold avic v_vmsave_vmload vgif v_spec_ctrl umip rdpid overflow_recov succor smca sev sev_es

Online cpus: 0-31
Offline cpus: 
BIOS frequency limitation: <Not Available>
Frequency switch latency (ns): <Not Available>
Available cpu frequencies: <Not Available>
Current governor: <Not Available>
Core performance/turbo boost: <Not Available>

Memory: 4k page, physical 131492232k(116405556k free), swap 8388604k(8388604k free)
Page Sizes: 4k

vm_info: OpenJDK 64-Bit Server VM (21.0.9-internal-adhoc.talzuss.openjdk-mmtk) for linux-amd64 JRE (21.0.9-internal-adhoc.talzuss.openjdk-mmtk), built on 2026-07-06T23:13:08Z by "talzuss" with gcc 13.3.0
heap_info: MMTk OpenJDK 0.32.0 (a3bb9ef-dirty), using MMTk 0.32.0 (ceb6a76-dirty, BUILTIN_ENV_LOGGER, DEFAULT, EAGER_SWEEPING, VO_BIT)Œ

END.
