#
# A fatal error has been detected by the Java Runtime Environment:
#
#  SIGSEGV (0xb) at pc=0x00007e2208815c18, pid=301842, tid=301843
#
# JRE version: OpenJDK Runtime Environment (21.0.9) (build 21.0.9-internal-adhoc.talzuss.openjdk-mmtk)
# Java VM: OpenJDK 64-Bit Server VM (21.0.9-internal-adhoc.talzuss.openjdk-mmtk, mixed mode, sharing, tiered, compressed oops, compressed class ptrs, third-party gc, linux-amd64)
# Problematic frame:
# J 64 c1 java.util.HashMap.getNode(Ljava/lang/Object;)Ljava/util/HashMap$Node; java.base@21.0.9-internal (150 bytes) @ 0x00007e2208815c18 [0x00007e22088159e0+0x0000000000000238]
#
# Core dump will be written. Default location: Core dumps may be processed with "/usr/share/apport/apport -p%p -s%s -c%c -d%d -P%P -u%u -g%g -F%F -- %E" (or dumping to /mydata/mmtk-core/core.301842)
#
# If you would like to submit a bug report, please visit:
#   https://bugreport.java.com/bugreport/crash.jsp
#

---------------  S U M M A R Y ------------

Command Line: -XX:+UseThirdPartyHeap -Xms512m -Xmx512m /mydata/dacapo/dacapo-23.11/dacapo-23.11-MR2-chopin.jar pmd -n 3

Host: AMD EPYC 7302P 16-Core Processor, 32 cores, 125G, Ubuntu 24.04.4 LTS
Time: Tue Jul  7 13:06:56 2026 MDT elapsed time: 2.602731 seconds (0d 0h 0m 2s)

---------------  T H R E A D  ---------------

Current thread (0x00007e222002b240):  JavaThread "main"             [_thread_in_Java, id=301843, stack(0x00007e2227700000,0x00007e2227800000) (1024K)]

Stack: [0x00007e2227700000,0x00007e2227800000],  sp=0x00007e22277fb920,  free space=1006k
Native frames: (J=compiled Java code, j=interpreted, Vv=VM code, C=native code)
J 64 c1 java.util.HashMap.getNode(Ljava/lang/Object;)Ljava/util/HashMap$Node; java.base@21.0.9-internal (150 bytes) @ 0x00007e2208815c18 [0x00007e22088159e0+0x0000000000000238]
J 289 c1 java.util.LinkedHashMap.get(Ljava/lang/Object;)Ljava/lang/Object; java.base@21.0.9-internal (29 bytes) @ 0x00007e220885746c [0x00007e22088573e0+0x000000000000008c]
J 1163 c1 java.util.jar.Attributes.getValue(Ljava/util/jar/Attributes$Name;)Ljava/lang/String; java.base@21.0.9-internal (9 bytes) @ 0x00007e2208a1a30c [0x00007e2208a1a1c0+0x000000000000014c]
j  java.net.URLClassLoader.isSealed(Ljava/lang/String;Ljava/util/jar/Manifest;)Z+58 java.base@21.0.9-internal
j  java.net.URLClassLoader.getAndVerifyPackage(Ljava/lang/String;Ljava/util/jar/Manifest;Ljava/net/URL;)Ljava/lang/Package;+68 java.base@21.0.9-internal
j  java.net.URLClassLoader.defineClass(Ljava/lang/String;Ljdk/internal/loader/Resource;)Ljava/lang/Class;+46 java.base@21.0.9-internal
j  java.net.URLClassLoader$1.run()Ljava/lang/Class;+43 java.base@21.0.9-internal
j  java.net.URLClassLoader$1.run()Ljava/lang/Object;+1 java.base@21.0.9-internal
j  java.security.AccessController.executePrivileged(Ljava/security/PrivilegedExceptionAction;Ljava/security/AccessControlContext;Ljava/lang/Class;)Ljava/lang/Object;+29 java.base@21.0.9-internal
j  java.security.AccessController.doPrivileged(Ljava/security/PrivilegedExceptionAction;Ljava/security/AccessControlContext;)Ljava/lang/Object;+13 java.base@21.0.9-internal
j  java.net.URLClassLoader.findClass(Ljava/lang/String;)Ljava/lang/Class;+13 java.base@21.0.9-internal
j  org.dacapo.harness.DacapoClassLoader.loadClass(Ljava/lang/String;Z)Ljava/lang/Class;+31
J 523 c1 java.lang.ClassLoader.loadClass(Ljava/lang/String;)Ljava/lang/Class; java.base@21.0.9-internal (7 bytes) @ 0x00007e22088ba2cc [0x00007e22088ba1c0+0x000000000000010c]
v  ~StubRoutines::call_stub 0x00007e220fc17cc6
V  [libjvm.so+0x92b2fa]  JavaCalls::call_helper(JavaValue*, methodHandle const&, JavaCallArguments*, JavaThread*)+0x2da  (javaCalls.cpp:415)
V  [libjvm.so+0x92ced2]  JavaCalls::call_virtual(JavaValue*, Handle, Klass*, Symbol*, Symbol*, Handle, JavaThread*)+0x1d2  (javaCalls.cpp:329)
V  [libjvm.so+0xf5ced9]  SystemDictionary::load_instance_class_impl(Symbol*, Handle, JavaThread*)+0x189  (systemDictionary.cpp:1312)
V  [libjvm.so+0xf5b3f0]  SystemDictionary::load_instance_class(Symbol*, Handle, JavaThread*)+0x20  (systemDictionary.cpp:1343)
V  [libjvm.so+0xf5b988]  SystemDictionary::resolve_instance_class_or_null(Symbol*, Handle, Handle, JavaThread*)+0x458  (systemDictionary.cpp:701)
V  [libjvm.so+0xf5c649]  SystemDictionary::resolve_super_or_fail(Symbol*, Symbol*, Handle, Handle, bool, JavaThread*)+0x369  (systemDictionary.cpp:473)
V  [libjvm.so+0x61eb59]  ClassFileParser::post_process_parsed_stream(ClassFileStream const*, ConstantPool*, JavaThread*)+0x1b9  (classFileParser.cpp:5910)
V  [libjvm.so+0xb5f9e9]  KlassFactory::create_from_stream(ClassFileStream*, Symbol*, ClassLoaderData*, ClassLoadInfo const&, JavaThread*)+0x209  (klassFactory.cpp:201)
V  [libjvm.so+0xf5b050]  SystemDictionary::resolve_class_from_stream(ClassFileStream*, Symbol*, Handle, ClassLoadInfo const&, JavaThread*)+0x170  (systemDictionary.cpp:890)
V  [libjvm.so+0xa094ae]  jvm_define_class_common(char const*, _jobject*, signed char const*, int, _jobject*, char const*, JavaThread*)+0x20e  (jvm.cpp:908)
V  [libjvm.so+0xa0971a]  JVM_DefineClassWithSource+0x6a  (jvm.cpp:1072)
C  [libjava.so+0xf691]  Java_java_lang_ClassLoader_defineClass1+0x181  (ClassLoader.c:139)
J 1150  java.lang.ClassLoader.defineClass1(Ljava/lang/ClassLoader;Ljava/lang/String;[BIILjava/security/ProtectionDomain;Ljava/lang/String;)Ljava/lang/Class; java.base@21.0.9-internal (0 bytes) @ 0x00007e221043a6e0 [0x00007e221043a5a0+0x0000000000000140]
j  java.lang.ClassLoader.defineClass(Ljava/lang/String;[BIILjava/security/ProtectionDomain;)Ljava/lang/Class;+27 java.base@21.0.9-internal
j  java.security.SecureClassLoader.defineClass(Ljava/lang/String;[BIILjava/security/CodeSource;)Ljava/lang/Class;+12 java.base@21.0.9-internal
j  java.net.URLClassLoader.defineClass(Ljava/lang/String;Ljdk/internal/loader/Resource;)Ljava/lang/Class;+220 java.base@21.0.9-internal
j  java.net.URLClassLoader$1.run()Ljava/lang/Class;+43 java.base@21.0.9-internal
j  java.net.URLClassLoader$1.run()Ljava/lang/Object;+1 java.base@21.0.9-internal
j  java.security.AccessController.executePrivileged(Ljava/security/PrivilegedExceptionAction;Ljava/security/AccessControlContext;Ljava/lang/Class;)Ljava/lang/Object;+29 java.base@21.0.9-internal
j  java.security.AccessController.doPrivileged(Ljava/security/PrivilegedExceptionAction;Ljava/security/AccessControlContext;)Ljava/lang/Object;+13 java.base@21.0.9-internal
j  java.net.URLClassLoader.findClass(Ljava/lang/String;)Ljava/lang/Class;+13 java.base@21.0.9-internal
j  org.dacapo.harness.DacapoClassLoader.loadClass(Ljava/lang/String;Z)Ljava/lang/Class;+31
J 523 c1 java.lang.ClassLoader.loadClass(Ljava/lang/String;)Ljava/lang/Class; java.base@21.0.9-internal (7 bytes) @ 0x00007e22088ba2cc [0x00007e22088ba1c0+0x000000000000010c]
v  ~StubRoutines::call_stub 0x00007e220fc17cc6
V  [libjvm.so+0x92b2fa]  JavaCalls::call_helper(JavaValue*, methodHandle const&, JavaCallArguments*, JavaThread*)+0x2da  (javaCalls.cpp:415)
V  [libjvm.so+0x92ced2]  JavaCalls::call_virtual(JavaValue*, Handle, Klass*, Symbol*, Symbol*, Handle, JavaThread*)+0x1d2  (javaCalls.cpp:329)
V  [libjvm.so+0xf5ced9]  SystemDictionary::load_instance_class_impl(Symbol*, Handle, JavaThread*)+0x189  (systemDictionary.cpp:1312)
V  [libjvm.so+0xf5b3f0]  SystemDictionary::load_instance_class(Symbol*, Handle, JavaThread*)+0x20  (systemDictionary.cpp:1343)
V  [libjvm.so+0xf5b988]  SystemDictionary::resolve_instance_class_or_null(Symbol*, Handle, Handle, JavaThread*)+0x458  (systemDictionary.cpp:701)
V  [libjvm.so+0xf5d362]  SystemDictionary::resolve_or_fail(Symbol*, Handle, Handle, bool, JavaThread*)+0x52  (systemDictionary.cpp:342)
V  [libjvm.so+0x6a9af0]  ConstantPool::klass_at_impl(constantPoolHandle const&, int, JavaThread*)+0x160  (constantPool.cpp:535)
V  [libjvm.so+0x920116]  InterpreterRuntime::_new(JavaThread*, ConstantPool*, int)+0x66  (constantPool.hpp:391)
j  net.sourceforge.pmd.PmdAnalysis.<init>(Lnet/sourceforge/pmd/PMDConfiguration;)V+27
j  net.sourceforge.pmd.PmdAnalysis.create(Lnet/sourceforge/pmd/PMDConfiguration;)Lnet/sourceforge/pmd/PmdAnalysis;+5
j  net.sourceforge.pmd.PMD.doPMD(Lnet/sourceforge/pmd/PMDConfiguration;)I+30
j  net.sourceforge.pmd.PMD.runPmd(Lnet/sourceforge/pmd/PMDConfiguration;)Lnet/sourceforge/pmd/PMD$StatusCode;+52
j  net.sourceforge.pmd.PMD.runPmd([Ljava/lang/String;)Lnet/sourceforge/pmd/PMD$StatusCode;+206
j  net.sourceforge.pmd.PMD.main([Ljava/lang/String;)V+1
j  java.lang.invoke.LambdaForm$DMH+0x00007174ec001800.invokeStatic(Ljava/lang/Object;Ljava/lang/Object;)V+10 java.base@21.0.9-internal
j  java.lang.invoke.LambdaForm$MH+0x00007174ec002c00.invoke(Ljava/lang/Object;Ljava/lang/Object;Ljava/lang/Object;)Ljava/lang/Object;+33 java.base@21.0.9-internal
j  java.lang.invoke.Invokers$Holder.invokeExact_MT(Ljava/lang/Object;Ljava/lang/Object;Ljava/lang/Object;Ljava/lang/Object;)Ljava/lang/Object;+20 java.base@21.0.9-internal
j  jdk.internal.reflect.DirectMethodHandleAccessor.invokeImpl(Ljava/lang/Object;[Ljava/lang/Object;)Ljava/lang/Object;+55 java.base@21.0.9-internal
j  jdk.internal.reflect.DirectMethodHandleAccessor.invoke(Ljava/lang/Object;[Ljava/lang/Object;)Ljava/lang/Object;+23 java.base@21.0.9-internal
j  java.lang.reflect.Method.invoke(Ljava/lang/Object;[Ljava/lang/Object;)Ljava/lang/Object;+102 java.base@21.0.9-internal
j  org.dacapo.harness.Pmd.iterate(Ljava/lang/String;)V+16
j  org.dacapo.harness.Benchmark.run(Lorg/dacapo/harness/Callback;Ljava/lang/String;)Z+82
j  org.dacapo.harness.TestHarness.runBenchmark(Ljava/io/File;Ljava/io/File;Ljava/lang/String;Lorg/dacapo/harness/TestHarness;)V+109
j  org.dacapo.harness.TestHarness.main([Ljava/lang/String;)V+720
j  java.lang.invoke.LambdaForm$DMH+0x00007174ec001800.invokeStatic(Ljava/lang/Object;Ljava/lang/Object;)V+10 java.base@21.0.9-internal
j  java.lang.invoke.LambdaForm$MH+0x00007174ec002c00.invoke(Ljava/lang/Object;Ljava/lang/Object;Ljava/lang/Object;)Ljava/lang/Object;+33 java.base@21.0.9-internal
j  java.lang.invoke.Invokers$Holder.invokeExact_MT(Ljava/lang/Object;Ljava/lang/Object;Ljava/lang/Object;Ljava/lang/Object;)Ljava/lang/Object;+20 java.base@21.0.9-internal
j  jdk.internal.reflect.DirectMethodHandleAccessor.invokeImpl(Ljava/lang/Object;[Ljava/lang/Object;)Ljava/lang/Object;+55 java.base@21.0.9-internal
j  jdk.internal.reflect.DirectMethodHandleAccessor.invoke(Ljava/lang/Object;[Ljava/lang/Object;)Ljava/lang/Object;+23 java.base@21.0.9-internal
j  java.lang.reflect.Method.invoke(Ljava/lang/Object;[Ljava/lang/Object;)Ljava/lang/Object;+102 java.base@21.0.9-internal
j  Harness.main([Ljava/lang/String;)V+44
v  ~StubRoutines::call_stub 0x00007e220fc17cc6
V  [libjvm.so+0x92b2fa]  JavaCalls::call_helper(JavaValue*, methodHandle const&, JavaCallArguments*, JavaThread*)+0x2da  (javaCalls.cpp:415)
V  [libjvm.so+0x9d1a3d]  jni_invoke_static(JNIEnv_*, JavaValue*, _jobject*, JNICallType, _jmethodID*, JNI_ArgumentPusher*, JavaThread*) [clone .constprop.1]+0x36d  (jni.cpp:888)
V  [libjvm.so+0x9d3faf]  jni_CallStaticVoidMethod+0x12f  (jni.cpp:1717)
C  [libjli.so+0x574e]  JavaMain+0xfde  (java.c:560)
C  [libjli.so+0x85ad]  ThreadJavaMain+0xd  (java_md.c:642)
C  [libc.so.6+0x9caa4]

siginfo: si_signo: 11 (SIGSEGV), si_code: 1 (SEGV_MAPERR), si_addr: 0x0000000081962cf8

Registers:
RAX=0x00000000918d435c, RBX=0x00000000918dd2d1, RCX=0x0000000000002593, RDX=0x00000000918dd2d1
RSP=0x00007e22277fb920, RBP=0x00007e22277fbaa0, RSI=0x00000000100c1010, RDI=0x000000004165eca8
R8 =0x0000000000000000, R9 =0x0000000000000025, R10=0x00007174eb000000, R11=0x00007174eb000000
R12=0x0000000000000000, R13=0x00007e22277fba48, R14=0x0000000000000000, R15=0x00007e222002b240
RIP=0x00007e2208815c18, EFLAGS=0x0000000000010297, CSGSFS=0x002b000000000033, ERR=0x0000000000000004
  TRAPNO=0x000000000000000e

XMM[0]=0x0000000000000000 0x72756f732f74656e
XMM[1]=0x0000000000000000 0x0000000000000000
XMM[2]=0x0000000000000000 0x4a319941fc018edf
XMM[3]=0x0000000000000000 0x59db6a41e191dddf
XMM[4]=0x0000000000000000 0x34e63b4167e12cdf
XMM[5]=0x0000000000000000 0x3fd701a584bb71d2
XMM[6]=0x0000000000000000 0x459176a5749a403d
XMM[7]=0x0000000000000000 0x426c3dadafd11190
XMM[8]=0x0000000000000000 0x5120ff6caa761012
XMM[9]=0x0000000000000000 0xc33b0a89bbc196bc
XMM[10]=0x0000000000000000 0x00000000f8868c33
XMM[11]=0x0000000000000000 0xbec2f2577a848913
XMM[12]=0x0000000000000000 0x00000000bbc196bc
XMM[13]=0x0000000000000000 0xf29e52a2b90150b5
XMM[14]=0x0000000000000000 0x00000000c662fe13
XMM[15]=0x0000000000000000 0x0000000000000000
  MXCSR=0x00001fa2


Register to memory mapping:

RAX=
[error occurred during error reporting (printing register info), id 0xe0000000, Internal Error (/mydata/mmtk-openjdk/openjdk/share/mmtkHeap.cpp:444)]
RBX=
[error occurred during error reporting (printing register info, attempt 2), id 0xe0000000, Internal Error (/mydata/mmtk-openjdk/openjdk/share/mmtkHeap.cpp:444)]
RCX=
[error occurred during error reporting (printing register info, attempt 3), id 0xe0000000, Internal Error (/mydata/mmtk-openjdk/openjdk/share/mmtkHeap.cpp:444)]
Top of Stack: (sp=0x00007e22277fb920)
0x00007e22277fb920:   0000000000000003 00007174eb051140
0x00007e22277fb930:   0000000000000000 0000000040006788
0x00007e22277fb940:   00007174eb051d20 0000000000000000
0x00007e22277fb950:   00007e22277fb968 00007e22277fb9c0
0x00007e22277fb960:   00007e220fc1eff2 00000000302e3534
0x00007e22277fb970:   000000004165eca8 00000000403565c8
0x00007e22277fb980:   00007174eb69a262 0000000000000004
0x00007e22277fb990:   00007174eb051140 0000000000000000
0x00007e22277fb9a0:   00007e22277fbaa0 00007e220885746c
0x00007e22277fb9b0:   0000000000000000 00007e22277fb9d8
0x00007e22277fb9c0:   00007e22277fba30 000000004165c918
0x00007e22277fb9d0:   0000000000000000 000000004165f000
0x00007e22277fb9e0:   00007e22277fbaa0 00007e2208a1a30c
0x00007e22277fb9f0:   00007174eba6db82 0000000000000004
0x00007e22277fba00:   00007174eb317130 0000000000000000
0x00007e22277fba10:   0000000040368550 00007174eb317098
0x00007e22277fba20:   0000000000000000 00007e22277fba40
0x00007e22277fba30:   00007e22277fbaa0 00007e220fc1eff2
0x00007e22277fba40:   00007e220fc1eff2 00000000403565c8
0x00007e22277fba50:   000000004165c908 00007e22277fba58
0x00007e22277fba60:   00007174eb698f5a 0000000000000006
0x00007e22277fba70:   00007174eb04f6f0 0000000000000000
0x00007e22277fba80:   00000000400065a0 00007174eb050c18
0x00007e22277fba90:   00007e22277fba48 00007e22277fbac0
0x00007e22277fbaa0:   00007e22277fbb20 00007e220fc1efa8
0x00007e22277fbab0:   0000000000000000 000000004165c908
0x00007e22277fbac0:   000000004165c8f0 000000004165ed28
0x00007e22277fbad0:   0000000041674d78 00007e22277fbad8
0x00007e22277fbae0:   00007174eb699284 0000000000000006
0x00007e22277fbaf0:   00007174eb04f6f0 0000000000000000
0x00007e22277fbb00:   00000000400065a0 00007174eb050cc8
0x00007e22277fbb10:   00007e22277fbac0 00007e22277fbb38 

Instructions: (pc=0x00007e2208815c18)
0x00007e2208815b18:   bb 70 8a 01 e0 74 71 00 00 ff 83 58 01 00 00 bb
0x00007e2208815b28:   00 00 00 00 89 74 24 48 48 89 7c 24 50 e9 c6 00
0x00007e2208815b38:   00 00 89 74 24 48 48 89 7c 24 50 48 3b 02 48 8b
0x00007e2208815b48:   da 48 b8 70 8a 01 e0 74 71 00 00 8b 5b 08 49 ba
0x00007e2208815b58:   00 00 00 eb 74 71 00 00 49 03 da 48 3b 98 80 01
0x00007e2208815b68:   00 00 75 0d 48 83 80 88 01 00 00 01 e9 60 00 00
0x00007e2208815b78:   00 48 3b 98 90 01 00 00 75 0d 48 83 80 98 01 00
0x00007e2208815b88:   00 01 e9 4a 00 00 00 48 83 b8 80 01 00 00 00 75
0x00007e2208815b98:   17 48 89 98 80 01 00 00 48 c7 80 88 01 00 00 01
0x00007e2208815ba8:   00 00 00 e9 29 00 00 00 48 83 b8 90 01 00 00 00
0x00007e2208815bb8:   75 17 48 89 98 90 01 00 00 48 c7 80 98 01 00 00
0x00007e2208815bc8:   01 00 00 00 e9 08 00 00 00 48 83 80 70 01 00 00
0x00007e2208815bd8:   01 48 8b f2 90 48 b8 ff ff ff ff ff ff ff ff e8
0x00007e2208815be8:   24 67 50 07 0f 1f 84 00 5c 04 00 00 48 8b d0 c1
0x00007e2208815bf8:   ea 10 48 33 d0 48 8b da 8b 74 24 48 48 8b 7c 24
0x00007e2208815c08:   50 48 23 f3 3b 77 0c 0f 83 9a 07 00 00 48 63 f6
0x00007e2208815c18:   8b 7c b7 10 48 85 ff 48 ba 30 b1 01 e0 74 71 00
0x00007e2208815c28:   00 48 c7 c6 88 01 00 00 74 07 48 c7 c6 98 01 00
0x00007e2208815c38:   00 48 8b 04 32 48 8d 40 01 48 89 04 32 0f 84 2f
0x00007e2208815c48:   05 00 00 8b 57 0c 3b d3 48 ba 30 b1 01 e0 74 71
0x00007e2208815c58:   00 00 48 c7 c6 b8 01 00 00 74 07 48 c7 c6 a8 01
0x00007e2208815c68:   00 00 48 8b 04 32 48 8d 40 01 48 89 04 32 0f 84
0x00007e2208815c78:   09 00 00 00 89 5c 24 4c e9 62 01 00 00 48 8b 54
0x00007e2208815c88:   24 58 8b 77 10 48 3b f2 48 b8 30 b1 01 e0 74 71
0x00007e2208815c98:   00 00 48 c7 c1 c8 01 00 00 74 07 48 c7 c1 d8 01
0x00007e2208815ca8:   00 00 4c 8b 04 08 4d 8d 40 01 4c 89 04 08 0f 84
0x00007e2208815cb8:   8e 06 00 00 48 85 d2 48 b8 30 b1 01 e0 74 71 00
0x00007e2208815cc8:   00 48 c7 c1 f8 01 00 00 75 07 48 c7 c1 e8 01 00
0x00007e2208815cd8:   00 4c 8b 04 08 4d 8d 40 01 4c 89 04 08 0f 85 09
0x00007e2208815ce8:   00 00 00 89 5c 24 4c e9 f3 00 00 00 48 89 7c 24
0x00007e2208815cf8:   60 89 5c 24 4c 48 3b 02 48 8b c2 48 b9 30 b1 01
0x00007e2208815d08:   e0 74 71 00 00 8b 40 08 49 ba 00 00 00 eb 74 71 


Stack slot to memory mapping:

stack at sp + 0 slots: 
[error occurred during error reporting (inspecting top of stack), id 0xe0000000, Internal Error (/mydata/mmtk-openjdk/openjdk/share/mmtkHeap.cpp:444)]
stack at sp + 1 slots: 
[error occurred during error reporting (inspecting top of stack, attempt 2), id 0xe0000000, Internal Error (/mydata/mmtk-openjdk/openjdk/share/mmtkHeap.cpp:444)]
stack at sp + 2 slots: 0x0 is null
stack at sp + 3 slots: 
[error occurred during error reporting (inspecting top of stack, attempt 3), id 0xe0000000, Internal Error (/mydata/mmtk-openjdk/openjdk/share/mmtkHeap.cpp:444)]

Compiled method (c1) 4423   64       3       java.util.HashMap::getNode (150 bytes)
 total in heap  [0x00007e2208815790,0x00007e2208816790] = 4096
 relocation     [0x00007e22088158e8,0x00007e22088159c8] = 224
 main code      [0x00007e22088159e0,0x00007e2208816488] = 2728
 stub code      [0x00007e2208816488,0x00007e22088164f8] = 112
 metadata       [0x00007e22088164f8,0x00007e2208816508] = 16
 scopes data    [0x00007e2208816508,0x00007e2208816618] = 272
 scopes pcs     [0x00007e2208816618,0x00007e2208816748] = 304
 dependencies   [0x00007e2208816748,0x00007e2208816750] = 8
 nul chk table  [0x00007e2208816750,0x00007e2208816790] = 64

[Constant Pool (empty)]

[MachCode]
[Entry Point]
  # {method} {0x00007174eb404a50} 'getNode' '(Ljava/lang/Object;)Ljava/util/HashMap$Node;' in 'java/util/HashMap'
  # this:     rsi:rsi   = 'java/util/HashMap'
  # parm0:    rdx:rdx   = 'java/lang/Object'
  #           [sp+0x90]  (sp of caller)
  0x00007e22088159e0: 448b 5608 | 49bb 0000 | 00eb 7471 | 0000 4d03 | d34c 3bd0 

  0x00007e22088159f4: ;   {runtime_call ic_miss_stub}
  0x00007e22088159f4: 0f85 86f3 | 4407 660f | 1f44 0000 
[Verified Entry Point]
  0x00007e2208815a00: 8984 2400 | c0fe ff55 | 4881 ec80 | 0000 0090 | 4181 7f20 | 0100 0000 

  0x00007e2208815a18: ;   {runtime_call StubRoutines (final stubs)}
  0x00007e2208815a18: 7405 e841 | 9443 0748 | 8954 2458 

  0x00007e2208815a24: ;   {metadata(method data for {method} {0x00007174eb404a50} 'getNode' '(Ljava/lang/Object;)Ljava/util/HashMap$Node;' in 'java/util/HashMap')}
  0x00007e2208815a24: 48bf 30b1 | 01e0 7471 | 0000 8b9f | f400 0000 | 83c3 0289 | 9ff4 0000 | 0081 e3fe | 0700 0085 
  0x00007e2208815a44: db0f 8418 | 0900 008b | 7e24 4885 

  0x00007e2208815a50: ;   {metadata(method data for {method} {0x00007174eb404a50} 'getNode' '(Ljava/lang/Object;)Ljava/util/HashMap$Node;' in 'java/util/HashMap')}
  0x00007e2208815a50: ff48 be30 | b101 e074 | 7100 0048 | c7c3 3801 | 0000 7407 | 48c7 c348 | 0100 0048 | 8b04 1e48 
  0x00007e2208815a70: 8d40 0148 | 8904 1e0f | 84fd 0600 | 008b 770c 

  0x00007e2208815a80: ;   {metadata(method data for {method} {0x00007174eb404a50} 'getNode' '(Ljava/lang/Object;)Ljava/util/HashMap$Node;' in 'java/util/HashMap')}
  0x00007e2208815a80: 85f6 48bb | 30b1 01e0 | 7471 0000 | 48c7 c058 | 0100 007e | 0748 c7c0 | 6801 0000 | 488b 0c03 
  0x00007e2208815aa0: 488d 4901 | 4889 0c03 | 0f8e cc06 | 0000 ffce 

  0x00007e2208815ab0: ;   {metadata(method data for {method} {0x00007174eb404a50} 'getNode' '(Ljava/lang/Object;)Ljava/util/HashMap$Node;' in 'java/util/HashMap')}
  0x00007e2208815ab0: 48bb 30b1 | 01e0 7471 | 0000 4883 | 8378 0100 

  0x00007e2208815ac0: ;   {metadata(method data for {method} {0x00007174eb404ec8} 'hash' '(Ljava/lang/Object;)I' in 'java/util/HashMap')}
  0x00007e2208815ac0: 0001 48bb | 708a 01e0 | 7471 0000 | 8b83 f400 | 0000 83c0 | 0289 83f4 | 0000 0025 | feff 1f00 
  0x00007e2208815ae0: 85c0 0f84 | a108 0000 

  0x00007e2208815ae8: ;   {metadata(method data for {method} {0x00007174eb404ec8} 'hash' '(Ljava/lang/Object;)I' in 'java/util/HashMap')}
  0x00007e2208815ae8: 4885 d248 | bb70 8a01 | e074 7100 | 0048 c7c0 | 3801 0000 | 7507 48c7 | c048 0100 | 0048 8b0c 
  0x00007e2208815b08: 0348 8d49 | 0148 890c | 030f 8523 

  0x00007e2208815b14: ;   {metadata(method data for {method} {0x00007174eb404ec8} 'hash' '(Ljava/lang/Object;)I' in 'java/util/HashMap')}
  0x00007e2208815b14: 0000 0048 | bb70 8a01 | e074 7100 | 00ff 8358 | 0100 00bb | 0000 0000 | 8974 2448 | 4889 7c24 
  0x00007e2208815b34: 50e9 c600 | 0000 8974 | 2448 4889 | 7c24 5048 | 3b02 488b 

  0x00007e2208815b48: ;   {metadata(method data for {method} {0x00007174eb404ec8} 'hash' '(Ljava/lang/Object;)I' in 'java/util/HashMap')}
  0x00007e2208815b48: da48 b870 | 8a01 e074 | 7100 008b | 5b08 49ba | 0000 00eb | 7471 0000 | 4903 da48 | 3b98 8001 
  0x00007e2208815b68: 0000 750d | 4883 8088 | 0100 0001 | e960 0000 | 0048 3b98 | 9001 0000 | 750d 4883 | 8098 0100 
  0x00007e2208815b88: 0001 e94a | 0000 0048 | 83b8 8001 | 0000 0075 | 1748 8998 | 8001 0000 | 48c7 8088 | 0100 0001 
  0x00007e2208815ba8: 0000 00e9 | 2900 0000 | 4883 b890 | 0100 0000 | 7517 4889 | 9890 0100 | 0048 c780 | 9801 0000 
  0x00007e2208815bc8: 0100 0000 | e908 0000 | 0048 8380 | 7001 0000 | 0148 8bf2 | 9048 b8ff | ffff ffff 

  0x00007e2208815be4: ;   {virtual_call}
  0x00007e2208815be4: ffff ffe8 

  0x00007e2208815be8: ; ImmutableOopMap {[80]=Oop [88]=Oop }
                      ;*invokevirtual hashCode {reexecute=0 rethrow=0 return_oop=0}
                      ; - java.util.HashMap::hash@9 (line 338)
                      ; - java.util.HashMap::getNode@23 (line 576)
  0x00007e2208815be8: 2467 5007 

  0x00007e2208815bec: ;   {other}
  0x00007e2208815bec: 0f1f 8400 | 5c04 0000 | 488b d0c1 | ea10 4833 | d048 8bda | 8b74 2448 | 488b 7c24 | 5048 23f3 
  0x00007e2208815c0c: 3b77 0c0f | 839a 0700 | 0048 63f6 | 8b7c b710 

  0x00007e2208815c1c: ;   {metadata(method data for {method} {0x00007174eb404a50} 'getNode' '(Ljava/lang/Object;)Ljava/util/HashMap$Node;' in 'java/util/HashMap')}
  0x00007e2208815c1c: 4885 ff48 | ba30 b101 | e074 7100 | 0048 c7c6 | 8801 0000 | 7407 48c7 | c698 0100 | 0048 8b04 
  0x00007e2208815c3c: 3248 8d40 | 0148 8904 | 320f 842f | 0500 008b | 570c 3bd3 

  0x00007e2208815c50: ;   {metadata(method data for {method} {0x00007174eb404a50} 'getNode' '(Ljava/lang/Object;)Ljava/util/HashMap$Node;' in 'java/util/HashMap')}
  0x00007e2208815c50: 48ba 30b1 | 01e0 7471 | 0000 48c7 | c6b8 0100 | 0074 0748 | c7c6 a801 | 0000 488b | 0432 488d 
  0x00007e2208815c70: 4001 4889 | 0432 0f84 | 0900 0000 | 895c 244c | e962 0100 | 0048 8b54 | 2458 8b77 | 1048 3bf2 
  0x00007e2208815c90: ;   {metadata(method data for {method} {0x00007174eb404a50} 'getNode' '(Ljava/lang/Object;)Ljava/util/HashMap$Node;' in 'java/util/HashMap')}
  0x00007e2208815c90: 48b8 30b1 | 01e0 7471 | 0000 48c7 | c1c8 0100 | 0074 0748 | c7c1 d801 | 0000 4c8b | 0408 4d8d 
  0x00007e2208815cb0: 4001 4c89 | 0408 0f84 | 8e06 0000 

  0x00007e2208815cbc: ;   {metadata(method data for {method} {0x00007174eb404a50} 'getNode' '(Ljava/lang/Object;)Ljava/util/HashMap$Node;' in 'java/util/HashMap')}
  0x00007e2208815cbc: 4885 d248 | b830 b101 | e074 7100 | 0048 c7c1 | f801 0000 | 7507 48c7 | c1e8 0100 | 004c 8b04 
  0x00007e2208815cdc: 084d 8d40 | 014c 8904 | 080f 8509 | 0000 0089 | 5c24 4ce9 | f300 0000 | 4889 7c24 | 6089 5c24 
  0x00007e2208815cfc: 4c48 3b02 

  0x00007e2208815d00: ;   {metadata(method data for {method} {0x00007174eb404a50} 'getNode' '(Ljava/lang/Object;)Ljava/util/HashMap$Node;' in 'java/util/HashMap')}
  0x00007e2208815d00: 488b c248 | b930 b101 | e074 7100 | 008b 4008 | 49ba 0000 | 00eb 7471 | 0000 4903 | c248 3b81 
  0x00007e2208815d20: 1802 0000 | 750d 4883 | 8120 0200 | 0001 e960 | 0000 0048 | 3b81 2802 | 0000 750d | 4883 8130 
  0x00007e2208815d40: 0200 0001 | e94a 0000 | 0048 83b9 | 1802 0000 | 0075 1748 | 8981 1802 | 0000 48c7 | 8120 0200 
  0x00007e2208815d60: 0001 0000 | 00e9 2900 | 0000 4883 | b928 0200 | 0000 7517 | 4889 8128 | 0200 0048 | c781 3002 
  0x00007e2208815d80: 0000 0100 | 0000 e908 | 0000 0048 | 8381 0802 | 0000 0148 | 8bc2 488b | d648 8bf0 | 9048 b8ff 
  0x00007e2208815da0: ffff ffff 

  0x00007e2208815da4: ;   {virtual_call}
  0x00007e2208815da4: ffff ffe8 

  0x00007e2208815da8: ; ImmutableOopMap {[88]=Oop [96]=Oop }
                      ;*invokevirtual equals {reexecute=0 rethrow=0 return_oop=0}
                      ; - java.util.HashMap::getNode@63 (line 578)
  0x00007e2208815da8: b465 5007 

  0x00007e2208815dac: ;   {other}
  0x00007e2208815dac: 0f1f 8400 | 1c06 0001 

  0x00007e2208815db4: ;   {metadata(method data for {method} {0x00007174eb404a50} 'getNode' '(Ljava/lang/Object;)Ljava/util/HashMap$Node;' in 'java/util/HashMap')}
  0x00007e2208815db4: 85c0 48ba | 30b1 01e0 | 7471 0000 | 48c7 c650 | 0200 0075 | 0748 c7c6 | 4002 0000 | 488b 3c32 
  0x00007e2208815dd4: 488d 7f01 | 4889 3c32 | 488b 7c24 | 600f 8563 | 0500 008b | 5718 4885 

  0x00007e2208815dec: ;   {metadata(method data for {method} {0x00007174eb404a50} 'getNode' '(Ljava/lang/Object;)Ljava/util/HashMap$Node;' in 'java/util/HashMap')}
  0x00007e2208815dec: d248 be30 | b101 e074 | 7100 0048 | c7c3 6002 | 0000 7407 | 48c7 c370 | 0200 0048 | 8b04 1e48 
  0x00007e2208815e0c: 8d40 0148 | 8904 1e0f | 8461 0300 | 0048 85ff 

  0x00007e2208815e1c: ;   {metadata(method data for {method} {0x00007174eb404a50} 'getNode' '(Ljava/lang/Object;)Ljava/util/HashMap$Node;' in 'java/util/HashMap')}
  0x00007e2208815e1c: 7516 48b8 | 30b1 01e0 | 7471 0000 | 8088 7902 | 0000 01e9 | cc00 0000 

  0x00007e2208815e34: ;   {metadata('java/util/HashMap$TreeNode')}
  0x00007e2208815e34: 48b9 88b7 | 1aeb 7471 | 0000 8b5f | 0849 ba00 | 0000 eb74 | 7100 0049 | 03da 483b | cb0f 858d 
  0x00007e2208815e54: ;   {metadata(method data for {method} {0x00007174eb404a50} 'getNode' '(Ljava/lang/Object;)Ljava/util/HashMap$Node;' in 'java/util/HashMap')}
  0x00007e2208815e54: 0000 0048 | b830 b101 | e074 7100 | 008b 4f08 | 49ba 0000 | 00eb 7471 | 0000 4903 | ca48 3b88 
  0x00007e2208815e74: 9002 0000 | 750d 4883 | 8098 0200 | 0001 e97e | 0000 0048 | 3b88 a002 | 0000 750d | 4883 80a8 
  0x00007e2208815e94: 0200 0001 | e968 0000 | 0048 83b8 | 9002 0000 | 0075 1748 | 8988 9002 | 0000 48c7 | 8098 0200 
  0x00007e2208815eb4: 0001 0000 | 00e9 4700 | 0000 4883 | b8a0 0200 | 0000 7517 | 4889 88a0 | 0200 0048 | c780 a802 
  0x00007e2208815ed4: 0000 0100 | 0000 e926 | 0000 00e9 | 2100 0000 

  0x00007e2208815ee4: ;   {metadata(method data for {method} {0x00007174eb404a50} 'getNode' '(Ljava/lang/Object;)Ljava/util/HashMap$Node;' in 'java/util/HashMap')}
  0x00007e2208815ee4: 48b8 30b1 | 01e0 7471 | 0000 4883 | a880 0200 | 0001 e905 | 0000 00e9 | 0500 0000 | 4833 f6eb 
  0x00007e2208815f04: 0748 c7c6 | 0100 0000 

  0x00007e2208815f0c: ;   {metadata(method data for {method} {0x00007174eb404a50} 'getNode' '(Ljava/lang/Object;)Ljava/util/HashMap$Node;' in 'java/util/HashMap')}
  0x00007e2208815f0c: 85f6 48be | 30b1 01e0 | 7471 0000 | 48c7 c3c8 | 0200 0075 | 0748 c7c3 | b802 0000 | 488b 041e 
  0x00007e2208815f2c: 488d 4001 | 4889 041e | 0f85 6002 | 0000 660f | 1f44 0000 | 8b5c 244c | 488b 7c24 | 588b 720c 
  0x00007e2208815f4c: ;   {metadata(method data for {method} {0x00007174eb404a50} 'getNode' '(Ljava/lang/Object;)Ljava/util/HashMap$Node;' in 'java/util/HashMap')}
  0x00007e2208815f4c: 3bf3 48be | 30b1 01e0 | 7471 0000 | 48c7 c058 | 0300 0074 | 0748 c7c0 | 4803 0000 | 488b 0c06 
  0x00007e2208815f6c: 488d 4901 | 4889 0c06 | 0f84 0900 | 0000 895c | 244c e95c | 0100 008b | 7210 483b 

  0x00007e2208815f88: ;   {metadata(method data for {method} {0x00007174eb404a50} 'getNode' '(Ljava/lang/Object;)Ljava/util/HashMap$Node;' in 'java/util/HashMap')}
  0x00007e2208815f88: f748 b830 | b101 e074 | 7100 0048 | c7c1 6803 | 0000 7407 | 48c7 c178 | 0300 004c | 8b04 084d 
  0x00007e2208815fa8: 8d40 014c | 8904 080f | 84ac 0100 | 0048 85ff 

  0x00007e2208815fb8: ;   {metadata(method data for {method} {0x00007174eb404a50} 'getNode' '(Ljava/lang/Object;)Ljava/util/HashMap$Node;' in 'java/util/HashMap')}
  0x00007e2208815fb8: 48b8 30b1 | 01e0 7471 | 0000 48c7 | c198 0300 | 0075 0748 | c7c1 8803 | 0000 4c8b | 0408 4d8d 
  0x00007e2208815fd8: 4001 4c89 | 0408 0f85 | 0900 0000 | 895c 244c | e9f2 0000 | 0048 8954 | 2468 895c | 244c 483b 
  0x00007e2208815ff8: 0748 8bc7 

  0x00007e2208815ffc: ;   {metadata(method data for {method} {0x00007174eb404a50} 'getNode' '(Ljava/lang/Object;)Ljava/util/HashMap$Node;' in 'java/util/HashMap')}
  0x00007e2208815ffc: 48b9 30b1 | 01e0 7471 | 0000 8b40 | 0849 ba00 | 0000 eb74 | 7100 0049 | 03c2 483b | 81b8 0300 
  0x00007e220881601c: 0075 0d48 | 8381 c003 | 0000 01e9 | 6000 0000 | 483b 81c8 | 0300 0075 | 0d48 8381 | d003 0000 
  0x00007e220881603c: 01e9 4a00 | 0000 4883 | b9b8 0300 | 0000 7517 | 4889 81b8 | 0300 0048 | c781 c003 | 0000 0100 
  0x00007e220881605c: 0000 e929 | 0000 0048 | 83b9 c803 | 0000 0075 | 1748 8981 | c803 0000 | 48c7 81d0 | 0300 0001 
  0x00007e220881607c: 0000 00e9 | 0800 0000 | 4883 81a8 | 0300 0001 | 488b d648 | 8bf7 6666 | 9048 b8ff | ffff ffff 
  0x00007e220881609c: ;   {virtual_call}
  0x00007e220881609c: ffff ffe8 

  0x00007e22088160a0: ; ImmutableOopMap {[88]=Oop [104]=Oop }
                      ;*invokevirtual equals {reexecute=0 rethrow=0 return_oop=0}
                      ; - java.util.HashMap::getNode@128 (line 585)
  0x00007e22088160a0: bc62 5007 

  0x00007e22088160a4: ;   {other}
  0x00007e22088160a4: 0f1f 8400 | 1409 0002 

  0x00007e22088160ac: ;   {metadata(method data for {method} {0x00007174eb404a50} 'getNode' '(Ljava/lang/Object;)Ljava/util/HashMap$Node;' in 'java/util/HashMap')}
  0x00007e22088160ac: 85c0 48b8 | 30b1 01e0 | 7471 0000 | 48c7 c2f0 | 0300 0075 | 0748 c7c2 | e003 0000 | 488b 0c10 
  0x00007e22088160cc: 488d 4901 | 4889 0c10 | 488b 5424 | 680f 8582 | 0000 008b | 4218 4885 | c0ba 0200 | 0000 7505 
  0x00007e22088160ec: ba00 0000 

  0x00007e22088160f0: ;   {metadata(method data for {method} {0x00007174eb404a50} 'getNode' '(Ljava/lang/Object;)Ljava/util/HashMap$Node;' in 'java/util/HashMap')}
  0x00007e22088160f0: 0048 b930 | b101 e074 | 7100 008b | b1f8 0000 | 0003 f289 | b1f8 0000 | 0085 d275 | 05be 0200 
  0x00007e2208816110: 0000 81e6 | fe3f 0000 | 85f6 0f84 | b102 0000 | 4d8b 9770 

  0x00007e2208816124: ; ImmutableOopMap {rax=Oop [88]=Oop }
                      ;*ifnonnull {reexecute=1 rethrow=0 return_oop=0}
                      ; - (reexecute) java.util.HashMap::getNode@145 (line 587)
                      ;   {poll}
  0x00007e2208816124: 0700 0041 | 8502 4885 

  0x00007e220881612c: ;   {metadata(method data for {method} {0x00007174eb404a50} 'getNode' '(Ljava/lang/Object;)Ljava/util/HashMap$Node;' in 'java/util/HashMap')}
  0x00007e220881612c: c048 ba30 | b101 e074 | 7100 0048 | c7c1 1004 | 0000 7407 | 48c7 c100 | 0400 0048 | 8b34 0a48 
  0x00007e220881614c: 8d76 0148 | 8934 0a0f | 8421 0000 | 0048 8bd0 | e9df fdff | ff48 8bc2 | 4881 c480 | 0000 005d 
  0x00007e220881616c: ;   {poll_return}
  0x00007e220881616c: 493b a768 | 0700 000f | 8779 0200 

  0x00007e2208816178: ;   {oop(nullptr)}
  0x00007e2208816178: 00c3 48b8 | 0000 0000 | 0000 0000 | 4881 c480 | 0000 005d 

  0x00007e220881618c: ;   {poll_return}
  0x00007e220881618c: 493b a768 | 0700 000f | 876f 0200 | 00c3 8b5c | 244c 488b | 4c24 5848 | 85ff 7516 

  0x00007e22088161a8: ;   {metadata(method data for {method} {0x00007174eb404a50} 'getNode' '(Ljava/lang/Object;)Ljava/util/HashMap$Node;' in 'java/util/HashMap')}
  0x00007e22088161a8: 48be 30b1 | 01e0 7471 | 0000 808e | d102 0000 | 01e9 cc00 

  0x00007e22088161bc: ;   {metadata('java/util/HashMap$TreeNode')}
  0x00007e22088161bc: 0000 48b8 | 88b7 1aeb | 7471 0000 | 8b57 0849 | ba00 0000 | eb74 7100 | 0049 03d2 | 483b c20f 
  0x00007e22088161dc: 858d 0000 

  0x00007e22088161e0: ;   {metadata(method data for {method} {0x00007174eb404a50} 'getNode' '(Ljava/lang/Object;)Ljava/util/HashMap$Node;' in 'java/util/HashMap')}
  0x00007e22088161e0: 0048 be30 | b101 e074 | 7100 008b | 4708 49ba | 0000 00eb | 7471 0000 | 4903 c248 | 3b86 e802 
  0x00007e2208816200: 0000 750d | 4883 86f0 | 0200 0001 | e979 0000 | 0048 3b86 | f802 0000 | 750d 4883 | 8600 0300 
  0x00007e2208816220: 0001 e963 | 0000 0048 | 83be e802 | 0000 0075 | 1748 8986 | e802 0000 | 48c7 86f0 | 0200 0001 
  0x00007e2208816240: 0000 00e9 | 4200 0000 | 4883 bef8 | 0200 0000 | 7517 4889 | 86f8 0200 | 0048 c786 | 0003 0000 
  0x00007e2208816260: 0100 0000 | e921 0000 | 00e9 1c00 

  0x00007e220881626c: ;   {metadata(method data for {method} {0x00007174eb404a50} 'getNode' '(Ljava/lang/Object;)Ljava/util/HashMap$Node;' in 'java/util/HashMap')}
  0x00007e220881626c: 0000 48be | 30b1 01e0 | 7471 0000 | 4883 aed8 | 0200 0001 | e999 0100 | 00e9 0000 | 0000 488b 
  0x00007e220881628c: f748 3b06 

  0x00007e2208816290: ;   {metadata(method data for {method} {0x00007174eb404a50} 'getNode' '(Ljava/lang/Object;)Ljava/util/HashMap$Node;' in 'java/util/HashMap')}
  0x00007e2208816290: 488b d648 | bf30 b101 | e074 7100 | 008b 5208 | 49ba 0000 | 00eb 7471 | 0000 4903 | d248 3b97 
  0x00007e22088162b0: 2003 0000 | 750d 4883 | 8728 0300 | 0001 e960 | 0000 0048 | 3b97 3003 | 0000 750d | 4883 8738 
  0x00007e22088162d0: 0300 0001 | e94a 0000 | 0048 83bf | 2003 0000 | 0075 1748 | 8997 2003 | 0000 48c7 | 8728 0300 
  0x00007e22088162f0: 0001 0000 | 00e9 2900 | 0000 4883 | bf30 0300 | 0000 7517 | 4889 9730 | 0300 0048 | c787 3803 
  0x00007e2208816310: 0000 0100 | 0000 e908 | 0000 0048 | 8387 1003 | 0000 0148 

  0x00007e2208816324: ;   {optimized virtual_call}
  0x00007e2208816324: 8bd3 90e8 

  0x00007e2208816328: ; ImmutableOopMap {}
                      ;*invokevirtual getTreeNode {reexecute=0 rethrow=0 return_oop=0}
                      ; - java.util.HashMap::getNode@95 (line 582)
  0x00007e2208816328: 54ed 4407 

  0x00007e220881632c: ;   {other}
  0x00007e220881632c: 0f1f 8400 | 9c0b 0004 | 4881 c480 | 0000 005d 

  0x00007e220881633c: ;   {poll_return}
  0x00007e220881633c: 493b a768 | 0700 000f | 87e3 0000 | 00c3 488b | c748 81c4 | 8000 0000 

  0x00007e2208816354: ;   {poll_return}
  0x00007e2208816354: 5d49 3ba7 | 6807 0000 | 0f87 e000 

  0x00007e2208816360: ;   {metadata({method} {0x00007174eb404a50} 'getNode' '(Ljava/lang/Object;)Ljava/util/HashMap$Node;' in 'java/util/HashMap')}
  0x00007e2208816360: 0000 c349 | ba50 4a40 | eb74 7100 | 004c 8954 | 2408 48c7 | 0424 ffff 

  0x00007e2208816378: ;   {runtime_call counter_overflow Runtime1 stub}
  0x00007e2208816378: ffff e801 

  0x00007e220881637c: ; ImmutableOopMap {rsi=Oop rdx=Oop [88]=Oop }
                      ;*synchronization entry
                      ; - java.util.HashMap::getNode@-1 (line 575)
  0x00007e220881637c: 0f50 07e9 | c7f6 ffff 

  0x00007e2208816384: ;   {runtime_call throw_null_pointer_exception Runtime1 stub}
  0x00007e2208816384: e8f7 b34f 

  0x00007e2208816388: ; ImmutableOopMap {rdi=Oop rdx=Oop [88]=Oop }
                      ;*arraylength {reexecute=0 rethrow=0 return_oop=0}
                      ; - java.util.HashMap::getNode@10 (line 575)
                      ;   {metadata({method} {0x00007174eb404ec8} 'hash' '(Ljava/lang/Object;)I' in 'java/util/HashMap')}
  0x00007e2208816388: 0749 bac8 | 4e40 eb74 | 7100 004c | 8954 2408 | 48c7 0424 | ffff ffff 

  0x00007e22088163a0: ;   {runtime_call counter_overflow Runtime1 stub}
  0x00007e22088163a0: e8db 0e50 

  0x00007e22088163a4: ; ImmutableOopMap {rdx=Oop rdi=Oop [88]=Oop }
                      ;*synchronization entry
                      ; - java.util.HashMap::hash@-1 (line 338)
                      ; - java.util.HashMap::getNode@23 (line 576)
  0x00007e22088163a4: 07e9 3ef7 

  0x00007e22088163a8: ;   {runtime_call throw_null_pointer_exception Runtime1 stub}
  0x00007e22088163a8: ffff e8d1 

  0x00007e22088163ac: ; ImmutableOopMap {rdx=Oop [80]=Oop [88]=Oop }
                      ;*invokevirtual hashCode {reexecute=0 rethrow=0 return_oop=0}
                      ; - java.util.HashMap::hash@9 (line 338)
                      ; - java.util.HashMap::getNode@23 (line 576)
  0x00007e22088163ac: b34f 0748 | 8934 2448 | 897c 2408 

  0x00007e22088163b8: ;   {runtime_call throw_range_check_failed Runtime1 stub}
  0x00007e22088163b8: e8c3 aa4f 

  0x00007e22088163bc: ; ImmutableOopMap {rdi=Oop [88]=Oop }
                      ;*aaload {reexecute=0 rethrow=0 return_oop=0}
                      ; - java.util.HashMap::getNode@30 (line 576)
                      ;   {runtime_call throw_null_pointer_exception Runtime1 stub}
  0x00007e22088163bc: 07e8 beb3 

  0x00007e22088163c0: ; ImmutableOopMap {rdi=Oop [88]=Oop }
                      ;*getfield hash {reexecute=1 rethrow=0 return_oop=0}
                      ; - (reexecute) java.util.HashMap::getNode@37 (line 577)
                      ;   {runtime_call throw_null_pointer_exception Runtime1 stub}
  0x00007e22088163c0: 4f07 e8b9 

  0x00007e22088163c4: ; ImmutableOopMap {rdx=Oop rsi=Oop [88]=Oop [96]=Oop }
                      ;*invokevirtual equals {reexecute=0 rethrow=0 return_oop=0}
                      ; - java.util.HashMap::getNode@63 (line 578)
                      ;   {runtime_call throw_null_pointer_exception Runtime1 stub}
  0x00007e22088163c4: b34f 07e8 

  0x00007e22088163c8: ; ImmutableOopMap {rdx=Oop rdi=Oop [88]=Oop }
                      ;*getfield hash {reexecute=1 rethrow=0 return_oop=0}
                      ; - (reexecute) java.util.HashMap::getNode@101 (line 584)
  0x00007e22088163c8: b4b3 4f07 

  0x00007e22088163cc: ;   {runtime_call throw_null_pointer_exception Runtime1 stub}
  0x00007e22088163cc: e8af b34f 

  0x00007e22088163d0: ; ImmutableOopMap {rdi=Oop rsi=Oop [88]=Oop [104]=Oop }
                      ;*invokevirtual equals {reexecute=0 rethrow=0 return_oop=0}
                      ; - java.util.HashMap::getNode@128 (line 585)
                      ;   {metadata({method} {0x00007174eb404a50} 'getNode' '(Ljava/lang/Object;)Ljava/util/HashMap$Node;' in 'java/util/HashMap')}
  0x00007e22088163d0: 0749 ba50 | 4a40 eb74 | 7100 004c | 8954 2408 | 48c7 0424 | 9100 0000 

  0x00007e22088163e8: ;   {runtime_call counter_overflow Runtime1 stub}
  0x00007e22088163e8: e893 0e50 

  0x00007e22088163ec: ; ImmutableOopMap {rax=Oop [88]=Oop }
                      ;*ifnonnull {reexecute=1 rethrow=0 return_oop=0}
                      ; - (reexecute) java.util.HashMap::getNode@145 (line 587)
  0x00007e22088163ec: 07e9 2efd 

  0x00007e22088163f0: ;   {internal_word}
  0x00007e22088163f0: ffff 49ba | 6c61 8108 | 227e 0000 | 4d89 9780 

  0x00007e2208816400: ;   {runtime_call SafepointBlob}
  0x00007e2208816400: 0700 00e9 | f84f 4507 

  0x00007e2208816408: ;   {internal_word}
  0x00007e2208816408: 49ba 8c61 | 8108 227e | 0000 4d89 | 9780 0700 

  0x00007e2208816418: ;   {runtime_call SafepointBlob}
  0x00007e2208816418: 00e9 e24f | 4507 4889 

  0x00007e2208816420: ;   {runtime_call throw_class_cast_exception Runtime1 stub}
  0x00007e2208816420: 3c24 e859 

  0x00007e2208816424: ; ImmutableOopMap {rcx=Oop [88]=Oop }
                      ;*checkcast {reexecute=0 rethrow=0 return_oop=0}
                      ; - java.util.HashMap::getNode@89 (line 582)
                      ;   {runtime_call throw_null_pointer_exception Runtime1 stub}
  0x00007e2208816424: da4f 07e8 

  0x00007e2208816428: ; ImmutableOopMap {rcx=Oop rsi=Oop [88]=Oop }
                      ;*invokevirtual getTreeNode {reexecute=0 rethrow=0 return_oop=0}
                      ; - java.util.HashMap::getNode@95 (line 582)
  0x00007e2208816428: 54b3 4f07 

  0x00007e220881642c: ;   {internal_word}
  0x00007e220881642c: 49ba 3c63 | 8108 227e | 0000 4d89 | 9780 0700 

  0x00007e220881643c: ;   {runtime_call SafepointBlob}
  0x00007e220881643c: 00e9 be4f 

  0x00007e2208816440: ;   {internal_word}
  0x00007e2208816440: 4507 49ba | 5563 8108 | 227e 0000 | 4d89 9780 

  0x00007e2208816450: ;   {runtime_call SafepointBlob}
  0x00007e2208816450: 0700 00e9 | a84f 4507 | 498b 8718 | 0800 0049 | c787 1808 | 0000 0000 | 0000 49c7 | 8720 0800 
  0x00007e2208816470: 0000 0000 | 0048 81c4 | 8000 0000 

  0x00007e220881647c: ;   {runtime_call unwind_exception Runtime1 stub}
  0x00007e220881647c: 5de9 fea0 | 4f07 f4f4 | f4f4 f4f4 
[Stub Code]
  0x00007e2208816488: ;   {no_reloc}
  0x00007e2208816488: 0f1f 4400 

  0x00007e220881648c: ;   {static_stub}
  0x00007e220881648c: 0048 bb00 | 0000 0000 

  0x00007e2208816494: ;   {runtime_call nmethod}
  0x00007e2208816494: 0000 00e9 | fbff ffff 

  0x00007e220881649c: ;   {static_stub}
  0x00007e220881649c: 9048 bb00 | 0000 0000 

  0x00007e22088164a4: ;   {runtime_call nmethod}
  0x00007e22088164a4: 0000 00e9 | fbff ffff 

  0x00007e22088164ac: ;   {static_stub}
  0x00007e22088164ac: 9048 bb00 | 0000 0000 

  0x00007e22088164b4: ;   {runtime_call nmethod}
  0x00007e22088164b4: 0000 00e9 | fbff ffff 

  0x00007e22088164bc: ;   {static_stub}
  0x00007e22088164bc: 9048 bb00 | 0000 0000 

  0x00007e22088164c4: ;   {runtime_call nmethod}
  0x00007e22088164c4: 0000 00e9 | fbff ffff 
[Exception Handler]
  0x00007e22088164cc: ;   {runtime_call handle_exception_from_callee Runtime1 stub}
  0x00007e22088164cc: e8af d04f 

  0x00007e22088164d0: ;   {external_word}
  0x00007e22088164d0: 0748 bfbb | 5194 2822 | 7e00 0048 

  0x00007e22088164dc: ;   {runtime_call MacroAssembler::debug64(char*, long, long*)}
  0x00007e22088164dc: 83e4 f0e8 | 6c49 bf1f 

  0x00007e22088164e4: ;   {section_word}
  0x00007e22088164e4: f449 bae5 | 6481 0822 | 7e00 0041 

  0x00007e22088164f0: ;   {runtime_call DeoptimizationBlob}
  0x00007e22088164f0: 52e9 aa41 | 4507 f4f4 
[/MachCode]


Compiled method (c1) 4432  289       3       java.util.LinkedHashMap::get (29 bytes)
 total in heap  [0x00007e2208857210,0x00007e22088576e0] = 1232
 relocation     [0x00007e2208857368,0x00007e22088573c8] = 96
 main code      [0x00007e22088573e0,0x00007e22088575d0] = 496
 stub code      [0x00007e22088575d0,0x00007e2208857620] = 80
 metadata       [0x00007e2208857620,0x00007e2208857630] = 16
 scopes data    [0x00007e2208857630,0x00007e2208857668] = 56
 scopes pcs     [0x00007e2208857668,0x00007e22088576c8] = 96
 dependencies   [0x00007e22088576c8,0x00007e22088576d0] = 8
 nul chk table  [0x00007e22088576d0,0x00007e22088576e0] = 16

[Constant Pool (empty)]

[MachCode]
[Entry Point]
  # {method} {0x00007174eb0fd488} 'get' '(Ljava/lang/Object;)Ljava/lang/Object;' in 'java/util/LinkedHashMap'
  # this:     rsi:rsi   = 'java/util/LinkedHashMap'
  # parm0:    rdx:rdx   = 'java/lang/Object'
  #           [sp+0x40]  (sp of caller)
  0x00007e22088573e0: 448b 5608 | 49bb 0000 | 00eb 7471 | 0000 4d03 | d34c 3bd0 

  0x00007e22088573f4: ;   {runtime_call ic_miss_stub}
  0x00007e22088573f4: 0f85 86d9 | 4007 660f | 1f44 0000 
[Verified Entry Point]
  0x00007e2208857400: 8984 2400 | c0fe ff55 | 4883 ec30 | 4181 7f20 | 0100 0000 

  0x00007e2208857414: ;   {runtime_call StubRoutines (final stubs)}
  0x00007e2208857414: 7405 e845 

  0x00007e2208857418: ;   {metadata(method data for {method} {0x00007174eb0fd488} 'get' '(Ljava/lang/Object;)Ljava/lang/Object;' in 'java/util/LinkedHashMap')}
  0x00007e2208857418: 7a3f 0748 | bf88 0e0c | e074 7100 | 008b 9ff4 | 0000 0083 | c302 899f | f400 0000 | 81e3 fe07 
  0x00007e2208857438: 0000 85db | 0f84 1201 | 0000 488b 

  0x00007e2208857444: ;   {metadata(method data for {method} {0x00007174eb0fd488} 'get' '(Ljava/lang/Object;)Ljava/lang/Object;' in 'java/util/LinkedHashMap')}
  0x00007e2208857444: fe48 bb88 | 0e0c e074 | 7100 0048 | 8383 3801 | 0000 0148 | 8bfe 488b | f748 897c | 2418 0f1f 
  0x00007e2208857464: ;   {optimized virtual_call}
  0x00007e2208857464: 4400 00e8 

  0x00007e2208857468: ; ImmutableOopMap {[24]=Oop }
                      ;*invokevirtual getNode {reexecute=0 rethrow=0 return_oop=0}
                      ; - java.util.LinkedHashMap::get@2 (line 536)
  0x00007e2208857468: 94e5 fbff 

  0x00007e220885746c: ;   {other}
  0x00007e220885746c: 0f1f 8400 | 5c02 0000 

  0x00007e2208857474: ;   {metadata(method data for {method} {0x00007174eb0fd488} 'get' '(Ljava/lang/Object;)Ljava/lang/Object;' in 'java/util/LinkedHashMap')}
  0x00007e2208857474: 4885 c048 | ba88 0e0c | e074 7100 | 0048 c7c6 | 8001 0000 | 7407 48c7 | c670 0100 | 0048 8b3c 
  0x00007e2208857494: 3248 8d7f | 0148 893c | 320f 8494 | 0000 0048 | 8b74 2418 | 0fbe 5630 

  0x00007e22088574ac: ;   {metadata(method data for {method} {0x00007174eb0fd488} 'get' '(Ljava/lang/Object;)Ljava/lang/Object;' in 'java/util/LinkedHashMap')}
  0x00007e22088574ac: 85d2 48ba | 880e 0ce0 | 7471 0000 | 48c7 c790 | 0100 0074 | 0748 c7c7 | a001 0000 | 488b 1c3a 
  0x00007e22088574cc: 488d 5b01 | 4889 1c3a | 0f84 4700 | 0000 488b 

  0x00007e22088574dc: ;   {metadata(method data for {method} {0x00007174eb0fd488} 'get' '(Ljava/lang/Object;)Ljava/lang/Object;' in 'java/util/LinkedHashMap')}
  0x00007e22088574dc: d648 bf88 | 0e0c e074 

  0x00007e22088574e4: ;   {metadata('java/util/LinkedHashMap')}
  0x00007e22088574e4: 7100 0049 | bae0 be0f | eb74 7100 | 004c 8997 | c001 0000 | 4883 87c8 | 0100 0001 | 488b d048 
  0x00007e2208857504: 8944 2420 | 0f1f 8000 

  0x00007e220885750c: ;   {optimized virtual_call}
  0x00007e220885750c: 0000 00e8 

  0x00007e2208857510: ; ImmutableOopMap {[32]=Oop }
                      ;*invokevirtual afterNodeAccess {reexecute=0 rethrow=0 return_oop=0}
                      ; - java.util.LinkedHashMap::get@21 (line 539)
  0x00007e2208857510: 6cdb 4007 

  0x00007e2208857514: ;   {other}
  0x00007e2208857514: 0f1f 8400 | 0403 0001 | 488b 4424 | 208b 4014 | 4883 c430 

  0x00007e2208857528: ;   {poll_return}
  0x00007e2208857528: 5d49 3ba7 | 6807 0000 | 0f87 4400 

  0x00007e2208857534: ;   {oop(nullptr)}
  0x00007e2208857534: 0000 c348 | b800 0000 | 0000 0000 | 0048 83c4 

  0x00007e2208857544: ;   {poll_return}
  0x00007e2208857544: 305d 493b | a768 0700 | 000f 873d | 0000 00c3 

  0x00007e2208857554: ;   {metadata({method} {0x00007174eb0fd488} 'get' '(Ljava/lang/Object;)Ljava/lang/Object;' in 'java/util/LinkedHashMap')}
  0x00007e2208857554: 49ba 88d4 | 0feb 7471 | 0000 4c89 | 5424 0848 | c704 24ff 

  0x00007e2208857568: ;   {runtime_call counter_overflow Runtime1 stub}
  0x00007e2208857568: ffff ffe8 

  0x00007e220885756c: ; ImmutableOopMap {rsi=Oop rdx=Oop }
                      ;*synchronization entry
                      ; - java.util.LinkedHashMap::get@-1 (line 536)
  0x00007e220885756c: 10fd 4b07 | e9cd feff 

  0x00007e2208857574: ;   {runtime_call throw_null_pointer_exception Runtime1 stub}
  0x00007e2208857574: ffe8 06a2 

  0x00007e2208857578: ; ImmutableOopMap {}
                      ;*getfield value {reexecute=1 rethrow=0 return_oop=0}
                      ; - (reexecute) java.util.LinkedHashMap::get@25 (line 540)
                      ;   {internal_word}
  0x00007e2208857578: 4b07 49ba | 2975 8508 | 227e 0000 | 4d89 9780 

  0x00007e2208857588: ;   {runtime_call SafepointBlob}
  0x00007e2208857588: 0700 00e9 | 703e 4107 

  0x00007e2208857590: ;   {internal_word}
  0x00007e2208857590: 49ba 4675 | 8508 227e | 0000 4d89 | 9780 0700 

  0x00007e22088575a0: ;   {runtime_call SafepointBlob}
  0x00007e22088575a0: 00e9 5a3e | 4107 498b | 8718 0800 | 0049 c787 | 1808 0000 | 0000 0000 | 49c7 8720 | 0800 0000 
  0x00007e22088575c0: 0000 0048 | 83c4 305d 

  0x00007e22088575c8: ;   {runtime_call unwind_exception Runtime1 stub}
  0x00007e22088575c8: e9b3 8f4b | 07f4 f4f4 
[Stub Code]
  0x00007e22088575d0: ;   {no_reloc}
  0x00007e22088575d0: 0f1f 4400 

  0x00007e22088575d4: ;   {static_stub}
  0x00007e22088575d4: 0048 bb00 | 0000 0000 

  0x00007e22088575dc: ;   {runtime_call nmethod}
  0x00007e22088575dc: 0000 00e9 | fbff ffff 

  0x00007e22088575e4: ;   {static_stub}
  0x00007e22088575e4: 48bb 0000 | 0000 0000 

  0x00007e22088575ec: ;   {runtime_call nmethod}
  0x00007e22088575ec: 0000 e9fb 

  0x00007e22088575f0: ;   {runtime_call handle_exception_from_callee Runtime1 stub}
  0x00007e22088575f0: ffff ffe8 | 88bf 4b07 

  0x00007e22088575f8: ;   {external_word}
  0x00007e22088575f8: 48bf bb51 | 9428 227e | 0000 4883 

  0x00007e2208857604: ;   {runtime_call MacroAssembler::debug64(char*, long, long*)}
  0x00007e2208857604: e4f0 e845 | 38bb 1ff4 
[Deopt Handler Code]
  0x00007e220885760c: ;   {section_word}
  0x00007e220885760c: 49ba 0c76 | 8508 227e | 0000 4152 

  0x00007e2208857618: ;   {runtime_call DeoptimizationBlob}
  0x00007e2208857618: e983 3041 | 07f4 f4f4 
[/MachCode]


Compiled method (c1) 4435 1163       3       java.util.jar.Attributes::getValue (9 bytes)
 total in heap  [0x00007e2208a1a010,0x00007e2208a1a5b0] = 1440
 relocation     [0x00007e2208a1a168,0x00007e2208a1a1c0] = 88
 main code      [0x00007e2208a1a1c0,0x00007e2208a1a4a0] = 736
 stub code      [0x00007e2208a1a4a0,0x00007e2208a1a4e0] = 64
 metadata       [0x00007e2208a1a4e0,0x00007e2208a1a4f8] = 24
 scopes data    [0x00007e2208a1a4f8,0x00007e2208a1a528] = 48
 scopes pcs     [0x00007e2208a1a528,0x00007e2208a1a598] = 112
 dependencies   [0x00007e2208a1a598,0x00007e2208a1a5a0] = 8
 nul chk table  [0x00007e2208a1a5a0,0x00007e2208a1a5b0] = 16

[Constant Pool (empty)]

[MachCode]
[Entry Point]
  # {method} {0x00007174eb16ec58} 'getValue' '(Ljava/util/jar/Attributes$Name;)Ljava/lang/String;' in 'java/util/jar/Attributes'
  # this:     rsi:rsi   = 'java/util/jar/Attributes'
  # parm0:    rdx:rdx   = 'java/util/jar/Attributes$Name'
  #           [sp+0x50]  (sp of caller)
  0x00007e2208a1a1c0: 448b 5608 | 49bb 0000 | 00eb 7471 | 0000 4d03 | d34c 3bd0 

  0x00007e2208a1a1d4: ;   {runtime_call ic_miss_stub}
  0x00007e2208a1a1d4: 0f85 a6ab | 2407 660f | 1f44 0000 
[Verified Entry Point]
  0x00007e2208a1a1e0: 8984 2400 | c0fe ff55 | 4883 ec40 | 4181 7f20 | 0100 0000 

  0x00007e2208a1a1f4: ;   {runtime_call StubRoutines (final stubs)}
  0x00007e2208a1a1f4: 7405 e865 

  0x00007e2208a1a1f8: ;   {metadata(method data for {method} {0x00007174eb16ec58} 'getValue' '(Ljava/util/jar/Attributes$Name;)Ljava/lang/String;' in 'java/util/jar/Attributes')}
  0x00007e2208a1a1f8: 4c23 0748 | bf58 7c1e | e074 7100 | 008b 9ff4 | 0000 0083 | c302 899f | f400 0000 | 81e3 fe07 
  0x00007e2208a1a218: 0000 85db | 0f84 ec01 | 0000 488b 

  0x00007e2208a1a224: ;   {metadata(method data for {method} {0x00007174eb16ec58} 'getValue' '(Ljava/util/jar/Attributes$Name;)Ljava/lang/String;' in 'java/util/jar/Attributes')}
  0x00007e2208a1a224: fe48 bb58 | 7c1e e074 | 7100 0048 | 8383 5001 

  0x00007e2208a1a234: ;   {metadata(method data for {method} {0x00007174eb16eaa0} 'get' '(Ljava/lang/Object;)Ljava/lang/Object;' in 'java/util/jar/Attributes')}
  0x00007e2208a1a234: 0000 0148 | bf48 7e1e | e074 7100 | 008b 9ff4 | 0000 0083 | c302 899f | f400 0000 | 81e3 feff 
  0x00007e2208a1a254: 1f00 85db | 0f84 d101 | 0000 8b76 | 0c48 3b06 

  0x00007e2208a1a264: ;   {metadata(method data for {method} {0x00007174eb16eaa0} 'get' '(Ljava/lang/Object;)Ljava/lang/Object;' in 'java/util/jar/Attributes')}
  0x00007e2208a1a264: 488b fe48 | bb48 7e1e | e074 7100 | 008b 7f08 | 49ba 0000 | 00eb 7471 | 0000 4903 | fa48 3bbb 
  0x00007e2208a1a284: 4801 0000 | 750d 4883 | 8350 0100 | 0001 e960 | 0000 0048 | 3bbb 5801 | 0000 750d | 4883 8360 
  0x00007e2208a1a2a4: 0100 0001 | e94a 0000 | 0048 83bb | 4801 0000 | 0075 1748 | 89bb 4801 | 0000 48c7 | 8350 0100 
  0x00007e2208a1a2c4: 0001 0000 | 00e9 2900 | 0000 4883 | bb58 0100 | 0000 7517 | 4889 bb58 | 0100 0048 | c783 6001 
  0x00007e2208a1a2e4: 0000 0100 | 0000 e908 | 0000 0048 | 8383 3801 | 0000 0166 | 0f1f 4400 | 0048 b8e0 | be0f eb74 
  0x00007e2208a1a304: ;   {virtual_call}
  0x00007e2208a1a304: 7100 00e8 

  0x00007e2208a1a308: ; ImmutableOopMap {}
                      ;*invokeinterface get {reexecute=0 rethrow=0 return_oop=0}
                      ; - java.util.jar.Attributes::get@5 (line 106)
                      ; - java.util.jar.Attributes::getValue@2 (line 142)
  0x00007e2208a1a308: d4d0 e3ff 

  0x00007e2208a1a30c: ;   {other}
  0x00007e2208a1a30c: 0f1f 8400 | fc02 0000 | 4885 c075 

  0x00007e2208a1a318: ;   {metadata(method data for {method} {0x00007174eb16ec58} 'getValue' '(Ljava/util/jar/Attributes$Name;)Ljava/lang/String;' in 'java/util/jar/Attributes')}
  0x00007e2208a1a318: 1648 bf58 | 7c1e e074 | 7100 0080 | 8f69 0100 | 0001 e9cc 

  0x00007e2208a1a32c: ;   {metadata('java/lang/String')}
  0x00007e2208a1a32c: 0000 0048 | bb08 ea00 | eb74 7100 | 008b 7008 | 49ba 0000 | 00eb 7471 | 0000 4903 | f248 3bde 
  0x00007e2208a1a34c: 0f85 8d00 

  0x00007e2208a1a350: ;   {metadata(method data for {method} {0x00007174eb16ec58} 'getValue' '(Ljava/util/jar/Attributes$Name;)Ljava/lang/String;' in 'java/util/jar/Attributes')}
  0x00007e2208a1a350: 0000 48bf | 587c 1ee0 | 7471 0000 | 8b58 0849 | ba00 0000 | eb74 7100 | 0049 03da | 483b 9f80 
  0x00007e2208a1a370: 0100 0075 | 0d48 8387 | 8801 0000 | 01e9 7900 | 0000 483b | 9f90 0100 | 0075 0d48 | 8387 9801 
  0x00007e2208a1a390: 0000 01e9 | 6300 0000 | 4883 bf80 | 0100 0000 | 7517 4889 | 9f80 0100 | 0048 c787 | 8801 0000 
  0x00007e2208a1a3b0: 0100 0000 | e942 0000 | 0048 83bf | 9001 0000 | 0075 1748 | 899f 9001 | 0000 48c7 | 8798 0100 
  0x00007e2208a1a3d0: 0001 0000 | 00e9 2100 | 0000 e91c 

  0x00007e2208a1a3dc: ;   {metadata(method data for {method} {0x00007174eb16ec58} 'getValue' '(Ljava/util/jar/Attributes$Name;)Ljava/lang/String;' in 'java/util/jar/Attributes')}
  0x00007e2208a1a3dc: 0000 0048 | bf58 7c1e | e074 7100 | 0048 83af | 7001 0000 | 01e9 5f00 | 0000 e900 | 0000 0048 
  0x00007e2208a1a3fc: 83c4 405d 

  0x00007e2208a1a400: ;   {poll_return}
  0x00007e2208a1a400: 493b a768 | 0700 000f | 8751 0000 

  0x00007e2208a1a40c: ;   {metadata({method} {0x00007174eb16ec58} 'getValue' '(Ljava/util/jar/Attributes$Name;)Ljava/lang/String;' in 'java/util/jar/Attributes')}
  0x00007e2208a1a40c: 00c3 49ba | 58ec 16eb | 7471 0000 | 4c89 5424 | 0848 c704 | 24ff ffff 

  0x00007e2208a1a424: ;   {runtime_call counter_overflow Runtime1 stub}
  0x00007e2208a1a424: ffe8 56ce 

  0x00007e2208a1a428: ; ImmutableOopMap {rsi=Oop rdx=Oop }
                      ;*synchronization entry
                      ; - java.util.jar.Attributes::getValue@-1 (line 142)
  0x00007e2208a1a428: 2f07 e9f3 

  0x00007e2208a1a42c: ;   {metadata({method} {0x00007174eb16eaa0} 'get' '(Ljava/lang/Object;)Ljava/lang/Object;' in 'java/util/jar/Attributes')}
  0x00007e2208a1a42c: fdff ff49 | baa0 ea16 | eb74 7100 | 004c 8954 | 2408 48c7 | 0424 ffff 

  0x00007e2208a1a444: ;   {runtime_call counter_overflow Runtime1 stub}
  0x00007e2208a1a444: ffff e835 

  0x00007e2208a1a448: ; ImmutableOopMap {rsi=Oop rdx=Oop }
                      ;*synchronization entry
                      ; - java.util.jar.Attributes::get@-1 (line 106)
                      ; - java.util.jar.Attributes::getValue@2 (line 142)
  0x00007e2208a1a448: ce2f 07e9 | 0efe ffff 

  0x00007e2208a1a450: ;   {runtime_call throw_null_pointer_exception Runtime1 stub}
  0x00007e2208a1a450: e82b 732f 

  0x00007e2208a1a454: ; ImmutableOopMap {rdx=Oop rsi=Oop }
                      ;*invokeinterface get {reexecute=0 rethrow=0 return_oop=0}
                      ; - java.util.jar.Attributes::get@5 (line 106)
                      ; - java.util.jar.Attributes::getValue@2 (line 142)
  0x00007e2208a1a454: 0748 8904 

  0x00007e2208a1a458: ;   {runtime_call throw_class_cast_exception Runtime1 stub}
  0x00007e2208a1a458: 24e8 229a 

  0x00007e2208a1a45c: ; ImmutableOopMap {}
                      ;*checkcast {reexecute=0 rethrow=0 return_oop=0}
                      ; - java.util.jar.Attributes::getValue@5 (line 142)
                      ;   {internal_word}
  0x00007e2208a1a45c: 2f07 49ba | 00a4 a108 | 227e 0000 | 4d89 9780 

  0x00007e2208a1a46c: ;   {runtime_call SafepointBlob}
  0x00007e2208a1a46c: 0700 00e9 | 8c0f 2507 | 498b 8718 | 0800 0049 | c787 1808 | 0000 0000 | 0000 49c7 | 8720 0800 
  0x00007e2208a1a48c: 0000 0000 | 0048 83c4 

  0x00007e2208a1a494: ;   {runtime_call unwind_exception Runtime1 stub}
  0x00007e2208a1a494: 405d e9e5 | 602f 07f4 | f4f4 f4f4 
[Stub Code]
  0x00007e2208a1a4a0: ;   {no_reloc}
  0x00007e2208a1a4a0: 0f1f 4400 

  0x00007e2208a1a4a4: ;   {static_stub}
  0x00007e2208a1a4a4: 0048 bb00 | 0000 0000 

  0x00007e2208a1a4ac: ;   {runtime_call nmethod}
  0x00007e2208a1a4ac: 0000 00e9 | fbff ffff 
[Exception Handler]
  0x00007e2208a1a4b4: ;   {runtime_call handle_exception_from_callee Runtime1 stub}
  0x00007e2208a1a4b4: e8c7 902f 

  0x00007e2208a1a4b8: ;   {external_word}
  0x00007e2208a1a4b8: 0748 bfbb | 5194 2822 | 7e00 0048 

  0x00007e2208a1a4c4: ;   {runtime_call MacroAssembler::debug64(char*, long, long*)}
  0x00007e2208a1a4c4: 83e4 f0e8 | 8409 9f1f 

  0x00007e2208a1a4cc: ;   {section_word}
  0x00007e2208a1a4cc: f449 bacd | a4a1 0822 | 7e00 0041 

  0x00007e2208a1a4d8: ;   {runtime_call DeoptimizationBlob}
  0x00007e2208a1a4d8: 52e9 c201 | 2507 f4f4 
[/MachCode]


---------------  P R O C E S S  ---------------

Threads class SMR info:
_java_thread_list=0x000071744c074740, length=17, elements={
0x00007e222002b240, 0x00007e2220526750, 0x00007e2220527fe0, 0x00007e2220529af0,
0x00007e2220548320, 0x00007e2220549c70, 0x00007e222054b530, 0x00007e222054d370,
0x00007e2220556d40, 0x0000717464045ca0, 0x00007e222059dd00, 0x00007e22205a0d10,
0x000071746405c150, 0x00007174600c7db0, 0x0000717448019780, 0x00007174600c9460,
0x000071744c073160
}

Java Threads: ( => current thread )
=>0x00007e222002b240 JavaThread "main"                              [_thread_in_Java, id=301843, stack(0x00007e2227700000,0x00007e2227800000) (1024K)]
  0x00007e2220526750 JavaThread "Reference Handler"          daemon [_thread_blocked, id=301847, stack(0x00007e2226100000,0x00007e2226200000) (1024K)]
  0x00007e2220527fe0 JavaThread "Finalizer"                  daemon [_thread_blocked, id=301848, stack(0x00007e2226000000,0x00007e2226100000) (1024K)]
  0x00007e2220529af0 JavaThread "MMTk Finalizer Thread"      daemon [_thread_blocked, id=301849, stack(0x00007e2225f00000,0x00007e2226000000) (1024K)]
  0x00007e2220548320 JavaThread "Signal Dispatcher"          daemon [_thread_blocked, id=301873, stack(0x00007e22246e9000,0x00007e22247e9000) (1024K)]
  0x00007e2220549c70 JavaThread "Service Thread"             daemon [_thread_blocked, id=301874, stack(0x00007e22245e9000,0x00007e22246e9000) (1024K)]
  0x00007e222054b530 JavaThread "Monitor Deflation Thread"   daemon [_thread_blocked, id=301875, stack(0x00007e22244e9000,0x00007e22245e9000) (1024K)]
  0x00007e222054d370 JavaThread "C2 CompilerThread0"         daemon [_thread_blocked, id=301876, stack(0x00007e22243e9000,0x00007e22244e9000) (1024K)]
  0x00007e2220556d40 JavaThread "C1 CompilerThread0"         daemon [_thread_blocked, id=301877, stack(0x00007e22242e9000,0x00007e22243e9000) (1024K)]
  0x0000717464045ca0 JavaThread "C1 CompilerThread1"         daemon [_thread_blocked, id=301878, stack(0x00007e2224118000,0x00007e2224218000) (1024K)]
  0x00007e222059dd00 JavaThread "Notification Thread"        daemon [_thread_blocked, id=301879, stack(0x00007e2224018000,0x00007e2224118000) (1024K)]
  0x00007e22205a0d10 JavaThread "Common-Cleaner"             daemon [_thread_blocked, id=301880, stack(0x00007e21e86ff000,0x00007e21e87ff000) (1024K)]
  0x000071746405c150 JavaThread "C2 CompilerThread1"         daemon [_thread_blocked, id=301882, stack(0x00007e21e85ff000,0x00007e21e86ff000) (1024K)]
  0x00007174600c7db0 JavaThread "C1 CompilerThread2"         daemon [_thread_blocked, id=301883, stack(0x00007e21e84ff000,0x00007e21e85ff000) (1024K)]
  0x0000717448019780 JavaThread "C1 CompilerThread3"         daemon [_thread_blocked, id=301884, stack(0x00007175342fc000,0x00007175343fc000) (1024K)]
  0x00007174600c9460 JavaThread "C2 CompilerThread2"         daemon [_thread_blocked, id=301885, stack(0x0000717531100000,0x0000717531200000) (1024K)]
  0x000071744c073160 JavaThread "C1 CompilerThread4"         daemon [_thread_blocked, id=301886, stack(0x0000717531000000,0x0000717531100000) (1024K)]
Total: 17

Other Threads:
  0x00007e222051b2a0 VMThread "VM Thread"                           [id=301846, stack(0x00007e22264fd000,0x00007e22265fd000) (1024K)] _threads_hazard_ptr=0x000071744c074740
  0x00007e2220508ef0 WatcherThread "VM Periodic Task Thread"        [id=301845, stack(0x00007e22265fe000,0x00007e22266fe000) (1024K)]
Total: 2

Threads with active compile tasks:
Total: 0

VM state: synchronizing (normal execution)

VM Mutex/Monitor currently owned by a thread:  ([mutex/lock_event])
[0x00007e2228d580d0] Threads_lock - owner thread: 0x00007e222051b2a0

Heap address: 0x0000000040000000, size: 3072 MB, Compressed Oops mode: 32-bit

CDS archive(s) mapped at: [0x00007174eb000000-0x00007174ebca3000-0x00007174ebca3000), size 13250560, SharedBaseAddress: 0x00007174eb000000, ArchiveRelocationMode: 1.
Compressed class space mapped at: 0x00007174ec000000-0x000071752c000000, reserved size: 1073741824
Narrow klass base: 0x00007174eb000000, Narrow klass shift: 0, Narrow klass range: 0x100000000

GC Precious Log:
<Empty>

Heap:

[error occurred during error reporting (printing heap information), id 0xe0000000, Internal Error (/mydata/mmtk-openjdk/openjdk/share/mmtkHeap.cpp:424)]
Metaspace:

Usage:
  Non-class:      3.64 MB used.
      Class:    407.48 KB used.
       Both:      4.04 MB used.

Virtual space:
  Non-class space:       64.00 MB reserved,       3.75 MB (  6%) committed,  1 nodes.
      Class space:        1.00 GB reserved,     512.00 KB ( <1%) committed,  1 nodes.
             Both:        1.06 GB reserved,       4.25 MB ( <1%) committed. 

Chunk freelists:
   Non-Class:  10.78 MB
       Class:  15.52 MB
        Both:  26.30 MB

MaxMetaspaceSize: unlimited
CompressedClassSpaceSize: 1.00 GB
Initial GC threshold: 21.00 MB
Current GC threshold: 21.00 MB
CDS: on
 - commit_granule_bytes: 65536.
 - commit_granule_words: 8192.
 - virtual_space_node_default_size: 8388608.
 - enlarge_chunks_in_place: 1.
 - use_allocation_guard: 0.


Internal statistics:

num_allocs_failed_limit: 0.
num_arena_births: 72.
num_arena_deaths: 0.
num_vsnodes_births: 2.
num_vsnodes_deaths: 0.
num_space_committed: 68.
num_space_uncommitted: 0.
num_chunks_returned_to_freelist: 0.
num_chunks_taken_from_freelist: 157.
num_chunk_merges: 0.
num_chunk_splits: 97.
num_chunks_enlarged: 68.
num_inconsistent_stats: 0.

CodeHeap 'non-profiled nmethods': size=118880Kb used=351Kb max_used=351Kb free=118528Kb
 bounds [0x00007e22103e8000, 0x00007e2210658000, 0x00007e2217800000]
CodeHeap 'profiled nmethods': size=118876Kb used=2183Kb max_used=2183Kb free=116692Kb
 bounds [0x00007e2208800000, 0x00007e2208a70000, 0x00007e220fc17000]
CodeHeap 'non-nmethods': size=8004Kb used=3435Kb max_used=3464Kb free=4568Kb
 bounds [0x00007e220fc17000, 0x00007e220ff87000, 0x00007e22103e8000]
CodeCache: size=245760Kb, used=5969Kb, max_used=5998Kb, free=239788Kb
 total_blobs=1635, nmethods=1180, adapters=355, full_count=0
Compilation: enabled, stopped_count=0, restarted_count=0

Compilation events (20 events):
Event: 2.596 Thread 0x00007e2220556d40 1165       3       java.nio.DirectLongBufferU::ix (10 bytes)
Event: 2.596 Thread 0x00007e2220556d40 nmethod 1165 0x00007e2208a1bb90 code [0x00007e2208a1bd20, 0x00007e2208a1be38]
Event: 2.596 Thread 0x00007e222054d370 1167       4       java.lang.StringLatin1::replace (198 bytes)
Event: 2.597 Thread 0x00007174600c9460 1168       4       java.util.zip.ZipUtils::LG (22 bytes)
Event: 2.597 Thread 0x00007174600c9460 nmethod 1168 0x00007e221043cd10 code [0x00007e221043cea0, 0x00007e221043cfa8]
Event: 2.597 Thread 0x0000717464045ca0 1170   !   3       java.util.zip.Inflater::needsInput (55 bytes)
Event: 2.597 Thread 0x000071746405c150 nmethod 1154 0x00007e221043d090 code [0x00007e221043d2c0, 0x00007e221043dec8]
Event: 2.598 Thread 0x00007174600c7db0 1171   !   3       java.util.zip.Inflater::inflate (456 bytes)
Event: 2.598 Thread 0x0000717464045ca0 nmethod 1170 0x00007e2208a1bf10 code [0x00007e2208a1c0c0, 0x00007e2208a1c458]
Event: 2.599 Thread 0x00007174600c7db0 nmethod 1171 0x00007e2208a1c590 code [0x00007e2208a1c980, 0x00007e2208a1e800]
Event: 2.599 Thread 0x0000717448019780 1172       3       jdk.internal.org.objectweb.asm.SymbolTable$Entry::<init> (20 bytes)
Event: 2.599 Thread 0x0000717448019780 nmethod 1172 0x00007e2208a1f810 code [0x00007e2208a1f9c0, 0x00007e2208a1fb18]
Event: 2.600 Thread 0x00007e2220556d40 1177       3       java.util.regex.Pattern::isSupplementary (21 bytes)
Event: 2.600 Thread 0x000071744c073160 1178       3       java.lang.Character::isSurrogate (18 bytes)
Event: 2.600 Thread 0x000071744c073160 nmethod 1178 0x00007e2208a1fc10 code [0x00007e2208a1fda0, 0x00007e2208a1ff10]
Event: 2.600 Thread 0x00007e2220556d40 nmethod 1177 0x00007e2208a1ff90 code [0x00007e2208a20140, 0x00007e2208a20390]
Event: 2.601 Thread 0x00007174600c7db0 1179       3       jdk.internal.org.objectweb.asm.MethodWriter::endCurrentBasicBlockWithNoSuccessor (94 bytes)
Event: 2.601 Thread 0x00007174600c7db0 nmethod 1179 0x00007e2208a20490 code [0x00007e2208a20660, 0x00007e2208a20bb8]
Event: 2.601 Thread 0x000071744c073160 1180       3       java.lang.invoke.MethodHandle::keepsAlive (20 bytes)
Event: 2.602 Thread 0x000071744c073160 nmethod 1180 0x00007e2208a20d90 code [0x00007e2208a20fe0, 0x00007e2208a219d8]

GC Heap History (0 events):
No events

Dll operation events (7 events):
Event: 0.001 Loaded shared library /mydata/openjdk-mmtk/build/b0test/images/jdk/lib/libjava.so
Event: 2.227 Loaded shared library /mydata/openjdk-mmtk/build/b0test/images/jdk/lib/libjsvml.so
Event: 2.240 Loaded shared library /mydata/openjdk-mmtk/build/b0test/images/jdk/lib/libnio.so
Event: 2.244 Loaded shared library /mydata/openjdk-mmtk/build/b0test/images/jdk/lib/libzip.so
Event: 2.258 Loaded shared library /mydata/openjdk-mmtk/build/b0test/images/jdk/lib/libjimage.so
Event: 2.284 Loaded shared library /mydata/openjdk-mmtk/build/b0test/images/jdk/lib/libnet.so
Event: 2.553 Loaded shared library /mydata/openjdk-mmtk/build/b0test/images/jdk/lib/libverify.so

Deoptimization events (20 events):
Event: 2.552 Thread 0x00007e2220526750 Uncommon trap: trap_request=0xffffff45 fr.pc=0x00007e22103fd940 relative=0x0000000000000040
Event: 2.552 Thread 0x00007e2220526750 Uncommon trap: reason=unstable_if action=reinterpret pc=0x00007e22103fd940 method=java.util.concurrent.locks.AbstractQueuedSynchronizer.signalNext(Ljava/util/concurrent/locks/AbstractQueuedSynchronizer$Node;)V @ 1 c2
Event: 2.552 Thread 0x00007e2220526750 DEOPT PACKING pc=0x00007e22103fd940 sp=0x00007e22261fe800
Event: 2.552 Thread 0x00007e2220526750 DEOPT UNPACKING pc=0x00007e220fc6a399 sp=0x00007e22261fe7b0 mode 2
Event: 2.567 Thread 0x00007e222002b240 Uncommon trap: trap_request=0xffffff45 fr.pc=0x00007e221040f0a8 relative=0x0000000000000088
Event: 2.567 Thread 0x00007e222002b240 Uncommon trap: reason=unstable_if action=reinterpret pc=0x00007e221040f0a8 method=jdk.internal.misc.Unsafe.convEndian(ZI)I @ 4 c2
Event: 2.567 Thread 0x00007e222002b240 DEOPT PACKING pc=0x00007e221040f0a8 sp=0x00007e22277fd290
Event: 2.567 Thread 0x00007e222002b240 DEOPT UNPACKING pc=0x00007e220fc6a399 sp=0x00007e22277fd1e0 mode 2
Event: 2.584 Thread 0x00007e222002b240 Uncommon trap: trap_request=0xffffff45 fr.pc=0x00007e2210427268 relative=0x0000000000000248
Event: 2.584 Thread 0x00007e222002b240 Uncommon trap: reason=unstable_if action=reinterpret pc=0x00007e2210427268 method=jdk.internal.util.ArraysSupport.mismatch([BI[BII)I @ 55 c2
Event: 2.584 Thread 0x00007e222002b240 DEOPT PACKING pc=0x00007e2210427268 sp=0x00007e22277fdb40
Event: 2.584 Thread 0x00007e222002b240 DEOPT UNPACKING pc=0x00007e220fc6a399 sp=0x00007e22277fda38 mode 2
Event: 2.584 Thread 0x00007e222002b240 Uncommon trap: trap_request=0xffffff45 fr.pc=0x00007e221042349c relative=0x00000000000001fc
Event: 2.584 Thread 0x00007e222002b240 Uncommon trap: reason=unstable_if action=reinterpret pc=0x00007e221042349c method=jdk.internal.util.ArraysSupport.mismatch([BI[BII)I @ 55 c2
Event: 2.584 Thread 0x00007e222002b240 DEOPT PACKING pc=0x00007e221042349c sp=0x00007e22277fda60
Event: 2.584 Thread 0x00007e222002b240 DEOPT UNPACKING pc=0x00007e220fc6a399 sp=0x00007e22277fda28 mode 2
Event: 2.587 Thread 0x00007e222002b240 Uncommon trap: trap_request=0xffffff45 fr.pc=0x00007e2210438b38 relative=0x0000000000000218
Event: 2.587 Thread 0x00007e222002b240 Uncommon trap: reason=unstable_if action=reinterpret pc=0x00007e2210438b38 method=jdk.internal.util.ArraysSupport.mismatch([BI[BII)I @ 55 c2
Event: 2.587 Thread 0x00007e222002b240 DEOPT PACKING pc=0x00007e2210438b38 sp=0x00007e22277fdb70
Event: 2.587 Thread 0x00007e222002b240 DEOPT UNPACKING pc=0x00007e220fc6a399 sp=0x00007e22277fda10 mode 2

Classes loaded (20 events):
Event: 2.601 Loading class jdk/internal/logger/SurrogateLogger
Event: 2.601 Loading class jdk/internal/logger/SimpleConsoleLogger
Event: 2.601 Loading class sun/util/logging/PlatformLogger$ConfigurableBridge$LoggerConfiguration
Event: 2.601 Loading class sun/util/logging/PlatformLogger$ConfigurableBridge$LoggerConfiguration done
Event: 2.601 Loading class jdk/internal/logger/SimpleConsoleLogger done
Event: 2.601 Loading class jdk/internal/logger/SurrogateLogger done
Event: 2.601 Loading class java/lang/System$Logger$Level
Event: 2.601 Loading class java/lang/System$Logger$Level done
Event: 2.601 Loading class sun/util/logging/PlatformLogger
Event: 2.601 Loading class sun/util/logging/PlatformLogger done
Event: 2.601 Loading class sun/util/logging/PlatformLogger$Level
Event: 2.601 Loading class sun/util/logging/PlatformLogger$Level done
Event: 2.601 Loading class jdk/internal/logger/SimpleConsoleLogger$Formatting
Event: 2.601 Loading class jdk/internal/logger/SimpleConsoleLogger$Formatting done
Event: 2.601 Loading class java/util/logging/ErrorManager
Event: 2.601 Loading class java/util/logging/ErrorManager done
Event: 2.602 Loading class java/util/logging/Handler$1
Event: 2.602 Loading class java/util/logging/Handler$1 done
Event: 2.602 Loading class java/util/logging/StreamHandler$1
Event: 2.602 Loading class java/util/logging/StreamHandler$1 done

Classes unloaded (0 events):
No events

Classes redefined (0 events):
No events

Internal exceptions (10 events):
Event: 2.251 Thread 0x00007e222002b240 Exception <a 'java/lang/NoSuchMethodError'{0x0000000040334090}: 'java.lang.Object java.lang.invoke.DirectMethodHandle$Holder.newInvokeSpecial(java.lang.Object, int, java.lang.Object)'> (0x0000000040334090) 
thrown [src/hotspot/share/interpreter/linkResolver.cpp, line 772]
Event: 2.260 Thread 0x00007e222002b240 Exception <a 'java/lang/NoSuchMethodError'{0x0000000040301e28}: 'void java.lang.invoke.DirectMethodHandle$Holder.invokeStatic(java.lang.Object, java.lang.Object)'> (0x0000000040301e28) 
thrown [src/hotspot/share/interpreter/linkResolver.cpp, line 772]
Event: 2.261 Thread 0x00007e222002b240 Exception <a 'java/lang/NoSuchMethodError'{0x0000000040305820}: 'void java.lang.invoke.DirectMethodHandle$Holder.invokeSpecial(java.lang.Object, java.lang.Object, java.lang.Object)'> (0x0000000040305820) 
thrown [src/hotspot/share/interpreter/linkResolver.cpp, line 772]
Event: 2.304 Thread 0x00007e222002b240 Exception <a 'java/lang/NoSuchMethodError'{0x00000000401b5c58}: 'void java.lang.invoke.DirectMethodHandle$Holder.invokeVirtual(java.lang.Object, java.lang.Object)'> (0x00000000401b5c58) 
thrown [src/hotspot/share/interpreter/linkResolver.cpp, line 772]
Event: 2.310 Thread 0x00007e222002b240 Exception <a 'java/io/FileNotFoundException'{0x0000000040180d48}> (0x0000000040180d48) 
thrown [src/hotspot/share/prims/jni.cpp, line 520]
Event: 2.321 Thread 0x00007e222002b240 Exception <a 'java/lang/NoSuchMethodError'{0x000000004011a4a8}: 'java.lang.Object java.lang.invoke.Invokers$Holder.invokeExact_MT(java.lang.Object, java.lang.Object, java.lang.Object, java.lang.Object, java.lang.Object)'> (0x000000004011a4a8) 
thrown [src/hotspot/share/interpreter/linkResolver.cpp, line 772]
Event: 2.579 Thread 0x00007e222002b240 Exception <a 'java/lang/NoSuchMethodError'{0x000000004170e118}: 'int java.lang.invoke.DirectMethodHandle$Holder.invokeSpecial(java.lang.Object, java.lang.Object, java.lang.Object)'> (0x000000004170e118) 
thrown [src/hotspot/share/interpreter/linkResolver.cpp, line 772]
Event: 2.579 Thread 0x00007e222002b240 Exception <a 'java/lang/NoSuchMethodError'{0x00000000416f9700}: 'void java.lang.invoke.DelegatingMethodHandle$Holder.reinvoke_L(java.lang.Object, java.lang.Object, int)'> (0x00000000416f9700) 
thrown [src/hotspot/share/interpreter/linkResolver.cpp, line 772]
Event: 2.580 Thread 0x00007e222002b240 Exception <a 'java/lang/NoSuchMethodError'{0x00000000416f0608}: 'int java.lang.invoke.Invokers$Holder.invokeExact_MT(java.lang.Object, java.lang.Object, java.lang.Object)'> (0x00000000416f0608) 
thrown [src/hotspot/share/interpreter/linkResolver.cpp, line 772]
Event: 2.586 Thread 0x00007e222002b240 Exception <a 'java/lang/NoSuchMethodError'{0x00000000416d3450}: 'void java.lang.invoke.Invokers$Holder.invokeExact_MT(java.lang.Object, java.lang.Object, java.lang.Object, java.lang.Object)'> (0x00000000416d3450) 
thrown [src/hotspot/share/interpreter/linkResolver.cpp, line 772]

ZGC Phase Switch (0 events):
No events

VM Operations (8 events):
Event: 2.245 Executing VM operation: HandshakeAllThreads (Deoptimize)
Event: 2.245 Executing VM operation: HandshakeAllThreads (Deoptimize) done
Event: 2.273 Executing VM operation: HandshakeAllThreads (Deoptimize)
Event: 2.273 Executing VM operation: HandshakeAllThreads (Deoptimize) done
Event: 2.515 Executing VM operation: ThirdPartyHeapOperation
Event: 2.545 Executing VM operation: ThirdPartyHeapOperation done
Event: 2.547 Executing VM operation: ThirdPartyHeapOperation
Event: 2.551 Executing VM operation: ThirdPartyHeapOperation done

Memory protections (17 events):
Event: 0.001 Protecting memory [0x00007e2227700000,0x00007e2227704000] with protection modes 0
Event: 2.223 Protecting memory [0x00007e2226100000,0x00007e2226104000] with protection modes 0
Event: 2.223 Protecting memory [0x00007e2226000000,0x00007e2226004000] with protection modes 0
Event: 2.223 Protecting memory [0x00007e2225f00000,0x00007e2225f04000] with protection modes 0
Event: 2.226 Protecting memory [0x00007e22246e9000,0x00007e22246ed000] with protection modes 0
Event: 2.226 Protecting memory [0x00007e22245e9000,0x00007e22245ed000] with protection modes 0
Event: 2.226 Protecting memory [0x00007e22244e9000,0x00007e22244ed000] with protection modes 0
Event: 2.226 Protecting memory [0x00007e22243e9000,0x00007e22243ed000] with protection modes 0
Event: 2.226 Protecting memory [0x00007e22242e9000,0x00007e22242ed000] with protection modes 0
Event: 2.237 Protecting memory [0x00007e2224118000,0x00007e222411c000] with protection modes 0
Event: 2.239 Protecting memory [0x00007e2224018000,0x00007e222401c000] with protection modes 0
Event: 2.239 Protecting memory [0x00007e21e86ff000,0x00007e21e8703000] with protection modes 0
Event: 2.290 Protecting memory [0x00007e21e85ff000,0x00007e21e8603000] with protection modes 0
Event: 2.295 Protecting memory [0x00007e21e84ff000,0x00007e21e8503000] with protection modes 0
Event: 2.296 Protecting memory [0x00007175342fc000,0x0000717534300000] with protection modes 0
Event: 2.301 Protecting memory [0x0000717531100000,0x0000717531104000] with protection modes 0
Event: 2.451 Protecting memory [0x0000717531000000,0x0000717531004000] with protection modes 0

Nmethod flushes (0 events):
No events

Events (17 events):
Event: 2.217 Thread 0x00007e222002b240 Thread added: 0x00007e222002b240
Event: 2.223 Thread 0x00007e222002b240 Thread added: 0x00007e2220526750
Event: 2.223 Thread 0x00007e222002b240 Thread added: 0x00007e2220527fe0
Event: 2.223 Thread 0x00007e222002b240 Thread added: 0x00007e2220529af0
Event: 2.226 Thread 0x00007e222002b240 Thread added: 0x00007e2220548320
Event: 2.226 Thread 0x00007e222002b240 Thread added: 0x00007e2220549c70
Event: 2.226 Thread 0x00007e222002b240 Thread added: 0x00007e222054b530
Event: 2.226 Thread 0x00007e222002b240 Thread added: 0x00007e222054d370
Event: 2.226 Thread 0x00007e222002b240 Thread added: 0x00007e2220556d40
Event: 2.236 Thread 0x00007e2220556d40 Thread added: 0x0000717464045ca0
Event: 2.239 Thread 0x00007e222002b240 Thread added: 0x00007e222059dd00
Event: 2.239 Thread 0x00007e222002b240 Thread added: 0x00007e22205a0d10
Event: 2.289 Thread 0x00007e2220556d40 Thread added: 0x000071746405c150
Event: 2.295 Thread 0x00007e222054d370 Thread added: 0x00007174600c7db0
Event: 2.296 Thread 0x00007174600c7db0 Thread added: 0x0000717448019780
Event: 2.301 Thread 0x00007e222054d370 Thread added: 0x00007174600c9460
Event: 2.451 Thread 0x0000717448019780 Thread added: 0x000071744c073160


Dynamic libraries:
40000000-40400000 rw-p 00000000 00:00 0                                  [anon:mmtk:space:immix]
40400000-41400000 rw-p 00000000 00:00 0                                  [anon:mmtk:space:los]
41400000-41800000 rw-p 00000000 00:00 0                                  [anon:mmtk:space:immix]
41800000-43800000 rw-p 00000000 00:00 0                                  [anon:mmtk:space:los]
200000000000-2000c00c0000 rw-s 00000000 00:10 68                         anon_inode:bpf-map
5db7bc003000-5db7bc004000 r--p 00000000 fc:00 49676325                   /mydata/openjdk-mmtk/build/b0test/images/jdk/bin/java
5db7bc004000-5db7bc005000 r-xp 00001000 fc:00 49676325                   /mydata/openjdk-mmtk/build/b0test/images/jdk/bin/java
5db7bc005000-5db7bc006000 r--p 00002000 fc:00 49676325                   /mydata/openjdk-mmtk/build/b0test/images/jdk/bin/java
5db7bc006000-5db7bc007000 r--p 00002000 fc:00 49676325                   /mydata/openjdk-mmtk/build/b0test/images/jdk/bin/java
5db7bc007000-5db7bc008000 rw-p 00003000 fc:00 49676325                   /mydata/openjdk-mmtk/build/b0test/images/jdk/bin/java
5db7f5f0c000-5db7f5f54000 rw-p 00000000 00:00 0                          [heap]
717440000000-71744011a000 rw-p 00000000 00:00 0 
71744011a000-717444000000 ---p 00000000 00:00 0 
717444000000-717444021000 rw-p 00000000 00:00 0 
717444021000-717448000000 ---p 00000000 00:00 0 
717448000000-7174480e5000 rw-p 00000000 00:00 0 
7174480e5000-71744c000000 ---p 00000000 00:00 0 
71744c000000-71744c08b000 rw-p 00000000 00:00 0 
71744c08b000-717450000000 ---p 00000000 00:00 0 
717450000000-717450021000 rw-p 00000000 00:00 0 
717450021000-717454000000 ---p 00000000 00:00 0 
717454000000-717454231000 rw-p 00000000 00:00 0 
717454231000-717458000000 ---p 00000000 00:00 0 
717458000000-717458144000 rw-p 00000000 00:00 0 
717458144000-71745c000000 ---p 00000000 00:00 0 
71745c000000-71745c021000 rw-p 00000000 00:00 0 
71745c021000-717460000000 ---p 00000000 00:00 0 
717460000000-71746033d000 rw-p 00000000 00:00 0 
71746033d000-717464000000 ---p 00000000 00:00 0 
717464000000-7174640f9000 rw-p 00000000 00:00 0 
7174640f9000-717468000000 ---p 00000000 00:00 0 
717468000000-717468021000 rw-p 00000000 00:00 0 
717468021000-71746c000000 ---p 00000000 00:00 0 
71746c000000-71746c021000 rw-p 00000000 00:00 0 
71746c021000-717470000000 ---p 00000000 00:00 0 
717470000000-717470021000 rw-p 00000000 00:00 0 
717470021000-717474000000 ---p 00000000 00:00 0 
717474000000-717474021000 rw-p 00000000 00:00 0 
717474021000-717478000000 ---p 00000000 00:00 0 
717478000000-717478021000 rw-p 00000000 00:00 0 
717478021000-71747c000000 ---p 00000000 00:00 0 
71747c000000-71747c021000 rw-p 00000000 00:00 0 
71747c021000-717480000000 ---p 00000000 00:00 0 
717480000000-717480021000 rw-p 00000000 00:00 0 
717480021000-717484000000 ---p 00000000 00:00 0 
717484000000-717484021000 rw-p 00000000 00:00 0 
717484021000-717488000000 ---p 00000000 00:00 0 
717488000000-717488021000 rw-p 00000000 00:00 0 
717488021000-71748c000000 ---p 00000000 00:00 0 
71748c000000-71748c021000 rw-p 00000000 00:00 0 
71748c021000-717490000000 ---p 00000000 00:00 0 
717490000000-717490021000 rw-p 00000000 00:00 0 
717490021000-717494000000 ---p 00000000 00:00 0 
717494000000-717494021000 rw-p 00000000 00:00 0 
717494021000-717498000000 ---p 00000000 00:00 0 
717498000000-717498021000 rw-p 00000000 00:00 0 
717498021000-71749c000000 ---p 00000000 00:00 0 
71749c000000-71749c021000 rw-p 00000000 00:00 0 
71749c021000-7174a0000000 ---p 00000000 00:00 0 
7174a0000000-7174a0021000 rw-p 00000000 00:00 0 
7174a0021000-7174a4000000 ---p 00000000 00:00 0 
7174a4000000-7174a4021000 rw-p 00000000 00:00 0 
7174a4021000-7174a8000000 ---p 00000000 00:00 0 
7174a8000000-7174a8042000 rw-p 00000000 00:00 0 
7174a8042000-7174ac000000 ---p 00000000 00:00 0 
7174ac000000-7174ac021000 rw-p 00000000 00:00 0 
7174ac021000-7174b0000000 ---p 00000000 00:00 0 
7174b0000000-7174b0022000 rw-p 00000000 00:00 0 
7174b0022000-7174b4000000 ---p 00000000 00:00 0 
7174b4000000-7174b4021000 rw-p 00000000 00:00 0 
7174b4021000-7174b8000000 ---p 00000000 00:00 0 
7174b8000000-7174b8023000 rw-p 00000000 00:00 0 
7174b8023000-7174bc000000 ---p 00000000 00:00 0 
7174bc000000-7174bc021000 rw-p 00000000 00:00 0 
7174bc021000-7174c0000000 ---p 00000000 00:00 0 
7174c0000000-7174c0021000 rw-p 00000000 00:00 0 
7174c0021000-7174c4000000 ---p 00000000 00:00 0 
7174c4000000-7174c4021000 rw-p 00000000 00:00 0 
7174c4021000-7174c8000000 ---p 00000000 00:00 0 
7174c8000000-7174c8021000 rw-p 00000000 00:00 0 
7174c8021000-7174cc000000 ---p 00000000 00:00 0 
7174cc000000-7174cc021000 rw-p 00000000 00:00 0 
7174cc021000-7174d0000000 ---p 00000000 00:00 0 
7174d0000000-7174d0021000 rw-p 00000000 00:00 0 
7174d0021000-7174d4000000 ---p 00000000 00:00 0 
7174d4000000-7174d4021000 rw-p 00000000 00:00 0 
7174d4021000-7174d8000000 ---p 00000000 00:00 0 
7174d8000000-7174d8021000 rw-p 00000000 00:00 0 
7174d8021000-7174dc000000 ---p 00000000 00:00 0 
7174dc000000-7174dc021000 rw-p 00000000 00:00 0 
7174dc021000-7174e0000000 ---p 00000000 00:00 0 
7174e0000000-7174e0280000 rw-p 00000000 00:00 0 
7174e0280000-7174e0400000 ---p 00000000 00:00 0 
7174e0400000-7174e0540000 rw-p 00000000 00:00 0 
7174e0540000-7174e4000000 ---p 00000000 00:00 0 
7174e4000000-7174e4021000 rw-p 00000000 00:00 0 
7174e4021000-7174e8000000 ---p 00000000 00:00 0 
7174eb000000-7174ebca3000 rw-p 00001000 fc:00 49677025                   /mydata/openjdk-mmtk/build/b0test/images/jdk/lib/server/classes.jsa
7174ebca3000-7174ec000000 ---p 00000000 00:00 0 
7174ec000000-7174ec040000 rw-p 00000000 00:00 0 
7174ec040000-7174ec080000 rw-p 00000000 00:00 0 
7174ec080000-71752c000000 ---p 00000000 00:00 0 
71752c000000-71752c021000 rw-p 00000000 00:00 0 
71752c021000-717530000000 ---p 00000000 00:00 0 
71753070c000-717531000000 rw-p 00000000 00:00 0 
717531000000-717531004000 ---p 00000000 00:00 0 
717531004000-717531100000 rw-p 00000000 00:00 0 
717531100000-717531104000 ---p 00000000 00:00 0 
717531104000-717531200000 rw-p 00000000 00:00 0 
717531200000-717534200000 rw-p 00000000 00:00 0 
7175342fc000-717534300000 ---p 00000000 00:00 0 
717534300000-7175343fc000 rw-p 00000000 00:00 0 
7175343fc000-717564400000 rw-p 00000000 00:00 0 
717564400000-717565400000 ---p 00000000 00:00 0                          [anon:mmtk:sidemeta:all:all-quarantined]
717565400000-717565800000 rw-p 00000000 00:00 0                          [anon:mmtk:sidemeta:immix:VO_BIT]
717565800000-737566400000 ---p 00000000 00:00 0                          [anon:mmtk:sidemeta:all:all-quarantined]
737566400000-737566800000 rw-p 00000000 00:00 0                          [anon:mmtk:sidemeta:immix:CHUNK_MARK]
737566800000-737569400000 ---p 00000000 00:00 0                          [anon:mmtk:sidemeta:all:all-quarantined]
737569400000-737569800000 rw-p 00000000 00:00 0                          [anon:mmtk:sidemeta:immix:VMGlobalLogBitSpec]
737569800000-757d68800000 ---p 00000000 00:00 0                          [anon:mmtk:sidemeta:all:all-quarantined]
757d68800000-757d68c00000 rw-p 00000000 00:00 0                          [anon:mmtk:sidemeta:immix:IX_LINE_MARK]
757d68c00000-75fd68400000 ---p 00000000 00:00 0                          [anon:mmtk:sidemeta:all:all-quarantined]
75fd68400000-75fd68800000 rw-p 00000000 00:00 0                          [anon:mmtk:sidemeta:immix:IX_BLOCK_DEFRAG]
75fd68800000-75fe68400000 ---p 00000000 00:00 0                          [anon:mmtk:sidemeta:all:all-quarantined]
75fe68400000-75fe68800000 rw-p 00000000 00:00 0                          [anon:mmtk:sidemeta:immix:IX_BLOCK_MARK]
75fe68800000-7c1fe8400000 ---p 00000000 00:00 0                          [anon:mmtk:sidemeta:all:all-quarantined]
7c1fe8400000-7c1fe8800000 rw-p 00000000 00:00 0                          [anon:mmtk:sidemeta:los:VMLocalLOSMarkNurserySpec]
7c1fe8800000-7c21e9400000 ---p 00000000 00:00 0                          [anon:mmtk:sidemeta:all:all-quarantined]
7c21e9400000-7c21e9800000 rw-p 00000000 00:00 0                          [anon:mmtk:sidemeta:immix:VMLocalMarkBitSpec]
7c21e9800000-7e21e8400000 ---p 00000000 00:00 0                          [anon:mmtk:sidemeta:all:all-quarantined]
7e21e84ff000-7e21e8503000 ---p 00000000 00:00 0 
7e21e8503000-7e21e85ff000 rw-p 00000000 00:00 0 
7e21e85ff000-7e21e8603000 ---p 00000000 00:00 0 
7e21e8603000-7e21e86ff000 rw-p 00000000 00:00 0 
7e21e86ff000-7e21e8703000 ---p 00000000 00:00 0 
7e21e8703000-7e21e87ff000 rw-p 00000000 00:00 0 
7e21e87ff000-7e2208800000 rw-p 00000000 00:00 0 
7e2208800000-7e2208a70000 rwxp 00000000 00:00 0 
7e2208a70000-7e220fc17000 ---p 00000000 00:00 0 
7e220fc17000-7e220ff87000 rwxp 00000000 00:00 0 
7e220ff87000-7e22103e8000 ---p 00000000 00:00 0 
7e22103e8000-7e2210658000 rwxp 00000000 00:00 0 
7e2210658000-7e2217800000 ---p 00000000 00:00 0 
7e2217800000-7e221ffa0000 r--s 00000000 fc:00 49676294                   /mydata/openjdk-mmtk/build/b0test/images/jdk/lib/modules
7e2220000000-7e222076b000 rw-p 00000000 00:00 0 
7e222076b000-7e2224000000 ---p 00000000 00:00 0 
7e2224018000-7e222401c000 ---p 00000000 00:00 0 
7e222401c000-7e2224118000 rw-p 00000000 00:00 0 
7e2224118000-7e222411c000 ---p 00000000 00:00 0 
7e222411c000-7e2224218000 rw-p 00000000 00:00 0 
7e2224218000-7e222421d000 r--p 00000000 fc:00 49676401                   /mydata/openjdk-mmtk/build/b0test/images/jdk/lib/libjsvml.so
7e222421d000-7e222425e000 r-xp 00005000 fc:00 49676401                   /mydata/openjdk-mmtk/build/b0test/images/jdk/lib/libjsvml.so
7e222425e000-7e22242e7000 r--p 00046000 fc:00 49676401                   /mydata/openjdk-mmtk/build/b0test/images/jdk/lib/libjsvml.so
7e22242e7000-7e22242e8000 r--p 000ce000 fc:00 49676401                   /mydata/openjdk-mmtk/build/b0test/images/jdk/lib/libjsvml.so
7e22242e8000-7e22242e9000 rw-p 000cf000 fc:00 49676401                   /mydata/openjdk-mmtk/build/b0test/images/jdk/lib/libjsvml.so
7e22242e9000-7e22242ed000 ---p 00000000 00:00 0 
7e22242ed000-7e22243e9000 rw-p 00000000 00:00 0 
7e22243e9000-7e22243ed000 ---p 00000000 00:00 0 
7e22243ed000-7e22244e9000 rw-p 00000000 00:00 0 
7e22244e9000-7e22244ed000 ---p 00000000 00:00 0 
7e22244ed000-7e22245e9000 rw-p 00000000 00:00 0 
7e22245e9000-7e22245ed000 ---p 00000000 00:00 0 
7e22245ed000-7e22246e9000 rw-p 00000000 00:00 0 
7e22246e9000-7e22246ed000 ---p 00000000 00:00 0 
7e22246ed000-7e22247e9000 rw-p 00000000 00:00 0 
7e22247e9000-7e22247ea000 ---p 00000000 00:00 0 
7e22247ea000-7e22248ea000 rw-p 00000000 00:00 0 
7e22248ea000-7e22248eb000 ---p 00000000 00:00 0 
7e22248eb000-7e22249eb000 rw-p 00000000 00:00 0 
7e22249eb000-7e22249ec000 ---p 00000000 00:00 0 
7e22249ec000-7e2224aec000 rw-p 00000000 00:00 0 
7e2224aec000-7e2224aed000 ---p 00000000 00:00 0 
7e2224aed000-7e2224bed000 rw-p 00000000 00:00 0 
7e2224bed000-7e2224bee000 ---p 00000000 00:00 0 
7e2224bee000-7e2224cee000 rw-p 00000000 00:00 0 
7e2224cee000-7e2224cef000 ---p 00000000 00:00 0 
7e2224cef000-7e2224def000 rw-p 00000000 00:00 0 
7e2224def000-7e2224df0000 ---p 00000000 00:00 0 
7e2224df0000-7e2224ef0000 rw-p 00000000 00:00 0 
7e2224ef0000-7e2224ef1000 ---p 00000000 00:00 0 
7e2224ef1000-7e2224ff1000 rw-p 00000000 00:00 0 
7e2224ff1000-7e2224ff2000 ---p 00000000 00:00 0 
7e2224ff2000-7e22250f2000 rw-p 00000000 00:00 0 
7e22250f2000-7e22250f3000 ---p 00000000 00:00 0 
7e22250f3000-7e22251f3000 rw-p 00000000 00:00 0 
7e22251f3000-7e22251f4000 ---p 00000000 00:00 0 
7e22251f4000-7e22252f4000 rw-p 00000000 00:00 0 
7e22252f4000-7e22252f5000 ---p 00000000 00:00 0 
7e22252f5000-7e22253f5000 rw-p 00000000 00:00 0 
7e22253f5000-7e22253f6000 ---p 00000000 00:00 0 
7e22253f6000-7e22254f6000 rw-p 00000000 00:00 0 
7e22254f6000-7e22254f7000 ---p 00000000 00:00 0 
7e22254f7000-7e22255f7000 rw-p 00000000 00:00 0 
7e22255f7000-7e22255f8000 ---p 00000000 00:00 0 
7e22255f8000-7e22256f8000 rw-p 00000000 00:00 0 
7e22256f8000-7e22256f9000 ---p 00000000 00:00 0 
7e22256f9000-7e22257f9000 rw-p 00000000 00:00 0 
7e22257f9000-7e22257fa000 ---p 00000000 00:00 0 
7e22257fa000-7e22258fa000 rw-p 00000000 00:00 0 
7e22258fa000-7e22258fb000 ---p 00000000 00:00 0 
7e22258fb000-7e22259fb000 rw-p 00000000 00:00 0 
7e22259fb000-7e22259fc000 ---p 00000000 00:00 0 
7e22259fc000-7e2225afc000 rw-p 00000000 00:00 0 
7e2225afc000-7e2225afd000 ---p 00000000 00:00 0 
7e2225afd000-7e2225bfd000 rw-p 00000000 00:00 0 
7e2225bfd000-7e2225bfe000 ---p 00000000 00:00 0 
7e2225bfe000-7e2225cfe000 rw-p 00000000 00:00 0 
7e2225cfe000-7e2225cff000 ---p 00000000 00:00 0 
7e2225cff000-7e2225dff000 rw-p 00000000 00:00 0 
7e2225dff000-7e2225e00000 ---p 00000000 00:00 0 
7e2225e00000-7e2225f00000 rw-p 00000000 00:00 0 
7e2225f00000-7e2225f04000 ---p 00000000 00:00 0 
7e2225f04000-7e2226000000 rw-p 00000000 00:00 0 
7e2226000000-7e2226004000 ---p 00000000 00:00 0 
7e2226004000-7e2226100000 rw-p 00000000 00:00 0 
7e2226100000-7e2226104000 ---p 00000000 00:00 0 
7e2226104000-7e2226200000 rw-p 00000000 00:00 0 
7e2226200000-7e22264eb000 r--p 00000000 08:03 1410552                    /usr/lib/locale/locale-archive
7e22264ec000-7e22264f0000 r--p 00000000 fc:00 49676349                   /mydata/openjdk-mmtk/build/b0test/images/jdk/lib/libverify.so
7e22264f0000-7e22264f7000 r-xp 00004000 fc:00 49676349                   /mydata/openjdk-mmtk/build/b0test/images/jdk/lib/libverify.so
7e22264f7000-7e22264f9000 r--p 0000b000 fc:00 49676349                   /mydata/openjdk-mmtk/build/b0test/images/jdk/lib/libverify.so
7e22264f9000-7e22264fb000 r--p 0000c000 fc:00 49676349                   /mydata/openjdk-mmtk/build/b0test/images/jdk/lib/libverify.so
7e22264fb000-7e22264fc000 rw-p 0000e000 fc:00 49676349                   /mydata/openjdk-mmtk/build/b0test/images/jdk/lib/libverify.so
7e22264fc000-7e22264fd000 ---p 00000000 00:00 0 
7e22264fd000-7e22265fd000 rw-p 00000000 00:00 0 
7e22265fd000-7e22265fe000 ---p 00000000 00:00 0 
7e22265fe000-7e22266fe000 rw-p 00000000 00:00 0 
7e22266fe000-7e22266ff000 ---p 00000000 00:00 0 
7e22266ff000-7e22267ff000 rw-p 00000000 00:00 0 
7e22267ff000-7e2226e00000 rw-p 00000000 00:00 0 
7e2226e00000-7e2226e0c000 r--p 00000000 fc:00 13107225                   /mydata/gc-bpf-fault/shim/libgcbpf.so
7e2226e0c000-7e2226e6e000 r-xp 0000c000 fc:00 13107225                   /mydata/gc-bpf-fault/shim/libgcbpf.so
7e2226e6e000-7e222701b000 r--p 0006e000 fc:00 13107225                   /mydata/gc-bpf-fault/shim/libgcbpf.so
7e222701b000-7e222701d000 r--p 0021b000 fc:00 13107225                   /mydata/gc-bpf-fault/shim/libgcbpf.so
7e222701d000-7e222701e000 rw-p 0021d000 fc:00 13107225                   /mydata/gc-bpf-fault/shim/libgcbpf.so
7e222701e000-7e222701f000 rw-p 00000000 00:00 0 
7e2227028000-7e222702f000 r--p 00000000 fc:00 49676347                   /mydata/openjdk-mmtk/build/b0test/images/jdk/lib/libnio.so
7e222702f000-7e2227038000 r-xp 00007000 fc:00 49676347                   /mydata/openjdk-mmtk/build/b0test/images/jdk/lib/libnio.so
7e2227038000-7e222703c000 r--p 00010000 fc:00 49676347                   /mydata/openjdk-mmtk/build/b0test/images/jdk/lib/libnio.so
7e222703c000-7e222703d000 r--p 00014000 fc:00 49676347                   /mydata/openjdk-mmtk/build/b0test/images/jdk/lib/libnio.so
7e222703d000-7e222703e000 rw-p 00015000 fc:00 49676347                   /mydata/openjdk-mmtk/build/b0test/images/jdk/lib/libnio.so
7e222703e000-7e2227042000 r--p 00000000 08:03 1410107                    /usr/lib/x86_64-linux-gnu/libzstd.so.1.5.5
7e2227042000-7e22270e9000 r-xp 00004000 08:03 1410107                    /usr/lib/x86_64-linux-gnu/libzstd.so.1.5.5
7e22270e9000-7e22270f6000 r--p 000ab000 08:03 1410107                    /usr/lib/x86_64-linux-gnu/libzstd.so.1.5.5
7e22270f6000-7e22270f7000 r--p 000b7000 08:03 1410107                    /usr/lib/x86_64-linux-gnu/libzstd.so.1.5.5
7e22270f7000-7e22270f8000 rw-p 000b8000 08:03 1410107                    /usr/lib/x86_64-linux-gnu/libzstd.so.1.5.5
7e22270f8000-7e22270fb000 r--p 00000000 08:03 1410420                    /usr/lib/x86_64-linux-gnu/libelf-0.190.so
7e22270fb000-7e2227111000 r-xp 00003000 08:03 1410420                    /usr/lib/x86_64-linux-gnu/libelf-0.190.so
7e2227111000-7e2227115000 r--p 00019000 08:03 1410420                    /usr/lib/x86_64-linux-gnu/libelf-0.190.so
7e2227115000-7e2227116000 r--p 0001c000 08:03 1410420                    /usr/lib/x86_64-linux-gnu/libelf-0.190.so
7e2227116000-7e2227117000 rw-p 0001d000 08:03 1410420                    /usr/lib/x86_64-linux-gnu/libelf-0.190.so
7e2227117000-7e222711c000 rw-p 00000000 00:00 0 
7e222711c000-7e2227200000 ---p 00000000 00:00 0 
7e2227200000-7e2227346000 r--p 00000000 fc:00 49676359                   /mydata/openjdk-mmtk/build/b0test/images/jdk/lib/server/libmmtk_openjdk.so
7e2227346000-7e22275c0000 r-xp 00145000 fc:00 49676359                   /mydata/openjdk-mmtk/build/b0test/images/jdk/lib/server/libmmtk_openjdk.so
7e22275c0000-7e2227600000 r--p 003be000 fc:00 49676359                   /mydata/openjdk-mmtk/build/b0test/images/jdk/lib/server/libmmtk_openjdk.so
7e2227600000-7e2227603000 rw-p 003fd000 fc:00 49676359                   /mydata/openjdk-mmtk/build/b0test/images/jdk/lib/server/libmmtk_openjdk.so
7e2227603000-7e2227605000 rw-p 00000000 00:00 0 
7e2227605000-7e222760c000 r--s 00000000 08:03 1436340                    /usr/lib/x86_64-linux-gnu/gconv/gconv-modules.cache
7e222760c000-7e222760e000 r--p 00000000 fc:00 49676350                   /mydata/openjdk-mmtk/build/b0test/images/jdk/lib/libzip.so
7e222760e000-7e2227613000 r-xp 00002000 fc:00 49676350                   /mydata/openjdk-mmtk/build/b0test/images/jdk/lib/libzip.so
7e2227613000-7e2227615000 r--p 00007000 fc:00 49676350                   /mydata/openjdk-mmtk/build/b0test/images/jdk/lib/libzip.so
7e2227615000-7e2227616000 r--p 00008000 fc:00 49676350                   /mydata/openjdk-mmtk/build/b0test/images/jdk/lib/libzip.so
7e2227616000-7e2227617000 rw-p 00009000 fc:00 49676350                   /mydata/openjdk-mmtk/build/b0test/images/jdk/lib/libzip.so
7e2227617000-7e222761c000 rw-p 00000000 00:00 0 
7e222761c000-7e2227700000 ---p 00000000 00:00 0 
7e2227700000-7e2227704000 ---p 00000000 00:00 0 
7e2227704000-7e2227800000 rw-p 00000000 00:00 0 
7e2227800000-7e2227aa9000 r--p 00000000 fc:00 49676358                   /mydata/openjdk-mmtk/build/b0test/images/jdk/lib/server/libjvm.so
7e2227aa9000-7e222893c000 r-xp 002a9000 fc:00 49676358                   /mydata/openjdk-mmtk/build/b0test/images/jdk/lib/server/libjvm.so
7e222893c000-7e2228c20000 r--p 0113c000 fc:00 49676358                   /mydata/openjdk-mmtk/build/b0test/images/jdk/lib/server/libjvm.so
7e2228c20000-7e2228cf6000 r--p 0141f000 fc:00 49676358                   /mydata/openjdk-mmtk/build/b0test/images/jdk/lib/server/libjvm.so
7e2228cf6000-7e2228d26000 rw-p 014f5000 fc:00 49676358                   /mydata/openjdk-mmtk/build/b0test/images/jdk/lib/server/libjvm.so
7e2228d26000-7e2228d8c000 rw-p 00000000 00:00 0 
7e2228d8f000-7e2228d92000 r--p 00000000 fc:00 49676346                   /mydata/openjdk-mmtk/build/b0test/images/jdk/lib/libnet.so
7e2228d92000-7e2228d9a000 r-xp 00003000 fc:00 49676346                   /mydata/openjdk-mmtk/build/b0test/images/jdk/lib/libnet.so
7e2228d9a000-7e2228d9c000 r--p 0000b000 fc:00 49676346                   /mydata/openjdk-mmtk/build/b0test/images/jdk/lib/libnet.so
7e2228d9c000-7e2228d9d000 r--p 0000c000 fc:00 49676346                   /mydata/openjdk-mmtk/build/b0test/images/jdk/lib/libnet.so
7e2228d9d000-7e2228d9e000 rw-p 0000d000 fc:00 49676346                   /mydata/openjdk-mmtk/build/b0test/images/jdk/lib/libnet.so
7e2228d9e000-7e2228da5000 rw-p 00000000 00:00 0 
7e2228da5000-7e2228dae000 ---p 00000000 00:00 0 
7e2228dae000-7e2228dbb000 r--p 00000000 fc:00 49676339                   /mydata/openjdk-mmtk/build/b0test/images/jdk/lib/libjava.so
7e2228dbb000-7e2228dca000 r-xp 0000d000 fc:00 49676339                   /mydata/openjdk-mmtk/build/b0test/images/jdk/lib/libjava.so
7e2228dca000-7e2228dcf000 r--p 0001c000 fc:00 49676339                   /mydata/openjdk-mmtk/build/b0test/images/jdk/lib/libjava.so
7e2228dcf000-7e2228dd0000 r--p 00021000 fc:00 49676339                   /mydata/openjdk-mmtk/build/b0test/images/jdk/lib/libjava.so
7e2228dd0000-7e2228dd1000 rw-p 00022000 fc:00 49676339                   /mydata/openjdk-mmtk/build/b0test/images/jdk/lib/libjava.so
7e2228dd1000-7e2228dd2000 rw-p 00000000 00:00 0 
7e2228dd2000-7e2228dd6000 r--p 00000000 08:03 1410148                    /usr/lib/x86_64-linux-gnu/libgcc_s.so.1
7e2228dd6000-7e2228dfa000 r-xp 00004000 08:03 1410148                    /usr/lib/x86_64-linux-gnu/libgcc_s.so.1
7e2228dfa000-7e2228dfe000 r--p 00028000 08:03 1410148                    /usr/lib/x86_64-linux-gnu/libgcc_s.so.1
7e2228dfe000-7e2228dff000 r--p 0002b000 08:03 1410148                    /usr/lib/x86_64-linux-gnu/libgcc_s.so.1
7e2228dff000-7e2228e00000 rw-p 0002c000 08:03 1410148                    /usr/lib/x86_64-linux-gnu/libgcc_s.so.1
7e2228e00000-7e2228e28000 r--p 00000000 08:03 1410238                    /usr/lib/x86_64-linux-gnu/libc.so.6
7e2228e28000-7e2228fb0000 r-xp 00028000 08:03 1410238                    /usr/lib/x86_64-linux-gnu/libc.so.6
7e2228fb0000-7e2228fff000 r--p 001b0000 08:03 1410238                    /usr/lib/x86_64-linux-gnu/libc.so.6
7e2228fff000-7e2229003000 r--p 001fe000 08:03 1410238                    /usr/lib/x86_64-linux-gnu/libc.so.6
7e2229003000-7e2229005000 rw-p 00202000 08:03 1410238                    /usr/lib/x86_64-linux-gnu/libc.so.6
7e2229005000-7e2229012000 rw-p 00000000 00:00 0 
7e2229014000-7e222901c000 rw-s 00000000 08:03 237598                     /tmp/hsperfdata_root/301842
7e222901c000-7e2229020000 r--p 00000000 fc:00 49676340                   /mydata/openjdk-mmtk/build/b0test/images/jdk/lib/libjimage.so
7e2229020000-7e2229037000 r-xp 00004000 fc:00 49676340                   /mydata/openjdk-mmtk/build/b0test/images/jdk/lib/libjimage.so
7e2229037000-7e222903c000 r--p 0001b000 fc:00 49676340                   /mydata/openjdk-mmtk/build/b0test/images/jdk/lib/libjimage.so
7e222903c000-7e222903e000 r--p 00020000 fc:00 49676340                   /mydata/openjdk-mmtk/build/b0test/images/jdk/lib/libjimage.so
7e222903e000-7e222903f000 rw-p 00022000 fc:00 49676340                   /mydata/openjdk-mmtk/build/b0test/images/jdk/lib/libjimage.so
7e222903f000-7e222904f000 r--p 00000000 08:03 1411099                    /usr/lib/x86_64-linux-gnu/libm.so.6
7e222904f000-7e22290ce000 r-xp 00010000 08:03 1411099                    /usr/lib/x86_64-linux-gnu/libm.so.6
7e22290ce000-7e2229126000 r--p 0008f000 08:03 1411099                    /usr/lib/x86_64-linux-gnu/libm.so.6
7e2229126000-7e2229127000 r--p 000e7000 08:03 1411099                    /usr/lib/x86_64-linux-gnu/libm.so.6
7e2229127000-7e2229128000 rw-p 000e8000 08:03 1411099                    /usr/lib/x86_64-linux-gnu/libm.so.6
7e2229128000-7e222912a000 rw-p 00000000 00:00 0 
7e222912a000-7e222912c000 r--p 00000000 08:03 1409104                    /usr/lib/x86_64-linux-gnu/libz.so.1.3
7e222912c000-7e222913e000 r-xp 00002000 08:03 1409104                    /usr/lib/x86_64-linux-gnu/libz.so.1.3
7e222913e000-7e2229144000 r--p 00014000 08:03 1409104                    /usr/lib/x86_64-linux-gnu/libz.so.1.3
7e2229144000-7e2229145000 r--p 0001a000 08:03 1409104                    /usr/lib/x86_64-linux-gnu/libz.so.1.3
7e2229145000-7e2229146000 rw-p 0001b000 08:03 1409104                    /usr/lib/x86_64-linux-gnu/libz.so.1.3
7e222914b000-7e222914c000 rw-s 00000000 00:10 68                         anon_inode:bpf-map
7e222914c000-7e222914d000 r--s 00000000 00:10 68                         anon_inode:bpf-map
7e222914d000-7e222914e000 ---p 00000000 00:00 0 
7e222914e000-7e222914f000 r--p 00000000 00:00 0 
7e222914f000-7e2229150000 ---p 00000000 00:00 0 
7e2229150000-7e2229152000 r--p 00000000 fc:00 49676342                   /mydata/openjdk-mmtk/build/b0test/images/jdk/lib/libjli.so
7e2229152000-7e222915c000 r-xp 00002000 fc:00 49676342                   /mydata/openjdk-mmtk/build/b0test/images/jdk/lib/libjli.so
7e222915c000-7e222915f000 r--p 0000c000 fc:00 49676342                   /mydata/openjdk-mmtk/build/b0test/images/jdk/lib/libjli.so
7e222915f000-7e2229160000 r--p 0000f000 fc:00 49676342                   /mydata/openjdk-mmtk/build/b0test/images/jdk/lib/libjli.so
7e2229160000-7e2229161000 rw-p 00010000 fc:00 49676342                   /mydata/openjdk-mmtk/build/b0test/images/jdk/lib/libjli.so
7e2229161000-7e2229163000 rw-p 00000000 00:00 0 
7e2229163000-7e2229167000 r--p 00000000 00:00 0                          [vvar]
7e2229167000-7e2229169000 r--p 00000000 00:00 0                          [vvar_vclock]
7e2229169000-7e222916b000 r-xp 00000000 00:00 0                          [vdso]
7e222916b000-7e222916c000 r--p 00000000 08:03 1409763                    /usr/lib/x86_64-linux-gnu/ld-linux-x86-64.so.2
7e222916c000-7e2229197000 r-xp 00001000 08:03 1409763                    /usr/lib/x86_64-linux-gnu/ld-linux-x86-64.so.2
7e2229197000-7e22291a1000 r--p 0002c000 08:03 1409763                    /usr/lib/x86_64-linux-gnu/ld-linux-x86-64.so.2
7e22291a1000-7e22291a3000 r--p 00036000 08:03 1409763                    /usr/lib/x86_64-linux-gnu/ld-linux-x86-64.so.2
7e22291a3000-7e22291a5000 rw-p 00038000 08:03 1409763                    /usr/lib/x86_64-linux-gnu/ld-linux-x86-64.so.2
7fffcd5c0000-7fffcd5e1000 rw-p 00000000 00:00 0                          [stack]
ffffffffff600000-ffffffffff601000 --xp 00000000 00:00 0                  [vsyscall]
Total number of mappings: 336

JVMTI agents: none


VM Arguments:
jvm_args: -XX:+UseThirdPartyHeap -Xms512m -Xmx512m 
java_command: /mydata/dacapo/dacapo-23.11/dacapo-23.11-MR2-chopin.jar pmd -n 3
java_class_path (initial): /mydata/dacapo/dacapo-23.11/dacapo-23.11-MR2-chopin.jar
Launcher Type: SUN_STANDARD

[Global flags]
     intx CICompilerCount                          = 15                                        {product} {ergonomic}
   size_t InitialHeapSize                          = 536870912                                 {product} {command line}
   size_t MaxHeapSize                              = 536870912                                 {product} {command line}
   size_t MinHeapDeltaBytes                        = 524288                                    {product} {ergonomic}
   size_t MinHeapSize                              = 536870912                                 {product} {command line}
    uintx NonNMethodCodeHeapSize                   = 8192380                                {pd product} {ergonomic}
    uintx NonProfiledCodeHeapSize                  = 121732930                              {pd product} {ergonomic}
    uintx ProfiledCodeHeapSize                     = 121732930                              {pd product} {ergonomic}
    uintx ReservedCodeCacheSize                    = 251658240                              {pd product} {ergonomic}
     bool SegmentedCodeCache                       = true                                      {product} {ergonomic}
   size_t SoftMaxHeapSize                          = 536870912                              {manageable} {ergonomic}
     bool UseCompressedOops                        = true                           {product lp64_product} {ergonomic}

Logging:
Log output configuration:
 #0: stdout all=warning uptime,level,tags foldmultilines=false
 #1: stderr all=off uptime,level,tags foldmultilines=false

Release file:
IMPLEMENTOR="N/A"
JAVA_RUNTIME_VERSION="21.0.9-internal-adhoc.talzuss.openjdk-mmtk"
JAVA_VERSION="21.0.9"
JAVA_VERSION_DATE="2025-10-21"
LIBC="gnu"
MODULES="java.base java.compiler java.datatransfer java.xml java.prefs java.desktop java.instrument java.logging java.management java.security.sasl java.naming java.rmi java.management.rmi java.net.http java.scripting java.security.jgss java.transaction.xa java.sql java.sql.rowset java.xml.crypto java.se java.smartcardio jdk.accessibility jdk.internal.jvmstat jdk.attach jdk.charsets jdk.internal.opt jdk.zipfs jdk.compiler jdk.crypto.ec jdk.crypto.cryptoki jdk.dynalink jdk.internal.ed jdk.editpad jdk.hotspot.agent jdk.httpserver jdk.incubator.vector jdk.internal.le jdk.internal.vm.ci jdk.internal.vm.compiler jdk.internal.vm.compiler.management jdk.jartool jdk.javadoc jdk.jcmd jdk.management jdk.management.agent jdk.jconsole jdk.jdeps jdk.jdwp.agent jdk.jdi jdk.jfr jdk.jlink jdk.jpackage jdk.jshell jdk.jsobject jdk.jstatd jdk.localedata jdk.management.jfr jdk.naming.dns jdk.naming.rmi jdk.net jdk.nio.mapmode jdk.random jdk.sctp jdk.security.auth jdk.security.jgss jdk.unsupported jdk.unsupported.desktop jdk.xml.dom"
OS_ARCH="x86_64"
OS_NAME="Linux"
SOURCE=".:git:b557520f04b3+"

Environment Variables:
PATH=/usr/local/sbin:/usr/local/bin:/usr/sbin:/usr/bin:/sbin:/bin:/snap/bin
SHELL=/bin/bash
LANG=en_US.UTF-8
TERM=tmux-256color

Active Locale:
LC_ALL=en_US.UTF-8
LC_COLLATE=en_US.UTF-8
LC_CTYPE=en_US.UTF-8
LC_MESSAGES=en_US.UTF-8
LC_MONETARY=en_US.UTF-8
LC_NUMERIC=en_US.UTF-8
LC_TIME=en_US.UTF-8

Signal Handlers:
   SIGSEGV: crash_handler in libjvm.so, mask=11100100010111111101111111111110, flags=SA_RESTART|SA_SIGINFO, unblocked
    SIGBUS: crash_handler in libjvm.so, mask=11100100010111111101111111111110, flags=SA_RESTART|SA_SIGINFO, unblocked
    SIGFPE: crash_handler in libjvm.so, mask=11100100010111111101111111111110, flags=SA_RESTART|SA_SIGINFO, unblocked
   SIGPIPE: javaSignalHandler in libjvm.so, mask=11100100010111111101111111111110, flags=SA_RESTART|SA_SIGINFO, blocked
   SIGXFSZ: javaSignalHandler in libjvm.so, mask=11100100010111111101111111111110, flags=SA_RESTART|SA_SIGINFO, blocked
    SIGILL: crash_handler in libjvm.so, mask=11100100010111111101111111111110, flags=SA_RESTART|SA_SIGINFO, unblocked
   SIGUSR2: SR_handler in libjvm.so, mask=00000000000000000000000000000000, flags=SA_RESTART|SA_SIGINFO, blocked
    SIGHUP: UserHandler in libjvm.so, mask=11100100010111111101111111111110, flags=SA_RESTART|SA_SIGINFO, blocked
    SIGINT: UserHandler in libjvm.so, mask=11100100010111111101111111111110, flags=SA_RESTART|SA_SIGINFO, blocked
   SIGTERM: UserHandler in libjvm.so, mask=11100100010111111101111111111110, flags=SA_RESTART|SA_SIGINFO, blocked
   SIGQUIT: UserHandler in libjvm.so, mask=11100100010111111101111111111110, flags=SA_RESTART|SA_SIGINFO, blocked
   SIGTRAP: crash_handler in libjvm.so, mask=11100100010111111101111111111110, flags=SA_RESTART|SA_SIGINFO, unblocked


Periodic native trim disabled

---------------  S Y S T E M  ---------------

OS:
DISTRIB_ID=Ubuntu
DISTRIB_RELEASE=24.04
DISTRIB_CODENAME=noble
DISTRIB_DESCRIPTION="Ubuntu 24.04.4 LTS"
uname: Linux 6.17.0-bpf-fault+ #1 SMP PREEMPT_DYNAMIC Mon Jul  6 16:43:12 MDT 2026 x86_64
OS uptime: 0 days 20:10 hours
libc: glibc 2.39 NPTL 2.39 
rlimit (soft/hard): STACK 8192k/infinity , CORE 0k/0k , NPROC 513205/513205 , NOFILE 1048576/1048576 , AS infinity/infinity , CPU infinity/infinity , DATA infinity/infinity , FSIZE infinity/infinity , MEMLOCK 16436528k/16436528k
load average: 1.44 0.89 0.51

/proc/meminfo:
MemTotal:       131492232 kB
MemFree:        78262836 kB
MemAvailable:   120252000 kB
Buffers:          513244 kB
Cached:         40877420 kB
SwapCached:            0 kB
Active:          2639108 kB
Inactive:       40581256 kB
Active(anon):    1846148 kB
Inactive(anon):        0 kB
Active(file):     792960 kB
Inactive(file): 40581256 kB
Unevictable:       41912 kB
Mlocked:           38840 kB
SwapTotal:       8388604 kB
SwapFree:        8388604 kB
Zswap:                 0 kB
Zswapped:              0 kB
Dirty:           1075948 kB
Writeback:             0 kB
AnonPages:       1872564 kB
Mapped:          6560312 kB
Shmem:              5316 kB
KReclaimable:    1866184 kB
Slab:            2385544 kB
SReclaimable:    1866184 kB
SUnreclaim:       519360 kB
KernelStack:       10640 kB
PageTables:        41900 kB
SecPageTables:      8736 kB
NFS_Unstable:          0 kB
Bounce:                0 kB
WritebackTmp:          0 kB
CommitLimit:    74134720 kB
Committed_AS:   161334152 kB
VmallocTotal:   34359738367 kB
VmallocUsed:       36620 kB
VmallocChunk:          0 kB
Percpu:            48896 kB
HardwareCorrupted:     0 kB
AnonHugePages:         0 kB
ShmemHugePages:        0 kB
ShmemPmdMapped:        0 kB
FileHugePages:   2160640 kB
FilePmdMapped:         0 kB
Unaccepted:            0 kB
Balloon:               0 kB
HugePages_Total:       0
HugePages_Free:        0
HugePages_Rsvd:        0
HugePages_Surp:        0
Hugepagesize:       2048 kB
Hugetlb:               0 kB
DirectMap4k:      678720 kB
DirectMap2M:    21977088 kB
DirectMap1G:    111149056 kB

/sys/kernel/mm/transparent_hugepage/enabled: always [madvise] never
/sys/kernel/mm/transparent_hugepage/hpage_pmd_size: 2097152
/sys/kernel/mm/transparent_hugepage/defrag (defrag/compaction efforts parameter): always defer defer+madvise [madvise] never

Process Memory:
Virtual Size: 13617480960K (peak: 13617481000K)
Resident Set Size: 3853520K (peak: 3853520K) (anon: 680308K, file: 3173212K, shmem: 0K)
Swapped out: 0K
C-Heap outstanding allocations: 1342043K, retained: 7132K
glibc malloc tunables: (default)

/proc/sys/kernel/threads-max (system-wide limit on the number of threads): 1026411
/proc/sys/vm/max_map_count (maximum number of memory map areas a process may have): 1048576
/proc/sys/vm/swappiness (control to define how aggressively the kernel swaps out anonymous memory): 60
/proc/sys/kernel/pid_max (system-wide limit on number of process identifiers): 4194304

container information not found.
Steal ticks since vm start: 0
Steal ticks percentage since vm start:  0.000

CPU: total 32 (initial active 32) (32 cores per cpu, 2 threads per core) family 23 model 49 stepping 0 microcode 0x830107c, cx8, cmov, fxsr, ht, mmx, 3dnowpref, sse, sse2, sse3, ssse3, sse4a, sse4.1, sse4.2, popcnt, lzcnt, tsc, tscinvbit, avx, avx2, aes, clmul, bmi1, bmi2, adx, sha, fma, vzeroupper, clflush, clflushopt, rdtscp, rdpid, f16c
CPU Model and flags from /proc/cpuinfo:
model name	: AMD EPYC 7302P 16-Core Processor
flags		: fpu vme de pse tsc msr pae mce cx8 apic sep mtrr pge mca cmov pat pse36 clflush mmx fxsr sse sse2 ht syscall nx mmxext fxsr_opt pdpe1gb rdtscp lm constant_tsc rep_good nopl xtopology nonstop_tsc cpuid extd_apicid aperfmperf rapl pni pclmulqdq monitor ssse3 fma cx16 sse4_1 sse4_2 movbe popcnt aes xsave avx f16c rdrand lahf_lm cmp_legacy svm extapic cr8_legacy abm sse4a misalignsse 3dnowprefetch osvw ibs skinit wdt tce topoext perfctr_core perfctr_nb bpext perfctr_llc mwaitx cpb cat_l3 cdp_l3 hw_pstate ssbd mba ibrs ibpb stibp vmmcall fsgsbase bmi1 avx2 smep bmi2 cqm rdt_a rdseed adx smap clflushopt clwb sha_ni xsaveopt xsavec xgetbv1 xsaves cqm_llc cqm_occup_llc cqm_mbm_total cqm_mbm_local clzero irperf xsaveerptr rdpru wbnoinvd amd_ppin arat npt lbrv svm_lock nrip_save tsc_scale vmcb_clean flushbyasid decodeassists pausefilter pfthreshold avic v_vmsave_vmload vgif v_spec_ctrl umip rdpid overflow_recov succor smca sev sev_es

Online cpus: 0-31
Offline cpus: 
BIOS frequency limitation: <Not Available>
Frequency switch latency (ns): <Not Available>
Available cpu frequencies: <Not Available>
Current governor: <Not Available>
Core performance/turbo boost: <Not Available>

Memory: 4k page, physical 131492232k(120252000k free), swap 8388604k(8388604k free)
Page Sizes: 4k

vm_info: OpenJDK 64-Bit Server VM (21.0.9-internal-adhoc.talzuss.openjdk-mmtk) for linux-amd64 JRE (21.0.9-internal-adhoc.talzuss.openjdk-mmtk), built on 2026-07-06T23:13:08Z by "talzuss" with gcc 13.3.0
heap_info: MMTk OpenJDK 0.32.0 (15c0350-dirty), using MMTk 0.32.0 (06c0b68-dirty, BUILTIN_ENV_LOGGER, DEFAULT, EAGER_SWEEPING, VO_BIT)("~

END.
