#
# A fatal error has been detected by the Java Runtime Environment:
#
#  SIGSEGV (0xb) at pc=0x00007a1e7fc32577, pid=307434, tid=307435
#
# JRE version: OpenJDK Runtime Environment (21.0.9) (build 21.0.9-internal-adhoc.talzuss.openjdk-mmtk)
# Java VM: OpenJDK 64-Bit Server VM (21.0.9-internal-adhoc.talzuss.openjdk-mmtk, mixed mode, sharing, tiered, compressed oops, compressed class ptrs, third-party gc, linux-amd64)
# Problematic frame:
# j  java.util.concurrent.ConcurrentHashMap.transfer([Ljava/util/concurrent/ConcurrentHashMap$Node;[Ljava/util/concurrent/ConcurrentHashMap$Node;)V+342 java.base@21.0.9-internal
#
# Core dump will be written. Default location: Core dumps may be processed with "/usr/share/apport/apport -p%p -s%s -c%c -d%d -P%P -u%u -g%g -F%F -- %E" (or dumping to /mydata/mmtk-core/core.307434)
#
# If you would like to submit a bug report, please visit:
#   https://bugreport.java.com/bugreport/crash.jsp
#

---------------  S U M M A R Y ------------

Command Line: -XX:+UseThirdPartyHeap -Xms512m -Xmx512m /mydata/dacapo/dacapo-23.11/dacapo-23.11-MR2-chopin.jar lusearch -n 3

Host: AMD EPYC 7302P 16-Core Processor, 32 cores, 125G, Ubuntu 24.04.4 LTS
Time: Tue Jul  7 13:12:24 2026 MDT elapsed time: 4.192119 seconds (0d 0h 0m 4s)

---------------  T H R E A D  ---------------

Current thread (0x00007a1e9002b240):  JavaThread "main"             [_thread_in_Java, id=307435, stack(0x00007a1e98500000,0x00007a1e98600000) (1024K)]

Stack: [0x00007a1e98500000,0x00007a1e98600000],  sp=0x00007a1e985fc888,  free space=1010k
Native frames: (J=compiled Java code, j=interpreted, Vv=VM code, C=native code)
j  java.util.concurrent.ConcurrentHashMap.transfer([Ljava/util/concurrent/ConcurrentHashMap$Node;[Ljava/util/concurrent/ConcurrentHashMap$Node;)V+342 java.base@21.0.9-internal
J 51 c1 java.util.concurrent.ConcurrentHashMap.addCount(JI)V java.base@21.0.9-internal (280 bytes) @ 0x00007a1e78810c34 [0x00007a1e788105e0+0x0000000000000654]
J 49 c1 java.util.concurrent.ConcurrentHashMap.putVal(Ljava/lang/Object;Ljava/lang/Object;Z)Ljava/lang/Object; java.base@21.0.9-internal (432 bytes) @ 0x00007a1e7880f0c4 [0x00007a1e7880dce0+0x00000000000013e4]
J 53 c1 java.util.concurrent.ConcurrentHashMap.putIfAbsent(Ljava/lang/Object;Ljava/lang/Object;)Ljava/lang/Object; java.base@21.0.9-internal (8 bytes) @ 0x00007a1e788113c4 [0x00007a1e78811340+0x0000000000000084]
j  jdk.internal.loader.BuiltinClassLoader.findMiscResource(Ljava/lang/String;)Ljava/util/List;+113 java.base@21.0.9-internal
j  jdk.internal.loader.BuiltinClassLoader.findResources(Ljava/lang/String;)Ljava/util/Enumeration;+107 java.base@21.0.9-internal
j  jdk.internal.loader.BootLoader.findResources(Ljava/lang/String;)Ljava/util/Enumeration;+4 java.base@21.0.9-internal
j  java.lang.ClassLoader.getResources(Ljava/lang/String;)Ljava/util/Enumeration;+34 java.base@21.0.9-internal
j  java.lang.ClassLoader.getResources(Ljava/lang/String;)Ljava/util/Enumeration;+24 java.base@21.0.9-internal
j  java.lang.ClassLoader.getResources(Ljava/lang/String;)Ljava/util/Enumeration;+24 java.base@21.0.9-internal
j  java.util.ServiceLoader$LazyClassPathLookupIterator.nextProviderClass()Ljava/lang/Class;+106 java.base@21.0.9-internal
j  java.util.ServiceLoader$LazyClassPathLookupIterator.hasNextService()Z+15 java.base@21.0.9-internal
j  java.util.ServiceLoader$LazyClassPathLookupIterator.hasNext()Z+11 java.base@21.0.9-internal
j  java.util.ServiceLoader$2.hasNext()Z+16 java.base@21.0.9-internal
j  java.util.ServiceLoader$3.hasNext()Z+32 java.base@21.0.9-internal
j  org.apache.lucene.util.NamedSPILoader.reload(Ljava/lang/ClassLoader;)V+32
j  org.apache.lucene.util.NamedSPILoader.<init>(Ljava/lang/Class;Ljava/lang/ClassLoader;)V+46
j  org.apache.lucene.util.NamedSPILoader.<init>(Ljava/lang/Class;)V+3
j  org.apache.lucene.codecs.PostingsFormat$Holder.<clinit>()V+6
v  ~StubRoutines::call_stub 0x00007a1e7fc17cc6
V  [libjvm.so+0x92b2fa]  JavaCalls::call_helper(JavaValue*, methodHandle const&, JavaCallArguments*, JavaThread*)+0x2da  (javaCalls.cpp:415)
V  [libjvm.so+0x90168f]  InstanceKlass::call_class_initializer(JavaThread*)+0x2bf  (instanceKlass.cpp:1620)
V  [libjvm.so+0x9026fd]  InstanceKlass::initialize_impl(JavaThread*)+0x77d  (instanceKlass.cpp:1190)
V  [libjvm.so+0xb9e56a]  LinkResolver::resolve_static_call(CallInfo&, LinkInfo const&, bool, JavaThread*)+0x17a  (linkResolver.cpp:1078)
V  [libjvm.so+0xb9eceb]  LinkResolver::resolve_invoke(CallInfo&, Handle, constantPoolHandle const&, int, Bytecodes::Code, JavaThread*)+0x17b  (linkResolver.cpp:1672)
V  [libjvm.so+0x922ec8]  InterpreterRuntime::resolve_invoke(JavaThread*, Bytecodes::Code)+0x188  (interpreterRuntime.cpp:851)
V  [libjvm.so+0x923497]  InterpreterRuntime::resolve_from_cache(JavaThread*, Bytecodes::Code)+0x37  (interpreterRuntime.cpp:985)
j  org.apache.lucene.codecs.PostingsFormat.forName(Ljava/lang/String;)Lorg/apache/lucene/codecs/PostingsFormat;+0
j  org.apache.lucene.codecs.perfield.PerFieldPostingsFormat$FieldsReader.<init>(Lorg/apache/lucene/index/SegmentReadState;)V+124
j  org.apache.lucene.codecs.perfield.PerFieldPostingsFormat.fieldsProducer(Lorg/apache/lucene/index/SegmentReadState;)Lorg/apache/lucene/codecs/FieldsProducer;+5
j  org.apache.lucene.index.SegmentCoreReaders.<init>(Lorg/apache/lucene/store/Directory;Lorg/apache/lucene/index/SegmentCommitInfo;Lorg/apache/lucene/store/IOContext;)V+194
j  org.apache.lucene.index.SegmentReader.<init>(Lorg/apache/lucene/index/SegmentCommitInfo;ILorg/apache/lucene/store/IOContext;)V+97
j  org.apache.lucene.index.StandardDirectoryReader$1.doBody(Ljava/lang/String;)Lorg/apache/lucene/index/DirectoryReader;+100
j  org.apache.lucene.index.StandardDirectoryReader$1.doBody(Ljava/lang/String;)Ljava/lang/Object;+2
j  org.apache.lucene.index.SegmentInfos$FindSegmentsFile.run(Lorg/apache/lucene/index/IndexCommit;)Ljava/lang/Object;+165
j  org.apache.lucene.index.StandardDirectoryReader.open(Lorg/apache/lucene/store/Directory;ILorg/apache/lucene/index/IndexCommit;Ljava/util/Comparator;)Lorg/apache/lucene/index/DirectoryReader;+11
j  org.apache.lucene.index.StandardDirectoryReader.open(Lorg/apache/lucene/store/Directory;Lorg/apache/lucene/index/IndexCommit;Ljava/util/Comparator;)Lorg/apache/lucene/index/DirectoryReader;+6
j  org.apache.lucene.index.DirectoryReader.open(Lorg/apache/lucene/store/Directory;)Lorg/apache/lucene/index/DirectoryReader;+3
j  org.dacapo.lusearch.Search.main([Ljava/lang/String;)V+429
j  java.lang.invoke.DirectMethodHandle$Holder.invokeVirtual(Ljava/lang/Object;Ljava/lang/Object;Ljava/lang/Object;)V+11 java.base@21.0.9-internal
j  java.lang.invoke.LambdaForm$MH+0x00006d7160013800.invoke(Ljava/lang/Object;Ljava/lang/Object;Ljava/lang/Object;)Ljava/lang/Object;+52 java.base@21.0.9-internal
j  java.lang.invoke.Invokers$Holder.invokeExact_MT(Ljava/lang/Object;Ljava/lang/Object;Ljava/lang/Object;Ljava/lang/Object;)Ljava/lang/Object;+20 java.base@21.0.9-internal
j  jdk.internal.reflect.DirectMethodHandleAccessor.invokeImpl(Ljava/lang/Object;[Ljava/lang/Object;)Ljava/lang/Object;+55 java.base@21.0.9-internal
j  jdk.internal.reflect.DirectMethodHandleAccessor.invoke(Ljava/lang/Object;[Ljava/lang/Object;)Ljava/lang/Object;+23 java.base@21.0.9-internal
j  java.lang.reflect.Method.invoke(Ljava/lang/Object;[Ljava/lang/Object;)Ljava/lang/Object;+102 java.base@21.0.9-internal
j  org.dacapo.harness.Lusearch.iterate(Ljava/lang/String;)V+31
j  org.dacapo.harness.Benchmark.run(Lorg/dacapo/harness/Callback;Ljava/lang/String;)Z+82
j  org.dacapo.harness.TestHarness.runBenchmark(Ljava/io/File;Ljava/io/File;Ljava/lang/String;Lorg/dacapo/harness/TestHarness;)V+109
j  org.dacapo.harness.TestHarness.main([Ljava/lang/String;)V+720
j  java.lang.invoke.LambdaForm$DMH+0x00006d7160001800.invokeStatic(Ljava/lang/Object;Ljava/lang/Object;)V+10 java.base@21.0.9-internal
j  java.lang.invoke.LambdaForm$MH+0x00006d7160002c00.invoke(Ljava/lang/Object;Ljava/lang/Object;Ljava/lang/Object;)Ljava/lang/Object;+33 java.base@21.0.9-internal
j  java.lang.invoke.Invokers$Holder.invokeExact_MT(Ljava/lang/Object;Ljava/lang/Object;Ljava/lang/Object;Ljava/lang/Object;)Ljava/lang/Object;+20 java.base@21.0.9-internal
j  jdk.internal.reflect.DirectMethodHandleAccessor.invokeImpl(Ljava/lang/Object;[Ljava/lang/Object;)Ljava/lang/Object;+55 java.base@21.0.9-internal
j  jdk.internal.reflect.DirectMethodHandleAccessor.invoke(Ljava/lang/Object;[Ljava/lang/Object;)Ljava/lang/Object;+23 java.base@21.0.9-internal
j  java.lang.reflect.Method.invoke(Ljava/lang/Object;[Ljava/lang/Object;)Ljava/lang/Object;+102 java.base@21.0.9-internal
j  Harness.main([Ljava/lang/String;)V+44
v  ~StubRoutines::call_stub 0x00007a1e7fc17cc6
V  [libjvm.so+0x92b2fa]  JavaCalls::call_helper(JavaValue*, methodHandle const&, JavaCallArguments*, JavaThread*)+0x2da  (javaCalls.cpp:415)
V  [libjvm.so+0x9d1a3d]  jni_invoke_static(JNIEnv_*, JavaValue*, _jobject*, JNICallType, _jmethodID*, JNI_ArgumentPusher*, JavaThread*) [clone .constprop.1]+0x36d  (jni.cpp:888)
V  [libjvm.so+0x9d3faf]  jni_CallStaticVoidMethod+0x12f  (jni.cpp:1717)
C  [libjli.so+0x574e]  JavaMain+0xfde  (java.c:560)
C  [libjli.so+0x85ad]  ThreadJavaMain+0xd  (java_md.c:642)
C  [libc.so.6+0x9caa4]

siginfo: si_signo: 11 (SIGSEGV), si_code: 1 (SEGV_MAPERR), si_addr: 0x0000000093f42cfc

Registers:
RAX=0x0000000044400000, RBX=0x000000000000000c, RCX=0x0000000093f42cfc, RDX=0x000000000000005c
RSP=0x00007a1e985fc888, RBP=0x00007a1e985fc8e0, RSI=0x000000004030b678, RDI=0x00007a1e9002b8f8
R8 =0x00000000417c26e8, R9 =0x0000000000000000, R10=0x00007a1e99b78e60, R11=0x00007a1e803fe800
R12=0x0000000000000000, R13=0x00006d715fb91f93, R14=0x00007a1e985fc9c0, R15=0x00007a1e9002b240
RIP=0x00007a1e7fc32577, EFLAGS=0x0000000000010246, CSGSFS=0x002b000000000033, ERR=0x0000000000000004
  TRAPNO=0x000000000000000e

XMM[0]=0x0000000000000000 0x0000000000000000
XMM[1]=0x0000000000000000 0x00007a1e985fcbe8
XMM[2]=0x00007a1e7fc1eff2 0x00007a1e985fcbd0
XMM[3]=0x0000000000000000 0x00007a1e7fc1e790
XMM[4]=0x00007a1e985fcc38 0x00007a0000000000
XMM[5]=0x0000000000000000 0x0000000000000000
XMM[6]=0x0000000000000000 0x00007a1e985fcb70
XMM[7]=0x0000000000000000 0x00007a1e7fc1eff2
XMM[8]=0x058f45e5b1780098 0x7508ea235c52007f
XMM[9]=0x40a8939540a89395 0x40a89395307e8434
XMM[10]=0x0000000000000000 0x00000000efd5f09f
XMM[11]=0x8878be2b8878be2b 0x8878be2bb8f7425f
XMM[12]=0x0000000000000000 0x00000000307e8434
XMM[13]=0x0000000000000000 0x0000000000000000
XMM[14]=0x0000000000000000 0x0000000000000000
XMM[15]=0x0000000000000000 0x0000000000000000
  MXCSR=0x00001fa2


Register to memory mapping:

RAX=
[error occurred during error reporting (printing register info), id 0xe0000000, Internal Error (/mydata/mmtk-openjdk/openjdk/share/mmtkHeap.cpp:444)]
RBX=
[error occurred during error reporting (printing register info, attempt 2), id 0xe0000000, Internal Error (/mydata/mmtk-openjdk/openjdk/share/mmtkHeap.cpp:444)]
RCX=
[error occurred during error reporting (printing register info, attempt 3), id 0xe0000000, Internal Error (/mydata/mmtk-openjdk/openjdk/share/mmtkHeap.cpp:444)]
Top of Stack: (sp=0x00007a1e985fc888)
0x00007a1e985fc888:   0000000000000001 00000000402afc30
0x00007a1e985fc898:   00007a1e985fc888 00006d715fb91f6e
0x00007a1e985fc8a8:   000000000000001c 00006d715f40a508
0x00007a1e985fc8b8:   00006d7154018570 0000000040006d50
0x00007a1e985fc8c8:   00006d715f409950 0000000000000000
0x00007a1e985fc8d8:   00007a1e985fc9d0 00007a1e985fcc38
0x00007a1e985fc8e8:   00007a1e78810c34 0000000000000000
0x00007a1e985fc8f8:   0000000000000000 0000000000000000
0x00007a1e985fc908:   0000000000000000 0000000000000000
0x00007a1e985fc918:   0000000000000000 0000000000000000
0x00007a1e985fc928:   0000000000000010 0000000093f42cfc
0x00007a1e985fc938:   00000000402afc30 0000000000000010
0x00007a1e985fc948:   0000000000000000 0000000040290e90
0x00007a1e985fc958:   00000000402afc30 0000000020d36e96
0x00007a1e985fc968:   00000000402afc30 0000000000000000
0x00007a1e985fc978:   0000000000000006 0000000000000000
0x00007a1e985fc988:   0000000000000000 00000000417c26e8
0x00007a1e985fc998:   0000000000000020 0000000000000010
0x00007a1e985fc9a8:   0000000000000010 00000000417c2658
0x00007a1e985fc9b8:   000000004030b678 0000000040308ac0
0x00007a1e985fc9c8:   00007a1e78810c34 00006d715fb6d0d0
0x00007a1e985fc9d8:   0000000000000001 00006d715f3eaa00
0x00007a1e985fc9e8:   0000000000000000 00000000403f75f0
0x00007a1e985fc9f8:   00006d715f3ea1e8 0000000000000000
0x00007a1e985fca08:   00007a1e985fca20 00007a1e985fca68
0x00007a1e985fca18:   00007a1e7fc1eff2 00007a1e985fca20
0x00007a1e985fca28:   00006d715f8354a6 0000000000000007
0x00007a1e985fca38:   00006d715f176368 0000000000000000
0x00007a1e985fca48:   0000000040308b28 00006d715f176288
0x00007a1e985fca58:   0000000040308ac0 000000000000000c
0x00007a1e985fca68:   000000004030b678 00007a1e7fc1eff2
0x00007a1e985fca78:   0000000000000000 00007a1e985fcc38 

Instructions: (pc=0x00007a1e7fc32577)
0x00007a1e7fc32477:   00 00 00 00 00 00 00 00 00 48 83 ec 08 c5 fa 11
0x00007a1e7fc32487:   04 24 eb 1f 48 83 ec 10 c5 fb 11 04 24 eb 14 48
0x00007a1e7fc32497:   83 ec 10 48 89 04 24 48 c7 44 24 08 00 00 00 00
0x00007a1e7fc324a7:   eb 01 50 41 0f b7 55 01 48 8b 4d d0 c1 e2 02 8b
0x00007a1e7fc324b7:   5c d1 38 c1 eb 10 81 e3 ff 00 00 00 81 fb b4 00
0x00007a1e7fc324c7:   00 00 0f 84 9e 00 00 00 bb b4 00 00 00 e8 05 00
0x00007a1e7fc324d7:   00 00 e9 83 00 00 00 48 8b f3 48 8d 44 24 08 4c
0x00007a1e7fc324e7:   89 6d c0 49 8b ff c5 f8 77 49 89 af c8 06 00 00
0x00007a1e7fc324f7:   49 89 87 b8 06 00 00 40 f6 c4 0f 0f 84 12 00 00
0x00007a1e7fc32507:   00 48 83 ec 08 e8 4f 0f 2f 19 48 83 c4 08 e9 05
0x00007a1e7fc32517:   00 00 00 e8 41 0f 2f 19 49 c7 87 b8 06 00 00 00
0x00007a1e7fc32527:   00 00 00 49 c7 87 c8 06 00 00 00 00 00 00 49 c7
0x00007a1e7fc32537:   87 c0 06 00 00 00 00 00 00 c5 f8 77 49 83 7f 08
0x00007a1e7fc32547:   00 0f 84 05 00 00 00 e9 ad 56 fe ff 4c 8b 6d c0
0x00007a1e7fc32557:   4c 8b 75 c8 4e 8d 74 f5 00 c3 41 0f b7 55 01 48
0x00007a1e7fc32567:   8b 4d d0 c1 e2 02 48 8b 5c d1 48 8b 44 d1 50 59
0x00007a1e7fc32577:   48 3b 01 c1 e8 1c 83 e0 0f 0f 85 0a 00 00 00 0f
0x00007a1e7fc32587:   be 04 19 50 e9 aa 00 00 00 83 f8 01 0f 85 0a 00
0x00007a1e7fc32597:   00 00 0f b6 04 19 50 e9 97 00 00 00 83 f8 08 0f
0x00007a1e7fc325a7:   85 09 00 00 00 8b 04 19 50 e9 85 00 00 00 83 f8
0x00007a1e7fc325b7:   04 0f 85 09 00 00 00 8b 04 19 50 e9 73 00 00 00
0x00007a1e7fc325c7:   83 f8 02 0f 85 0a 00 00 00 0f b7 04 19 50 e9 60
0x00007a1e7fc325d7:   00 00 00 83 f8 03 0f 85 0a 00 00 00 0f bf 04 19
0x00007a1e7fc325e7:   50 e9 4d 00 00 00 83 f8 05 0f 85 1a 00 00 00 48
0x00007a1e7fc325f7:   8b 04 19 48 83 ec 10 48 89 04 24 48 c7 44 24 08
0x00007a1e7fc32607:   00 00 00 00 e9 2a 00 00 00 83 f8 06 0f 85 13 00
0x00007a1e7fc32617:   00 00 c5 fa 10 04 19 48 83 ec 08 c5 fa 11 04 24
0x00007a1e7fc32627:   e9 0e 00 00 00 c5 fb 10 04 19 48 83 ec 10 c5 fb
0x00007a1e7fc32637:   11 04 24 41 0f b6 5d 03 49 83 c5 03 49 ba 60 96
0x00007a1e7fc32647:   b7 99 1e 7a 00 00 41 ff 24 da 0f 1f 80 00 00 00
0x00007a1e7fc32657:   00 d4 4c 74 99 1e 7a 00 00 48 03 00 00 eb 00 00
0x00007a1e7fc32667:   00 00 00 00 00 00 00 00 00 00 00 00 00 00 00 00 


Stack slot to memory mapping:

stack at sp + 0 slots: 
[error occurred during error reporting (inspecting top of stack), id 0xe0000000, Internal Error (/mydata/mmtk-openjdk/openjdk/share/mmtkHeap.cpp:444)]
stack at sp + 1 slots: 
[error occurred during error reporting (inspecting top of stack, attempt 2), id 0xe0000000, Internal Error (/mydata/mmtk-openjdk/openjdk/share/mmtkHeap.cpp:444)]
stack at sp + 2 slots: 
[error occurred during error reporting (inspecting top of stack, attempt 3), id 0xe0000000, Internal Error (/mydata/mmtk-openjdk/openjdk/share/mmtkHeap.cpp:444)]
nofast_getfield  234 nofast_getfield  [0x00007a1e7fc32480, 0x00007a1e7fc32658]  472 bytes
[MachCode]
  0x00007a1e7fc32480: 4883 ec08 | c5fa 1104 | 24eb 1f48 | 83ec 10c5 | fb11 0424 | eb14 4883 | ec10 4889 | 0424 48c7 
  0x00007a1e7fc324a0: 4424 0800 | 0000 00eb | 0150 410f | b755 0148 | 8b4d d0c1 | e202 8b5c | d138 c1eb | 1081 e3ff 
  0x00007a1e7fc324c0: 0000 0081 | fbb4 0000 | 000f 849e | 0000 00bb | b400 0000 | e805 0000 | 00e9 8300 | 0000 488b 
  0x00007a1e7fc324e0: f348 8d44 | 2408 4c89 | 6dc0 498b | ffc5 f877 | 4989 afc8 | 0600 0049 | 8987 b806 | 0000 40f6 
  0x00007a1e7fc32500: c40f 0f84 | 1200 0000 | 4883 ec08 | e84f 0f2f | 1948 83c4 | 08e9 0500 | 0000 e841 | 0f2f 1949 
  0x00007a1e7fc32520: c787 b806 | 0000 0000 | 0000 49c7 | 87c8 0600 | 0000 0000 | 0049 c787 | c006 0000 | 0000 0000 
  0x00007a1e7fc32540: c5f8 7749 | 837f 0800 | 0f84 0500 | 0000 e9ad | 56fe ff4c | 8b6d c04c | 8b75 c84e | 8d74 f500 
  0x00007a1e7fc32560: c341 0fb7 | 5501 488b | 4dd0 c1e2 | 0248 8b5c | d148 8b44 | d150 5948 | 3b01 c1e8 | 1c83 e00f 
  0x00007a1e7fc32580: 0f85 0a00 | 0000 0fbe | 0419 50e9 | aa00 0000 | 83f8 010f | 850a 0000 | 000f b604 | 1950 e997 
  0x00007a1e7fc325a0: 0000 0083 | f808 0f85 | 0900 0000 | 8b04 1950 | e985 0000 | 0083 f804 | 0f85 0900 | 0000 8b04 
  0x00007a1e7fc325c0: 1950 e973 | 0000 0083 | f802 0f85 | 0a00 0000 | 0fb7 0419 | 50e9 6000 | 0000 83f8 | 030f 850a 
  0x00007a1e7fc325e0: 0000 000f | bf04 1950 | e94d 0000 | 0083 f805 | 0f85 1a00 | 0000 488b | 0419 4883 | ec10 4889 
  0x00007a1e7fc32600: 0424 48c7 | 4424 0800 | 0000 00e9 | 2a00 0000 | 83f8 060f | 8513 0000 | 00c5 fa10 | 0419 4883 
  0x00007a1e7fc32620: ec08 c5fa | 1104 24e9 | 0e00 0000 | c5fb 1004 | 1948 83ec | 10c5 fb11 | 0424 410f | b65d 0349 
  0x00007a1e7fc32640: 83c5 0349 | ba60 96b7 | 991e 7a00 | 0041 ff24 | da0f 1f80 | 0000 0000 
[/MachCode]

Compiled method (c1) 5975   51       3       java.util.concurrent.ConcurrentHashMap::addCount (280 bytes)
 total in heap  [0x00007a1e78810390,0x00007a1e78811130] = 3488
 relocation     [0x00007a1e788104e8,0x00007a1e788105d0] = 232
 main code      [0x00007a1e788105e0,0x00007a1e78810e20] = 2112
 stub code      [0x00007a1e78810e20,0x00007a1e78810ea0] = 128
 metadata       [0x00007a1e78810ea0,0x00007a1e78810eb0] = 16
 scopes data    [0x00007a1e78810eb0,0x00007a1e78810ff8] = 328
 scopes pcs     [0x00007a1e78810ff8,0x00007a1e78811108] = 272
 dependencies   [0x00007a1e78811108,0x00007a1e78811110] = 8
 nul chk table  [0x00007a1e78811110,0x00007a1e78811130] = 32

[Constant Pool (empty)]

[MachCode]
[Entry Point]
  # {method} {0x00006d715f409bb8} 'addCount' '(JI)V' in 'java/util/concurrent/ConcurrentHashMap'
  # this:     rsi:rsi   = 'java/util/concurrent/ConcurrentHashMap'
  # parm0:    rdx:rdx   = long
  # parm1:    rcx       = int
  #           [sp+0xc0]  (sp of caller)
  0x00007a1e788105e0: 448b 5608 | 49bb 0000 | 005f 716d | 0000 4d03 | d34c 3bd0 

  0x00007a1e788105f4: ;   {runtime_call ic_miss_stub}
  0x00007a1e788105f4: 0f85 8647 | 4507 660f | 1f44 0000 
[Verified Entry Point]
  0x00007a1e78810600: 8984 2400 | c0fe ff55 | 4881 ecb0 | 0000 0090 | 4181 7f20 | 0100 0000 

  0x00007a1e78810618: ;   {runtime_call StubRoutines (final stubs)}
  0x00007a1e78810618: 7405 e841 | e843 0748 | 89b4 2488 | 0000 0089 

  0x00007a1e78810628: ;   {metadata(method data for {method} {0x00006d715f409bb8} 'addCount' '(JI)V' in 'java/util/concurrent/ConcurrentHashMap')}
  0x00007a1e78810628: 4c24 7448 | b8e0 5e01 | 5471 6d00 | 008b 98f4 | 0000 0083 | c302 8998 | f400 0000 | 81e3 fe07 
  0x00007a1e78810648: 0000 85db | 0f84 e006 | 0000 8b7e | 3048 85ff 

  0x00007a1e78810658: ;   {metadata(method data for {method} {0x00006d715f409bb8} 'addCount' '(JI)V' in 'java/util/concurrent/ConcurrentHashMap')}
  0x00007a1e78810658: 48b8 e05e | 0154 716d | 0000 48c7 | c338 0100 | 0075 0748 | c7c3 4801 | 0000 4c8b | 0418 4d8d 
  0x00007a1e78810678: 4001 4c89 | 0418 0f85 | 5600 0000 | c5fb 1046 | 18c4 e1f9 | 7ec0 4c8b | c04c 03c2 | 4c8d 4e18 
  0x00007a1e78810698: 498b d8f0 | 490f b119 | bb01 0000 | 0074 05bb | 0000 0000 

  0x00007a1e788106ac: ;   {metadata(method data for {method} {0x00006d715f409bb8} 'addCount' '(JI)V' in 'java/util/concurrent/ConcurrentHashMap')}
  0x00007a1e788106ac: 85db 48bb | e05e 0154 | 716d 0000 | 48c7 c090 | 0100 0075 | 0748 c7c0 | a001 0000 | 4c8b 0c03 
  0x00007a1e788106cc: 4d8d 4901 | 4c89 0c03 | 0f85 e101 | 0000 4885 

  0x00007a1e788106dc: ;   {metadata(method data for {method} {0x00006d715f409bb8} 'addCount' '(JI)V' in 'java/util/concurrent/ConcurrentHashMap')}
  0x00007a1e788106dc: ff48 bbe0 | 5e01 5471 | 6d00 0048 | c7c0 c001 | 0000 7507 | 48c7 c0b0 | 0100 004c | 8b04 034d 
  0x00007a1e788106fc: 8d40 014c | 8904 030f | 850a 0000 | 00bf 0100 | 0000 e9de | 0500 008b | 5f0c ffcb 

  0x00007a1e78810718: ;   {metadata(method data for {method} {0x00006d715f409bb8} 'addCount' '(JI)V' in 'java/util/concurrent/ConcurrentHashMap')}
  0x00007a1e78810718: 85db 48b8 | e05e 0154 | 716d 0000 | 49c7 c0e0 | 0100 007d | 0749 c7c0 | d001 0000 | 4e8b 0c00 
  0x00007a1e78810738: 4d8d 4901 | 4e89 0c00 | 0f8d 0a00 | 0000 bf01 | 0000 00e9 | a105 0000 | 895c 2470 | 4889 7c24 
  0x00007a1e78810758: 7848 8994 | 2480 0000 | 0066 0f1f 

  0x00007a1e78810764: ;   {static_call}
  0x00007a1e78810764: 4400 00e8 

  0x00007a1e78810768: ; ImmutableOopMap {[120]=Oop [136]=Oop }
                      ;*invokestatic getProbe {reexecute=0 rethrow=0 return_oop=0}
                      ; - java.util.concurrent.ConcurrentHashMap::addCount@58 (line 2331)
  0x00007a1e78810768: 144f 4507 

  0x00007a1e7881076c: ;   {other}
  0x00007a1e7881076c: 0f1f 8400 | dc03 0000 | 2344 2470 | 488b 7c24 | 783b 470c | 0f83 d205 | 0000 4863 | c08b 4487 
  0x00007a1e7881078c: 1048 85c0 

  0x00007a1e78810790: ;   {metadata(method data for {method} {0x00006d715f409bb8} 'addCount' '(JI)V' in 'java/util/concurrent/ConcurrentHashMap')}
  0x00007a1e78810790: 48bb e05e | 0154 716d | 0000 48c7 | c610 0200 | 0075 0748 | c7c6 0002 | 0000 488b | 3c33 488d 
  0x00007a1e788107b0: 7f01 4889 | 3c33 0f85 | 1a00 0000 | bf01 0000 | 0048 8b94 | 2480 0000 | 0048 8bb4 | 2488 0000 
  0x00007a1e788107d0: 00e9 1b05 | 0000 488b | 9424 8000 | 0000 c5fb | 1080 9000 | 0000 c4e1 | f97e c348 | 8bf3 4803 
  0x00007a1e788107f0: f248 8db8 | 9000 0000 | 488b c348 | 8bde f048 | 0fb1 1fbe | 0100 0000 | 7405 be00 | 0000 0085 
  0x00007a1e78810810: ;   {metadata(method data for {method} {0x00006d715f409bb8} 'addCount' '(JI)V' in 'java/util/concurrent/ConcurrentHashMap')}
  0x00007a1e78810810: f648 bfe0 | 5e01 5471 | 6d00 0048 | c7c3 5802 | 0000 7507 | 48c7 c368 | 0200 0048 | 8b04 1f48 
  0x00007a1e78810830: 8d40 0148 | 8904 1f0f | 8510 0000 | 0048 8bfe | 488b b424 | 8800 0000 | e9a4 0400 | 008b 4c24 
  0x00007a1e78810850: 7483 f901 

  0x00007a1e78810854: ;   {metadata(method data for {method} {0x00006d715f409bb8} 'addCount' '(JI)V' in 'java/util/concurrent/ConcurrentHashMap')}
  0x00007a1e78810854: 48be e05e | 0154 716d | 0000 48c7 | c7c0 0200 | 007e 0748 | c7c7 b002 | 0000 488b | 1c3e 488d 
  0x00007a1e78810874: 5b01 4889 | 1c3e 0f8e | 5b04 0000 | 488b b424 | 8800 0000 

  0x00007a1e78810888: ;   {metadata(method data for {method} {0x00006d715f409bb8} 'addCount' '(JI)V' in 'java/util/concurrent/ConcurrentHashMap')}
  0x00007a1e78810888: 48bf e05e | 0154 716d | 0000 4883 | 87d0 0200 | 0001 488b | b424 8800 | 0000 0f1f 

  0x00007a1e788108a4: ;   {optimized virtual_call}
  0x00007a1e788108a4: 4400 00e8 

  0x00007a1e788108a8: ; ImmutableOopMap {[136]=Oop }
                      ;*invokevirtual sumCount {reexecute=0 rethrow=0 return_oop=0}
                      ; - java.util.concurrent.ConcurrentHashMap::addCount@115 (line 2339)
  0x00007a1e788108a8: d447 4507 

  0x00007a1e788108ac: ;   {other}
  0x00007a1e788108ac: 0f1f 8400 | 1c05 0001 | 4c8b c08b | 4c24 7485 

  0x00007a1e788108bc: ;   {metadata(method data for {method} {0x00006d715f409bb8} 'addCount' '(JI)V' in 'java/util/concurrent/ConcurrentHashMap')}
  0x00007a1e788108bc: c948 bee0 | 5e01 5471 | 6d00 0048 | c7c7 0803 | 0000 7c07 | 48c7 c718 | 0300 0048 | 8b1c 3e48 
  0x00007a1e788108dc: 8d5b 0148 | 891c 3e0f | 8cdc 0300 | 000f 1f80 | 0000 0000 | 488b b424 | 8800 0000 | 8b7e 1448 
  0x00007a1e788108fc: 63df 4c3b 

  0x00007a1e78810900: ;   {metadata(method data for {method} {0x00006d715f409bb8} 'addCount' '(JI)V' in 'java/util/concurrent/ConcurrentHashMap')}
  0x00007a1e78810900: c348 bbe0 | 5e01 5471 | 6d00 0048 | c7c0 2803 | 0000 7c07 | 48c7 c038 | 0300 0048 | 8b14 0348 
  0x00007a1e78810920: 8d52 0148 | 8914 030f | 8c98 0300 | 008b 5e28 

  0x00007a1e78810930: ;   {metadata(method data for {method} {0x00006d715f409bb8} 'addCount' '(JI)V' in 'java/util/concurrent/ConcurrentHashMap')}
  0x00007a1e78810930: 4885 db48 | b8e0 5e01 | 5471 6d00 | 0048 c7c2 | 4803 0000 | 7407 48c7 | c258 0300 | 0048 8b0c 
  0x00007a1e78810950: 1048 8d49 | 0148 890c | 100f 8466 | 0300 008b | 430c 3d00 

  0x00007a1e78810964: ;   {metadata(method data for {method} {0x00006d715f409bb8} 'addCount' '(JI)V' in 'java/util/concurrent/ConcurrentHashMap')}
  0x00007a1e78810964: 0000 4048 | bae0 5e01 | 5471 6d00 | 0048 c7c1 | 6803 0000 | 7d07 48c7 | c178 0300 | 004c 8b04 
  0x00007a1e78810984: 0a4d 8d40 | 014c 8904 | 0a0f 8d32 | 0300 0048 | 899c 2498 | 0000 0089 | bc24 9000 

  0x00007a1e788109a0: ;   {metadata(method data for {method} {0x00006d715f409bb8} 'addCount' '(JI)V' in 'java/util/concurrent/ConcurrentHashMap')}
  0x00007a1e788109a0: 0000 48ba | e05e 0154 | 716d 0000 | 4883 8288 | 0300 0001 

  0x00007a1e788109b4: ;   {metadata(method data for {method} {0x00006d715f4099a8} 'resizeStamp' '(I)I' in 'java/util/concurrent/ConcurrentHashMap')}
  0x00007a1e788109b4: 48ba f879 | 0154 716d | 0000 8b8a | f400 0000 | 83c1 0289 | 8af4 0000 | 0081 e1fe | ff1f 0085 
  0x00007a1e788109d4: c90f 8495 

  0x00007a1e788109d8: ;   {metadata(method data for {method} {0x00006d715f4099a8} 'resizeStamp' '(I)I' in 'java/util/concurrent/ConcurrentHashMap')}
  0x00007a1e788109d8: 0300 0048 | baf8 7901 | 5471 6d00 | 0048 8382 | 3801 0000 | 0148 8bf0 | 0f1f 8000 

  0x00007a1e788109f4: ;   {static_call}
  0x00007a1e788109f4: 0000 00e8 

  0x00007a1e788109f8: ; ImmutableOopMap {[136]=Oop [152]=Oop }
                      ;*invokestatic numberOfLeadingZeros {reexecute=0 rethrow=0 return_oop=0}
                      ; - java.util.concurrent.ConcurrentHashMap::resizeStamp@1 (line 2285)
                      ; - java.util.concurrent.ConcurrentHashMap::addCount@161 (line 2345)
  0x00007a1e788109f8: 5604 0000 

  0x00007a1e788109fc: ;   {other}
  0x00007a1e788109fc: 0f1f 8400 | 6c06 0002 | 0d00 8000 | 00c1 e010 | 8bbc 2490 | 0000 0085 

  0x00007a1e78810a14: ;   {metadata(method data for {method} {0x00006d715f409bb8} 'addCount' '(JI)V' in 'java/util/concurrent/ConcurrentHashMap')}
  0x00007a1e78810a14: ff48 bae0 | 5e01 5471 | 6d00 0048 | c7c1 9803 | 0000 7d07 | 48c7 c1a8 | 0300 0048 | 8b34 0a48 
  0x00007a1e78810a34: 8d76 0148 | 8934 0a0f | 8d68 0100 | 0048 8bd0 | 81c2 ffff | 0000 3bfa 

  0x00007a1e78810a4c: ;   {metadata(method data for {method} {0x00006d715f409bb8} 'addCount' '(JI)V' in 'java/util/concurrent/ConcurrentHashMap')}
  0x00007a1e78810a4c: 48ba e05e | 0154 716d | 0000 48c7 | c1b8 0300 | 0074 0748 | c7c1 c803 | 0000 488b | 340a 488d 
  0x00007a1e78810a6c: 7601 4889 | 340a 0f84 | 4d02 0000 | ffc0 3bf8 

  0x00007a1e78810a7c: ;   {metadata(method data for {method} {0x00006d715f409bb8} 'addCount' '(JI)V' in 'java/util/concurrent/ConcurrentHashMap')}
  0x00007a1e78810a7c: 48b8 e05e | 0154 716d | 0000 48c7 | c2d8 0300 | 0074 0748 | c7c2 e803 | 0000 488b | 0c10 488d 
  0x00007a1e78810a9c: 4901 4889 | 0c10 0f84 | 1d02 0000 | 488b b424 | 8800 0000 | 8b4e 2c48 

  0x00007a1e78810ab4: ;   {metadata(method data for {method} {0x00006d715f409bb8} 'addCount' '(JI)V' in 'java/util/concurrent/ConcurrentHashMap')}
  0x00007a1e78810ab4: 85c9 48b8 | e05e 0154 | 716d 0000 | 48c7 c2f8 | 0300 0074 | 0748 c7c2 | 0804 0000 | 488b 1c10 
  0x00007a1e78810ad4: 488d 5b01 | 4889 1c10 | 0f84 e301 | 0000 8b46 

  0x00007a1e78810ae4: ;   {metadata(method data for {method} {0x00006d715f409bb8} 'addCount' '(JI)V' in 'java/util/concurrent/ConcurrentHashMap')}
  0x00007a1e78810ae4: 2085 c048 | b8e0 5e01 | 5471 6d00 | 0048 c7c2 | 2804 0000 | 7e07 48c7 | c218 0400 | 0048 8b1c 
  0x00007a1e78810b04: 1048 8d5b | 0148 891c | 100f 8ea2 | 0100 0048 | 8bd7 ffc2 | 488d 5e14 | 488b c7f0 | 0fb1 13ba 
  0x00007a1e78810b24: 0100 0000 | 7405 ba00 | 0000 0085 

  0x00007a1e78810b30: ;   {metadata(method data for {method} {0x00006d715f409bb8} 'addCount' '(JI)V' in 'java/util/concurrent/ConcurrentHashMap')}
  0x00007a1e78810b30: d248 bae0 | 5e01 5471 | 6d00 0048 | c7c7 8804 | 0000 7407 | 48c7 c798 | 0400 0048 | 8b1c 3a48 
  0x00007a1e78810b50: 8d5b 0148 | 891c 3a0f | 84df 0000 | 0048 8bd6 

  0x00007a1e78810b60: ;   {metadata(method data for {method} {0x00006d715f409bb8} 'addCount' '(JI)V' in 'java/util/concurrent/ConcurrentHashMap')}
  0x00007a1e78810b60: 48bf e05e | 0154 716d | 0000 4883 | 87a8 0400 | 0001 488b | 9424 9800 | 0000 488b | fe48 8bf7 
  0x00007a1e78810b80: 0f1f 8000 

  0x00007a1e78810b84: ;   {optimized virtual_call}
  0x00007a1e78810b84: 0000 00e8 

  0x00007a1e78810b88: ; ImmutableOopMap {[136]=Oop }
                      ;*invokevirtual transfer {reexecute=0 rethrow=0 return_oop=0}
                      ; - java.util.concurrent.ConcurrentHashMap::addCount@238 (line 2351)
  0x00007a1e78810b88: f444 4507 

  0x00007a1e78810b8c: ;   {other}
  0x00007a1e78810b8c: 0f1f 8400 | fc07 0003 

  0x00007a1e78810b94: ;   {metadata(method data for {method} {0x00006d715f409bb8} 'addCount' '(JI)V' in 'java/util/concurrent/ConcurrentHashMap')}
  0x00007a1e78810b94: 48b8 e05e | 0154 716d | 0000 ff80 | e004 0000 | e993 0000 | 0048 8bb4 | 2488 0000 | 0048 8bd0 
  0x00007a1e78810bb4: 83c2 0248 | 8d4e 1448 | 8bc7 f00f | b111 ba01 | 0000 0074 | 05ba 0000 | 0000 85d2 

  0x00007a1e78810bd0: ;   {metadata(method data for {method} {0x00006d715f409bb8} 'addCount' '(JI)V' in 'java/util/concurrent/ConcurrentHashMap')}
  0x00007a1e78810bd0: 48ba e05e | 0154 716d | 0000 48c7 | c130 0500 | 0074 0748 | c7c1 4005 | 0000 488b | 3c0a 488d 
  0x00007a1e78810bf0: 7f01 4889 | 3c0a 0f84 | 4000 0000 | 488b 9c24 | 9800 0000 

  0x00007a1e78810c04: ;   {metadata(method data for {method} {0x00006d715f409bb8} 'addCount' '(JI)V' in 'java/util/concurrent/ConcurrentHashMap')}
  0x00007a1e78810c04: 488b d648 | b9e0 5e01 | 5471 6d00 | 0048 8381 | 5005 0000 | 0148 8bd3 

  0x00007a1e78810c1c: ;   {oop(nullptr)}
  0x00007a1e78810c1c: 48b9 0000 | 0000 0000 | 0000 488b | fe48 8bf7 

  0x00007a1e78810c2c: ;   {optimized virtual_call}
  0x00007a1e78810c2c: 6666 90e8 

  0x00007a1e78810c30: ; ImmutableOopMap {[136]=Oop }
                      ;*invokevirtual transfer {reexecute=0 rethrow=0 return_oop=0}
                      ; - java.util.concurrent.ConcurrentHashMap::addCount@267 (line 2354)
  0x00007a1e78810c30: 2d02 0000 

  0x00007a1e78810c34: ;   {other}
  0x00007a1e78810c34: 0f1f 8400 | a408 0004 | 488b b424 | 8800 0000 

  0x00007a1e78810c44: ;   {metadata(method data for {method} {0x00006d715f409bb8} 'addCount' '(JI)V' in 'java/util/concurrent/ConcurrentHashMap')}
  0x00007a1e78810c44: 48bf e05e | 0154 716d | 0000 4883 | 8788 0500 | 0001 488b | b424 8800 

  0x00007a1e78810c5c: ;   {optimized virtual_call}
  0x00007a1e78810c5c: 0000 90e8 

  0x00007a1e78810c60: ; ImmutableOopMap {[136]=Oop }
                      ;*invokevirtual sumCount {reexecute=0 rethrow=0 return_oop=0}
                      ; - java.util.concurrent.ConcurrentHashMap::addCount@271 (line 2355)
  0x00007a1e78810c60: df01 0000 

  0x00007a1e78810c64: ;   {other}
  0x00007a1e78810c64: 0f1f 8400 | d408 0005 

  0x00007a1e78810c6c: ;   {metadata(method data for {method} {0x00006d715f409bb8} 'addCount' '(JI)V' in 'java/util/concurrent/ConcurrentHashMap')}
  0x00007a1e78810c6c: 48ba e05e | 0154 716d | 0000 8b8a | f800 0000 | 83c1 0289 | 8af8 0000 | 0081 e1fe | 3f00 0085 
  0x00007a1e78810c8c: c90f 84fe | 0000 004d | 8b97 7007 

  0x00007a1e78810c98: ; ImmutableOopMap {[136]=Oop }
                      ;*goto {reexecute=1 rethrow=0 return_oop=0}
                      ; - (reexecute) java.util.concurrent.ConcurrentHashMap::addCount@276 (line 2356)
                      ;   {poll}
  0x00007a1e78810c98: 0000 4185 

  0x00007a1e78810c9c: ;   {metadata(method data for {method} {0x00006d715f409bb8} 'addCount' '(JI)V' in 'java/util/concurrent/ConcurrentHashMap')}
  0x00007a1e78810c9c: 0248 bae0 | 5e01 5471 | 6d00 00ff | 82c0 0500 | 004c 8bc0 | e93b fcff 

  0x00007a1e78810cb4: ;   {metadata(method data for {method} {0x00006d715f409bb8} 'addCount' '(JI)V' in 'java/util/concurrent/ConcurrentHashMap')}
  0x00007a1e78810cb4: ff48 bae0 | 5e01 5471 | 6d00 00ff | 8238 0400 | 0048 81c4 | b000 0000 

  0x00007a1e78810ccc: ;   {poll_return}
  0x00007a1e78810ccc: 5d49 3ba7 | 6807 0000 | 0f87 d800 | 0000 c348 | 81c4 b000 

  0x00007a1e78810ce0: ;   {poll_return}
  0x00007a1e78810ce0: 0000 5d49 | 3ba7 6807 | 0000 0f87 | d800 0000 | c348 8bce 

  0x00007a1e78810cf4: ;   {metadata(method data for {method} {0x00006d715f409bb8} 'addCount' '(JI)V' in 'java/util/concurrent/ConcurrentHashMap')}
  0x00007a1e78810cf4: 48bb e05e | 0154 716d | 0000 4883 | 8378 0200 | 0001 488b | cf66 0f1f 

  0x00007a1e78810d0c: ;   {optimized virtual_call}
  0x00007a1e78810d0c: 4400 00e8 

  0x00007a1e78810d10: ; ImmutableOopMap {}
                      ;*invokevirtual fullAddCount {reexecute=0 rethrow=0 return_oop=0}
                      ; - java.util.concurrent.ConcurrentHashMap::addCount@104 (line 2334)
  0x00007a1e78810d10: 6c43 4507 

  0x00007a1e78810d14: ;   {other}
  0x00007a1e78810d14: 0f1f 8400 | 8409 0007 | 4881 c4b0 | 0000 005d 

  0x00007a1e78810d24: ;   {poll_return}
  0x00007a1e78810d24: 493b a768 | 0700 000f | 87ad 0000 

  0x00007a1e78810d30: ;   {metadata({method} {0x00006d715f409bb8} 'addCount' '(JI)V' in 'java/util/concurrent/ConcurrentHashMap')}
  0x00007a1e78810d30: 00c3 49ba | b89b 405f | 716d 0000 | 4c89 5424 | 0848 c704 | 24ff ffff 

  0x00007a1e78810d48: ;   {runtime_call counter_overflow Runtime1 stub}
  0x00007a1e78810d48: ffe8 b277 

  0x00007a1e78810d4c: ; ImmutableOopMap {rsi=Oop [136]=Oop }
                      ;*synchronization entry
                      ; - java.util.concurrent.ConcurrentHashMap::addCount@-1 (line 2326)
  0x00007a1e78810d4c: 5007 e9ff 

  0x00007a1e78810d50: ;   {runtime_call throw_null_pointer_exception Runtime1 stub}
  0x00007a1e78810d50: f8ff ffe8 

  0x00007a1e78810d54: ; ImmutableOopMap {rsi=Oop rdi=Oop [136]=Oop }
                      ;*arraylength {reexecute=0 rethrow=0 return_oop=0}
                      ; - java.util.concurrent.ConcurrentHashMap::addCount@47 (line 2330)
  0x00007a1e78810d54: 280a 5007 | 4889 0424 | 4889 7c24 

  0x00007a1e78810d60: ;   {runtime_call throw_range_check_failed Runtime1 stub}
  0x00007a1e78810d60: 08e8 1a01 

  0x00007a1e78810d64: ; ImmutableOopMap {rdi=Oop [136]=Oop }
                      ;*aaload {reexecute=0 rethrow=0 return_oop=0}
                      ; - java.util.concurrent.ConcurrentHashMap::addCount@64 (line 2331)
                      ;   {runtime_call throw_null_pointer_exception Runtime1 stub}
  0x00007a1e78810d64: 5007 e815 

  0x00007a1e78810d68: ; ImmutableOopMap {rax=Oop [136]=Oop }
                      ;*getfield value {reexecute=1 rethrow=0 return_oop=0}
                      ; - (reexecute) java.util.concurrent.ConcurrentHashMap::addCount@81 (line 2331)
                      ;   {runtime_call throw_null_pointer_exception Runtime1 stub}
  0x00007a1e78810d68: 0a50 07e8 

  0x00007a1e78810d6c: ; ImmutableOopMap {rsi=Oop rbx=Oop [136]=Oop }
                      ;*arraylength {reexecute=0 rethrow=0 return_oop=0}
                      ; - java.util.concurrent.ConcurrentHashMap::addCount@150 (line 2343)
  0x00007a1e78810d6c: 100a 5007 

  0x00007a1e78810d70: ;   {metadata({method} {0x00006d715f4099a8} 'resizeStamp' '(I)I' in 'java/util/concurrent/ConcurrentHashMap')}
  0x00007a1e78810d70: 49ba a899 | 405f 716d | 0000 4c89 | 5424 0848 | c704 24ff 

  0x00007a1e78810d84: ;   {runtime_call counter_overflow Runtime1 stub}
  0x00007a1e78810d84: ffff ffe8 

  0x00007a1e78810d88: ; ImmutableOopMap {[136]=Oop [152]=Oop }
                      ;*synchronization entry
                      ; - java.util.concurrent.ConcurrentHashMap::resizeStamp@-1 (line 2285)
                      ; - java.util.concurrent.ConcurrentHashMap::addCount@161 (line 2345)
  0x00007a1e78810d88: 7477 5007 | e94a fcff 

  0x00007a1e78810d90: ;   {metadata({method} {0x00006d715f409bb8} 'addCount' '(JI)V' in 'java/util/concurrent/ConcurrentHashMap')}
  0x00007a1e78810d90: ff49 bab8 | 9b40 5f71 | 6d00 004c | 8954 2408 | 48c7 0424 | 1401 0000 

  0x00007a1e78810da8: ;   {runtime_call counter_overflow Runtime1 stub}
  0x00007a1e78810da8: e853 7750 

  0x00007a1e78810dac: ; ImmutableOopMap {[136]=Oop }
                      ;*goto {reexecute=1 rethrow=0 return_oop=0}
                      ; - (reexecute) java.util.concurrent.ConcurrentHashMap::addCount@276 (line 2356)
  0x00007a1e78810dac: 07e9 e1fe 

  0x00007a1e78810db0: ;   {internal_word}
  0x00007a1e78810db0: ffff 49ba | cd0c 8178 | 1e7a 0000 | 4d89 9780 

  0x00007a1e78810dc0: ;   {runtime_call SafepointBlob}
  0x00007a1e78810dc0: 0700 00e9 | 38a6 4507 

  0x00007a1e78810dc8: ;   {internal_word}
  0x00007a1e78810dc8: 49ba e30c | 8178 1e7a | 0000 4d89 | 9780 0700 

  0x00007a1e78810dd8: ;   {runtime_call SafepointBlob}
  0x00007a1e78810dd8: 00e9 22a6 

  0x00007a1e78810ddc: ;   {internal_word}
  0x00007a1e78810ddc: 4507 49ba | 240d 8178 | 1e7a 0000 | 4d89 9780 

  0x00007a1e78810dec: ;   {runtime_call SafepointBlob}
  0x00007a1e78810dec: 0700 00e9 | 0ca6 4507 | 498b 8718 | 0800 0049 | c787 1808 | 0000 0000 | 0000 49c7 | 8720 0800 
  0x00007a1e78810e0c: 0000 0000 | 0048 81c4 | b000 0000 

  0x00007a1e78810e18: ;   {runtime_call unwind_exception Runtime1 stub}
  0x00007a1e78810e18: 5de9 62f7 | 4f07 f4f4 
[Stub Code]
  0x00007a1e78810e20: ;   {no_reloc}
  0x00007a1e78810e20: 0f1f 4400 

  0x00007a1e78810e24: ;   {static_stub}
  0x00007a1e78810e24: 0048 bb00 | 0000 0000 

  0x00007a1e78810e2c: ;   {runtime_call nmethod}
  0x00007a1e78810e2c: 0000 00e9 | fbff ffff 

  0x00007a1e78810e34: ;   {static_stub}
  0x00007a1e78810e34: 48bb 0000 | 0000 0000 

  0x00007a1e78810e3c: ;   {runtime_call nmethod}
  0x00007a1e78810e3c: 0000 e9fb 

  0x00007a1e78810e40: ;   {static_stub}
  0x00007a1e78810e40: ffff ff48 | bb78 9e40 | 5f71 6d00 

  0x00007a1e78810e4c: ;   {runtime_call I2C/C2I adapters}
  0x00007a1e78810e4c: 00e9 9136 

  0x00007a1e78810e50: ;   {static_stub}
  0x00007a1e78810e50: 4507 48bb | 58b2 415f | 716d 0000 

  0x00007a1e78810e5c: ;   {runtime_call I2C/C2I adapters}
  0x00007a1e78810e5c: e901 8c45 

  0x00007a1e78810e60: ;   {static_stub}
  0x00007a1e78810e60: 0748 bb50 | 9940 5f71 

  0x00007a1e78810e68: ;   {runtime_call I2C/C2I adapters}
  0x00007a1e78810e68: 6d00 00e9 | fb0a 4507 
[Exception Handler]
  0x00007a1e78810e70: ;   {runtime_call handle_exception_from_callee Runtime1 stub}
  0x00007a1e78810e70: e80b 2a50 

  0x00007a1e78810e74: ;   {external_word}
  0x00007a1e78810e74: 0748 bfbb | 5174 991e | 7a00 0048 

  0x00007a1e78810e80: ;   {runtime_call MacroAssembler::debug64(char*, long, long*)}
  0x00007a1e78810e80: 83e4 f0e8 | c89f 9f20 

  0x00007a1e78810e88: ;   {section_word}
  0x00007a1e78810e88: f449 ba89 | 0e81 781e | 7a00 0041 

  0x00007a1e78810e94: ;   {runtime_call DeoptimizationBlob}
  0x00007a1e78810e94: 52e9 0698 | 4507 f4f4 | f4f4 f4f4 
[/MachCode]


Compiled method (c1) 5983   49   !   3       java.util.concurrent.ConcurrentHashMap::putVal (432 bytes)
 total in heap  [0x00007a1e7880d990,0x00007a1e7880ff60] = 9680
 relocation     [0x00007a1e7880dae8,0x00007a1e7880dce0] = 504
 main code      [0x00007a1e7880dce0,0x00007a1e7880f508] = 6184
 stub code      [0x00007a1e7880f508,0x00007a1e7880f5f0] = 232
 metadata       [0x00007a1e7880f5f0,0x00007a1e7880f610] = 32
 scopes data    [0x00007a1e7880f610,0x00007a1e7880fb60] = 1360
 scopes pcs     [0x00007a1e7880fb60,0x00007a1e7880fdf0] = 656
 dependencies   [0x00007a1e7880fdf0,0x00007a1e7880fdf8] = 8
 handler table  [0x00007a1e7880fdf8,0x00007a1e7880ff30] = 312
 nul chk table  [0x00007a1e7880ff30,0x00007a1e7880ff60] = 48

[Constant Pool (empty)]

[MachCode]
[Entry Point]
  # {method} {0x00006d715f409d70} 'putVal' '(Ljava/lang/Object;Ljava/lang/Object;Z)Ljava/lang/Object;' in 'java/util/concurrent/ConcurrentHashMap'
  # this:     rsi:rsi   = 'java/util/concurrent/ConcurrentHashMap'
  # parm0:    rdx:rdx   = 'java/lang/Object'
  # parm1:    rcx:rcx   = 'java/lang/Object'
  # parm2:    r8        = boolean
  #           [sp+0x100]  (sp of caller)
  0x00007a1e7880dce0: 448b 5608 | 49bb 0000 | 005f 716d | 0000 4d03 | d34c 3bd0 

  0x00007a1e7880dcf4: ;   {runtime_call ic_miss_stub}
  0x00007a1e7880dcf4: 0f85 8670 | 4507 660f | 1f44 0000 
[Verified Entry Point]
  0x00007a1e7880dd00: 8984 2400 | c0fe ff55 | 4881 ecf0 | 0000 0090 | 4181 7f20 | 0100 0000 

  0x00007a1e7880dd18: ;   {runtime_call StubRoutines (final stubs)}
  0x00007a1e7880dd18: 7405 e841 | 1144 0748 | 8974 2468 | 4889 5424 | 7048 894c | 2478 4489 | 8424 8000 

  0x00007a1e7880dd34: ;   {metadata(method data for {method} {0x00006d715f409d70} 'putVal' '(Ljava/lang/Object;Ljava/lang/Object;Z)Ljava/lang/Object;' in 'java/util/concurrent/ConcurrentHashMap')}
  0x00007a1e7880dd34: 0000 48bf | 5054 0154 | 716d 0000 | 8b9f f400 | 0000 83c3 | 0289 9ff4 | 0000 0081 | e3fe 0700 
  0x00007a1e7880dd54: 0085 db0f | 843c 1500 | 0048 85d2 

  0x00007a1e7880dd60: ;   {metadata(method data for {method} {0x00006d715f409d70} 'putVal' '(Ljava/lang/Object;Ljava/lang/Object;Z)Ljava/lang/Object;' in 'java/util/concurrent/ConcurrentHashMap')}
  0x00007a1e7880dd60: 48bf 5054 | 0154 716d | 0000 48c7 | c338 0100 | 0074 0748 | c7c3 4801 | 0000 488b | 041f 488d 
  0x00007a1e7880dd80: 4001 4889 | 041f 0f84 | c813 0000 

  0x00007a1e7880dd8c: ;   {metadata(method data for {method} {0x00006d715f409d70} 'putVal' '(Ljava/lang/Object;Ljava/lang/Object;Z)Ljava/lang/Object;' in 'java/util/concurrent/ConcurrentHashMap')}
  0x00007a1e7880dd8c: 4885 c948 | bf50 5401 | 5471 6d00 | 0048 c7c3 | 6801 0000 | 7407 48c7 | c358 0100 | 0048 8b04 
  0x00007a1e7880ddac: 1f48 8d40 | 0148 8904 | 1f0f 8499 | 1300 0048 | 3b02 488b 

  0x00007a1e7880ddc0: ;   {metadata(method data for {method} {0x00006d715f409d70} 'putVal' '(Ljava/lang/Object;Ljava/lang/Object;Z)Ljava/lang/Object;' in 'java/util/concurrent/ConcurrentHashMap')}
  0x00007a1e7880ddc0: fa48 bb50 | 5401 5471 | 6d00 008b | 7f08 49ba | 0000 005f | 716d 0000 | 4903 fa48 | 3bbb 9801 
  0x00007a1e7880dde0: 0000 750d | 4883 83a0 | 0100 0001 | e960 0000 | 0048 3bbb | a801 0000 | 750d 4883 | 83b0 0100 
  0x00007a1e7880de00: 0001 e94a | 0000 0048 | 83bb 9801 | 0000 0075 | 1748 89bb | 9801 0000 | 48c7 83a0 | 0100 0001 
  0x00007a1e7880de20: 0000 00e9 | 2900 0000 | 4883 bba8 | 0100 0000 | 7517 4889 | bba8 0100 | 0048 c783 | b001 0000 
  0x00007a1e7880de40: 0100 0000 | e908 0000 | 0048 8383 | 8801 0000 | 0148 8bf2 | 9048 b8ff | ffff ffff 

  0x00007a1e7880de5c: ;   {virtual_call}
  0x00007a1e7880de5c: ffff ffe8 

  0x00007a1e7880de60: ; ImmutableOopMap {[104]=Oop [112]=Oop [120]=Oop }
                      ;*invokevirtual hashCode {reexecute=0 rethrow=0 return_oop=0}
                      ; - java.util.concurrent.ConcurrentHashMap::putVal@17 (line 1012)
  0x00007a1e7880de60: 2cd5 5007 

  0x00007a1e7880de64: ;   {other}
  0x00007a1e7880de64: 0f1f 8400 | d404 0000 

  0x00007a1e7880de6c: ;   {metadata(method data for {method} {0x00006d715f409d70} 'putVal' '(Ljava/lang/Object;Ljava/lang/Object;Z)Ljava/lang/Object;' in 'java/util/concurrent/ConcurrentHashMap')}
  0x00007a1e7880de6c: 48be 5054 | 0154 716d | 0000 4883 | 86c0 0100 

  0x00007a1e7880de7c: ;   {metadata(method data for {method} {0x00006d715f409e20} 'spread' '(I)I' in 'java/util/concurrent/ConcurrentHashMap')}
  0x00007a1e7880de7c: 0001 48be | a03c 0154 | 716d 0000 | 8bbe f400 | 0000 83c7 | 0289 bef4 | 0000 0081 | e7fe ff1f 
  0x00007a1e7880de9c: 0085 ff0f | 841a 1400 | 0048 8bf0 | c1ee 1048 | 33f0 81e6 | ffff ff7f | 89b4 2488 | 0000 0048 
  0x00007a1e7880debc: 8b7c 2468 | 8b5f 28b8 | 0000 0000 | 8984 2484 | 0000 0090 

  0x00007a1e7880ded0: ;   {metadata(method data for {method} {0x00006d715f409d70} 'putVal' '(Ljava/lang/Object;Ljava/lang/Object;Z)Ljava/lang/Object;' in 'java/util/concurrent/ConcurrentHashMap')}
  0x00007a1e7880ded0: 4885 db49 | b950 5401 | 5471 6d00 | 0049 c7c3 | d001 0000 | 7407 49c7 | c3e0 0100 | 004f 8b2c 
  0x00007a1e7880def0: 194d 8d6d | 014f 892c | 190f 8433 | 0000 0044 | 8b4b 0c45 

  0x00007a1e7880df04: ;   {metadata(method data for {method} {0x00006d715f409d70} 'putVal' '(Ljava/lang/Object;Ljava/lang/Object;Z)Ljava/lang/Object;' in 'java/util/concurrent/ConcurrentHashMap')}
  0x00007a1e7880df04: 85c9 49bb | 5054 0154 | 716d 0000 | 49c7 c5f0 | 0100 0075 | 0749 c7c5 | 0002 0000 | 4f8b 342b 
  0x00007a1e7880df24: 4d8d 7601 | 4f89 342b | 0f85 5300 | 0000 488b 

  0x00007a1e7880df34: ;   {metadata(method data for {method} {0x00006d715f409d70} 'putVal' '(Ljava/lang/Object;Ljava/lang/Object;Z)Ljava/lang/Object;' in 'java/util/concurrent/ConcurrentHashMap')}
  0x00007a1e7880df34: df49 b950 | 5401 5471 | 6d00 0049 | 8381 1002 | 0000 0148 | 8bf7 0f1f 

  0x00007a1e7880df4c: ;   {optimized virtual_call}
  0x00007a1e7880df4c: 4400 00e8 

  0x00007a1e7880df50: ; ImmutableOopMap {[104]=Oop [112]=Oop [120]=Oop }
                      ;*invokevirtual initTable {reexecute=0 rethrow=0 return_oop=0}
                      ; - java.util.concurrent.ConcurrentHashMap::putVal@49 (line 1017)
  0x00007a1e7880df50: 5316 0000 

  0x00007a1e7880df54: ;   {other}
  0x00007a1e7880df54: 0f1f 8400 | c405 0001 

  0x00007a1e7880df5c: ;   {metadata(method data for {method} {0x00006d715f409d70} 'putVal' '(Ljava/lang/Object;Ljava/lang/Object;Z)Ljava/lang/Object;' in 'java/util/concurrent/ConcurrentHashMap')}
  0x00007a1e7880df5c: 48be 5054 | 0154 716d | 0000 ff86 | 4802 0000 | 8bb4 2484 | 0000 0044 | 8b84 2480 | 0000 0048 
  0x00007a1e7880df7c: 8b4c 2478 | e9a1 0f00 | 0041 ffc9 | 4423 8c24 | 8800 0000 

  0x00007a1e7880df90: ;   {metadata(method data for {method} {0x00006d715f409d70} 'putVal' '(Ljava/lang/Object;Ljava/lang/Object;Z)Ljava/lang/Object;' in 'java/util/concurrent/ConcurrentHashMap')}
  0x00007a1e7880df90: 48be 5054 | 0154 716d | 0000 4883 | 8660 0200 | 0001 488b | f349 8bd1 | 4489 8c24 | 8c00 0000 
  0x00007a1e7880dfb0: 4889 9c24 | 9000 0000 | 0f1f 8000 

  0x00007a1e7880dfbc: ;   {static_call}
  0x00007a1e7880dfbc: 0000 00e8 

  0x00007a1e7880dfc0: ; ImmutableOopMap {[104]=Oop [112]=Oop [120]=Oop [144]=Oop }
                      ;*invokestatic tabAt {reexecute=0 rethrow=0 return_oop=0}
                      ; - java.util.concurrent.ConcurrentHashMap::putVal@69 (line 1018)
  0x00007a1e7880dfc0: 3c08 bf07 

  0x00007a1e7880dfc4: ;   {other}
  0x00007a1e7880dfc4: 0f1f 8400 | 3406 0002 | 4889 8424 | 9800 0000 

  0x00007a1e7880dfd4: ;   {metadata(method data for {method} {0x00006d715f409d70} 'putVal' '(Ljava/lang/Object;Ljava/lang/Object;Z)Ljava/lang/Object;' in 'java/util/concurrent/ConcurrentHashMap')}
  0x00007a1e7880dfd4: 4885 c048 | ba50 5401 | 5471 6d00 | 0048 c7c6 | 7002 0000 | 7507 48c7 | c680 0200 | 0048 8b3c 
  0x00007a1e7880dff4: 3248 8d7f | 0148 893c | 320f 85e8 | 0100 008b | b424 8800 | 0000 488b | 4c24 7848 | 8b54 2470 
  0x00007a1e7880e014: ;   {metadata('java/util/concurrent/ConcurrentHashMap$Node')}
  0x00007a1e7880e014: 488b da48 | ba10 ae17 | 5f71 6d00 | 004c 8bd9 | 4c8b ce49 | 8b87 b804 | 0000 488d | 4820 483b 
  0x00007a1e7880e034: c80f 82aa | 1200 0049 | 3b8f c004 | 0000 0f87 | 9d12 0000 | 4989 8fb8 | 0400 0048 | 8bf8 48c1 
  0x00007a1e7880e054: ef06 49ba | 0000 40d4 | 716d 0000 | 458a 143a | 488b c848 | c1e9 0348 | 83e1 0748 | c7c7 0100 
  0x00007a1e7880e074: 0000 48d3 | e74c 0bd7 | 488b f848 | c1ef 0648 | b900 0040 | d471 6d00 | 0044 8814 | 3949 8387 
  0x00007a1e7880e094: 2802 0000 | 2049 8387 | 2802 0000 | 0048 c700 | 0100 0000 | 488b ca49 | ba00 0000 | 5f71 6d00 
  0x00007a1e7880e0b4: 0049 2bca | 8948 0848 | 33c9 8948 | 0c48 33c9 | 4889 4810 | 4889 4818 

  0x00007a1e7880e0cc: ;   {metadata(method data for {method} {0x00006d715f409d70} 'putVal' '(Ljava/lang/Object;Ljava/lang/Object;Z)Ljava/lang/Object;' in 'java/util/concurrent/ConcurrentHashMap')}
  0x00007a1e7880e0cc: 488b f048 | ba50 5401 | 5471 6d00 | 0048 8382 | 9002 0000 

  0x00007a1e7880e0e0: ;   {metadata(method data for {method} {0x00006d715f17b628} '<init>' '(ILjava/lang/Object;Ljava/lang/Object;)V' in 'java/util/concurrent/ConcurrentHashMap$Node')}
  0x00007a1e7880e0e0: 0148 be50 | 5d01 5471 | 6d00 008b | 96f4 0000 | 0083 c202 | 8996 f400 | 0000 81e2 | feff 1f00 
  0x00007a1e7880e100: 85d2 0f84 | ea11 0000 

  0x00007a1e7880e108: ;   {metadata(method data for {method} {0x00006d715f17b628} '<init>' '(ILjava/lang/Object;Ljava/lang/Object;)V' in 'java/util/concurrent/ConcurrentHashMap$Node')}
  0x00007a1e7880e108: 488b f048 | ba50 5d01 | 5471 6d00 | 0048 8382 | 3801 0000 

  0x00007a1e7880e11c: ;   {metadata(method data for {method} {0x00006d715f4791f0} '<init>' '()V' in 'java/lang/Object')}
  0x00007a1e7880e11c: 0148 be20 | 7100 5471 | 6d00 008b | 96f4 0000 | 0083 c202 | 8996 f400 | 0000 81e2 | feff 1f00 
  0x00007a1e7880e13c: 85d2 0f84 | cf11 0000 | 4489 480c | 4c8b d344 | 8950 104d | 8bd3 4489 | 5014 f083 | 4424 c000 
  0x00007a1e7880e15c: ;   {metadata(method data for {method} {0x00006d715f409d70} 'putVal' '(Ljava/lang/Object;Ljava/lang/Object;Z)Ljava/lang/Object;' in 'java/util/concurrent/ConcurrentHashMap')}
  0x00007a1e7880e15c: 48be 5054 | 0154 716d | 0000 4883 | 86a0 0200 | 0001 488b | b424 9000 | 0000 8b94 | 248c 0000 
  0x00007a1e7880e17c: ;   {oop(nullptr)}
  0x00007a1e7880e17c: 0048 b900 | 0000 0000 | 0000 004c | 8bc0 0f1f 

  0x00007a1e7880e18c: ;   {static_call}
  0x00007a1e7880e18c: 4400 00e8 

  0x00007a1e7880e190: ; ImmutableOopMap {[104]=Oop [112]=Oop [120]=Oop [144]=Oop }
                      ;*invokestatic casTabAt {reexecute=0 rethrow=0 return_oop=0}
                      ; - java.util.concurrent.ConcurrentHashMap::putVal@94 (line 1019)
  0x00007a1e7880e190: 6c00 bf07 

  0x00007a1e7880e194: ;   {other}
  0x00007a1e7880e194: 0f1f 8400 | 0408 0003 

  0x00007a1e7880e19c: ;   {metadata(method data for {method} {0x00006d715f409d70} 'putVal' '(Ljava/lang/Object;Ljava/lang/Object;Z)Ljava/lang/Object;' in 'java/util/concurrent/ConcurrentHashMap')}
  0x00007a1e7880e19c: 85c0 48ba | 5054 0154 | 716d 0000 | 48c7 c1c0 | 0200 0075 | 0748 c7c1 | b002 0000 | 488b 340a 
  0x00007a1e7880e1bc: 488d 7601 | 4889 340a | 0f85 b70e | 0000 488b | 8424 9000 | 0000 8bb4 | 2484 0000 | 0044 8b84 
  0x00007a1e7880e1dc: 2480 0000 | 0048 8b4c | 2478 e93b | 0d00 008b | 780c 83ff 

  0x00007a1e7880e1f0: ;   {metadata(method data for {method} {0x00006d715f409d70} 'putVal' '(Ljava/lang/Object;Ljava/lang/Object;Z)Ljava/lang/Object;' in 'java/util/concurrent/ConcurrentHashMap')}
  0x00007a1e7880e1f0: ff48 ba50 | 5401 5471 | 6d00 0048 | c7c1 e802 | 0000 7507 | 48c7 c1f8 | 0200 0048 | 8b34 0a48 
  0x00007a1e7880e210: 8d76 0148 | 8934 0a0f | 8560 0000 | 0048 8b74 

  0x00007a1e7880e220: ;   {metadata(method data for {method} {0x00006d715f409d70} 'putVal' '(Ljava/lang/Object;Ljava/lang/Object;Z)Ljava/lang/Object;' in 'java/util/concurrent/ConcurrentHashMap')}
  0x00007a1e7880e220: 2468 48ba | 5054 0154 | 716d 0000 | 4883 8208 | 0300 0001 | 488b 9424 | 9000 0000 | 488b c848 
  0x00007a1e7880e240: 8b74 2468 

  0x00007a1e7880e244: ;   {optimized virtual_call}
  0x00007a1e7880e244: 6666 90e8 

  0x00007a1e7880e248: ; ImmutableOopMap {[104]=Oop [112]=Oop [120]=Oop }
                      ;*invokevirtual helpTransfer {reexecute=0 rethrow=0 return_oop=0}
                      ; - java.util.concurrent.ConcurrentHashMap::putVal@120 (line 1023)
  0x00007a1e7880e248: 346e 4507 

  0x00007a1e7880e24c: ;   {other}
  0x00007a1e7880e24c: 0f1f 8400 | bc08 0004 

  0x00007a1e7880e254: ;   {metadata(method data for {method} {0x00006d715f409d70} 'putVal' '(Ljava/lang/Object;Ljava/lang/Object;Z)Ljava/lang/Object;' in 'java/util/concurrent/ConcurrentHashMap')}
  0x00007a1e7880e254: 48ba 5054 | 0154 716d | 0000 ff82 | 4003 0000 | 8bb4 2484 | 0000 0044 | 8b84 2480 | 0000 0048 
  0x00007a1e7880e274: 8b4c 2478 | e9a9 0c00 | 0044 8b84 | 2480 0000 | 0045 85c0 

  0x00007a1e7880e288: ;   {metadata(method data for {method} {0x00006d715f409d70} 'putVal' '(Ljava/lang/Object;Ljava/lang/Object;Z)Ljava/lang/Object;' in 'java/util/concurrent/ConcurrentHashMap')}
  0x00007a1e7880e288: 48ba 5054 | 0154 716d | 0000 48c7 | c668 0300 | 0075 0748 | c7c6 5803 | 0000 488b | 1c32 488d 
  0x00007a1e7880e2a8: 5b01 4889 | 1c32 0f85 | 0c00 0000 | 89bc 24a0 | 0000 00e9 | d401 0000 | 3bbc 2488 

  0x00007a1e7880e2c4: ;   {metadata(method data for {method} {0x00006d715f409d70} 'putVal' '(Ljava/lang/Object;Ljava/lang/Object;Z)Ljava/lang/Object;' in 'java/util/concurrent/ConcurrentHashMap')}
  0x00007a1e7880e2c4: 0000 0048 | ba50 5401 | 5471 6d00 | 0048 c7c6 | 8803 0000 | 7407 48c7 | c678 0300 | 0048 8b1c 
  0x00007a1e7880e2e4: 3248 8d5b | 0148 891c | 320f 840c | 0000 0089 | bc24 a000 | 0000 e995 | 0100 0048 | 8b54 2470 
  0x00007a1e7880e304: 8b70 1048 

  0x00007a1e7880e308: ;   {metadata(method data for {method} {0x00006d715f409d70} 'putVal' '(Ljava/lang/Object;Ljava/lang/Object;Z)Ljava/lang/Object;' in 'java/util/concurrent/ConcurrentHashMap')}
  0x00007a1e7880e308: 3bf2 48bb | 5054 0154 | 716d 0000 | 48c7 c1a8 | 0300 0075 | 0748 c7c1 | 9803 0000 | 4c8b 0c0b 
  0x00007a1e7880e328: 4d8d 4901 | 4c89 0c0b | 0f85 0c00 | 0000 89bc | 24a0 0000 | 00e9 2001 | 0000 4885 

  0x00007a1e7880e344: ;   {metadata(method data for {method} {0x00006d715f409d70} 'putVal' '(Ljava/lang/Object;Ljava/lang/Object;Z)Ljava/lang/Object;' in 'java/util/concurrent/ConcurrentHashMap')}
  0x00007a1e7880e344: f648 bb50 | 5401 5471 | 6d00 0048 | c7c1 b803 | 0000 7407 | 48c7 c1c8 | 0300 004c | 8b0c 0b4d 
  0x00007a1e7880e364: 8d49 014c | 890c 0b89 | bc24 a000 | 0000 0f84 | 1c01 0000 

  0x00007a1e7880e378: ;   {metadata(method data for {method} {0x00006d715f409d70} 'putVal' '(Ljava/lang/Object;Ljava/lang/Object;Z)Ljava/lang/Object;' in 'java/util/concurrent/ConcurrentHashMap')}
  0x00007a1e7880e378: 488b da48 | b950 5401 | 5471 6d00 | 008b 5b08 | 49ba 0000 | 005f 716d | 0000 4903 | da48 3b99 
  0x00007a1e7880e398: e803 0000 | 750d 4883 | 81f0 0300 | 0001 e960 | 0000 0048 | 3b99 f803 | 0000 750d | 4883 8100 
  0x00007a1e7880e3b8: 0400 0001 | e94a 0000 | 0048 83b9 | e803 0000 | 0075 1748 | 8999 e803 | 0000 48c7 | 81f0 0300 
  0x00007a1e7880e3d8: 0001 0000 | 00e9 2900 | 0000 4883 | b9f8 0300 | 0000 7517 | 4889 99f8 | 0300 0048 | c781 0004 
  0x00007a1e7880e3f8: 0000 0100 | 0000 e908 | 0000 0048 | 8381 d803 | 0000 0148 | 8bda 488b | d648 8bf3 | 9048 b808 
  0x00007a1e7880e418: ea00 5f71 

  0x00007a1e7880e41c: ;   {virtual_call}
  0x00007a1e7880e41c: 6d00 00e8 

  0x00007a1e7880e420: ; ImmutableOopMap {[104]=Oop [112]=Oop [120]=Oop [144]=Oop [152]=Oop }
                      ;*invokevirtual equals {reexecute=0 rethrow=0 return_oop=0}
                      ; - java.util.concurrent.ConcurrentHashMap::putVal@159 (line 1026)
  0x00007a1e7880e420: 7cc6 c107 

  0x00007a1e7880e424: ;   {other}
  0x00007a1e7880e424: 0f1f 8400 | 940a 0005 

  0x00007a1e7880e42c: ;   {metadata(method data for {method} {0x00006d715f409d70} 'putVal' '(Ljava/lang/Object;Ljava/lang/Object;Z)Ljava/lang/Object;' in 'java/util/concurrent/ConcurrentHashMap')}
  0x00007a1e7880e42c: 85c0 48b8 | 5054 0154 | 716d 0000 | 48c7 c610 | 0400 0074 | 0748 c7c6 | 2004 0000 | 488b 1430 
  0x00007a1e7880e44c: 488d 5201 | 4889 1430 | 488b 8424 | 9800 0000 | 0f84 3200 | 0000 8b70 | 1448 85f6 

  0x00007a1e7880e468: ;   {metadata(method data for {method} {0x00006d715f409d70} 'putVal' '(Ljava/lang/Object;Ljava/lang/Object;Z)Ljava/lang/Object;' in 'java/util/concurrent/ConcurrentHashMap')}
  0x00007a1e7880e468: 48ba 5054 | 0154 716d | 0000 48c7 | c740 0400 | 0075 0748 | c7c7 3004 | 0000 488b | 1c3a 488d 
  0x00007a1e7880e488: 5b01 4889 | 1c3a 0f85 | d40b 0000 | 488d b424 | d000 0000 | 488b f848 | 897e 0848 | 8b07 4883 
  0x00007a1e7880e4a8: c801 4889 | 06f0 480f | b137 0f84 | 1200 0000 | 482b c448 | 2507 f0ff | ff48 8906 | 0f85 6f0e 
  0x00007a1e7880e4c8: 0000 49ff | 8768 0800 

  0x00007a1e7880e4d0: ;   {metadata(method data for {method} {0x00006d715f409d70} 'putVal' '(Ljava/lang/Object;Ljava/lang/Object;Z)Ljava/lang/Object;' in 'java/util/concurrent/ConcurrentHashMap')}
  0x00007a1e7880e4d0: 0048 be50 | 5401 5471 | 6d00 0048 | 8386 5004 | 0000 0148 | 8bb4 2490 | 0000 008b | 9424 8c00 
  0x00007a1e7880e4f0: 0000 0f1f 

  0x00007a1e7880e4f4: ;   {static_call}
  0x00007a1e7880e4f4: 4400 00e8 

  0x00007a1e7880e4f8: ; ImmutableOopMap {[104]=Oop [112]=Oop [120]=Oop [144]=Oop [152]=Oop [216]=Oop }
                      ;*invokestatic tabAt {reexecute=0 rethrow=0 return_oop=0}
                      ; - java.util.concurrent.ConcurrentHashMap::putVal@192 (line 1032)
  0x00007a1e7880e4f8: 0403 bf07 

  0x00007a1e7880e4fc: ;   {other}
  0x00007a1e7880e4fc: 0f1f 8400 | 6c0b 0006 | 488b bc24 | 9800 0000 

  0x00007a1e7880e50c: ;   {metadata(method data for {method} {0x00006d715f409d70} 'putVal' '(Ljava/lang/Object;Ljava/lang/Object;Z)Ljava/lang/Object;' in 'java/util/concurrent/ConcurrentHashMap')}
  0x00007a1e7880e50c: 483b c748 | ba50 5401 | 5471 6d00 | 0048 c7c6 | 7004 0000 | 7407 48c7 | c660 0400 | 0048 8b1c 
  0x00007a1e7880e52c: 3248 8d5b | 0148 891c | 320f 8423 | 0000 008b | 8424 8400 

  0x00007a1e7880e540: ;   {oop(nullptr)}
  0x00007a1e7880e540: 0000 48bf | 0000 0000 | 0000 0000 | 448b 8424 | 8000 0000 | 488b 4c24 | 78e9 5209 | 0000 8b94 
  0x00007a1e7880e560: 24a0 0000 

  0x00007a1e7880e564: ;   {metadata(method data for {method} {0x00006d715f409d70} 'putVal' '(Ljava/lang/Object;Ljava/lang/Object;Z)Ljava/lang/Object;' in 'java/util/concurrent/ConcurrentHashMap')}
  0x00007a1e7880e564: 0085 d248 | ba50 5401 | 5471 6d00 | 0048 c7c6 | 8004 0000 | 7c07 48c7 | c690 0400 | 0048 8b1c 
  0x00007a1e7880e584: 3248 8d5b | 0148 891c | 3248 8bc7 | 0f8c 7804 | 0000 bb01 | 0000 000f | 1f44 0000 | 899c 24a4 
  0x00007a1e7880e5a4: 0000 008b | b424 8800 | 0000 488b | 5424 708b | 480c 3bce 

  0x00007a1e7880e5b8: ;   {metadata(method data for {method} {0x00006d715f409d70} 'putVal' '(Ljava/lang/Object;Ljava/lang/Object;Z)Ljava/lang/Object;' in 'java/util/concurrent/ConcurrentHashMap')}
  0x00007a1e7880e5b8: 48b9 5054 | 0154 716d | 0000 49c7 | c0b0 0400 | 0074 0749 | c7c0 a004 | 0000 4e8b | 0c01 4d8d 
  0x00007a1e7880e5d8: 4901 4e89 | 0c01 0f84 | 0800 0000 | 4c8b c0e9 | 5e01 0000 | 8b48 1048 

  0x00007a1e7880e5f0: ;   {metadata(method data for {method} {0x00006d715f409d70} 'putVal' '(Ljava/lang/Object;Ljava/lang/Object;Z)Ljava/lang/Object;' in 'java/util/concurrent/ConcurrentHashMap')}
  0x00007a1e7880e5f0: 3bca 49b8 | 5054 0154 | 716d 0000 | 49c7 c1c0 | 0400 0074 | 0749 c7c1 | d004 0000 | 4f8b 1c08 
  0x00007a1e7880e610: 4d8d 5b01 | 4f89 1c08 | 0f84 b401 | 0000 4885 

  0x00007a1e7880e620: ;   {metadata(method data for {method} {0x00006d715f409d70} 'putVal' '(Ljava/lang/Object;Ljava/lang/Object;Z)Ljava/lang/Object;' in 'java/util/concurrent/ConcurrentHashMap')}
  0x00007a1e7880e620: c949 b850 | 5401 5471 | 6d00 0049 | c7c1 f004 | 0000 7507 | 49c7 c1e0 | 0400 004f | 8b1c 084d 
  0x00007a1e7880e640: 8d5b 014f | 891c 080f | 8508 0000 | 004c 8bc0 | e9f5 0000 | 0048 8984 | 24a8 0000 | 004c 8bc2 
  0x00007a1e7880e660: ;   {metadata(method data for {method} {0x00006d715f409d70} 'putVal' '(Ljava/lang/Object;Ljava/lang/Object;Z)Ljava/lang/Object;' in 'java/util/concurrent/ConcurrentHashMap')}
  0x00007a1e7880e660: 49b9 5054 | 0154 716d | 0000 458b | 4008 49ba | 0000 005f | 716d 0000 | 4d03 c24d | 3b81 1005 
  0x00007a1e7880e680: 0000 750d | 4983 8118 | 0500 0001 | e960 0000 | 004d 3b81 | 2005 0000 | 750d 4983 | 8128 0500 
  0x00007a1e7880e6a0: 0001 e94a | 0000 0049 | 83b9 1005 | 0000 0075 | 174d 8981 | 1005 0000 | 49c7 8118 | 0500 0001 
  0x00007a1e7880e6c0: 0000 00e9 | 2900 0000 | 4983 b920 | 0500 0000 | 7517 4d89 | 8120 0500 | 0049 c781 | 2805 0000 
  0x00007a1e7880e6e0: 0100 0000 | e908 0000 | 0049 8381 | 0005 0000 | 014c 8bc2 | 488b d149 | 8bf0 6666 | 9048 b808 
  0x00007a1e7880e700: ea00 5f71 

  0x00007a1e7880e704: ;   {virtual_call}
  0x00007a1e7880e704: 6d00 00e8 

  0x00007a1e7880e708: ; ImmutableOopMap {[104]=Oop [112]=Oop [120]=Oop [144]=Oop [152]=Oop [168]=Oop [216]=Oop }
                      ;*invokevirtual equals {reexecute=0 rethrow=0 return_oop=0}
                      ; - java.util.concurrent.ConcurrentHashMap::putVal@242 (line 1039)
  0x00007a1e7880e708: 94c3 c107 

  0x00007a1e7880e70c: ;   {other}
  0x00007a1e7880e70c: 0f1f 8400 | 7c0d 0007 

  0x00007a1e7880e714: ;   {metadata(method data for {method} {0x00006d715f409d70} 'putVal' '(Ljava/lang/Object;Ljava/lang/Object;Z)Ljava/lang/Object;' in 'java/util/concurrent/ConcurrentHashMap')}
  0x00007a1e7880e714: 85c0 48ba | 5054 0154 | 716d 0000 | 48c7 c648 | 0500 0075 | 0748 c7c6 | 3805 0000 | 488b 3c32 
  0x00007a1e7880e734: 488d 7f01 | 4889 3c32 | 4c8b 8424 | a800 0000 | 0f85 8b00 | 0000 418b | 5018 4885 

  0x00007a1e7880e750: ;   {metadata(method data for {method} {0x00006d715f409d70} 'putVal' '(Ljava/lang/Object;Ljava/lang/Object;Z)Ljava/lang/Object;' in 'java/util/concurrent/ConcurrentHashMap')}
  0x00007a1e7880e750: d248 be50 | 5401 5471 | 6d00 0048 | c7c7 a005 | 0000 7407 | 48c7 c790 | 0500 0048 | 8b04 3e48 
  0x00007a1e7880e770: 8d40 0148 | 8904 3e8b | 9c24 a400 | 0000 0f84 | e100 0000 

  0x00007a1e7880e784: ;   {metadata(method data for {method} {0x00006d715f409d70} 'putVal' '(Ljava/lang/Object;Ljava/lang/Object;Z)Ljava/lang/Object;' in 'java/util/concurrent/ConcurrentHashMap')}
  0x00007a1e7880e784: ffc3 48be | 5054 0154 | 716d 0000 | 8bbe f800 | 0000 83c7 | 0289 bef8 | 0000 0081 | e7fe 3f00 
  0x00007a1e7880e7a4: 0085 ff0f | 84a4 0b00 | 004d 8b97 

  0x00007a1e7880e7b0: ; ImmutableOopMap {rdx=Oop [104]=Oop [112]=Oop [120]=Oop [144]=Oop [152]=Oop [216]=Oop }
                      ;*goto {reexecute=1 rethrow=0 return_oop=0}
                      ; - (reexecute) java.util.concurrent.ConcurrentHashMap::putVal@305 (line 1035)
  0x00007a1e7880e7b0: 7007 0000 

  0x00007a1e7880e7b4: ;   {poll}
  0x00007a1e7880e7b4: 4185 0248 | be50 5401 | 5471 6d00 | 00ff 86d8 | 0500 004c | 8bc2 498b | c0e9 cefd | ffff 4c8b 
  0x00007a1e7880e7d4: c08b 9c24 | a400 0000 | 448b 8c24 | 8000 0000 | 418b 5014 

  0x00007a1e7880e7e8: ;   {metadata(method data for {method} {0x00006d715f409d70} 'putVal' '(Ljava/lang/Object;Ljava/lang/Object;Z)Ljava/lang/Object;' in 'java/util/concurrent/ConcurrentHashMap')}
  0x00007a1e7880e7e8: 4585 c948 | be50 5401 | 5471 6d00 | 0048 c7c7 | 6805 0000 | 7407 48c7 | c758 0500 | 0048 8b04 
  0x00007a1e7880e808: 3e48 8d40 | 0148 8904 | 3e0f 8417 | 0000 0044 | 8bac 2488 | 0000 004c | 8b74 2478 | 4c8b 5c24 
  0x00007a1e7880e828: 70e9 bf01 | 0000 488b | 4c24 784c | 8bd1 4589 | 5014 f083 | 4424 c000 

  0x00007a1e7880e840: ;   {metadata(method data for {method} {0x00006d715f409d70} 'putVal' '(Ljava/lang/Object;Ljava/lang/Object;Z)Ljava/lang/Object;' in 'java/util/concurrent/ConcurrentHashMap')}
  0x00007a1e7880e840: 48be 5054 | 0154 716d | 0000 ff86 | 7805 0000 | 448b ac24 | 8800 0000 | 4c8b f14c | 8b5c 2470 
  0x00007a1e7880e860: e988 0100 | 008b b424 | 8800 0000 | 448b 8c24 | 8000 0000 | 488b 4c24 | 7848 8b54 | 2470 4c8b 
  0x00007a1e7880e880: ;   {metadata('java/util/concurrent/ConcurrentHashMap$Node')}
  0x00007a1e7880e880: da48 ba10 | ae17 5f71 | 6d00 004c | 8bf1 4c8b | ee49 8b87 | b804 0000 | 488d 4820 | 483b c80f 
  0x00007a1e7880e8a0: 82cd 0a00 | 0049 3b8f | c004 0000 | 0f87 c00a | 0000 4989 | 8fb8 0400 | 0048 8bf8 | 48c1 ef06 
  0x00007a1e7880e8c0: 49ba 0000 | 40d4 716d | 0000 458a | 143a 488b | c848 c1e9 | 0348 83e1 | 0748 c7c7 | 0100 0000 
  0x00007a1e7880e8e0: 48d3 e74c | 0bd7 488b | f848 c1ef | 0648 b900 | 0040 d471 | 6d00 0044 | 8814 3949 | 8387 2802 
  0x00007a1e7880e900: 0000 2049 | 8387 2802 | 0000 0048 | c700 0100 | 0000 488b | ca49 ba00 | 0000 5f71 | 6d00 0049 
  0x00007a1e7880e920: 2bca 8948 | 0848 33c9 | 8948 0c48 | 33c9 4889 | 4810 4889 | 4818 488b 

  0x00007a1e7880e938: ;   {metadata(method data for {method} {0x00006d715f409d70} 'putVal' '(Ljava/lang/Object;Ljava/lang/Object;Z)Ljava/lang/Object;' in 'java/util/concurrent/ConcurrentHashMap')}
  0x00007a1e7880e938: d048 b950 | 5401 5471 | 6d00 0048 | 8381 b005 

  0x00007a1e7880e948: ;   {metadata(method data for {method} {0x00006d715f17b628} '<init>' '(ILjava/lang/Object;Ljava/lang/Object;)V' in 'java/util/concurrent/ConcurrentHashMap$Node')}
  0x00007a1e7880e948: 0000 0148 | ba50 5d01 | 5471 6d00 | 008b 8af4 | 0000 0083 | c102 898a | f400 0000 | 81e1 feff 
  0x00007a1e7880e968: 1f00 85c9 | 0f84 0d0a | 0000 488b 

  0x00007a1e7880e974: ;   {metadata(method data for {method} {0x00006d715f17b628} '<init>' '(ILjava/lang/Object;Ljava/lang/Object;)V' in 'java/util/concurrent/ConcurrentHashMap$Node')}
  0x00007a1e7880e974: d048 b950 | 5d01 5471 | 6d00 0048 | 8381 3801 

  0x00007a1e7880e984: ;   {metadata(method data for {method} {0x00006d715f4791f0} '<init>' '()V' in 'java/lang/Object')}
  0x00007a1e7880e984: 0000 0148 | ba20 7100 | 5471 6d00 | 008b 8af4 | 0000 0083 | c102 898a | f400 0000 | 81e1 feff 
  0x00007a1e7880e9a4: 1f00 85c9 | 0f84 f209 | 0000 4489 | 680c 4d8b | d344 8950 | 104d 8bd6 | 4489 5014 | f083 4424 
  0x00007a1e7880e9c4: c000 4c8b | d045 8950 | 18f0 8344 

  0x00007a1e7880e9d0: ;   {metadata(method data for {method} {0x00006d715f409d70} 'putVal' '(Ljava/lang/Object;Ljava/lang/Object;Z)Ljava/lang/Object;' in 'java/util/concurrent/ConcurrentHashMap')}
  0x00007a1e7880e9d0: 24c0 0048 | ba50 5401 | 5471 6d00 | 00ff 82c0 

  0x00007a1e7880e9e0: ;   {oop(nullptr)}
  0x00007a1e7880e9e0: 0500 0048 | ba00 0000 | 0000 0000 

  0x00007a1e7880e9ec: ;   {metadata(method data for {method} {0x00006d715f409d70} 'putVal' '(Ljava/lang/Object;Ljava/lang/Object;Z)Ljava/lang/Object;' in 'java/util/concurrent/ConcurrentHashMap')}
  0x00007a1e7880e9ec: 0048 b950 | 5401 5471 | 6d00 00ff | 81f0 0500 | 0048 8bfa | 488b c34d | 8bc1 498b | cee9 a204 
  0x00007a1e7880ea0c: 0000 448b | ac24 8800 | 0000 448b | 8c24 8000 | 0000 4c8b | 7424 784c | 8b5c 2470 | 4885 c075 
  0x00007a1e7880ea2c: ;   {metadata(method data for {method} {0x00006d715f409d70} 'putVal' '(Ljava/lang/Object;Ljava/lang/Object;Z)Ljava/lang/Object;' in 'java/util/concurrent/ConcurrentHashMap')}
  0x00007a1e7880ea2c: 1749 b850 | 5401 5471 | 6d00 0041 | 8088 0106 | 0000 01e9 | fa00 0000 | 0f1f 4000 

  0x00007a1e7880ea48: ;   {no_reloc}
  0x00007a1e7880ea48: e983 0900 | 0000 0000 | 0000 448b | 4008 49ba | 0000 005f | 716d 0000 | 4d03 c24c | 3bc6 0f84 
  0x00007a1e7880ea68: 2900 0000 | 8b4e 1449 | 3b34 080f | 841c 0000 | 0083 f920 | 0f85 a000 | 0000 4150 

  0x00007a1e7880ea84: ;   {runtime_call slow_subtype_check Runtime1 stub}
  0x00007a1e7880ea84: 56e8 f659 | 5007 4158 | 5e85 f60f | 848d 0000 

  0x00007a1e7880ea94: ;   {metadata(method data for {method} {0x00006d715f409d70} 'putVal' '(Ljava/lang/Object;Ljava/lang/Object;Z)Ljava/lang/Object;' in 'java/util/concurrent/ConcurrentHashMap')}
  0x00007a1e7880ea94: 0049 b850 | 5401 5471 | 6d00 008b | 7008 49ba | 0000 005f | 716d 0000 | 4903 f249 | 3bb0 1806 
  0x00007a1e7880eab4: 0000 750d | 4983 8020 | 0600 0001 | e97e 0000 | 0049 3bb0 | 2806 0000 | 750d 4983 | 8030 0600 
  0x00007a1e7880ead4: 0001 e968 | 0000 0049 | 83b8 1806 | 0000 0075 | 1749 89b0 | 1806 0000 | 49c7 8020 | 0600 0001 
  0x00007a1e7880eaf4: 0000 00e9 | 4700 0000 | 4983 b828 | 0600 0000 | 7517 4989 | b028 0600 | 0049 c780 | 3006 0000 
  0x00007a1e7880eb14: 0100 0000 | e926 0000 | 00e9 2100 

  0x00007a1e7880eb20: ;   {metadata(method data for {method} {0x00006d715f409d70} 'putVal' '(Ljava/lang/Object;Ljava/lang/Object;Z)Ljava/lang/Object;' in 'java/util/concurrent/ConcurrentHashMap')}
  0x00007a1e7880eb20: 0000 49b8 | 5054 0154 | 716d 0000 | 4983 a808 | 0600 0001 | e905 0000 | 00e9 0500 | 0000 4833 
  0x00007a1e7880eb40: d2eb 0748 | c7c2 0100 | 0000 85d2 

  0x00007a1e7880eb4c: ;   {metadata(method data for {method} {0x00006d715f409d70} 'putVal' '(Ljava/lang/Object;Ljava/lang/Object;Z)Ljava/lang/Object;' in 'java/util/concurrent/ConcurrentHashMap')}
  0x00007a1e7880eb4c: 48ba 5054 | 0154 716d | 0000 48c7 | c140 0600 | 0074 0748 | c7c1 5006 | 0000 4c8b | 040a 4d8d 
  0x00007a1e7880eb6c: 4001 4c89 | 040a 0f84 | 0002 0000 | 4885 c075 

  0x00007a1e7880eb7c: ;   {metadata(method data for {method} {0x00006d715f409d70} 'putVal' '(Ljava/lang/Object;Ljava/lang/Object;Z)Ljava/lang/Object;' in 'java/util/concurrent/ConcurrentHashMap')}
  0x00007a1e7880eb7c: 1648 b950 | 5401 5471 | 6d00 0080 | 8959 0600 | 0001 e9f8 | 0000 000f | 1f44 0000 

  0x00007a1e7880eb98: ;   {no_reloc}
  0x00007a1e7880eb98: e94c 0800 | 0000 0000 | 0000 8b48 | 0849 ba00 | 0000 5f71 | 6d00 0049 | 03ca 483b | cf0f 8427 
  0x00007a1e7880ebb8: 0000 008b | 5714 483b | 3c11 0f84 | 1a00 0000 | 83fa 200f | 859e 0000 

  0x00007a1e7880ebd0: ;   {runtime_call slow_subtype_check Runtime1 stub}
  0x00007a1e7880ebd0: 0051 57e8 | a858 5007 | 595f 85ff | 0f84 8d00 

  0x00007a1e7880ebe0: ;   {metadata(method data for {method} {0x00006d715f409d70} 'putVal' '(Ljava/lang/Object;Ljava/lang/Object;Z)Ljava/lang/Object;' in 'java/util/concurrent/ConcurrentHashMap')}
  0x00007a1e7880ebe0: 0000 48b9 | 5054 0154 | 716d 0000 | 8b78 0849 | ba00 0000 | 5f71 6d00 | 0049 03fa | 483b b970 
  0x00007a1e7880ec00: 0600 0075 | 0d48 8381 | 7806 0000 | 01e9 7900 | 0000 483b | b980 0600 | 0075 0d48 | 8381 8806 
  0x00007a1e7880ec20: 0000 01e9 | 6300 0000 | 4883 b970 | 0600 0000 | 7517 4889 | b970 0600 | 0048 c781 | 7806 0000 
  0x00007a1e7880ec40: 0100 0000 | e942 0000 | 0048 83b9 | 8006 0000 | 0075 1748 | 89b9 8006 | 0000 48c7 | 8188 0600 
  0x00007a1e7880ec60: 0001 0000 | 00e9 2100 | 0000 e91c 

  0x00007a1e7880ec6c: ;   {metadata(method data for {method} {0x00006d715f409d70} 'putVal' '(Ljava/lang/Object;Ljava/lang/Object;Z)Ljava/lang/Object;' in 'java/util/concurrent/ConcurrentHashMap')}
  0x00007a1e7880ec6c: 0000 0048 | b950 5401 | 5471 6d00 | 0048 83a9 | 6006 0000 | 01e9 6d07 | 0000 e900 | 0000 0048 
  0x00007a1e7880ec8c: 8bf0 498b | d549 8bcb | 4d8b c666 | 0f1f 4400 | 0048 b8ff | ffff ffff 

  0x00007a1e7880eca4: ;   {virtual_call}
  0x00007a1e7880eca4: ffff ffe8 

  0x00007a1e7880eca8: ; ImmutableOopMap {[104]=Oop [112]=Oop [120]=Oop [144]=Oop [152]=Oop [216]=Oop }
                      ;*invokevirtual putTreeVal {reexecute=0 rethrow=0 return_oop=0}
                      ; - java.util.concurrent.ConcurrentHashMap::putVal@331 (line 1055)
  0x00007a1e7880eca8: d466 4507 

  0x00007a1e7880ecac: ;   {other}
  0x00007a1e7880ecac: 0f1f 8400 | 1c13 0009 

  0x00007a1e7880ecb4: ;   {metadata(method data for {method} {0x00006d715f409d70} 'putVal' '(Ljava/lang/Object;Ljava/lang/Object;Z)Ljava/lang/Object;' in 'java/util/concurrent/ConcurrentHashMap')}
  0x00007a1e7880ecb4: 4885 c048 | ba50 5401 | 5471 6d00 | 0048 c7c1 | e006 0000 | 7507 48c7 | c1d0 0600 | 0048 8b34 
  0x00007a1e7880ecd4: 0a48 8d76 | 0148 8934 | 0a0f 851c 

  0x00007a1e7880ece0: ;   {oop(nullptr)}
  0x00007a1e7880ece0: 0000 0048 | b800 0000 | 0000 0000 | 0044 8b84 | 2480 0000 | 0048 8b4c | 2478 e95c | 0000 0044 
  0x00007a1e7880ed00: 8b84 2480 | 0000 008b | 5014 4585 

  0x00007a1e7880ed0c: ;   {metadata(method data for {method} {0x00006d715f409d70} 'putVal' '(Ljava/lang/Object;Ljava/lang/Object;Z)Ljava/lang/Object;' in 'java/util/concurrent/ConcurrentHashMap')}
  0x00007a1e7880ed0c: c048 b950 | 5401 5471 | 6d00 0048 | c7c6 0007 | 0000 7407 | 48c7 c6f0 | 0600 0048 | 8b3c 3148 
  0x00007a1e7880ed2c: 8d7f 0148 | 893c 310f | 840d 0000 | 0048 8bc2 | 488b 4c24 | 78e9 1500 | 0000 488b | 4c24 784c 
  0x00007a1e7880ed4c: 8bd1 4489 | 5014 f083 | 4424 c000 

  0x00007a1e7880ed58: ;   {metadata(method data for {method} {0x00006d715f409d70} 'putVal' '(Ljava/lang/Object;Ljava/lang/Object;Z)Ljava/lang/Object;' in 'java/util/concurrent/ConcurrentHashMap')}
  0x00007a1e7880ed58: 488b c248 | ba50 5401 | 5471 6d00 | 00ff 8210 | 0700 0048 | 8bf8 b802 | 0000 00e9 | 3801 0000 
  0x00007a1e7880ed78: 4d8b c149 | 8bce 4885 

  0x00007a1e7880ed80: ;   {metadata(method data for {method} {0x00006d715f409d70} 'putVal' '(Ljava/lang/Object;Ljava/lang/Object;Z)Ljava/lang/Object;' in 'java/util/concurrent/ConcurrentHashMap')}
  0x00007a1e7880ed80: c075 1648 | bf50 5401 | 5471 6d00 | 0080 8f21 | 0700 0001 | e9cc 0000 

  0x00007a1e7880ed98: ;   {metadata('java/util/concurrent/ConcurrentHashMap$ReservationNode')}
  0x00007a1e7880ed98: 0048 bb30 | bf17 5f71 | 6d00 008b | 7008 49ba | 0000 005f | 716d 0000 | 4903 f248 | 3bde 0f85 
  0x00007a1e7880edb8: 8d00 0000 

  0x00007a1e7880edbc: ;   {metadata(method data for {method} {0x00006d715f409d70} 'putVal' '(Ljava/lang/Object;Ljava/lang/Object;Z)Ljava/lang/Object;' in 'java/util/concurrent/ConcurrentHashMap')}
  0x00007a1e7880edbc: 48bf 5054 | 0154 716d | 0000 8b58 | 0849 ba00 | 0000 5f71 | 6d00 0049 | 03da 483b | 9f38 0700 
  0x00007a1e7880eddc: 0075 0d48 | 8387 4007 | 0000 01e9 | 7e00 0000 | 483b 9f48 | 0700 0075 | 0d48 8387 | 5007 0000 
  0x00007a1e7880edfc: 01e9 6800 | 0000 4883 | bf38 0700 | 0000 7517 | 4889 9f38 | 0700 0048 | c787 4007 | 0000 0100 
  0x00007a1e7880ee1c: 0000 e947 | 0000 0048 | 83bf 4807 | 0000 0075 | 1748 899f | 4807 0000 | 48c7 8750 | 0700 0001 
  0x00007a1e7880ee3c: 0000 00e9 | 2600 0000 | e921 0000 

  0x00007a1e7880ee48: ;   {metadata(method data for {method} {0x00006d715f409d70} 'putVal' '(Ljava/lang/Object;Ljava/lang/Object;Z)Ljava/lang/Object;' in 'java/util/concurrent/ConcurrentHashMap')}
  0x00007a1e7880ee48: 0048 bf50 | 5401 5471 | 6d00 0048 | 83af 2807 | 0000 01e9 | 0500 0000 | e905 0000 | 0048 33d2 
  0x00007a1e7880ee68: eb07 48c7 | c201 0000 

  0x00007a1e7880ee70: ;   {metadata(method data for {method} {0x00006d715f409d70} 'putVal' '(Ljava/lang/Object;Ljava/lang/Object;Z)Ljava/lang/Object;' in 'java/util/concurrent/ConcurrentHashMap')}
  0x00007a1e7880ee70: 0085 d248 | ba50 5401 | 5471 6d00 | 0048 c7c6 | 7007 0000 | 7507 48c7 | c660 0700 | 0048 8b3c 
  0x00007a1e7880ee90: 3248 8d7f | 0148 893c | 320f 854d | 0200 008b | 8424 8400 

  0x00007a1e7880eea4: ;   {oop(nullptr)}
  0x00007a1e7880eea4: 0000 48bf | 0000 0000 | 0000 0000 | 488b d848 | 8d84 24d0 | 0000 0048 | 8b10 4885 | d20f 840f 
  0x00007a1e7880eec4: 0000 0048 | 8b70 08f0 | 480f b116 | 0f85 2b05 | 0000 49ff | 8f68 0800 

  0x00007a1e7880eedc: ;   {metadata(method data for {method} {0x00006d715f409d70} 'putVal' '(Ljava/lang/Object;Ljava/lang/Object;Z)Ljava/lang/Object;' in 'java/util/concurrent/ConcurrentHashMap')}
  0x00007a1e7880eedc: 0048 ba50 | 5401 5471 | 6d00 00ff | 8290 0700 

  0x00007a1e7880eeec: ;   {metadata(method data for {method} {0x00006d715f409d70} 'putVal' '(Ljava/lang/Object;Ljava/lang/Object;Z)Ljava/lang/Object;' in 'java/util/concurrent/ConcurrentHashMap')}
  0x00007a1e7880eeec: 0085 db48 | ba50 5401 | 5471 6d00 | 0048 c7c6 | b807 0000 | 7507 48c7 | c6a8 0700 | 0048 8b04 
  0x00007a1e7880ef0c: 3248 8d40 | 0148 8904 | 320f 8566 | 0000 0048 | 8b84 2490 | 0000 0048 

  0x00007a1e7880ef24: ;   {metadata(method data for {method} {0x00006d715f409d70} 'putVal' '(Ljava/lang/Object;Ljava/lang/Object;Z)Ljava/lang/Object;' in 'java/util/concurrent/ConcurrentHashMap')}
  0x00007a1e7880ef24: 8bf3 48ba | 5054 0154 | 716d 0000 | 8bba f800 | 0000 83c7 | 0289 baf8 | 0000 0081 | e7fe 3f00 
  0x00007a1e7880ef44: 0085 ff0f | 84ca 0400 | 004d 8b97 

  0x00007a1e7880ef50: ; ImmutableOopMap {rcx=Oop rax=Oop [104]=Oop [112]=Oop [120]=Oop }
                      ;*goto {reexecute=1 rethrow=0 return_oop=0}
                      ; - (reexecute) java.util.concurrent.ConcurrentHashMap::putVal@420 (line 1074)
  0x00007a1e7880ef50: 7007 0000 

  0x00007a1e7880ef54: ;   {poll}
  0x00007a1e7880ef54: 4185 0248 | ba50 5401 | 5471 6d00 | 00ff 8240 | 0800 0048 | 8bd0 488b | c648 8bda | 8984 2484 
  0x00007a1e7880ef74: 0000 0048 | 8b7c 2468 | e94f efff | ff48 8b94 | 2490 0000 | 0083 fb08 

  0x00007a1e7880ef8c: ;   {metadata(method data for {method} {0x00006d715f409d70} 'putVal' '(Ljava/lang/Object;Ljava/lang/Object;Z)Ljava/lang/Object;' in 'java/util/concurrent/ConcurrentHashMap')}
  0x00007a1e7880ef8c: 48b9 5054 | 0154 716d | 0000 48c7 | c6d8 0700 | 007d 0748 | c7c6 c807 | 0000 488b | 0431 488d 
  0x00007a1e7880efac: 4001 4889 | 0431 0f8d | 0c00 0000 | 899c 24b8 | 0000 00e9 | 5000 0000 | 4889 bc24 | b000 0000 
  0x00007a1e7880efcc: 899c 24b8 | 0000 0044 | 8b8c 248c | 0000 0048 | 8b74 2468 

  0x00007a1e7880efe0: ;   {metadata(method data for {method} {0x00006d715f409d70} 'putVal' '(Ljava/lang/Object;Ljava/lang/Object;Z)Ljava/lang/Object;' in 'java/util/concurrent/ConcurrentHashMap')}
  0x00007a1e7880efe0: 48b9 5054 | 0154 716d | 0000 4883 | 81e8 0700 | 0001 498b | c948 8b74 | 2468 0f1f 

  0x00007a1e7880effc: ;   {optimized virtual_call}
  0x00007a1e7880effc: 4400 00e8 

  0x00007a1e7880f000: ; ImmutableOopMap {[104]=Oop [176]=Oop }
                      ;*invokevirtual treeifyBin {reexecute=0 rethrow=0 return_oop=0}
                      ; - java.util.concurrent.ConcurrentHashMap::putVal@409 (line 1068)
  0x00007a1e7880f000: 7c60 4507 

  0x00007a1e7880f004: ;   {other}
  0x00007a1e7880f004: 0f1f 8400 | 7416 000b | 488b bc24 | b000 0000 

  0x00007a1e7880f014: ;   {metadata(method data for {method} {0x00006d715f409d70} 'putVal' '(Ljava/lang/Object;Ljava/lang/Object;Z)Ljava/lang/Object;' in 'java/util/concurrent/ConcurrentHashMap')}
  0x00007a1e7880f014: 4885 ff48 | b850 5401 | 5471 6d00 | 0048 c7c2 | 3008 0000 | 7507 48c7 | c220 0800 | 0048 8b0c 
  0x00007a1e7880f034: 1048 8d49 | 0148 890c | 100f 850c | 0000 008b | 8424 b800 | 0000 e949 | 0000 0048 | 8bc7 4881 
  0x00007a1e7880f054: c4f0 0000 

  0x00007a1e7880f058: ;   {poll_return}
  0x00007a1e7880f058: 005d 493b | a768 0700 | 000f 87d1 | 0300 00c3 | 488b c648 | 81c4 f000 

  0x00007a1e7880f070: ;   {poll_return}
  0x00007a1e7880f070: 0000 5d49 | 3ba7 6807 | 0000 0f87 | ce03 0000 | c38b 8424 | 8400 0000 

  0x00007a1e7880f088: ;   {metadata(method data for {method} {0x00006d715f409d70} 'putVal' '(Ljava/lang/Object;Ljava/lang/Object;Z)Ljava/lang/Object;' in 'java/util/concurrent/ConcurrentHashMap')}
  0x00007a1e7880f088: 48ba 5054 | 0154 716d | 0000 ff82 | d002 0000 | 488b 7424 | 6848 8bd6 

  0x00007a1e7880f0a0: ;   {metadata(method data for {method} {0x00006d715f409d70} 'putVal' '(Ljava/lang/Object;Ljava/lang/Object;Z)Ljava/lang/Object;' in 'java/util/concurrent/ConcurrentHashMap')}
  0x00007a1e7880f0a0: 48b9 5054 | 0154 716d | 0000 4883 | 8158 0800 | 0001 48c7 | c201 0000 | 0048 8bc8 

  0x00007a1e7880f0bc: ;   {optimized virtual_call}
  0x00007a1e7880f0bc: 6666 90e8 

  0x00007a1e7880f0c0: ; ImmutableOopMap {}
                      ;*invokevirtual addCount {reexecute=0 rethrow=0 return_oop=0}
                      ; - java.util.concurrent.ConcurrentHashMap::putVal@427 (line 1075)
  0x00007a1e7880f0c0: 3c15 0000 

  0x00007a1e7880f0c4: ;   {other}
  0x00007a1e7880f0c4: 0f1f 8400 | 3417 000c 

  0x00007a1e7880f0cc: ;   {oop(nullptr)}
  0x00007a1e7880f0cc: 48b8 0000 | 0000 0000 | 0000 4881 | c4f0 0000 

  0x00007a1e7880f0dc: ;   {poll_return}
  0x00007a1e7880f0dc: 005d 493b | a768 0700 | 000f 8779 | 0300 00c3 | 0f1f 4000 

  0x00007a1e7880f0f0: ;   {no_reloc}
  0x00007a1e7880f0f0: e994 0300 | 0000 0000 | 0000 e994 | 0300 0048 

  0x00007a1e7880f100: ;   {metadata(method data for {method} {0x00006d715f409d70} 'putVal' '(Ljava/lang/Object;Ljava/lang/Object;Z)Ljava/lang/Object;' in 'java/util/concurrent/ConcurrentHashMap')}
  0x00007a1e7880f100: 8bd0 48be | 5054 0154 | 716d 0000 | 4883 8680 | 0700 0001 

  0x00007a1e7880f114: ;   {oop("Recursive update"{0x00000000403c8048})}
  0x00007a1e7880f114: 48ba 4880 | 3c40 0000 | 0000 488b | f048 8984 | 24c0 0000 | 0066 0f1f 

  0x00007a1e7880f12c: ;   {optimized virtual_call}
  0x00007a1e7880f12c: 4400 00e8 

  0x00007a1e7880f130: ; ImmutableOopMap {[152]=Oop [192]=Oop [216]=Oop }
                      ;*invokespecial <init> {reexecute=0 rethrow=0 return_oop=0}
                      ; - java.util.concurrent.ConcurrentHashMap::putVal@374 (line 1063)
  0x00007a1e7880f130: 4c5f 4507 

  0x00007a1e7880f134: ;   {other}
  0x00007a1e7880f134: 0f1f 8400 | a417 000d | 488b 8424 

  0x00007a1e7880f140: ; ImmutableOopMap {rax=Oop [152]=Oop [216]=Oop }
                      ;*athrow {reexecute=1 rethrow=0 return_oop=0}
                      ; - (reexecute) java.util.concurrent.ConcurrentHashMap::putVal@377 (line 1063)
  0x00007a1e7880f140: c000 0000 

  0x00007a1e7880f144: ;   {section_word}
  0x00007a1e7880f144: 48ba 44f1 | 8078 1e7a 

  0x00007a1e7880f14c: ;   {runtime_call handle_exception_nofpu Runtime1 stub}
  0x00007a1e7880f14c: 0000 e82d | 4150 0790 | 0f1f 4000 

  0x00007a1e7880f158: ;   {no_reloc}
  0x00007a1e7880f158: e952 0300 | 0000 0000 | 0000 498b | 87b8 0400 | 0048 8d48 | 3048 3bc8 | 0f82 4303 | 0000 493b 
  0x00007a1e7880f178: 8fc0 0400 | 000f 8736 | 0300 0049 | 898f b804 | 0000 488b | f848 c1ef | 0649 ba00 | 0040 d471 
  0x00007a1e7880f198: 6d00 0045 | 8a14 3a48 | 8bc8 48c1 | e903 4883 | e107 48c7 | c701 0000 | 0048 d3e7 | 4c0b d748 
  0x00007a1e7880f1b8: 8bf8 48c1 | ef06 48b9 | 0000 40d4 | 716d 0000 | 4488 1439 | 4983 8728 | 0200 0030 | 4983 8728 
  0x00007a1e7880f1d8: 0200 0000 | 48c7 0001 | 0000 0048 | 8bca 49ba | 0000 005f | 716d 0000 | 492b ca89 | 4808 4833 
  0x00007a1e7880f1f8: c989 480c | 4833 c948 | 8948 1048 | 8948 1848 | 8948 2048 | 8948 2848 

  0x00007a1e7880f210: ;   {metadata(method data for {method} {0x00006d715f409d70} 'putVal' '(Ljava/lang/Object;Ljava/lang/Object;Z)Ljava/lang/Object;' in 'java/util/concurrent/ConcurrentHashMap')}
  0x00007a1e7880f210: 8bf0 48bf | 5054 0154 | 716d 0000 | 4883 8778 | 0100 0001 | 488b f048 | 8984 24c8 

  0x00007a1e7880f22c: ;   {optimized virtual_call}
  0x00007a1e7880f22c: 0000 00e8 

  0x00007a1e7880f230: ; ImmutableOopMap {[200]=Oop }
                      ;*invokespecial <init> {reexecute=0 rethrow=0 return_oop=0}
                      ; - java.util.concurrent.ConcurrentHashMap::putVal@12 (line 1011)
  0x00007a1e7880f230: 4c5e 4507 

  0x00007a1e7880f234: ;   {other}
  0x00007a1e7880f234: 0f1f 8400 | a418 000f | 488b 8424 | c800 0000 | e9b0 0200 | 0049 8b87 | 1808 0000 | 4d33 d24d 
  0x00007a1e7880f254: 8997 1808 | 0000 4d33 | d24d 8997 | 2008 0000 | 488b f048 | 8d84 24d0 | 0000 0048 | 8b38 4885 
  0x00007a1e7880f274: ff0f 840f | 0000 0048 | 8b58 08f0 | 480f b13b | 0f85 3c02 | 0000 49ff | 8f68 0800 | 0048 8bc6 
  0x00007a1e7880f294: e960 0200 

  0x00007a1e7880f298: ;   {metadata({method} {0x00006d715f409d70} 'putVal' '(Ljava/lang/Object;Ljava/lang/Object;Z)Ljava/lang/Object;' in 'java/util/concurrent/ConcurrentHashMap')}
  0x00007a1e7880f298: 0049 ba70 | 9d40 5f71 | 6d00 004c | 8954 2408 | 48c7 0424 | ffff ffff 

  0x00007a1e7880f2b0: ;   {runtime_call counter_overflow Runtime1 stub}
  0x00007a1e7880f2b0: e84b 9250 

  0x00007a1e7880f2b4: ; ImmutableOopMap {rsi=Oop rdx=Oop rcx=Oop [104]=Oop [112]=Oop [120]=Oop }
                      ;*synchronization entry
                      ; - java.util.concurrent.ConcurrentHashMap::putVal@-1 (line 1011)
  0x00007a1e7880f2b4: 07e9 a3ea 

  0x00007a1e7880f2b8: ;   {runtime_call throw_null_pointer_exception Runtime1 stub}
  0x00007a1e7880f2b8: ffff e8c1 

  0x00007a1e7880f2bc: ; ImmutableOopMap {rdx=Oop [104]=Oop [112]=Oop [120]=Oop }
                      ;*invokevirtual hashCode {reexecute=0 rethrow=0 return_oop=0}
                      ; - java.util.concurrent.ConcurrentHashMap::putVal@17 (line 1012)
                      ;   {metadata({method} {0x00006d715f409e20} 'spread' '(I)I' in 'java/util/concurrent/ConcurrentHashMap')}
  0x00007a1e7880f2bc: 2450 0749 | ba20 9e40 | 5f71 6d00 | 004c 8954 | 2408 48c7 | 0424 ffff 

  0x00007a1e7880f2d4: ;   {runtime_call counter_overflow Runtime1 stub}
  0x00007a1e7880f2d4: ffff e825 

  0x00007a1e7880f2d8: ; ImmutableOopMap {[104]=Oop [112]=Oop [120]=Oop }
                      ;*synchronization entry
                      ; - java.util.concurrent.ConcurrentHashMap::spread@-1 (line 697)
                      ; - java.util.concurrent.ConcurrentHashMap::putVal@20 (line 1012)
  0x00007a1e7880f2d8: 9250 07e9 | c5eb ffff 

  0x00007a1e7880f2e0: ;   {runtime_call throw_null_pointer_exception Runtime1 stub}
  0x00007a1e7880f2e0: e89b 2450 

  0x00007a1e7880f2e4: ; ImmutableOopMap {rdi=Oop rbx=Oop [104]=Oop [112]=Oop [120]=Oop }
                      ;*arraylength {reexecute=0 rethrow=0 return_oop=0}
                      ; - java.util.concurrent.ConcurrentHashMap::putVal@41 (line 1016)
  0x00007a1e7880f2e4: 0748 8bd2 

  0x00007a1e7880f2e8: ;   {runtime_call fast_new_instance Runtime1 stub}
  0x00007a1e7880f2e8: e893 3050 

  0x00007a1e7880f2ec: ; ImmutableOopMap {rbx=Oop r11=Oop [104]=Oop [112]=Oop [120]=Oop [144]=Oop }
                      ;*new {reexecute=0 rethrow=0 return_oop=0}
                      ; - java.util.concurrent.ConcurrentHashMap::putVal@83 (line 1019)
  0x00007a1e7880f2ec: 07e9 daed 

  0x00007a1e7880f2f0: ;   {metadata({method} {0x00006d715f17b628} '<init>' '(ILjava/lang/Object;Ljava/lang/Object;)V' in 'java/util/concurrent/ConcurrentHashMap$Node')}
  0x00007a1e7880f2f0: ffff 49ba | 28b6 175f | 716d 0000 | 4c89 5424 | 0848 c704 | 24ff ffff 

  0x00007a1e7880f308: ;   {runtime_call counter_overflow Runtime1 stub}
  0x00007a1e7880f308: ffe8 f291 

  0x00007a1e7880f30c: ; ImmutableOopMap {rbx=Oop r11=Oop rax=Oop [104]=Oop [112]=Oop [120]=Oop [144]=Oop }
                      ;*synchronization entry
                      ; - java.util.concurrent.ConcurrentHashMap$Node::<init>@-1 (line 631)
                      ; - java.util.concurrent.ConcurrentHashMap::putVal@91 (line 1019)
  0x00007a1e7880f30c: 5007 e9f5 

  0x00007a1e7880f310: ;   {metadata({method} {0x00006d715f4791f0} '<init>' '()V' in 'java/lang/Object')}
  0x00007a1e7880f310: edff ff49 | baf0 9147 | 5f71 6d00 | 004c 8954 | 2408 48c7 | 0424 ffff 

  0x00007a1e7880f328: ;   {runtime_call counter_overflow Runtime1 stub}
  0x00007a1e7880f328: ffff e8d1 

  0x00007a1e7880f32c: ; ImmutableOopMap {rbx=Oop r11=Oop rax=Oop [104]=Oop [112]=Oop [120]=Oop [144]=Oop }
                      ;*synchronization entry
                      ; - java.lang.Object::<init>@-1 (line 45)
                      ; - java.util.concurrent.ConcurrentHashMap$Node::<init>@1 (line 631)
                      ; - java.util.concurrent.ConcurrentHashMap::putVal@91 (line 1019)
  0x00007a1e7880f32c: 9150 07e9 | 10ee ffff 

  0x00007a1e7880f334: ;   {runtime_call throw_null_pointer_exception Runtime1 stub}
  0x00007a1e7880f334: e847 2450 

  0x00007a1e7880f338: ; ImmutableOopMap {rax=Oop [104]=Oop [112]=Oop [120]=Oop [144]=Oop [152]=Oop }
                      ;*getfield hash {reexecute=1 rethrow=0 return_oop=0}
                      ; - (reexecute) java.util.concurrent.ConcurrentHashMap::putVal@105 (line 1022)
  0x00007a1e7880f338: 0748 897c | 2408 4889 

  0x00007a1e7880f340: ;   {runtime_call monitorenter_nofpu Runtime1 stub}
  0x00007a1e7880f340: 3424 e839 

  0x00007a1e7880f344: ; ImmutableOopMap {rdi=Oop [104]=Oop [112]=Oop [120]=Oop [144]=Oop [152]=Oop [216]=Oop }
                      ;*monitorenter {reexecute=0 rethrow=0 return_oop=0}
                      ; - java.util.concurrent.ConcurrentHashMap::putVal@187 (line 1031)
  0x00007a1e7880f344: 6050 07e9 | 85f1 ffff 

  0x00007a1e7880f34c: ;   {runtime_call throw_null_pointer_exception Runtime1 stub}
  0x00007a1e7880f34c: e82f 2450 

  0x00007a1e7880f350: ; ImmutableOopMap {rax=Oop rdx=Oop [104]=Oop [112]=Oop [120]=Oop [144]=Oop [152]=Oop [216]=Oop }
                      ;*getfield hash {reexecute=1 rethrow=0 return_oop=0}
                      ; - (reexecute) java.util.concurrent.ConcurrentHashMap::putVal@214 (line 1037)
                      ;   {metadata({method} {0x00006d715f409d70} 'putVal' '(Ljava/lang/Object;Ljava/lang/Object;Z)Ljava/lang/Object;' in 'java/util/concurrent/ConcurrentHashMap')}
  0x00007a1e7880f350: 0749 ba70 | 9d40 5f71 | 6d00 004c | 8954 2408 | 48c7 0424 | 3101 0000 

  0x00007a1e7880f368: ;   {runtime_call counter_overflow Runtime1 stub}
  0x00007a1e7880f368: e893 9150 

  0x00007a1e7880f36c: ; ImmutableOopMap {rdx=Oop [104]=Oop [112]=Oop [120]=Oop [144]=Oop [152]=Oop [216]=Oop }
                      ;*goto {reexecute=1 rethrow=0 return_oop=0}
                      ; - (reexecute) java.util.concurrent.ConcurrentHashMap::putVal@305 (line 1035)
  0x00007a1e7880f36c: 07e9 3bf4 | ffff 488b 

  0x00007a1e7880f374: ;   {runtime_call fast_new_instance Runtime1 stub}
  0x00007a1e7880f374: d2e8 0630 

  0x00007a1e7880f378: ; ImmutableOopMap {r8=Oop r11=Oop r14=Oop [104]=Oop [112]=Oop [120]=Oop [144]=Oop [152]=Oop [216]=Oop }
                      ;*new {reexecute=0 rethrow=0 return_oop=0}
                      ; - java.util.concurrent.ConcurrentHashMap::putVal@285 (line 1047)
  0x00007a1e7880f378: 5007 e9b7 

  0x00007a1e7880f37c: ;   {metadata({method} {0x00006d715f17b628} '<init>' '(ILjava/lang/Object;Ljava/lang/Object;)V' in 'java/util/concurrent/ConcurrentHashMap$Node')}
  0x00007a1e7880f37c: f5ff ff49 | ba28 b617 | 5f71 6d00 | 004c 8954 | 2408 48c7 | 0424 ffff 

  0x00007a1e7880f394: ;   {runtime_call counter_overflow Runtime1 stub}
  0x00007a1e7880f394: ffff e865 

  0x00007a1e7880f398: ; ImmutableOopMap {r8=Oop r11=Oop r14=Oop rax=Oop [104]=Oop [112]=Oop [120]=Oop [144]=Oop [152]=Oop [216]=Oop }
                      ;*synchronization entry
                      ; - java.util.concurrent.ConcurrentHashMap$Node::<init>@-1 (line 631)
                      ; - java.util.concurrent.ConcurrentHashMap::putVal@293 (line 1047)
  0x00007a1e7880f398: 9150 07e9 | d2f5 ffff 

  0x00007a1e7880f3a0: ;   {metadata({method} {0x00006d715f4791f0} '<init>' '()V' in 'java/lang/Object')}
  0x00007a1e7880f3a0: 49ba f091 | 475f 716d | 0000 4c89 | 5424 0848 | c704 24ff 

  0x00007a1e7880f3b4: ;   {runtime_call counter_overflow Runtime1 stub}
  0x00007a1e7880f3b4: ffff ffe8 

  0x00007a1e7880f3b8: ; ImmutableOopMap {r8=Oop r11=Oop r14=Oop rax=Oop [104]=Oop [112]=Oop [120]=Oop [144]=Oop [152]=Oop [216]=Oop }
                      ;*synchronization entry
                      ; - java.lang.Object::<init>@-1 (line 45)
                      ; - java.util.concurrent.ConcurrentHashMap$Node::<init>@1 (line 631)
                      ; - java.util.concurrent.ConcurrentHashMap::putVal@293 (line 1047)
  0x00007a1e7880f3b8: 4491 5007 | e9ed f5ff 

  0x00007a1e7880f3c0: ;   {metadata(nullptr)}
  0x00007a1e7880f3c0: ff48 be00 | 0000 0000 | 0000 00b8 | 000f 050a 

  0x00007a1e7880f3d0: ;   {runtime_call load_klass_patching Runtime1 stub}
  0x00007a1e7880f3d0: e8ab 7250 

  0x00007a1e7880f3d4: ; ImmutableOopMap {r11=Oop r14=Oop rax=Oop [104]=Oop [112]=Oop [120]=Oop [144]=Oop [152]=Oop [216]=Oop }
                      ;*instanceof {reexecute=1 rethrow=0 return_oop=0}
                      ; - (reexecute) java.util.concurrent.ConcurrentHashMap::putVal@313 (line 1052)
  0x00007a1e7880f3d4: 07e9 6ef6 

  0x00007a1e7880f3d8: ;   {metadata(nullptr)}
  0x00007a1e7880f3d8: ffff 48bf | 0000 0000 | 0000 0000 | b800 0f05 

  0x00007a1e7880f3e8: ;   {runtime_call load_klass_patching Runtime1 stub}
  0x00007a1e7880f3e8: 0ae8 9272 

  0x00007a1e7880f3ec: ; ImmutableOopMap {r11=Oop r14=Oop rax=Oop [104]=Oop [112]=Oop [120]=Oop [144]=Oop [152]=Oop [216]=Oop }
                      ;*checkcast {reexecute=1 rethrow=0 return_oop=0}
                      ; - (reexecute) java.util.concurrent.ConcurrentHashMap::putVal@324 (line 1055)
  0x00007a1e7880f3ec: 5007 e9a5 | f7ff ff48 

  0x00007a1e7880f3f4: ;   {runtime_call throw_class_cast_exception Runtime1 stub}
  0x00007a1e7880f3f4: 8904 24e8 

  0x00007a1e7880f3f8: ; ImmutableOopMap {r11=Oop r14=Oop rax=Oop [104]=Oop [112]=Oop [120]=Oop [144]=Oop [152]=Oop [216]=Oop }
                      ;*checkcast {reexecute=0 rethrow=0 return_oop=0}
                      ; - java.util.concurrent.ConcurrentHashMap::putVal@324 (line 1055)
  0x00007a1e7880f3f8: 844a 5007 

  0x00007a1e7880f3fc: ;   {runtime_call throw_null_pointer_exception Runtime1 stub}
  0x00007a1e7880f3fc: e87f 2350 

  0x00007a1e7880f400: ; ImmutableOopMap {rax=Oop [104]=Oop [112]=Oop [120]=Oop [144]=Oop [152]=Oop [216]=Oop }
                      ;*getfield val {reexecute=1 rethrow=0 return_oop=0}
                      ; - (reexecute) java.util.concurrent.ConcurrentHashMap::putVal@342 (line 1057)
  0x00007a1e7880f400: 0748 8d84 | 24d0 0000 | 0048 8904 

  0x00007a1e7880f40c: ;   {runtime_call monitorexit_nofpu Runtime1 stub}
  0x00007a1e7880f40c: 24e8 6e65 | 5007 e9c6 

  0x00007a1e7880f414: ;   {metadata({method} {0x00006d715f409d70} 'putVal' '(Ljava/lang/Object;Ljava/lang/Object;Z)Ljava/lang/Object;' in 'java/util/concurrent/ConcurrentHashMap')}
  0x00007a1e7880f414: faff ff49 | ba70 9d40 | 5f71 6d00 | 004c 8954 | 2408 48c7 | 0424 a401 

  0x00007a1e7880f42c: ;   {runtime_call counter_overflow Runtime1 stub}
  0x00007a1e7880f42c: 0000 e8cd 

  0x00007a1e7880f430: ; ImmutableOopMap {rcx=Oop rax=Oop [104]=Oop [112]=Oop [120]=Oop }
                      ;*goto {reexecute=1 rethrow=0 return_oop=0}
                      ; - (reexecute) java.util.concurrent.ConcurrentHashMap::putVal@420 (line 1074)
  0x00007a1e7880f430: 9050 07e9 | 15fb ffff 

  0x00007a1e7880f438: ;   {internal_word}
  0x00007a1e7880f438: 49ba 5af0 | 8078 1e7a | 0000 4d89 | 9780 0700 

  0x00007a1e7880f448: ;   {runtime_call SafepointBlob}
  0x00007a1e7880f448: 00e9 b2bf 

  0x00007a1e7880f44c: ;   {internal_word}
  0x00007a1e7880f44c: 4507 49ba | 73f0 8078 | 1e7a 0000 | 4d89 9780 

  0x00007a1e7880f45c: ;   {runtime_call SafepointBlob}
  0x00007a1e7880f45c: 0700 00e9 | 9cbf 4507 

  0x00007a1e7880f464: ;   {internal_word}
  0x00007a1e7880f464: 49ba def0 | 8078 1e7a | 0000 4d89 | 9780 0700 

  0x00007a1e7880f474: ;   {runtime_call SafepointBlob}
  0x00007a1e7880f474: 00e9 86bf 

  0x00007a1e7880f478: ;   {metadata(nullptr)}
  0x00007a1e7880f478: 4507 48ba | 0000 0000 | 0000 0000 | b800 0f05 

  0x00007a1e7880f488: ;   {runtime_call load_klass_patching Runtime1 stub}
  0x00007a1e7880f488: 0ae8 f271 

  0x00007a1e7880f48c: ; ImmutableOopMap {[152]=Oop [216]=Oop }
                      ;*new {reexecute=1 rethrow=0 return_oop=0}
                      ; - (reexecute) java.util.concurrent.ConcurrentHashMap::putVal@368 (line 1063)
  0x00007a1e7880f48c: 5007 e95d | fcff ff48 

  0x00007a1e7880f494: ;   {runtime_call new_instance Runtime1 stub}
  0x00007a1e7880f494: 8bd2 e8e5 

  0x00007a1e7880f498: ; ImmutableOopMap {[152]=Oop [216]=Oop }
                      ;*new {reexecute=0 rethrow=0 return_oop=0}
                      ; - java.util.concurrent.ConcurrentHashMap::putVal@368 (line 1063)
  0x00007a1e7880f498: 2b50 07e9 | 5ffc ffff 

  0x00007a1e7880f4a0: ;   {metadata(nullptr)}
  0x00007a1e7880f4a0: 48ba 0000 | 0000 0000 | 0000 b800 

  0x00007a1e7880f4ac: ;   {runtime_call load_klass_patching Runtime1 stub}
  0x00007a1e7880f4ac: 0f05 0ae8 

  0x00007a1e7880f4b0: ; ImmutableOopMap {}
                      ;*new {reexecute=1 rethrow=0 return_oop=0}
                      ; - (reexecute) java.util.concurrent.ConcurrentHashMap::putVal@8 (line 1011)
  0x00007a1e7880f4b0: cc71 5007 | e99f fcff | ff48 8bd2 

  0x00007a1e7880f4bc: ;   {runtime_call fast_new_instance Runtime1 stub}
  0x00007a1e7880f4bc: e8bf 2e50 

  0x00007a1e7880f4c0: ; ImmutableOopMap {}
                      ;*new {reexecute=0 rethrow=0 return_oop=0}
                      ; - java.util.concurrent.ConcurrentHashMap::putVal@8 (line 1011)
  0x00007a1e7880f4c0: 07e9 49fd | ffff 488d | 8424 d000 | 0000 4889 

  0x00007a1e7880f4d0: ;   {runtime_call monitorexit_nofpu Runtime1 stub}
  0x00007a1e7880f4d0: 0424 e8a9 | 6450 07e9 | b5fd ffff | 498b 8718 | 0800 0049 | c787 1808 | 0000 0000 | 0000 49c7 
  0x00007a1e7880f4f0: 8720 0800 | 0000 0000 | 0048 81c4 | f000 0000 

  0x00007a1e7880f500: ;   {runtime_call unwind_exception Runtime1 stub}
  0x00007a1e7880f500: 5de9 7a10 | 5007 f4f4 
[Stub Code]
  0x00007a1e7880f508: ;   {no_reloc}
  0x00007a1e7880f508: 0f1f 4400 

  0x00007a1e7880f50c: ;   {static_stub}
  0x00007a1e7880f50c: 0048 bb00 | 0000 0000 

  0x00007a1e7880f514: ;   {runtime_call nmethod}
  0x00007a1e7880f514: 0000 00e9 | fbff ffff 

  0x00007a1e7880f51c: ;   {static_stub}
  0x00007a1e7880f51c: 9048 bb00 | 0000 0000 

  0x00007a1e7880f524: ;   {runtime_call nmethod}
  0x00007a1e7880f524: 0000 00e9 | fbff ffff 

  0x00007a1e7880f52c: ;   {static_stub}
  0x00007a1e7880f52c: 9048 bb00 | 0000 0000 

  0x00007a1e7880f534: ;   {runtime_call nmethod}
  0x00007a1e7880f534: 0000 00e9 | fbff ffff 

  0x00007a1e7880f53c: ;   {static_stub}
  0x00007a1e7880f53c: 9048 bb00 | 0000 0000 

  0x00007a1e7880f544: ;   {runtime_call nmethod}
  0x00007a1e7880f544: 0000 00e9 | fbff ffff 

  0x00007a1e7880f54c: ;   {static_stub}
  0x00007a1e7880f54c: 9048 bb00 | 0000 0000 

  0x00007a1e7880f554: ;   {runtime_call nmethod}
  0x00007a1e7880f554: 0000 00e9 | fbff ffff 

  0x00007a1e7880f55c: ;   {static_stub}
  0x00007a1e7880f55c: 48bb 0000 | 0000 0000 

  0x00007a1e7880f564: ;   {runtime_call nmethod}
  0x00007a1e7880f564: 0000 e9fb 

  0x00007a1e7880f568: ;   {static_stub}
  0x00007a1e7880f568: ffff ff48 | bb00 0000 | 0000 0000 

  0x00007a1e7880f574: ;   {runtime_call nmethod}
  0x00007a1e7880f574: 00e9 fbff 

  0x00007a1e7880f578: ;   {static_stub}
  0x00007a1e7880f578: ffff 48bb | 0000 0000 | 0000 0000 

  0x00007a1e7880f584: ;   {runtime_call nmethod}
  0x00007a1e7880f584: e9fb ffff 

  0x00007a1e7880f588: ;   {static_stub}
  0x00007a1e7880f588: ff48 bb00 | 0000 0000 

  0x00007a1e7880f590: ;   {runtime_call nmethod}
  0x00007a1e7880f590: 0000 00e9 | fbff ffff 

  0x00007a1e7880f598: ;   {static_stub}
  0x00007a1e7880f598: 48bb 0000 | 0000 0000 

  0x00007a1e7880f5a0: ;   {runtime_call nmethod}
  0x00007a1e7880f5a0: 0000 e9fb 

  0x00007a1e7880f5a4: ;   {static_stub}
  0x00007a1e7880f5a4: ffff ff48 | bb18 9d40 | 5f71 6d00 

  0x00007a1e7880f5b0: ;   {runtime_call I2C/C2I adapters}
  0x00007a1e7880f5b0: 00e9 2d4f 

  0x00007a1e7880f5b4: ;   {static_stub}
  0x00007a1e7880f5b4: 4507 48bb | 0000 0000 | 0000 0000 

  0x00007a1e7880f5c0: ;   {runtime_call nmethod}
  0x00007a1e7880f5c0: e9fb ffff 

  0x00007a1e7880f5c4: ;   {runtime_call handle_exception_from_callee Runtime1 stub}
  0x00007a1e7880f5c4: ffe8 b642 

  0x00007a1e7880f5c8: ;   {external_word}
  0x00007a1e7880f5c8: 5007 48bf | bb51 7499 | 1e7a 0000 | 4883 e4f0 

  0x00007a1e7880f5d8: ;   {runtime_call MacroAssembler::debug64(char*, long, long*)}
  0x00007a1e7880f5d8: e873 b89f 

  0x00007a1e7880f5dc: ;   {section_word}
  0x00007a1e7880f5dc: 20f4 49ba | def5 8078 | 1e7a 0000 

  0x00007a1e7880f5e8: ;   {runtime_call DeoptimizationBlob}
  0x00007a1e7880f5e8: 4152 e9b1 | b045 07f4 
[/MachCode]


---------------  P R O C E S S  ---------------

Threads class SMR info:
_java_thread_list=0x00006d70d423de60, length=16, elements={
0x00007a1e9002b240, 0x00007a1e90524740, 0x00007a1e90525fd0, 0x00007a1e90527ae0,
0x00007a1e90546310, 0x00007a1e90547c60, 0x00007a1e90549520, 0x00007a1e9054b360,
0x00007a1e90554d30, 0x00007a1e9059bff0, 0x00007a1e9059eff0, 0x00006d70d80bf5d0,
0x00006d70cc06d960, 0x00006d70cc06e7a0, 0x00006d70cc06f600, 0x00006d70d423cfb0
}

Java Threads: ( => current thread )
=>0x00007a1e9002b240 JavaThread "main"                              [_thread_in_Java, id=307435, stack(0x00007a1e98500000,0x00007a1e98600000) (1024K)]
  0x00007a1e90524740 JavaThread "Reference Handler"          daemon [_thread_blocked, id=307440, stack(0x00007a1e941fc000,0x00007a1e942fc000) (1024K)]
  0x00007a1e90525fd0 JavaThread "Finalizer"                  daemon [_thread_blocked, id=307441, stack(0x00007a1e940fc000,0x00007a1e941fc000) (1024K)]
  0x00007a1e90527ae0 JavaThread "MMTk Finalizer Thread"      daemon [_thread_blocked, id=307442, stack(0x00007a1e586ff000,0x00007a1e587ff000) (1024K)]
  0x00007a1e90546310 JavaThread "Signal Dispatcher"          daemon [_thread_blocked, id=307466, stack(0x00006d715d9ef000,0x00006d715daef000) (1024K)]
  0x00007a1e90547c60 JavaThread "Service Thread"             daemon [_thread_blocked, id=307467, stack(0x00006d715d8ef000,0x00006d715d9ef000) (1024K)]
  0x00007a1e90549520 JavaThread "Monitor Deflation Thread"   daemon [_thread_blocked, id=307468, stack(0x00006d715d7ef000,0x00006d715d8ef000) (1024K)]
  0x00007a1e9054b360 JavaThread "C2 CompilerThread0"         daemon [_thread_blocked, id=307469, stack(0x00006d715d6ef000,0x00006d715d7ef000) (1024K)]
  0x00007a1e90554d30 JavaThread "C1 CompilerThread0"         daemon [_thread_blocked, id=307470, stack(0x00006d715d5ef000,0x00006d715d6ef000) (1024K)]
  0x00007a1e9059bff0 JavaThread "Notification Thread"        daemon [_thread_blocked, id=307473, stack(0x00006d715d2ef000,0x00006d715d3ef000) (1024K)]
  0x00007a1e9059eff0 JavaThread "Common-Cleaner"             daemon [_thread_blocked, id=307474, stack(0x00006d715d1ef000,0x00006d715d2ef000) (1024K)]
  0x00006d70d80bf5d0 JavaThread "C1 CompilerThread1"         daemon [_thread_blocked, id=307479, stack(0x00006d715d4ef000,0x00006d715d5ef000) (1024K)]
  0x00006d70cc06d960 JavaThread "C1 CompilerThread2"         daemon [_thread_blocked, id=307480, stack(0x00006d715d3ef000,0x00006d715d4ef000) (1024K)]
  0x00006d70cc06e7a0 JavaThread "C1 CompilerThread3"         daemon [_thread_blocked, id=307481, stack(0x00006d715cfef000,0x00006d715d0ef000) (1024K)]
  0x00006d70cc06f600 JavaThread "C1 CompilerThread4"         daemon [_thread_blocked, id=307482, stack(0x00006d715ceef000,0x00006d715cfef000) (1024K)]
  0x00006d70d423cfb0 JavaThread "C2 CompilerThread1"         daemon [_thread_blocked, id=307483, stack(0x00006d715d0ef000,0x00006d715d1ef000) (1024K)]
Total: 16

Other Threads:
  0x00007a1e90519290 VMThread "VM Thread"                           [id=307439, stack(0x00007a1e942fd000,0x00007a1e943fd000) (1024K)] _threads_hazard_ptr=0x00006d70d423de60
  0x00007a1e90506ee0 WatcherThread "VM Periodic Task Thread"        [id=307438, stack(0x00007a1e943fe000,0x00007a1e944fe000) (1024K)]
Total: 2

Threads with active compile tasks:
Total: 0

VM state: synchronizing (normal execution)

VM Mutex/Monitor currently owned by a thread:  ([mutex/lock_event])
[0x00007a1e99b580d0] Threads_lock - owner thread: 0x00007a1e90519290

Heap address: 0x0000000040000000, size: 3072 MB, Compressed Oops mode: 32-bit

CDS archive(s) mapped at: [0x00006d715f000000-0x00006d715fca3000-0x00006d715fca3000), size 13250560, SharedBaseAddress: 0x00006d715f000000, ArchiveRelocationMode: 1.
Compressed class space mapped at: 0x00006d7160000000-0x00006d71a0000000, reserved size: 1073741824
Narrow klass base: 0x00006d715f000000, Narrow klass shift: 0, Narrow klass range: 0x100000000

GC Precious Log:
<Empty>

Heap:

[error occurred during error reporting (printing heap information), id 0xe0000000, Internal Error (/mydata/mmtk-openjdk/openjdk/share/mmtkHeap.cpp:424)]
Metaspace:

Usage:
  Non-class:      5.09 MB used.
      Class:    593.30 KB used.
       Both:      5.67 MB used.

Virtual space:
  Non-class space:       64.00 MB reserved,       5.19 MB (  8%) committed,  1 nodes.
      Class space:        1.00 GB reserved,     704.00 KB ( <1%) committed,  1 nodes.
             Both:        1.06 GB reserved,       5.88 MB ( <1%) committed. 

Chunk freelists:
   Non-Class:  9.64 MB
       Class:  15.16 MB
        Both:  24.80 MB

MaxMetaspaceSize: unlimited
CompressedClassSpaceSize: 1.00 GB
Initial GC threshold: 21.00 MB
Current GC threshold: 21.00 MB
CDS: on
 - commit_granule_bytes: 65536.
 - commit_granule_words: 8192.
 - virtual_space_node_default_size: 8388608.
 - enlarge_chunks_in_place: 1.
 - use_allocation_guard: 0.


Internal statistics:

num_allocs_failed_limit: 0.
num_arena_births: 118.
num_arena_deaths: 0.
num_vsnodes_births: 2.
num_vsnodes_deaths: 0.
num_space_committed: 94.
num_space_uncommitted: 0.
num_chunks_returned_to_freelist: 0.
num_chunks_taken_from_freelist: 252.
num_chunk_merges: 0.
num_chunk_splits: 175.
num_chunks_enlarged: 123.
num_inconsistent_stats: 0.

CodeHeap 'non-profiled nmethods': size=118880Kb used=448Kb max_used=448Kb free=118432Kb
 bounds [0x00007a1e803e8000, 0x00007a1e80658000, 0x00007a1e87800000]
CodeHeap 'profiled nmethods': size=118876Kb used=2608Kb max_used=2608Kb free=116267Kb
 bounds [0x00007a1e78800000, 0x00007a1e78a90000, 0x00007a1e7fc17000]
CodeHeap 'non-nmethods': size=8004Kb used=3454Kb max_used=3466Kb free=4549Kb
 bounds [0x00007a1e7fc17000, 0x00007a1e7ff87000, 0x00007a1e803e8000]
CodeCache: size=245760Kb, used=6510Kb, max_used=6522Kb, free=239248Kb
 total_blobs=1869, nmethods=1390, adapters=379, full_count=0
Compilation: enabled, stopped_count=0, restarted_count=0

Compilation events (20 events):
Event: 4.190 Thread 0x00006d70d80bf5d0 nmethod 1379 0x00007a1e78a7d810 code [0x00007a1e78a7da40, 0x00007a1e78a7e278]
Event: 4.190 Thread 0x00006d70cc06e7a0 1380       3       java.lang.String::<init> (22 bytes)
Event: 4.191 Thread 0x00006d70cc06d960 1381       3       org.apache.lucene.store.BufferedChecksumIndexInput::readByte (20 bytes)
Event: 4.191 Thread 0x00006d70cc06f600 1382   !   3       org.apache.lucene.store.MemorySegmentIndexInput::readByte (134 bytes)
Event: 4.191 Thread 0x00007a1e90554d30 1383       3       java.lang.foreign.MemorySegment::get (13 bytes)
Event: 4.191 Thread 0x00006d70d80bf5d0 1384       3       jdk.internal.foreign.layout.ValueLayouts$AbstractValueLayout::accessHandle (26 bytes)
Event: 4.191 Thread 0x00006d70cc06e7a0 nmethod 1380 0x00007a1e78a7e590 code [0x00007a1e78a7e780, 0x00007a1e78a7ec30]
Event: 4.191 Thread 0x00006d70cc06e7a0 1385       3       java.lang.invoke.VarHandleGuards::guard_LJ_I (84 bytes)
Event: 4.191 Thread 0x00006d70cc06d960 nmethod 1381 0x00007a1e78a7ee90 code [0x00007a1e78a7f040, 0x00007a1e78a7f2f8]
Event: 4.191 Thread 0x00006d70cc06d960 1386       3       java.lang.invoke.VarHandleSegmentAsBytes::get (47 bytes)
Event: 4.191 Thread 0x00006d70d80bf5d0 nmethod 1384 0x00007a1e78a7f410 code [0x00007a1e78a7f5c0, 0x00007a1e78a7f8a8]
Event: 4.191 Thread 0x00006d70d80bf5d0 1387       3       java.lang.invoke.VarHandleSegmentAsBytes::checkAddress (21 bytes)
Event: 4.191 Thread 0x00006d70d80bf5d0 nmethod 1387 0x00007a1e78a7f990 code [0x00007a1e78a7fba0, 0x00007a1e78a80468]
Event: 4.191 Thread 0x00006d70d80bf5d0 1388       3       java.lang.invoke.VarHandleSegmentAsBytes::offsetNoVMAlignCheck (39 bytes)
Event: 4.191 Thread 0x00006d70d80bf5d0 nmethod 1388 0x00007a1e78a80790 code [0x00007a1e78a80940, 0x00007a1e78a80c18]
Event: 4.191 Thread 0x00006d70d80bf5d0 1389       3       org.apache.lucene.store.BufferedChecksum::update (35 bytes)
Event: 4.191 Thread 0x00006d70cc06d960 nmethod 1386 0x00007a1e78a80d90 code [0x00007a1e78a81060, 0x00007a1e78a823b8]
Event: 4.192 Thread 0x00006d70d80bf5d0 nmethod 1389 0x00007a1e78a82b10 code [0x00007a1e78a82cc0, 0x00007a1e78a82fb8]
Event: 4.192 Thread 0x00006d70cc06e7a0 nmethod 1385 0x00007a1e78a83190 code [0x00007a1e78a834c0, 0x00007a1e78a84dc8]
Event: 4.192 Thread 0x00007a1e90554d30 nmethod 1383 0x00007a1e78a85510 code [0x00007a1e78a85840, 0x00007a1e78a87108]

GC Heap History (0 events):
No events

Dll operation events (8 events):
Event: 0.001 Loaded shared library /mydata/openjdk-mmtk/build/b0test/images/jdk/lib/libjava.so
Event: 2.209 Loaded shared library /mydata/openjdk-mmtk/build/b0test/images/jdk/lib/libjsvml.so
Event: 2.222 Loaded shared library /mydata/openjdk-mmtk/build/b0test/images/jdk/lib/libnio.so
Event: 2.226 Loaded shared library /mydata/openjdk-mmtk/build/b0test/images/jdk/lib/libzip.so
Event: 2.239 Loaded shared library /mydata/openjdk-mmtk/build/b0test/images/jdk/lib/libjimage.so
Event: 2.265 Loaded shared library /mydata/openjdk-mmtk/build/b0test/images/jdk/lib/libnet.so
Event: 4.173 Loaded shared library /mydata/openjdk-mmtk/build/b0test/images/jdk/lib/libmanagement.so
Event: 4.175 Loaded shared library /mydata/openjdk-mmtk/build/b0test/images/jdk/lib/libmanagement_ext.so

Deoptimization events (20 events):
Event: 4.120 Thread 0x00007a1e9002b240 Uncommon trap: trap_request=0xffffff54 fr.pc=0x00007a1e8040c618 relative=0x0000000000000078
Event: 4.120 Thread 0x00007a1e9002b240 Uncommon trap: reason=speculate_null_assert action=make_not_entrant pc=0x00007a1e8040c618 method=jdk.internal.misc.ScopedMemoryAccess.getByteInternal(Ljdk/internal/foreign/MemorySessionImpl;Ljava/lang/Object;J)B @ 1 c2
Event: 4.120 Thread 0x00007a1e9002b240 DEOPT PACKING pc=0x00007a1e8040c618 sp=0x00007a1e985fd8d0
Event: 4.120 Thread 0x00007a1e9002b240 DEOPT UNPACKING pc=0x00007a1e7fc6a399 sp=0x00007a1e985fd808 mode 2
Event: 4.122 Thread 0x00007a1e9002b240 Uncommon trap: trap_request=0xffffff45 fr.pc=0x00007a1e804330fc relative=0x00000000000004bc
Event: 4.122 Thread 0x00007a1e9002b240 Uncommon trap: reason=unstable_if action=reinterpret pc=0x00007a1e804330fc method=java.lang.StringLatin1.newString([BII)Ljava/lang/String; @ 1 c2
Event: 4.122 Thread 0x00007a1e9002b240 DEOPT PACKING pc=0x00007a1e804330fc sp=0x00007a1e985fcc20
Event: 4.122 Thread 0x00007a1e9002b240 DEOPT UNPACKING pc=0x00007a1e7fc6a399 sp=0x00007a1e985fcbe8 mode 2
Event: 4.161 Thread 0x00007a1e9002b240 Uncommon trap: trap_request=0xffffff45 fr.pc=0x00007a1e80417eb4 relative=0x0000000000000274
Event: 4.161 Thread 0x00007a1e9002b240 Uncommon trap: reason=unstable_if action=reinterpret pc=0x00007a1e80417eb4 method=jdk.internal.misc.Unsafe.copyMemory(Ljava/lang/Object;JLjava/lang/Object;JJ)V @ 16 c2
Event: 4.161 Thread 0x00007a1e9002b240 DEOPT PACKING pc=0x00007a1e80417eb4 sp=0x00007a1e985fd4a0
Event: 4.161 Thread 0x00007a1e9002b240 DEOPT UNPACKING pc=0x00007a1e7fc6a399 sp=0x00007a1e985fd4b0 mode 2
Event: 4.162 Thread 0x00007a1e9002b240 Uncommon trap: trap_request=0xffffff45 fr.pc=0x00007a1e8042c4bc relative=0x000000000000065c
Event: 4.162 Thread 0x00007a1e9002b240 Uncommon trap: reason=unstable_if action=reinterpret pc=0x00007a1e8042c4bc method=java.lang.CharacterDataLatin1.toLowerCase(I)I @ 16 c2
Event: 4.162 Thread 0x00007a1e9002b240 DEOPT PACKING pc=0x00007a1e8042c4bc sp=0x00007a1e985fd720
Event: 4.162 Thread 0x00007a1e9002b240 DEOPT UNPACKING pc=0x00007a1e7fc6a399 sp=0x00007a1e985fd648 mode 2
Event: 4.162 Thread 0x00007a1e9002b240 Uncommon trap: trap_request=0xffffff45 fr.pc=0x00007a1e80425470 relative=0x0000000000000070
Event: 4.162 Thread 0x00007a1e9002b240 Uncommon trap: reason=unstable_if action=reinterpret pc=0x00007a1e80425470 method=java.lang.CharacterDataLatin1.toLowerCase(I)I @ 16 c2
Event: 4.162 Thread 0x00007a1e9002b240 DEOPT PACKING pc=0x00007a1e80425470 sp=0x00007a1e985fd690
Event: 4.162 Thread 0x00007a1e9002b240 DEOPT UNPACKING pc=0x00007a1e7fc6a399 sp=0x00007a1e985fd640 mode 2

Classes loaded (20 events):
Event: 4.177 Loading class java/util/stream/ReduceOps$2ReducingSink
Event: 4.177 Loading class java/util/stream/ReduceOps$2ReducingSink done
Event: 4.178 Loading class com/sun/management/internal/HotSpotDiagnostic
Event: 4.178 Loading class com/sun/management/internal/HotSpotDiagnostic done
Event: 4.178 Loading class java/util/Collections$2
Event: 4.178 Loading class java/util/Collections$2 done
Event: 4.178 Loading class com/sun/management/HotSpotDiagnosticMXBean$ThreadDumpFormat
Event: 4.178 Loading class com/sun/management/HotSpotDiagnosticMXBean$ThreadDumpFormat done
Event: 4.178 Loading class com/sun/management/VMOption
Event: 4.178 Loading class com/sun/management/VMOption done
Event: 4.179 Loading class com/sun/management/internal/Flag
Event: 4.179 Loading class com/sun/management/internal/Flag done
Event: 4.179 Loading class com/sun/management/internal/Flag$1
Event: 4.179 Loading class com/sun/management/internal/Flag$1 done
Event: 4.179 Loading class com/sun/management/VMOption$Origin
Event: 4.179 Loading class com/sun/management/VMOption$Origin done
Event: 4.179 Loading class javax/management/openmbean/CompositeData
Event: 4.179 Loading class javax/management/openmbean/CompositeData done
Event: 4.187 Loading class java/util/concurrent/CopyOnWriteArraySet
Event: 4.187 Loading class java/util/concurrent/CopyOnWriteArraySet done

Classes unloaded (0 events):
No events

Classes redefined (0 events):
No events

Internal exceptions (19 events):
Event: 2.232 Thread 0x00007a1e9002b240 Exception <a 'java/lang/NoSuchMethodError'{0x000000004033c090}: 'java.lang.Object java.lang.invoke.DirectMethodHandle$Holder.newInvokeSpecial(java.lang.Object, int, java.lang.Object)'> (0x000000004033c090) 
thrown [src/hotspot/share/interpreter/linkResolver.cpp, line 772]
Event: 2.242 Thread 0x00007a1e9002b240 Exception <a 'java/lang/NoSuchMethodError'{0x00000000402f9e28}: 'void java.lang.invoke.DirectMethodHandle$Holder.invokeStatic(java.lang.Object, java.lang.Object)'> (0x00000000402f9e28) 
thrown [src/hotspot/share/interpreter/linkResolver.cpp, line 772]
Event: 2.242 Thread 0x00007a1e9002b240 Exception <a 'java/lang/NoSuchMethodError'{0x00000000402fd820}: 'void java.lang.invoke.DirectMethodHandle$Holder.invokeSpecial(java.lang.Object, java.lang.Object, java.lang.Object)'> (0x00000000402fd820) 
thrown [src/hotspot/share/interpreter/linkResolver.cpp, line 772]
Event: 2.284 Thread 0x00007a1e9002b240 Exception <a 'java/lang/NoSuchMethodError'{0x00000000401be038}: 'void java.lang.invoke.DirectMethodHandle$Holder.invokeVirtual(java.lang.Object, java.lang.Object)'> (0x00000000401be038) 
thrown [src/hotspot/share/interpreter/linkResolver.cpp, line 772]
Event: 2.291 Thread 0x00007a1e9002b240 Exception <a 'java/io/FileNotFoundException'{0x000000004018fbf8}> (0x000000004018fbf8) 
thrown [src/hotspot/share/prims/jni.cpp, line 520]
Event: 2.303 Thread 0x00007a1e9002b240 Exception <a 'java/lang/NoSuchMethodError'{0x000000004011f400}: 'java.lang.Object java.lang.invoke.Invokers$Holder.invokeExact_MT(java.lang.Object, java.lang.Object, java.lang.Object, java.lang.Object, java.lang.Object)'> (0x000000004011f400) 
thrown [src/hotspot/share/interpreter/linkResolver.cpp, line 772]
Event: 4.092 Thread 0x00007a1e9002b240 Exception <a 'java/lang/NoSuchMethodError'{0x000000004032daf8}: 'void java.lang.invoke.DirectMethodHandle$Holder.invokeStatic(java.lang.Object, java.lang.Object, java.lang.Object)'> (0x000000004032daf8) 
thrown [src/hotspot/share/interpreter/linkResolver.cpp, line 772]
Event: 4.097 Thread 0x00007a1e9002b240 Exception <a 'java/lang/NoSuchMethodError'{0x00000000402f07a0}: 'int java.lang.invoke.DirectMethodHandle$Holder.invokeStaticInit(java.lang.Object, java.lang.Object, java.lang.Object)'> (0x00000000402f07a0) 
thrown [src/hotspot/share/interpreter/linkResolver.cpp, line 772]
Event: 4.117 Thread 0x00007a1e9002b240 Exception <a 'java/lang/NoSuchMethodError'{0x0000000040162d40}: 'int java.lang.invoke.DirectMethodHandle$Holder.invokeStaticInit(java.lang.Object, int)'> (0x0000000040162d40) 
thrown [src/hotspot/share/interpreter/linkResolver.cpp, line 772]
Event: 4.117 Thread 0x00007a1e9002b240 Exception <a 'java/lang/NoSuchMethodError'{0x00000000401499f0}: 'long java.lang.invoke.DirectMethodHandle$Holder.invokeStatic(java.lang.Object, java.lang.Object)'> (0x00000000401499f0) 
thrown [src/hotspot/share/interpreter/linkResolver.cpp, line 772]
Event: 4.117 Thread 0x00007a1e9002b240 Exception <a 'java/lang/NoSuchMethodError'{0x000000004014d4f0}: 'long java.lang.invoke.DirectMethodHandle$Holder.invokeStaticInit(java.lang.Object, java.lang.Object)'> (0x000000004014d4f0) 
thrown [src/hotspot/share/interpreter/linkResolver.cpp, line 772]
Event: 4.118 Thread 0x00007a1e9002b240 Exception <a 'java/lang/NoSuchMethodError'{0x0000000040135950}: 'java.lang.Object java.lang.invoke.DirectMethodHandle$Holder.invokeStaticInit(java.lang.Object, long, long, long)'> (0x0000000040135950) 
thrown [src/hotspot/share/interpreter/linkResolver.cpp, line 772]
Event: 4.171 Thread 0x00007a1e9002b240 Exception <a 'java/lang/NoSuchMethodError'{0x000000004836f5e8}: 'long java.lang.invoke.DirectMethodHandle$Holder.invokeStatic(java.lang.Object)'> (0x000000004836f5e8) 
thrown [src/hotspot/share/interpreter/linkResolver.cpp, line 772]
Event: 4.171 Thread 0x00007a1e9002b240 Exception <a 'java/lang/NoSuchMethodError'{0x00000000483627d0}: 'long java.lang.invoke.DirectMethodHandle$Holder.invokeStaticInit(java.lang.Object)'> (0x00000000483627d0) 
thrown [src/hotspot/share/interpreter/linkResolver.cpp, line 772]
Event: 4.178 Thread 0x00007a1e9002b240 Exception <a 'java/lang/NoSuchMethodError'{0x000000004833e170}: 'int java.lang.invoke.DirectMethodHandle$Holder.invokeSpecial(java.lang.Object, java.lang.Object, java.lang.Object)'> (0x000000004833e170) 
thrown [src/hotspot/share/interpreter/linkResolver.cpp, line 772]
Event: 4.178 Thread 0x00007a1e9002b240 Exception <a 'java/lang/NoSuchMethodError'{0x000000004832fca8}: 'java.lang.Object java.lang.invoke.DirectMethodHandle$Holder.invokeInterface(java.lang.Object, java.lang.Object, java.lang.Object)'> (0x000000004832fca8) 
thrown [src/hotspot/share/interpreter/linkResolver.cpp, line 772]
Event: 4.181 Thread 0x00007a1e9002b240 Exception <a 'java/lang/NoSuchMethodError'{0x0000000048303088}: 'java.lang.Object java.lang.invoke.DirectMethodHandle$Holder.invokeStatic(java.lang.Object, java.lang.Object, int)'> (0x0000000048303088) 
thrown [src/hotspot/share/interpreter/linkResolver.cpp, line 772]
Event: 4.182 Thread 0x00007a1e9002b240 Exception <a 'java/lang/NoSuchMethodError'{0x00000000482ff590}: 'void java.lang.invoke.DelegatingMethodHandle$Holder.delegate(java.lang.Object, java.lang.Object, int, java.lang.Object)'> (0x00000000482ff590) 
thrown [src/hotspot/share/interpreter/linkResolver.cpp, line 772]
Event: 4.184 Thread 0x00007a1e9002b240 Exception <a 'java/lang/NoSuchMethodError'{0x0000000048007b98}: 'void java.lang.invoke.DirectMethodHandle$Holder.invokeStaticInit(java.lang.Object, java.lang.Object)'> (0x0000000048007b98) 
thrown [src/hotspot/share/interpreter/linkResolver.cpp, line 772]

ZGC Phase Switch (0 events):
No events

VM Operations (20 events):
Event: 2.226 Executing VM operation: HandshakeAllThreads (Deoptimize)
Event: 2.226 Executing VM operation: HandshakeAllThreads (Deoptimize) done
Event: 2.254 Executing VM operation: HandshakeAllThreads (Deoptimize)
Event: 2.254 Executing VM operation: HandshakeAllThreads (Deoptimize) done
Event: 3.254 Executing VM operation: Cleanup
Event: 3.254 Executing VM operation: Cleanup done
Event: 4.036 Executing VM operation: ThirdPartyHeapOperation
Event: 4.071 Executing VM operation: ThirdPartyHeapOperation done
Event: 4.074 Executing VM operation: ThirdPartyHeapOperation
Event: 4.083 Executing VM operation: ThirdPartyHeapOperation done
Event: 4.113 Executing VM operation: HandshakeAllThreads (Deoptimize)
Event: 4.113 Executing VM operation: HandshakeAllThreads (Deoptimize) done
Event: 4.162 Executing VM operation: HandshakeAllThreads (CloseScopedMemory)
Event: 4.162 Executing VM operation: HandshakeAllThreads (CloseScopedMemory) done
Event: 4.181 Executing VM operation: HandshakeAllThreads (Deoptimize)
Event: 4.181 Executing VM operation: HandshakeAllThreads (Deoptimize) done
Event: 4.187 Executing VM operation: HandshakeAllThreads (CloseScopedMemory)
Event: 4.187 Executing VM operation: HandshakeAllThreads (CloseScopedMemory) done
Event: 4.191 Executing VM operation: HandshakeAllThreads (CloseScopedMemory)
Event: 4.191 Executing VM operation: HandshakeAllThreads (CloseScopedMemory) done

Memory protections (20 events):
Event: 2.205 Protecting memory [0x00007a1e940fc000,0x00007a1e94100000] with protection modes 0
Event: 2.205 Protecting memory [0x00007a1e586ff000,0x00007a1e58703000] with protection modes 0
Event: 2.208 Protecting memory [0x00006d715d9ef000,0x00006d715d9f3000] with protection modes 0
Event: 2.208 Protecting memory [0x00006d715d8ef000,0x00006d715d8f3000] with protection modes 0
Event: 2.208 Protecting memory [0x00006d715d7ef000,0x00006d715d7f3000] with protection modes 0
Event: 2.208 Protecting memory [0x00006d715d6ef000,0x00006d715d6f3000] with protection modes 0
Event: 2.208 Protecting memory [0x00006d715d5ef000,0x00006d715d5f3000] with protection modes 0
Event: 2.218 Protecting memory [0x00006d715d4ef000,0x00006d715d4f3000] with protection modes 0
Event: 2.219 Protecting memory [0x00006d715d3ef000,0x00006d715d3f3000] with protection modes 0
Event: 2.220 Protecting memory [0x00006d715d2ef000,0x00006d715d2f3000] with protection modes 0
Event: 2.221 Protecting memory [0x00006d715d1ef000,0x00006d715d1f3000] with protection modes 0
Event: 2.270 Protecting memory [0x00006d715d0ef000,0x00006d715d0f3000] with protection modes 0
Event: 2.277 Protecting memory [0x00006d715cfef000,0x00006d715cff3000] with protection modes 0
Event: 2.277 Protecting memory [0x00006d715ceef000,0x00006d715cef3000] with protection modes 0
Event: 2.281 Protecting memory [0x00006d715cdef000,0x00006d715cdf3000] with protection modes 0
Event: 3.870 Protecting memory [0x00006d715d4ef000,0x00006d715d4f3000] with protection modes 0
Event: 3.893 Protecting memory [0x00006d715d3ef000,0x00006d715d3f3000] with protection modes 0
Event: 3.893 Protecting memory [0x00006d715cfef000,0x00006d715cff3000] with protection modes 0
Event: 3.893 Protecting memory [0x00006d715ceef000,0x00006d715cef3000] with protection modes 0
Event: 3.931 Protecting memory [0x00006d715d0ef000,0x00006d715d0f3000] with protection modes 0

Nmethod flushes (0 events):
No events

Events (20 events):
Event: 2.208 Thread 0x00007a1e9002b240 Thread added: 0x00007a1e90554d30
Event: 2.218 Thread 0x00007a1e90554d30 Thread added: 0x00006d70d804d9a0
Event: 2.218 Thread 0x00007a1e90554d30 Thread added: 0x00006d70d804efa0
Event: 2.220 Thread 0x00007a1e9002b240 Thread added: 0x00007a1e9059bff0
Event: 2.221 Thread 0x00007a1e9002b240 Thread added: 0x00007a1e9059eff0
Event: 2.270 Thread 0x00006d70d804d9a0 Thread added: 0x00006d70cc01bf10
Event: 2.277 Thread 0x00006d70d804d9a0 Thread added: 0x00006d70cc04e7b0
Event: 2.277 Thread 0x00006d70d804d9a0 Thread added: 0x00006d70cc04fde0
Event: 2.281 Thread 0x00006d70cc01bf10 Thread added: 0x00006d70bc02d720
Event: 2.627 Thread 0x00006d70bc02d720 Thread exited: 0x00006d70bc02d720
Event: 2.627 Thread 0x00006d70cc01bf10 Thread exited: 0x00006d70cc01bf10
Event: 3.028 Thread 0x00006d70cc04fde0 Thread exited: 0x00006d70cc04fde0
Event: 3.028 Thread 0x00006d70cc04e7b0 Thread exited: 0x00006d70cc04e7b0
Event: 3.028 Thread 0x00006d70d804efa0 Thread exited: 0x00006d70d804efa0
Event: 3.029 Thread 0x00006d70d804d9a0 Thread exited: 0x00006d70d804d9a0
Event: 3.870 Thread 0x00007a1e90554d30 Thread added: 0x00006d70d80bf5d0
Event: 3.893 Thread 0x00006d70d80bf5d0 Thread added: 0x00006d70cc06d960
Event: 3.893 Thread 0x00006d70d80bf5d0 Thread added: 0x00006d70cc06e7a0
Event: 3.893 Thread 0x00006d70d80bf5d0 Thread added: 0x00006d70cc06f600
Event: 3.931 Thread 0x00007a1e9054b360 Thread added: 0x00006d70d423cfb0


Dynamic libraries:
40000000-40400000 rw-p 00000000 00:00 0                                  [anon:mmtk:space:immix]
40400000-41400000 rw-p 00000000 00:00 0                                  [anon:mmtk:space:los]
41400000-41800000 rw-p 00000000 00:00 0                                  [anon:mmtk:space:immix]
41800000-48000000 rw-p 00000000 00:00 0                                  [anon:mmtk:space:los]
48000000-48400000 rw-p 00000000 00:00 0                                  [anon:mmtk:space:immix]
48400000-49800000 rw-p 00000000 00:00 0                                  [anon:mmtk:space:los]
200000000000-2000c00c0000 rw-s 00000000 00:10 68                         anon_inode:bpf-map
61bc14dfd000-61bc14dfe000 r--p 00000000 fc:00 49676325                   /mydata/openjdk-mmtk/build/b0test/images/jdk/bin/java
61bc14dfe000-61bc14dff000 r-xp 00001000 fc:00 49676325                   /mydata/openjdk-mmtk/build/b0test/images/jdk/bin/java
61bc14dff000-61bc14e00000 r--p 00002000 fc:00 49676325                   /mydata/openjdk-mmtk/build/b0test/images/jdk/bin/java
61bc14e00000-61bc14e01000 r--p 00002000 fc:00 49676325                   /mydata/openjdk-mmtk/build/b0test/images/jdk/bin/java
61bc14e01000-61bc14e02000 rw-p 00003000 fc:00 49676325                   /mydata/openjdk-mmtk/build/b0test/images/jdk/bin/java
61bc225d4000-61bc2261c000 rw-p 00000000 00:00 0                          [heap]
6d70b4000000-6d70b403e000 rw-p 00000000 00:00 0 
6d70b403e000-6d70b8000000 ---p 00000000 00:00 0 
6d70b8000000-6d70b80d3000 rw-p 00000000 00:00 0 
6d70b80d3000-6d70bc000000 ---p 00000000 00:00 0 
6d70bc000000-6d70bc1af000 rw-p 00000000 00:00 0 
6d70bc1af000-6d70c0000000 ---p 00000000 00:00 0 
6d70c0000000-6d70c006e000 rw-p 00000000 00:00 0 
6d70c006e000-6d70c4000000 ---p 00000000 00:00 0 
6d70c4000000-6d70c4021000 rw-p 00000000 00:00 0 
6d70c4021000-6d70c8000000 ---p 00000000 00:00 0 
6d70c8000000-6d70c8021000 rw-p 00000000 00:00 0 
6d70c8021000-6d70cc000000 ---p 00000000 00:00 0 
6d70cc000000-6d70cc079000 rw-p 00000000 00:00 0 
6d70cc079000-6d70d0000000 ---p 00000000 00:00 0 
6d70d0000000-6d70d00b1000 rw-p 00000000 00:00 0 
6d70d00b1000-6d70d4000000 ---p 00000000 00:00 0 
6d70d4000000-6d70d4327000 rw-p 00000000 00:00 0 
6d70d4327000-6d70d8000000 ---p 00000000 00:00 0 
6d70d8000000-6d70d81e4000 rw-p 00000000 00:00 0 
6d70d81e4000-6d70dc000000 ---p 00000000 00:00 0 
6d70dc000000-6d70dc021000 rw-p 00000000 00:00 0 
6d70dc021000-6d70e0000000 ---p 00000000 00:00 0 
6d70e0000000-6d70e0021000 rw-p 00000000 00:00 0 
6d70e0021000-6d70e4000000 ---p 00000000 00:00 0 
6d70e4000000-6d70e4021000 rw-p 00000000 00:00 0 
6d70e4021000-6d70e8000000 ---p 00000000 00:00 0 
6d70e8000000-6d70e8021000 rw-p 00000000 00:00 0 
6d70e8021000-6d70ec000000 ---p 00000000 00:00 0 
6d70ec000000-6d70ec021000 rw-p 00000000 00:00 0 
6d70ec021000-6d70f0000000 ---p 00000000 00:00 0 
6d70f0000000-6d70f0021000 rw-p 00000000 00:00 0 
6d70f0021000-6d70f4000000 ---p 00000000 00:00 0 
6d70f4000000-6d70f4021000 rw-p 00000000 00:00 0 
6d70f4021000-6d70f8000000 ---p 00000000 00:00 0 
6d70f8000000-6d70f8042000 rw-p 00000000 00:00 0 
6d70f8042000-6d70fc000000 ---p 00000000 00:00 0 
6d70fc000000-6d70fc021000 rw-p 00000000 00:00 0 
6d70fc021000-6d7100000000 ---p 00000000 00:00 0 
6d7100000000-6d7100021000 rw-p 00000000 00:00 0 
6d7100021000-6d7104000000 ---p 00000000 00:00 0 
6d7104000000-6d7104021000 rw-p 00000000 00:00 0 
6d7104021000-6d7108000000 ---p 00000000 00:00 0 
6d7108000000-6d7108022000 rw-p 00000000 00:00 0 
6d7108022000-6d710c000000 ---p 00000000 00:00 0 
6d710c000000-6d710c021000 rw-p 00000000 00:00 0 
6d710c021000-6d7110000000 ---p 00000000 00:00 0 
6d7110000000-6d7110021000 rw-p 00000000 00:00 0 
6d7110021000-6d7114000000 ---p 00000000 00:00 0 
6d7114000000-6d7114021000 rw-p 00000000 00:00 0 
6d7114021000-6d7118000000 ---p 00000000 00:00 0 
6d7118000000-6d7118021000 rw-p 00000000 00:00 0 
6d7118021000-6d711c000000 ---p 00000000 00:00 0 
6d711c000000-6d711c021000 rw-p 00000000 00:00 0 
6d711c021000-6d7120000000 ---p 00000000 00:00 0 
6d7120000000-6d7120021000 rw-p 00000000 00:00 0 
6d7120021000-6d7124000000 ---p 00000000 00:00 0 
6d7124000000-6d7124021000 rw-p 00000000 00:00 0 
6d7124021000-6d7128000000 ---p 00000000 00:00 0 
6d7128000000-6d7128021000 rw-p 00000000 00:00 0 
6d7128021000-6d712c000000 ---p 00000000 00:00 0 
6d712c000000-6d712c021000 rw-p 00000000 00:00 0 
6d712c021000-6d7130000000 ---p 00000000 00:00 0 
6d7130000000-6d7130021000 rw-p 00000000 00:00 0 
6d7130021000-6d7134000000 ---p 00000000 00:00 0 
6d7134000000-6d7134021000 rw-p 00000000 00:00 0 
6d7134021000-6d7138000000 ---p 00000000 00:00 0 
6d7138000000-6d7138021000 rw-p 00000000 00:00 0 
6d7138021000-6d713c000000 ---p 00000000 00:00 0 
6d713c000000-6d713c02b000 rw-p 00000000 00:00 0 
6d713c02b000-6d7140000000 ---p 00000000 00:00 0 
6d7140000000-6d7140021000 rw-p 00000000 00:00 0 
6d7140021000-6d7144000000 ---p 00000000 00:00 0 
6d7144000000-6d7144021000 rw-p 00000000 00:00 0 
6d7144021000-6d7148000000 ---p 00000000 00:00 0 
6d7148000000-6d7148021000 rw-p 00000000 00:00 0 
6d7148021000-6d714c000000 ---p 00000000 00:00 0 
6d714c000000-6d714c021000 rw-p 00000000 00:00 0 
6d714c021000-6d7150000000 ---p 00000000 00:00 0 
6d7150000000-6d7150021000 rw-p 00000000 00:00 0 
6d7150021000-6d7154000000 ---p 00000000 00:00 0 
6d7154000000-6d71542d0000 rw-p 00000000 00:00 0 
6d71542d0000-6d7154400000 ---p 00000000 00:00 0 
6d7154400000-6d7154660000 rw-p 00000000 00:00 0 
6d7154660000-6d7158000000 ---p 00000000 00:00 0 
6d7158000000-6d7158021000 rw-p 00000000 00:00 0 
6d7158021000-6d715c000000 ---p 00000000 00:00 0 
6d715c4fb000-6d715cdef000 rw-p 00000000 00:00 0 
6d715cdef000-6d715cdf3000 ---p 00000000 00:00 0 
6d715cdf3000-6d715ceef000 rw-p 00000000 00:00 0 
6d715ceef000-6d715cef3000 ---p 00000000 00:00 0 
6d715cef3000-6d715cfef000 rw-p 00000000 00:00 0 
6d715cfef000-6d715cff3000 ---p 00000000 00:00 0 
6d715cff3000-6d715d0ef000 rw-p 00000000 00:00 0 
6d715d0ef000-6d715d0f3000 ---p 00000000 00:00 0 
6d715d0f3000-6d715d1ef000 rw-p 00000000 00:00 0 
6d715d1ef000-6d715d1f3000 ---p 00000000 00:00 0 
6d715d1f3000-6d715d2ef000 rw-p 00000000 00:00 0 
6d715d2ef000-6d715d2f3000 ---p 00000000 00:00 0 
6d715d2f3000-6d715d3ef000 rw-p 00000000 00:00 0 
6d715d3ef000-6d715d3f3000 ---p 00000000 00:00 0 
6d715d3f3000-6d715d4ef000 rw-p 00000000 00:00 0 
6d715d4ef000-6d715d4f3000 ---p 00000000 00:00 0 
6d715d4f3000-6d715d5ef000 rw-p 00000000 00:00 0 
6d715d5ef000-6d715d5f3000 ---p 00000000 00:00 0 
6d715d5f3000-6d715d6ef000 rw-p 00000000 00:00 0 
6d715d6ef000-6d715d6f3000 ---p 00000000 00:00 0 
6d715d6f3000-6d715d7ef000 rw-p 00000000 00:00 0 
6d715d7ef000-6d715d7f3000 ---p 00000000 00:00 0 
6d715d7f3000-6d715d8ef000 rw-p 00000000 00:00 0 
6d715d8ef000-6d715d8f3000 ---p 00000000 00:00 0 
6d715d8f3000-6d715d9ef000 rw-p 00000000 00:00 0 
6d715d9ef000-6d715d9f3000 ---p 00000000 00:00 0 
6d715d9f3000-6d715daef000 rw-p 00000000 00:00 0 
6d715daef000-6d715daf0000 ---p 00000000 00:00 0 
6d715daf0000-6d715dbf0000 rw-p 00000000 00:00 0 
6d715dbf0000-6d715dbf1000 ---p 00000000 00:00 0 
6d715dbf1000-6d715dcf1000 rw-p 00000000 00:00 0 
6d715dcf1000-6d715dcf2000 ---p 00000000 00:00 0 
6d715dcf2000-6d715ddf2000 rw-p 00000000 00:00 0 
6d715ddf2000-6d715ddf3000 ---p 00000000 00:00 0 
6d715ddf3000-6d715def3000 rw-p 00000000 00:00 0 
6d715def3000-6d715def4000 ---p 00000000 00:00 0 
6d715def4000-6d715dff4000 rw-p 00000000 00:00 0 
6d715dff4000-6d715dff5000 ---p 00000000 00:00 0 
6d715dff5000-6d715e0f5000 rw-p 00000000 00:00 0 
6d715e0f5000-6d715e0f6000 ---p 00000000 00:00 0 
6d715e0f6000-6d715e1f6000 rw-p 00000000 00:00 0 
6d715e1f6000-6d715e1f7000 ---p 00000000 00:00 0 
6d715e1f7000-6d715e2f7000 rw-p 00000000 00:00 0 
6d715e2f7000-6d715e2f8000 ---p 00000000 00:00 0 
6d715e2f8000-6d715e3f8000 rw-p 00000000 00:00 0 
6d715e3f8000-6d715e3f9000 ---p 00000000 00:00 0 
6d715e3f9000-6d715e4f9000 rw-p 00000000 00:00 0 
6d715e4f9000-6d715e4fa000 ---p 00000000 00:00 0 
6d715e4fa000-6d715e5fa000 rw-p 00000000 00:00 0 
6d715e5fa000-6d715e5fb000 ---p 00000000 00:00 0 
6d715e5fb000-6d715e6fb000 rw-p 00000000 00:00 0 
6d715e6fb000-6d715e6fc000 ---p 00000000 00:00 0 
6d715e6fc000-6d715e7fc000 rw-p 00000000 00:00 0 
6d715e7fc000-6d715e7fd000 ---p 00000000 00:00 0 
6d715e7fd000-6d715e8fd000 rw-p 00000000 00:00 0 
6d715e8fd000-6d715e8fe000 ---p 00000000 00:00 0 
6d715e8fe000-6d715e9fe000 rw-p 00000000 00:00 0 
6d715e9fe000-6d715e9ff000 ---p 00000000 00:00 0 
6d715e9ff000-6d715eaff000 rw-p 00000000 00:00 0 
6d715eaff000-6d715eb00000 ---p 00000000 00:00 0 
6d715eb00000-6d715ec00000 rw-p 00000000 00:00 0 
6d715ec00000-6d715eeeb000 r--p 00000000 08:03 1410552                    /usr/lib/locale/locale-archive
6d715eeff000-6d715ef00000 ---p 00000000 00:00 0 
6d715ef00000-6d715f000000 rw-p 00000000 00:00 0 
6d715f000000-6d715fca3000 rw-p 00001000 fc:00 49677026                   /mydata/openjdk-mmtk/build/b0test/images/jdk/lib/server/classes.jsa
6d715fca3000-6d7160000000 ---p 00000000 00:00 0 
6d7160000000-6d7160040000 rw-p 00000000 00:00 0 
6d7160040000-6d71600a0000 rw-p 00000000 00:00 0 
6d71600a0000-6d71600c0000 ---p 00000000 00:00 0 
6d71600c0000-6d71600d0000 rw-p 00000000 00:00 0 
6d71600d0000-6d71a0000000 ---p 00000000 00:00 0 
6d71a0000000-6d71a0021000 rw-p 00000000 00:00 0 
6d71a0021000-6d71a4000000 ---p 00000000 00:00 0 
6d71a40f9000-6d71a40fa000 ---p 00000000 00:00 0 
6d71a40fa000-6d71a41fa000 rw-p 00000000 00:00 0 
6d71a41fa000-6d71a41fb000 ---p 00000000 00:00 0 
6d71a41fb000-6d71a42fb000 rw-p 00000000 00:00 0 
6d71a42fb000-6d71a42fc000 ---p 00000000 00:00 0 
6d71a42fc000-6d71a43fc000 rw-p 00000000 00:00 0 
6d71a43fc000-6d71d4400000 rw-p 00000000 00:00 0 
6d71d4400000-6d71d5400000 ---p 00000000 00:00 0                          [anon:mmtk:sidemeta:all:all-quarantined]
6d71d5400000-6d71d5800000 rw-p 00000000 00:00 0                          [anon:mmtk:sidemeta:immix:VO_BIT]
6d71d5800000-6f71d6400000 ---p 00000000 00:00 0                          [anon:mmtk:sidemeta:all:all-quarantined]
6f71d6400000-6f71d6800000 rw-p 00000000 00:00 0                          [anon:mmtk:sidemeta:immix:CHUNK_MARK]
6f71d6800000-6f71d9400000 ---p 00000000 00:00 0                          [anon:mmtk:sidemeta:all:all-quarantined]
6f71d9400000-6f71d9800000 rw-p 00000000 00:00 0                          [anon:mmtk:sidemeta:immix:VMGlobalLogBitSpec]
6f71d9800000-7179d8800000 ---p 00000000 00:00 0                          [anon:mmtk:sidemeta:all:all-quarantined]
7179d8800000-7179d8c00000 rw-p 00000000 00:00 0                          [anon:mmtk:sidemeta:immix:IX_LINE_MARK]
7179d8c00000-71f9d8400000 ---p 00000000 00:00 0                          [anon:mmtk:sidemeta:all:all-quarantined]
71f9d8400000-71f9d8800000 rw-p 00000000 00:00 0                          [anon:mmtk:sidemeta:immix:IX_BLOCK_DEFRAG]
71f9d8800000-71fad8400000 ---p 00000000 00:00 0                          [anon:mmtk:sidemeta:all:all-quarantined]
71fad8400000-71fad8800000 rw-p 00000000 00:00 0                          [anon:mmtk:sidemeta:immix:IX_BLOCK_MARK]
71fad8800000-781c58400000 ---p 00000000 00:00 0                          [anon:mmtk:sidemeta:all:all-quarantined]
781c58400000-781c58800000 rw-p 00000000 00:00 0                          [anon:mmtk:sidemeta:los:VMLocalLOSMarkNurserySpec]
781c58800000-781e59400000 ---p 00000000 00:00 0                          [anon:mmtk:sidemeta:all:all-quarantined]
781e59400000-781e59800000 rw-p 00000000 00:00 0                          [anon:mmtk:sidemeta:immix:VMLocalMarkBitSpec]
781e59800000-7a1e58400000 ---p 00000000 00:00 0                          [anon:mmtk:sidemeta:all:all-quarantined]
7a1e584fd000-7a1e584fe000 ---p 00000000 00:00 0 
7a1e584fe000-7a1e585fe000 rw-p 00000000 00:00 0 
7a1e585fe000-7a1e585ff000 ---p 00000000 00:00 0 
7a1e585ff000-7a1e586ff000 rw-p 00000000 00:00 0 
7a1e586ff000-7a1e58703000 ---p 00000000 00:00 0 
7a1e58703000-7a1e587ff000 rw-p 00000000 00:00 0 
7a1e587ff000-7a1e78800000 rw-p 00000000 00:00 0 
7a1e78800000-7a1e78a90000 rwxp 00000000 00:00 0 
7a1e78a90000-7a1e7fc17000 ---p 00000000 00:00 0 
7a1e7fc17000-7a1e7ff87000 rwxp 00000000 00:00 0 
7a1e7ff87000-7a1e803e8000 ---p 00000000 00:00 0 
7a1e803e8000-7a1e80658000 rwxp 00000000 00:00 0 
7a1e80658000-7a1e87800000 ---p 00000000 00:00 0 
7a1e87800000-7a1e8ffa0000 r--s 00000000 fc:00 49676294                   /mydata/openjdk-mmtk/build/b0test/images/jdk/lib/modules
7a1e90000000-7a1e907df000 rw-p 00000000 00:00 0 
7a1e907df000-7a1e94000000 ---p 00000000 00:00 0 
7a1e9402b000-7a1e94030000 r--p 00000000 fc:00 49676401                   /mydata/openjdk-mmtk/build/b0test/images/jdk/lib/libjsvml.so
7a1e94030000-7a1e94071000 r-xp 00005000 fc:00 49676401                   /mydata/openjdk-mmtk/build/b0test/images/jdk/lib/libjsvml.so
7a1e94071000-7a1e940fa000 r--p 00046000 fc:00 49676401                   /mydata/openjdk-mmtk/build/b0test/images/jdk/lib/libjsvml.so
7a1e940fa000-7a1e940fb000 r--p 000ce000 fc:00 49676401                   /mydata/openjdk-mmtk/build/b0test/images/jdk/lib/libjsvml.so
7a1e940fb000-7a1e940fc000 rw-p 000cf000 fc:00 49676401                   /mydata/openjdk-mmtk/build/b0test/images/jdk/lib/libjsvml.so
7a1e940fc000-7a1e94100000 ---p 00000000 00:00 0 
7a1e94100000-7a1e941fc000 rw-p 00000000 00:00 0 
7a1e941fc000-7a1e94200000 ---p 00000000 00:00 0 
7a1e94200000-7a1e942fc000 rw-p 00000000 00:00 0 
7a1e942fc000-7a1e942fd000 ---p 00000000 00:00 0 
7a1e942fd000-7a1e943fd000 rw-p 00000000 00:00 0 
7a1e943fd000-7a1e943fe000 ---p 00000000 00:00 0 
7a1e943fe000-7a1e944fe000 rw-p 00000000 00:00 0 
7a1e944fe000-7a1e944ff000 ---p 00000000 00:00 0 
7a1e944ff000-7a1e945ff000 rw-p 00000000 00:00 0 
7a1e945ff000-7a1e94c00000 rw-p 00000000 00:00 0 
7a1e94c00000-7a1e97c00000 rw-p 00000000 00:00 0 
7a1e97c00000-7a1e97c0c000 r--p 00000000 fc:00 13107225                   /mydata/gc-bpf-fault/shim/libgcbpf.so
7a1e97c0c000-7a1e97c6e000 r-xp 0000c000 fc:00 13107225                   /mydata/gc-bpf-fault/shim/libgcbpf.so
7a1e97c6e000-7a1e97e1b000 r--p 0006e000 fc:00 13107225                   /mydata/gc-bpf-fault/shim/libgcbpf.so
7a1e97e1b000-7a1e97e1d000 r--p 0021b000 fc:00 13107225                   /mydata/gc-bpf-fault/shim/libgcbpf.so
7a1e97e1d000-7a1e97e1e000 rw-p 0021d000 fc:00 13107225                   /mydata/gc-bpf-fault/shim/libgcbpf.so
7a1e97e1e000-7a1e97e1f000 rw-p 00000000 00:00 0 
7a1e97e5d000-7a1e97e61000 r--p 00000000 08:03 1410107                    /usr/lib/x86_64-linux-gnu/libzstd.so.1.5.5
7a1e97e61000-7a1e97f08000 r-xp 00004000 08:03 1410107                    /usr/lib/x86_64-linux-gnu/libzstd.so.1.5.5
7a1e97f08000-7a1e97f15000 r--p 000ab000 08:03 1410107                    /usr/lib/x86_64-linux-gnu/libzstd.so.1.5.5
7a1e97f15000-7a1e97f16000 r--p 000b7000 08:03 1410107                    /usr/lib/x86_64-linux-gnu/libzstd.so.1.5.5
7a1e97f16000-7a1e97f17000 rw-p 000b8000 08:03 1410107                    /usr/lib/x86_64-linux-gnu/libzstd.so.1.5.5
7a1e97f17000-7a1e97f1c000 rw-p 00000000 00:00 0 
7a1e97f1c000-7a1e98000000 ---p 00000000 00:00 0 
7a1e98000000-7a1e98147000 r--p 00000000 fc:00 49676359                   /mydata/openjdk-mmtk/build/b0test/images/jdk/lib/server/libmmtk_openjdk.so
7a1e98147000-7a1e983c2000 r-xp 00146000 fc:00 49676359                   /mydata/openjdk-mmtk/build/b0test/images/jdk/lib/server/libmmtk_openjdk.so
7a1e983c2000-7a1e98402000 r--p 003c0000 fc:00 49676359                   /mydata/openjdk-mmtk/build/b0test/images/jdk/lib/server/libmmtk_openjdk.so
7a1e98402000-7a1e98405000 rw-p 003ff000 fc:00 49676359                   /mydata/openjdk-mmtk/build/b0test/images/jdk/lib/server/libmmtk_openjdk.so
7a1e98405000-7a1e98407000 rw-p 00000000 00:00 0 
7a1e98410000-7a1e98417000 r--s 00000000 08:03 1436340                    /usr/lib/x86_64-linux-gnu/gconv/gconv-modules.cache
7a1e98417000-7a1e9841d000 rw-p 00000000 00:00 0 
7a1e9841d000-7a1e98500000 ---p 00000000 00:00 0 
7a1e98500000-7a1e98504000 ---p 00000000 00:00 0 
7a1e98504000-7a1e98600000 rw-p 00000000 00:00 0 
7a1e98600000-7a1e988a9000 r--p 00000000 fc:00 49676358                   /mydata/openjdk-mmtk/build/b0test/images/jdk/lib/server/libjvm.so
7a1e988a9000-7a1e9973c000 r-xp 002a9000 fc:00 49676358                   /mydata/openjdk-mmtk/build/b0test/images/jdk/lib/server/libjvm.so
7a1e9973c000-7a1e99a20000 r--p 0113c000 fc:00 49676358                   /mydata/openjdk-mmtk/build/b0test/images/jdk/lib/server/libjvm.so
7a1e99a20000-7a1e99af6000 r--p 0141f000 fc:00 49676358                   /mydata/openjdk-mmtk/build/b0test/images/jdk/lib/server/libjvm.so
7a1e99af6000-7a1e99b26000 rw-p 014f5000 fc:00 49676358                   /mydata/openjdk-mmtk/build/b0test/images/jdk/lib/server/libjvm.so
7a1e99b26000-7a1e99b8c000 rw-p 00000000 00:00 0 
7a1e99b8e000-7a1e99b90000 r--p 00000000 fc:00 49676450                   /mydata/openjdk-mmtk/build/b0test/images/jdk/lib/libmanagement_ext.so
7a1e99b90000-7a1e99b93000 r-xp 00002000 fc:00 49676450                   /mydata/openjdk-mmtk/build/b0test/images/jdk/lib/libmanagement_ext.so
7a1e99b93000-7a1e99b94000 r--p 00005000 fc:00 49676450                   /mydata/openjdk-mmtk/build/b0test/images/jdk/lib/libmanagement_ext.so
7a1e99b94000-7a1e99b95000 r--p 00006000 fc:00 49676450                   /mydata/openjdk-mmtk/build/b0test/images/jdk/lib/libmanagement_ext.so
7a1e99b95000-7a1e99b96000 rw-p 00007000 fc:00 49676450                   /mydata/openjdk-mmtk/build/b0test/images/jdk/lib/libmanagement_ext.so
7a1e99b96000-7a1e99b98000 r--p 00000000 fc:00 49676378                   /mydata/openjdk-mmtk/build/b0test/images/jdk/lib/libmanagement.so
7a1e99b98000-7a1e99b99000 r-xp 00002000 fc:00 49676378                   /mydata/openjdk-mmtk/build/b0test/images/jdk/lib/libmanagement.so
7a1e99b99000-7a1e99b9a000 r--p 00003000 fc:00 49676378                   /mydata/openjdk-mmtk/build/b0test/images/jdk/lib/libmanagement.so
7a1e99b9a000-7a1e99b9b000 r--p 00003000 fc:00 49676378                   /mydata/openjdk-mmtk/build/b0test/images/jdk/lib/libmanagement.so
7a1e99b9b000-7a1e99b9c000 rw-p 00004000 fc:00 49676378                   /mydata/openjdk-mmtk/build/b0test/images/jdk/lib/libmanagement.so
7a1e99b9c000-7a1e99b9e000 r--p 00000000 fc:00 49676350                   /mydata/openjdk-mmtk/build/b0test/images/jdk/lib/libzip.so
7a1e99b9e000-7a1e99ba3000 r-xp 00002000 fc:00 49676350                   /mydata/openjdk-mmtk/build/b0test/images/jdk/lib/libzip.so
7a1e99ba3000-7a1e99ba5000 r--p 00007000 fc:00 49676350                   /mydata/openjdk-mmtk/build/b0test/images/jdk/lib/libzip.so
7a1e99ba5000-7a1e99ba6000 r--p 00008000 fc:00 49676350                   /mydata/openjdk-mmtk/build/b0test/images/jdk/lib/libzip.so
7a1e99ba6000-7a1e99ba7000 rw-p 00009000 fc:00 49676350                   /mydata/openjdk-mmtk/build/b0test/images/jdk/lib/libzip.so
7a1e99ba7000-7a1e99bae000 r--p 00000000 fc:00 49676347                   /mydata/openjdk-mmtk/build/b0test/images/jdk/lib/libnio.so
7a1e99bae000-7a1e99bb7000 r-xp 00007000 fc:00 49676347                   /mydata/openjdk-mmtk/build/b0test/images/jdk/lib/libnio.so
7a1e99bb7000-7a1e99bbb000 r--p 00010000 fc:00 49676347                   /mydata/openjdk-mmtk/build/b0test/images/jdk/lib/libnio.so
7a1e99bbb000-7a1e99bbc000 r--p 00014000 fc:00 49676347                   /mydata/openjdk-mmtk/build/b0test/images/jdk/lib/libnio.so
7a1e99bbc000-7a1e99bbd000 rw-p 00015000 fc:00 49676347                   /mydata/openjdk-mmtk/build/b0test/images/jdk/lib/libnio.so
7a1e99bbd000-7a1e99bc0000 r--p 00000000 08:03 1410420                    /usr/lib/x86_64-linux-gnu/libelf-0.190.so
7a1e99bc0000-7a1e99bd6000 r-xp 00003000 08:03 1410420                    /usr/lib/x86_64-linux-gnu/libelf-0.190.so
7a1e99bd6000-7a1e99bda000 r--p 00019000 08:03 1410420                    /usr/lib/x86_64-linux-gnu/libelf-0.190.so
7a1e99bda000-7a1e99bdb000 r--p 0001c000 08:03 1410420                    /usr/lib/x86_64-linux-gnu/libelf-0.190.so
7a1e99bdb000-7a1e99bdc000 rw-p 0001d000 08:03 1410420                    /usr/lib/x86_64-linux-gnu/libelf-0.190.so
7a1e99bdc000-7a1e99be9000 r--p 00000000 fc:00 49676339                   /mydata/openjdk-mmtk/build/b0test/images/jdk/lib/libjava.so
7a1e99be9000-7a1e99bf8000 r-xp 0000d000 fc:00 49676339                   /mydata/openjdk-mmtk/build/b0test/images/jdk/lib/libjava.so
7a1e99bf8000-7a1e99bfd000 r--p 0001c000 fc:00 49676339                   /mydata/openjdk-mmtk/build/b0test/images/jdk/lib/libjava.so
7a1e99bfd000-7a1e99bfe000 r--p 00021000 fc:00 49676339                   /mydata/openjdk-mmtk/build/b0test/images/jdk/lib/libjava.so
7a1e99bfe000-7a1e99bff000 rw-p 00022000 fc:00 49676339                   /mydata/openjdk-mmtk/build/b0test/images/jdk/lib/libjava.so
7a1e99bff000-7a1e99c00000 rw-p 00000000 00:00 0 
7a1e99c00000-7a1e99c28000 r--p 00000000 08:03 1410238                    /usr/lib/x86_64-linux-gnu/libc.so.6
7a1e99c28000-7a1e99db0000 r-xp 00028000 08:03 1410238                    /usr/lib/x86_64-linux-gnu/libc.so.6
7a1e99db0000-7a1e99dff000 r--p 001b0000 08:03 1410238                    /usr/lib/x86_64-linux-gnu/libc.so.6
7a1e99dff000-7a1e99e03000 r--p 001fe000 08:03 1410238                    /usr/lib/x86_64-linux-gnu/libc.so.6
7a1e99e03000-7a1e99e05000 rw-p 00202000 08:03 1410238                    /usr/lib/x86_64-linux-gnu/libc.so.6
7a1e99e05000-7a1e99e12000 rw-p 00000000 00:00 0 
7a1e99e15000-7a1e99e18000 r--p 00000000 fc:00 49676346                   /mydata/openjdk-mmtk/build/b0test/images/jdk/lib/libnet.so
7a1e99e18000-7a1e99e20000 r-xp 00003000 fc:00 49676346                   /mydata/openjdk-mmtk/build/b0test/images/jdk/lib/libnet.so
7a1e99e20000-7a1e99e22000 r--p 0000b000 fc:00 49676346                   /mydata/openjdk-mmtk/build/b0test/images/jdk/lib/libnet.so
7a1e99e22000-7a1e99e23000 r--p 0000c000 fc:00 49676346                   /mydata/openjdk-mmtk/build/b0test/images/jdk/lib/libnet.so
7a1e99e23000-7a1e99e24000 rw-p 0000d000 fc:00 49676346                   /mydata/openjdk-mmtk/build/b0test/images/jdk/lib/libnet.so
7a1e99e24000-7a1e99e2b000 rw-p 00000000 00:00 0 
7a1e99e2b000-7a1e99e34000 ---p 00000000 00:00 0 
7a1e99e34000-7a1e99e3c000 rw-s 00000000 08:03 237598                     /tmp/hsperfdata_root/307434
7a1e99e3c000-7a1e99e40000 r--p 00000000 fc:00 49676340                   /mydata/openjdk-mmtk/build/b0test/images/jdk/lib/libjimage.so
7a1e99e40000-7a1e99e57000 r-xp 00004000 fc:00 49676340                   /mydata/openjdk-mmtk/build/b0test/images/jdk/lib/libjimage.so
7a1e99e57000-7a1e99e5c000 r--p 0001b000 fc:00 49676340                   /mydata/openjdk-mmtk/build/b0test/images/jdk/lib/libjimage.so
7a1e99e5c000-7a1e99e5e000 r--p 00020000 fc:00 49676340                   /mydata/openjdk-mmtk/build/b0test/images/jdk/lib/libjimage.so
7a1e99e5e000-7a1e99e5f000 rw-p 00022000 fc:00 49676340                   /mydata/openjdk-mmtk/build/b0test/images/jdk/lib/libjimage.so
7a1e99e5f000-7a1e99e63000 r--p 00000000 08:03 1410148                    /usr/lib/x86_64-linux-gnu/libgcc_s.so.1
7a1e99e63000-7a1e99e87000 r-xp 00004000 08:03 1410148                    /usr/lib/x86_64-linux-gnu/libgcc_s.so.1
7a1e99e87000-7a1e99e8b000 r--p 00028000 08:03 1410148                    /usr/lib/x86_64-linux-gnu/libgcc_s.so.1
7a1e99e8b000-7a1e99e8c000 r--p 0002b000 08:03 1410148                    /usr/lib/x86_64-linux-gnu/libgcc_s.so.1
7a1e99e8c000-7a1e99e8d000 rw-p 0002c000 08:03 1410148                    /usr/lib/x86_64-linux-gnu/libgcc_s.so.1
7a1e99e8d000-7a1e99e9d000 r--p 00000000 08:03 1411099                    /usr/lib/x86_64-linux-gnu/libm.so.6
7a1e99e9d000-7a1e99f1c000 r-xp 00010000 08:03 1411099                    /usr/lib/x86_64-linux-gnu/libm.so.6
7a1e99f1c000-7a1e99f74000 r--p 0008f000 08:03 1411099                    /usr/lib/x86_64-linux-gnu/libm.so.6
7a1e99f74000-7a1e99f75000 r--p 000e7000 08:03 1411099                    /usr/lib/x86_64-linux-gnu/libm.so.6
7a1e99f75000-7a1e99f76000 rw-p 000e8000 08:03 1411099                    /usr/lib/x86_64-linux-gnu/libm.so.6
7a1e99f76000-7a1e99f78000 rw-p 00000000 00:00 0 
7a1e99f78000-7a1e99f7a000 r--p 00000000 08:03 1409104                    /usr/lib/x86_64-linux-gnu/libz.so.1.3
7a1e99f7a000-7a1e99f8c000 r-xp 00002000 08:03 1409104                    /usr/lib/x86_64-linux-gnu/libz.so.1.3
7a1e99f8c000-7a1e99f92000 r--p 00014000 08:03 1409104                    /usr/lib/x86_64-linux-gnu/libz.so.1.3
7a1e99f92000-7a1e99f93000 r--p 0001a000 08:03 1409104                    /usr/lib/x86_64-linux-gnu/libz.so.1.3
7a1e99f93000-7a1e99f94000 rw-p 0001b000 08:03 1409104                    /usr/lib/x86_64-linux-gnu/libz.so.1.3
7a1e99f99000-7a1e99f9a000 rw-s 00000000 00:10 68                         anon_inode:bpf-map
7a1e99f9a000-7a1e99f9b000 r--s 00000000 00:10 68                         anon_inode:bpf-map
7a1e99f9b000-7a1e99f9c000 ---p 00000000 00:00 0 
7a1e99f9c000-7a1e99f9d000 r--p 00000000 00:00 0 
7a1e99f9d000-7a1e99f9e000 ---p 00000000 00:00 0 
7a1e99f9e000-7a1e99fa0000 r--p 00000000 fc:00 49676342                   /mydata/openjdk-mmtk/build/b0test/images/jdk/lib/libjli.so
7a1e99fa0000-7a1e99faa000 r-xp 00002000 fc:00 49676342                   /mydata/openjdk-mmtk/build/b0test/images/jdk/lib/libjli.so
7a1e99faa000-7a1e99fad000 r--p 0000c000 fc:00 49676342                   /mydata/openjdk-mmtk/build/b0test/images/jdk/lib/libjli.so
7a1e99fad000-7a1e99fae000 r--p 0000f000 fc:00 49676342                   /mydata/openjdk-mmtk/build/b0test/images/jdk/lib/libjli.so
7a1e99fae000-7a1e99faf000 rw-p 00010000 fc:00 49676342                   /mydata/openjdk-mmtk/build/b0test/images/jdk/lib/libjli.so
7a1e99faf000-7a1e99fb1000 rw-p 00000000 00:00 0 
7a1e99fb1000-7a1e99fb5000 r--p 00000000 00:00 0                          [vvar]
7a1e99fb5000-7a1e99fb7000 r--p 00000000 00:00 0                          [vvar_vclock]
7a1e99fb7000-7a1e99fb9000 r-xp 00000000 00:00 0                          [vdso]
7a1e99fb9000-7a1e99fba000 r--p 00000000 08:03 1409763                    /usr/lib/x86_64-linux-gnu/ld-linux-x86-64.so.2
7a1e99fba000-7a1e99fe5000 r-xp 00001000 08:03 1409763                    /usr/lib/x86_64-linux-gnu/ld-linux-x86-64.so.2
7a1e99fe5000-7a1e99fef000 r--p 0002c000 08:03 1409763                    /usr/lib/x86_64-linux-gnu/ld-linux-x86-64.so.2
7a1e99fef000-7a1e99ff1000 r--p 00036000 08:03 1409763                    /usr/lib/x86_64-linux-gnu/ld-linux-x86-64.so.2
7a1e99ff1000-7a1e99ff3000 rw-p 00038000 08:03 1409763                    /usr/lib/x86_64-linux-gnu/ld-linux-x86-64.so.2
7ffd6d71d000-7ffd6d73e000 rw-p 00000000 00:00 0                          [stack]
ffffffffff600000-ffffffffff601000 --xp 00000000 00:00 0                  [vsyscall]
Total number of mappings: 345

JVMTI agents: none


VM Arguments:
jvm_args: -XX:+UseThirdPartyHeap -Xms512m -Xmx512m 
java_command: /mydata/dacapo/dacapo-23.11/dacapo-23.11-MR2-chopin.jar lusearch -n 3
java_class_path (initial): /mydata/dacapo/dacapo-23.11/dacapo-23.11-MR2-chopin.jar
Launcher Type: SUN_STANDARD

[Global flags]
     intx CICompilerCount                          = 15                                        {product} {ergonomic}
   size_t InitialHeapSize                          = 536870912                                 {product} {command line}
   size_t MaxHeapSize                              = 536870912                                 {product} {command line}
   size_t MinHeapDeltaBytes                        = 524288                                    {product} {ergonomic}
   size_t MinHeapSize                              = 536870912                                 {product} {command line}
    uintx NonNMethodCodeHeapSize                   = 8192380                                {pd product} {ergonomic}
    uintx NonProfiledCodeHeapSize                  = 121732930                              {pd product} {ergonomic}
    uintx ProfiledCodeHeapSize                     = 121732930                              {pd product} {ergonomic}
    uintx ReservedCodeCacheSize                    = 251658240                              {pd product} {ergonomic}
     bool SegmentedCodeCache                       = true                                      {product} {ergonomic}
   size_t SoftMaxHeapSize                          = 536870912                              {manageable} {ergonomic}
     bool UseCompressedOops                        = true                           {product lp64_product} {ergonomic}

Logging:
Log output configuration:
 #0: stdout all=warning uptime,level,tags foldmultilines=false
 #1: stderr all=off uptime,level,tags foldmultilines=false

Release file:
IMPLEMENTOR="N/A"
JAVA_RUNTIME_VERSION="21.0.9-internal-adhoc.talzuss.openjdk-mmtk"
JAVA_VERSION="21.0.9"
JAVA_VERSION_DATE="2025-10-21"
LIBC="gnu"
MODULES="java.base java.compiler java.datatransfer java.xml java.prefs java.desktop java.instrument java.logging java.management java.security.sasl java.naming java.rmi java.management.rmi java.net.http java.scripting java.security.jgss java.transaction.xa java.sql java.sql.rowset java.xml.crypto java.se java.smartcardio jdk.accessibility jdk.internal.jvmstat jdk.attach jdk.charsets jdk.internal.opt jdk.zipfs jdk.compiler jdk.crypto.ec jdk.crypto.cryptoki jdk.dynalink jdk.internal.ed jdk.editpad jdk.hotspot.agent jdk.httpserver jdk.incubator.vector jdk.internal.le jdk.internal.vm.ci jdk.internal.vm.compiler jdk.internal.vm.compiler.management jdk.jartool jdk.javadoc jdk.jcmd jdk.management jdk.management.agent jdk.jconsole jdk.jdeps jdk.jdwp.agent jdk.jdi jdk.jfr jdk.jlink jdk.jpackage jdk.jshell jdk.jsobject jdk.jstatd jdk.localedata jdk.management.jfr jdk.naming.dns jdk.naming.rmi jdk.net jdk.nio.mapmode jdk.random jdk.sctp jdk.security.auth jdk.security.jgss jdk.unsupported jdk.unsupported.desktop jdk.xml.dom"
OS_ARCH="x86_64"
OS_NAME="Linux"
SOURCE=".:git:b557520f04b3+"

Environment Variables:
PATH=/usr/local/sbin:/usr/local/bin:/usr/sbin:/usr/bin:/sbin:/bin:/snap/bin
SHELL=/bin/bash
LANG=en_US.UTF-8
TERM=tmux-256color

Active Locale:
LC_ALL=en_US.UTF-8
LC_COLLATE=en_US.UTF-8
LC_CTYPE=en_US.UTF-8
LC_MESSAGES=en_US.UTF-8
LC_MONETARY=en_US.UTF-8
LC_NUMERIC=en_US.UTF-8
LC_TIME=en_US.UTF-8

Signal Handlers:
   SIGSEGV: crash_handler in libjvm.so, mask=11100100010111111101111111111110, flags=SA_RESTART|SA_SIGINFO, unblocked
    SIGBUS: crash_handler in libjvm.so, mask=11100100010111111101111111111110, flags=SA_RESTART|SA_SIGINFO, unblocked
    SIGFPE: crash_handler in libjvm.so, mask=11100100010111111101111111111110, flags=SA_RESTART|SA_SIGINFO, unblocked
   SIGPIPE: javaSignalHandler in libjvm.so, mask=11100100010111111101111111111110, flags=SA_RESTART|SA_SIGINFO, blocked
   SIGXFSZ: javaSignalHandler in libjvm.so, mask=11100100010111111101111111111110, flags=SA_RESTART|SA_SIGINFO, blocked
    SIGILL: crash_handler in libjvm.so, mask=11100100010111111101111111111110, flags=SA_RESTART|SA_SIGINFO, unblocked
   SIGUSR2: SR_handler in libjvm.so, mask=00000000000000000000000000000000, flags=SA_RESTART|SA_SIGINFO, blocked
    SIGHUP: UserHandler in libjvm.so, mask=11100100010111111101111111111110, flags=SA_RESTART|SA_SIGINFO, blocked
    SIGINT: UserHandler in libjvm.so, mask=11100100010111111101111111111110, flags=SA_RESTART|SA_SIGINFO, blocked
   SIGTERM: UserHandler in libjvm.so, mask=11100100010111111101111111111110, flags=SA_RESTART|SA_SIGINFO, blocked
   SIGQUIT: UserHandler in libjvm.so, mask=11100100010111111101111111111110, flags=SA_RESTART|SA_SIGINFO, blocked
   SIGTRAP: crash_handler in libjvm.so, mask=11100100010111111101111111111110, flags=SA_RESTART|SA_SIGINFO, unblocked


Periodic native trim disabled

---------------  S Y S T E M  ---------------

OS:
DISTRIB_ID=Ubuntu
DISTRIB_RELEASE=24.04
DISTRIB_CODENAME=noble
DISTRIB_DESCRIPTION="Ubuntu 24.04.4 LTS"
uname: Linux 6.17.0-bpf-fault+ #1 SMP PREEMPT_DYNAMIC Mon Jul  6 16:43:12 MDT 2026 x86_64
OS uptime: 0 days 20:15 hours
libc: glibc 2.39 NPTL 2.39 
rlimit (soft/hard): STACK 8192k/infinity , CORE 0k/0k , NPROC 513205/513205 , NOFILE 1048576/1048576 , AS infinity/infinity , CPU infinity/infinity , DATA infinity/infinity , FSIZE infinity/infinity , MEMLOCK 16436528k/16436528k
load average: 1.58 1.44 0.87

/proc/meminfo:
MemTotal:       131492232 kB
MemFree:        78141624 kB
MemAvailable:   120132920 kB
Buffers:          514112 kB
Cached:         40878756 kB
SwapCached:            0 kB
Active:          2754216 kB
Inactive:       40583460 kB
Active(anon):    1961248 kB
Inactive(anon):        0 kB
Active(file):     792968 kB
Inactive(file): 40583460 kB
Unevictable:       41912 kB
Mlocked:           38840 kB
SwapTotal:       8388604 kB
SwapFree:        8388604 kB
Zswap:                 0 kB
Zswapped:              0 kB
Dirty:            753832 kB
Writeback:          7868 kB
AnonPages:       1987940 kB
Mapped:          6560316 kB
Shmem:              5316 kB
KReclaimable:    1866104 kB
Slab:            2385672 kB
SReclaimable:    1866104 kB
SUnreclaim:       519568 kB
KernelStack:       10656 kB
PageTables:        42104 kB
SecPageTables:      8784 kB
NFS_Unstable:          0 kB
Bounce:                0 kB
WritebackTmp:          0 kB
CommitLimit:    74134720 kB
Committed_AS:   161433760 kB
VmallocTotal:   34359738367 kB
VmallocUsed:       36684 kB
VmallocChunk:          0 kB
Percpu:            48896 kB
HardwareCorrupted:     0 kB
AnonHugePages:         0 kB
ShmemHugePages:        0 kB
ShmemPmdMapped:        0 kB
FileHugePages:   2160640 kB
FilePmdMapped:         0 kB
Unaccepted:            0 kB
Balloon:               0 kB
HugePages_Total:       0
HugePages_Free:        0
HugePages_Rsvd:        0
HugePages_Surp:        0
Hugepagesize:       2048 kB
Hugetlb:               0 kB
DirectMap4k:      684864 kB
DirectMap2M:    21970944 kB
DirectMap1G:    111149056 kB

/sys/kernel/mm/transparent_hugepage/enabled: always [madvise] never
/sys/kernel/mm/transparent_hugepage/hpage_pmd_size: 2097152
/sys/kernel/mm/transparent_hugepage/defrag (defrag/compaction efforts parameter): always defer defer+madvise [madvise] never

Process Memory:
Virtual Size: 13617579264K (peak: 13617579304K)
Resident Set Size: 3961300K (peak: 3961300K) (anon: 788028K, file: 3173272K, shmem: 0K)
Swapped out: 0K
C-Heap outstanding allocations: 1341872K, retained: 6823K
glibc malloc tunables: (default)

/proc/sys/kernel/threads-max (system-wide limit on the number of threads): 1026411
/proc/sys/vm/max_map_count (maximum number of memory map areas a process may have): 1048576
/proc/sys/vm/swappiness (control to define how aggressively the kernel swaps out anonymous memory): 60
/proc/sys/kernel/pid_max (system-wide limit on number of process identifiers): 4194304

container information not found.
Steal ticks since vm start: 0
Steal ticks percentage since vm start:  0.000

CPU: total 32 (initial active 32) (32 cores per cpu, 2 threads per core) family 23 model 49 stepping 0 microcode 0x830107c, cx8, cmov, fxsr, ht, mmx, 3dnowpref, sse, sse2, sse3, ssse3, sse4a, sse4.1, sse4.2, popcnt, lzcnt, tsc, tscinvbit, avx, avx2, aes, clmul, bmi1, bmi2, adx, sha, fma, vzeroupper, clflush, clflushopt, rdtscp, rdpid, f16c
CPU Model and flags from /proc/cpuinfo:
model name	: AMD EPYC 7302P 16-Core Processor
flags		: fpu vme de pse tsc msr pae mce cx8 apic sep mtrr pge mca cmov pat pse36 clflush mmx fxsr sse sse2 ht syscall nx mmxext fxsr_opt pdpe1gb rdtscp lm constant_tsc rep_good nopl xtopology nonstop_tsc cpuid extd_apicid aperfmperf rapl pni pclmulqdq monitor ssse3 fma cx16 sse4_1 sse4_2 movbe popcnt aes xsave avx f16c rdrand lahf_lm cmp_legacy svm extapic cr8_legacy abm sse4a misalignsse 3dnowprefetch osvw ibs skinit wdt tce topoext perfctr_core perfctr_nb bpext perfctr_llc mwaitx cpb cat_l3 cdp_l3 hw_pstate ssbd mba ibrs ibpb stibp vmmcall fsgsbase bmi1 avx2 smep bmi2 cqm rdt_a rdseed adx smap clflushopt clwb sha_ni xsaveopt xsavec xgetbv1 xsaves cqm_llc cqm_occup_llc cqm_mbm_total cqm_mbm_local clzero irperf xsaveerptr rdpru wbnoinvd amd_ppin arat npt lbrv svm_lock nrip_save tsc_scale vmcb_clean flushbyasid decodeassists pausefilter pfthreshold avic v_vmsave_vmload vgif v_spec_ctrl umip rdpid overflow_recov succor smca sev sev_es

Online cpus: 0-31
Offline cpus: 
BIOS frequency limitation: <Not Available>
Frequency switch latency (ns): <Not Available>
Available cpu frequencies: <Not Available>
Current governor: <Not Available>
Core performance/turbo boost: <Not Available>

Memory: 4k page, physical 131492232k(120132920k free), swap 8388604k(8388604k free)
Page Sizes: 4k

vm_info: OpenJDK 64-Bit Server VM (21.0.9-internal-adhoc.talzuss.openjdk-mmtk) for linux-amd64 JRE (21.0.9-internal-adhoc.talzuss.openjdk-mmtk), built on 2026-07-06T23:13:08Z by "talzuss" with gcc 13.3.0
heap_info: MMTk OpenJDK 0.32.0 (a3bb9ef-dirty), using MMTk 0.32.0 (6afa497-dirty, BUILTIN_ENV_LOGGER, DEFAULT, EAGER_SWEEPING, VO_BIT)™z

END.
