#
# A fatal error has been detected by the Java Runtime Environment:
#
#  SIGSEGV (0xb) at pc=0x000001b8fa1e0ff3, pid=178499, tid=178500
#
# JRE version: OpenJDK Runtime Environment (21.0.9) (build 21.0.9-internal-adhoc.talzuss.openjdk-mmtk)
# Java VM: OpenJDK 64-Bit Server VM (21.0.9-internal-adhoc.talzuss.openjdk-mmtk, mixed mode, sharing, tiered, compressed oops, compressed class ptrs, third-party gc, linux-amd64)
# Problematic frame:
# j  org.h2.mvstore.tx.Transaction.commit()V+148
#
# Core dump will be written. Default location: Core dumps may be processed with "/usr/share/apport/apport -p%p -s%s -c%c -d%d -P%P -u%u -g%g -F%F -- %E" (or dumping to /mydata/mmtk-core/core.178499)
#
# If you would like to submit a bug report, please visit:
#   https://bugreport.java.com/bugreport/crash.jsp
#

---------------  S U M M A R Y ------------

Command Line: -XX:+UseThirdPartyHeap -Xms768m -Xmx768m /mydata/dacapo/dacapo-23.11/dacapo-23.11-MR2-chopin.jar h2 -n 2

Host: AMD EPYC 7302P 16-Core Processor, 32 cores, 125G, Ubuntu 24.04.4 LTS
Time: Mon Jul  6 23:48:18 2026 MDT elapsed time: 3.930365 seconds (0d 0h 0m 3s)

---------------  T H R E A D  ---------------

Current thread (0x00007e5bec02b240):  JavaThread ""                 [_thread_in_Java, id=178500, stack(0x00007e5bf2c17000,0x00007e5bf2d17000) (1024K)]

Stack: [0x00007e5bf2c17000,0x00007e5bf2d17000],  sp=0x00007e5bf2d14b50,  free space=1014k
Native frames: (J=compiled Java code, j=interpreted, Vv=VM code, C=native code)
j  org.h2.mvstore.tx.Transaction.commit()V+148
j  org.h2.engine.SessionLocal.commit(Z)V+19
j  org.h2.command.dml.TransactionCommand.update()J+121
J 1731 c2 org.h2.command.CommandContainer.update(Ljava/lang/Object;)Lorg/h2/result/ResultWithGeneratedKeys; (139 bytes) @ 0x00007e5bdc493508 [0x00007e5bdc493080+0x0000000000000488]
J 2079 c2 org.h2.command.Command.executeUpdate(Ljava/lang/Object;)Lorg/h2/result/ResultWithGeneratedKeys; (332 bytes) @ 0x00007e5bdc551ee4 [0x00007e5bdc551c20+0x00000000000002c4]
J 2143% c2 org.apache.derbyTesting.system.oe.load.SimpleInsert.orderTable(SS)V (513 bytes) @ 0x00007e5bdc57d3dc [0x00007e5bdc577d60+0x000000000000567c]
j  org.apache.derbyTesting.system.oe.load.SimpleInsert.populateForOneWarehouse(S)V+36
j  org.apache.derbyTesting.system.oe.load.SimpleInsert.populateAllTables()V+20
j  org.apache.derbyTesting.system.oe.load.ThreadInsert.populateAllTables()V+9
j  org.dacapo.h2.TPCC.loadData()V+70
j  org.dacapo.h2.TPCC.preIterationMemoryDB()V+42
j  org.dacapo.h2.TPCC.preIteration(Ljava/lang/String;)V+68
j  java.lang.invoke.DirectMethodHandle$Holder.invokeVirtual(Ljava/lang/Object;Ljava/lang/Object;Ljava/lang/Object;)V+11 java.base@21.0.9-internal
j  java.lang.invoke.LambdaForm$MH+0x000071ad94018800.invoke(Ljava/lang/Object;Ljava/lang/Object;Ljava/lang/Object;)Ljava/lang/Object;+52 java.base@21.0.9-internal
j  java.lang.invoke.Invokers$Holder.invokeExact_MT(Ljava/lang/Object;Ljava/lang/Object;Ljava/lang/Object;Ljava/lang/Object;)Ljava/lang/Object;+20 java.base@21.0.9-internal
j  jdk.internal.reflect.DirectMethodHandleAccessor.invokeImpl(Ljava/lang/Object;[Ljava/lang/Object;)Ljava/lang/Object;+55 java.base@21.0.9-internal
j  jdk.internal.reflect.DirectMethodHandleAccessor.invoke(Ljava/lang/Object;[Ljava/lang/Object;)Ljava/lang/Object;+23 java.base@21.0.9-internal
j  java.lang.reflect.Method.invoke(Ljava/lang/Object;[Ljava/lang/Object;)Ljava/lang/Object;+102 java.base@21.0.9-internal
j  org.dacapo.harness.H2.preIteration(Ljava/lang/String;)V+25
j  org.dacapo.harness.Benchmark.run(Lorg/dacapo/harness/Callback;Ljava/lang/String;)Z+37
j  org.dacapo.harness.TestHarness.runBenchmark(Ljava/io/File;Ljava/io/File;Ljava/lang/String;Lorg/dacapo/harness/TestHarness;)V+109
j  org.dacapo.harness.TestHarness.main([Ljava/lang/String;)V+720
j  java.lang.invoke.LambdaForm$DMH+0x000071ad94001800.invokeStatic(Ljava/lang/Object;Ljava/lang/Object;)V+10 java.base@21.0.9-internal
j  java.lang.invoke.LambdaForm$MH+0x000071ad94002c00.invoke(Ljava/lang/Object;Ljava/lang/Object;Ljava/lang/Object;)Ljava/lang/Object;+33 java.base@21.0.9-internal
j  java.lang.invoke.Invokers$Holder.invokeExact_MT(Ljava/lang/Object;Ljava/lang/Object;Ljava/lang/Object;Ljava/lang/Object;)Ljava/lang/Object;+20 java.base@21.0.9-internal
j  jdk.internal.reflect.DirectMethodHandleAccessor.invokeImpl(Ljava/lang/Object;[Ljava/lang/Object;)Ljava/lang/Object;+55 java.base@21.0.9-internal
j  jdk.internal.reflect.DirectMethodHandleAccessor.invoke(Ljava/lang/Object;[Ljava/lang/Object;)Ljava/lang/Object;+23 java.base@21.0.9-internal
j  java.lang.reflect.Method.invoke(Ljava/lang/Object;[Ljava/lang/Object;)Ljava/lang/Object;+102 java.base@21.0.9-internal
j  Harness.main([Ljava/lang/String;)V+44
v  ~StubRoutines::call_stub 0x00007e5bdbc17cc6
V  [libjvm.so+0x92b2fa]  JavaCalls::call_helper(JavaValue*, methodHandle const&, JavaCallArguments*, JavaThread*)+0x2da  (javaCalls.cpp:415)
V  [libjvm.so+0x9d1a3d]  jni_invoke_static(JNIEnv_*, JavaValue*, _jobject*, JNICallType, _jmethodID*, JNI_ArgumentPusher*, JavaThread*) [clone .constprop.1]+0x36d  (jni.cpp:888)
V  [libjvm.so+0x9d3faf]  jni_CallStaticVoidMethod+0x12f  (jni.cpp:1717)
C  [libjli.so+0x574e]  JavaMain+0xfde  (java.c:560)
C  [libjli.so+0x85ad]  ThreadJavaMain+0xd  (java_md.c:642)
C  [libc.so.6+0x9caa4]

siginfo: si_signo: 11 (SIGSEGV), si_code: 1 (SEGV_MAPERR), si_addr: 0x000001b8fa1e0ff3

Registers:
RAX=0x000071ad93000000, RBX=0x00007e5bf3655300, RCX=0x0000000040a36030, RDX=0x0000000000000000
RSP=0x00007e5bf2d14b48, RBP=0x00007e5bf2d14bb0, RSI=0x00007e5bf2d14b08, RDI=0x00007e5bec558ce0
R8 =0x0000000000000002, R9 =0x00007e5bdbc1e780, R10=0x000071ad93000000, R11=0x0000000000000000
R12=0x0000000000000000, R13=0x00007e5bf2d14b50, R14=0x0000000000000000, R15=0x00007e5bec02b240
RIP=0x000001b8fa1e0ff3, EFLAGS=0x0000000000010246, CSGSFS=0x002b000000000033, ERR=0x0000000000000014
  TRAPNO=0x000000000000000e

XMM[0]=0x00007e5bdbc211ec 0x00007e5bf2d14b68
XMM[1]=0x00007e5bdbc211ec 0x00007e5bf2d14b68
XMM[2]=0x0000000000000000 0x00007e5bdbc1e790
XMM[3]=0x00007e5bf2d14bb0 0x00007e0000000000
XMM[4]=0x00007e5bf2d14bb0 0x00007e0000000000
XMM[5]=0x0000000000000000 0x00007e5bec02b240
XMM[6]=0x0000000000000000 0x00007e5bdbc17b90
XMM[7]=0x0000000000000000 0x00007e5bec02b240
XMM[8]=0x0025840fc0854877 0xf8c5000000000000
XMM[9]=0x0000000000000000 0x01fc0c2accdabfaa
XMM[10]=0x0000000000000000 0x00000000cadeb380
XMM[11]=0x0000000000000000 0x7461a3a9413c6353
XMM[12]=0x0000000000000000 0x00000000ccdabfaa
XMM[13]=0x0000000000000000 0x0000000000000000
XMM[14]=0x0000000000000000 0x0000000000000000
XMM[15]=0x0000000000000000 0x0000000000000000
  MXCSR=0x00001fa2


Register to memory mapping:

RAX=
[error occurred during error reporting (printing register info), id 0xe0000000, Internal Error (/mydata/mmtk-openjdk/openjdk/share/mmtkHeap.cpp:444)]
RBX=
[error occurred during error reporting (printing register info, attempt 2), id 0xe0000000, Internal Error (/mydata/mmtk-openjdk/openjdk/share/mmtkHeap.cpp:444)]
RCX=
[error occurred during error reporting (printing register info, attempt 3), id 0xe0000000, Internal Error (/mydata/mmtk-openjdk/openjdk/share/mmtkHeap.cpp:444)]
Top of Stack: (sp=0x00007e5bf2d14b48)
0x00007e5bf2d14b48:   00007e5bdbc1ee80 0000000000000001
0x00007e5bf2d14b58:   000000006bd02cd0 0000000040a36030
0x00007e5bf2d14b68:   00007e5bf2d14b68 000071ad886bad54
0x00007e5bf2d14b78:   0000000000000009 000071ad886bc718
0x00007e5bf2d14b88:   0000000000000000 0000000040a0e248
0x00007e5bf2d14b98:   000071ad886badc8 00007e5bf2d14b50
0x00007e5bf2d14ba8:   00007e5bf2d14bf8 00007e5bf2d14c48
0x00007e5bf2d14bb8:   00007e5bdbc1ee80 0000000000000000
0x00007e5bf2d14bc8:   00000000400926b0 0000020000002c43
0x00007e5bf2d14bd8:   00000000400926b0 0000000000000001
0x00007e5bf2d14be8:   0000000000000001 00000000400926b0
0x00007e5bf2d14bf8:   000000006bd02cd0 00007e5bf2d14c00
0x00007e5bf2d14c08:   000071ad8857188b 0000000000000004
0x00007e5bf2d14c18:   000071ad886712b8 000071ad888e90b8
0x00007e5bf2d14c28:   0000000040820628 000071ad885718e8
0x00007e5bf2d14c38:   00007e5bf2d14bf8 00007e5bf2d14c60
0x00007e5bf2d14c48:   00007e5bf2d14cb8 00007e5bdbc1ee80
0x00007e5bf2d14c58:   0000000000000000 0000000000000000
0x00007e5bf2d14c68:   0000000040b0b8e8 00007e5bf2d14c70
0x00007e5bf2d14c78:   000071ad8874beb1 0000000000000003
0x00007e5bf2d14c88:   000071ad888852a0 0000000000000000
0x00007e5bf2d14c98:   0000000040b0d720 000071ad8874bfd0
0x00007e5bf2d14ca8:   00007e5bf2d14c60 00007e5bf2d14ce0
0x00007e5bf2d14cb8:   000000004121d080 00007e5bdc493508
0x00007e5bf2d14cc8:   0000000000000000 000000004121d000
0x00007e5bf2d14cd8:   00007e5bdc493508 000000006bd922e8
0x00007e5bf2d14ce8:   00007e5bdc43e4ea 000000004121d080
0x00007e5bf2d14cf8:   00007e5bd4a6ffdc 0000000140902758
0x00007e5bf2d14d08:   40b856f04554ad80 0000000000000009
0x00007e5bf2d14d18:   000000006a4c8f20 000000004000a668
0x00007e5bf2d14d28:   000000004093c580 0000000000000000
0x00007e5bf2d14d38:   00007e5bdc551ee4 000000004000a0b0 

Instructions: (pc=0x00007e5bdbc1ee80)
0x00007e5bdbc1ed80:   ff 00 00 00 48 8d 24 dc 41 0f b6 5d 02 49 83 c5
0x00007e5bdbc1ed90:   02 49 ba 60 6e 77 f4 5b 7e 00 00 41 ff 24 da 48
0x00007e5bdbc1eda0:   8b 65 f0 48 c7 45 f0 00 00 00 00 4c 8b 6d c0 4c
0x00007e5bdbc1edb0:   8b 75 c8 4e 8d 74 f5 00 48 8b 5d d8 48 85 db 0f
0x00007e5bdbc1edc0:   84 8a 00 00 00 41 80 7d 00 ba 0f 84 1b 00 00 00
0x00007e5bdbc1edd0:   41 80 7d 00 e9 0f 84 10 00 00 00 48 8b 4d e8 66
0x00007e5bdbc1ede0:   81 79 34 8e 01 0f 85 64 00 00 00 48 8b c8 48 85
0x00007e5bdbc1edf0:   c9 75 0e f6 43 f8 01 75 56 f0 48 83 4b f8 01 eb
0x00007e5bdbc1ee00:   4e 8b 49 08 49 ba 00 00 00 93 ad 71 00 00 49 03
0x00007e5bdbc1ee10:   ca 4c 8b d1 48 33 4b f8 48 f7 c1 fc ff ff ff 74
0x00007e5bdbc1ee20:   2e f6 c1 02 75 29 48 83 7b f8 00 74 1e 48 83 7b
0x00007e5bdbc1ee30:   f8 01 74 17 49 8b ca 48 33 4b f8 48 f7 c1 fc ff
0x00007e5bdbc1ee40:   ff ff 74 0b 48 83 4b f8 02 eb 04 48 89 4b f8 41
0x00007e5bdbc1ee50:   0f b7 4d 01 48 8b 5d d0 c1 e1 02 8b 5c cb 50 81
0x00007e5bdbc1ee60:   e3 ff 00 00 00 48 8d 24 dc 41 0f b6 5d 02 49 83
0x00007e5bdbc1ee70:   c5 02 49 ba 60 8e 77 f4 5b 7e 00 00 41 ff 24 da
0x00007e5bdbc1ee80:   48 8b 65 f0 48 c7 45 f0 00 00 00 00 4c 8b 6d c0
0x00007e5bdbc1ee90:   4c 8b 75 c8 4e 8d 74 f5 00 41 0f b7 4d 01 48 8b
0x00007e5bdbc1eea0:   5d d0 c1 e1 02 8b 5c cb 50 81 e3 ff 00 00 00 48
0x00007e5bdbc1eeb0:   8d 24 dc 41 0f b6 5d 03 49 83 c5 03 49 ba 60 96
0x00007e5bdbc1eec0:   77 f4 5b 7e 00 00 41 ff 24 da 48 8b 65 f0 48 c7
0x00007e5bdbc1eed0:   45 f0 00 00 00 00 4c 8b 6d c0 4c 8b 75 c8 4e 8d
0x00007e5bdbc1eee0:   74 f5 00 41 0f b7 4d 01 48 8b 5d d0 c1 e1 02 8b
0x00007e5bdbc1eef0:   5c cb 50 81 e3 ff 00 00 00 48 8d 24 dc 41 0f b6
0x00007e5bdbc1ef00:   5d 03 49 83 c5 03 49 ba 60 86 77 f4 5b 7e 00 00
0x00007e5bdbc1ef10:   41 ff 24 da 48 8b 65 f0 48 c7 45 f0 00 00 00 00
0x00007e5bdbc1ef20:   4c 8b 6d c0 4c 8b 75 c8 4e 8d 74 f5 00 41 0f b7
0x00007e5bdbc1ef30:   4d 01 48 8b 5d d0 c1 e1 02 8b 5c cb 50 81 e3 ff
0x00007e5bdbc1ef40:   00 00 00 48 8d 24 dc 41 0f b6 5d 03 49 83 c5 03
0x00007e5bdbc1ef50:   49 ba 60 7e 77 f4 5b 7e 00 00 41 ff 24 da 48 8b
0x00007e5bdbc1ef60:   65 f0 48 c7 45 f0 00 00 00 00 4c 8b 6d c0 4c 8b
0x00007e5bdbc1ef70:   75 c8 4e 8d 74 f5 00 41 0f b7 4d 01 48 8b 5d d0 


Stack slot to memory mapping:

stack at sp + 0 slots: 
[error occurred during error reporting (inspecting top of stack), id 0xe0000000, Internal Error (/mydata/mmtk-openjdk/openjdk/share/mmtkHeap.cpp:444)]
stack at sp + 1 slots: 
[error occurred during error reporting (inspecting top of stack, attempt 2), id 0xe0000000, Internal Error (/mydata/mmtk-openjdk/openjdk/share/mmtkHeap.cpp:444)]
stack at sp + 2 slots: 
[error occurred during error reporting (inspecting top of stack, attempt 3), id 0xe0000000, Internal Error (/mydata/mmtk-openjdk/openjdk/share/mmtkHeap.cpp:444)]

Compiled method (c2) 5710 1731       4       org.h2.command.CommandContainer::update (139 bytes)
 total in heap  [0x00007e5bdc492e10,0x00007e5bdc494738] = 6440
 relocation     [0x00007e5bdc492f68,0x00007e5bdc493080] = 280
 main code      [0x00007e5bdc493080,0x00007e5bdc493c30] = 2992
 stub code      [0x00007e5bdc493c30,0x00007e5bdc493c58] = 40
 oops           [0x00007e5bdc493c58,0x00007e5bdc493c70] = 24
 metadata       [0x00007e5bdc493c70,0x00007e5bdc493d90] = 288
 scopes data    [0x00007e5bdc493d90,0x00007e5bdc494308] = 1400
 scopes pcs     [0x00007e5bdc494308,0x00007e5bdc494618] = 784
 dependencies   [0x00007e5bdc494618,0x00007e5bdc494640] = 40
 handler table  [0x00007e5bdc494640,0x00007e5bdc494688] = 72
 nul chk table  [0x00007e5bdc494688,0x00007e5bdc494738] = 176

[Constant Pool (empty)]

[MachCode]
[Entry Point]
  # {method} {0x000071ad88743ce8} 'update' '(Ljava/lang/Object;)Lorg/h2/result/ResultWithGeneratedKeys;' in 'org/h2/command/CommandContainer'
  # this:     rsi:rsi   = 'org/h2/command/CommandContainer'
  # parm0:    rdx:rdx   = 'java/lang/Object'
  #           [sp+0x60]  (sp of caller)
  0x00007e5bdc493080: 448b 5608 | 49bb 0000 | 0093 ad71 | 0000 4d03 | d349 3bc2 

  0x00007e5bdc493094: ;   {runtime_call ic_miss_stub}
  0x00007e5bdc493094: 0f85 e61c | 7dff 6690 | 0f1f 4000 
[Verified Entry Point]
  0x00007e5bdc4930a0: 8984 2400 | c0fe ff55 | 4883 ec50 | 4181 7f20 | 0100 0000 | 0f85 6b0b | 0000 4c8b | f248 8974 
  0x00007e5bdc4930c0: 2410 8b6e | 2444 8b5d 

  0x00007e5bdc4930c8: ;   {metadata('org/h2/command/dml/Insert')}
  0x00007e5bdc4930c8: 0841 81fb | 304b 0a01 | 0f85 4304 | 0000 4c8b | c545 8b50 | 2845 8b4a | 7045 8b99 | c800 0000 
  0x00007e5bdc4930e8: 410f b668 | 2685 ed0f | 85d7 0600 | 004d 8b53 | 104d 8b58 | 104d 3bda | 0f8c de06 | 0000 458b 
  0x00007e5bdc493108: 9104 0100 | 0041 0fb6 | 6a3f 85ed | 0f85 ea08 | 0000 448b | 5e18 458b | 5370 4489 | 5424 2045 
  0x00007e5bdc493128: 8b9a d800 | 0000 4585 | db0f 85a9 | 0400 0044 | 8b56 1c41 | 8b6a 0c83 | fdff 0f85 | 2006 0000 
  0x00007e5bdc493148: 418b 6a10 

  0x00007e5bdc49314c: ; implicit exception: dispatches to 0x00007e5bdc493aa4
  0x00007e5bdc49314c: 448b 5508 

  0x00007e5bdc493150: ;   {metadata('org/h2/message/TraceSystem')}
  0x00007e5bdc493150: 4181 fa28 | 1308 010f | 85bf 0400 | 004c 8bd5 | 418b 6a14 | 83fd 040f | 84a3 0600 | 0083 fd02 
  0x00007e5bdc493170: 0f8d ca06 | 0000 448b | 5424 2041 | 0fb6 6a4f | 85ed 0f85 | d006 0000 | 448b 5e24 

  0x00007e5bdc49318c: ; implicit exception: dispatches to 0x00007e5bdc493ab8
  0x00007e5bdc49318c: 418b 6b0c | 85ed 0f8c | d806 0000 | 458b 4334 

  0x00007e5bdc49319c: ; implicit exception: dispatches to 0x00007e5bdc493ba8
  0x00007e5bdc49319c: 418b 4010 | 85c0 0f84 | d201 0000 | 418b 580c | 458b 5014 | 33d2 4533 | db85 c041 | 0f95 c341 
  0x00007e5bdc4931bc: 8b6a 0c85 | ed0f 86d5 | 0400 0048 | 63f5 4c63 | e84d 8d4d | ff4c 3bce | 0f83 c204 | 0000 85c0 
  0x00007e5bdc4931dc: 0f8e e604 | 0000 41bb | 0100 0000 | 443b d844 | 0f4f d8b9 | ffff ffff | 3bd0 0f8d | f804 0000 
  0x00007e5bdc4931fc: 3bd5 0f8d | 2405 0000 | 418b 4c92 | 1044 8b49 

  0x00007e5bdc49320c: ;   {metadata('org/h2/expression/Parameter')}
  0x00007e5bdc49320c: 0841 81f9 | d834 0c01 | 0f85 0c08 | 0000 448b | 4914 4585 | c90f 8483 | 0300 008d | 7a01 413b 
  0x00007e5bdc49322c: fb7d 068b | ca8b d7eb | bf4c 3bee | 490f 4cf5 | 4883 c6fd | 49c7 c300 | 0000 8048 | 81fe 0000 
  0x00007e5bdc49324c: 0080 490f | 4cf3 448b | de41 3bfb | 0f8d d000 | 0000 ffc2 | eb10 0f1f | 8000 0000 | 000f 1f80 
  0x00007e5bdc49326c: 0000 0000 | 8bd7 418b | 4c92 1044 

  0x00007e5bdc493278: ;   {metadata('org/h2/expression/Parameter')}
  0x00007e5bdc493278: 8b49 0841 | 81f9 d834 | 0c01 0f85 | 9e07 0000 | 448b 4914 | 4585 c90f | 8415 0300 | 0045 8b4c 
  0x00007e5bdc493298: 9214 4585 | c90f 84c1 | 0200 0041 | 8b79 0849 

  0x00007e5bdc4932a8: ;   {metadata('org/h2/expression/Parameter')}
  0x00007e5bdc4932a8: 8bc9 81ff | d834 0c01 | 0f85 6e07 | 0000 448b | 4914 4585 | c90f 84e0 | 0200 0045 | 8b4c 9218 
  0x00007e5bdc4932c8: 4585 c90f | 8497 0200 | 0041 8b79 | 0849 8bc9 

  0x00007e5bdc4932d8: ;   {metadata('org/h2/expression/Parameter')}
  0x00007e5bdc4932d8: 81ff d834 | 0c01 0f85 | 3807 0000 | 448b 4914 | 4585 c90f | 84b6 0200 | 0045 8b4c | 921c 4585 
  0x00007e5bdc4932f8: c90f 8462 | 0200 0041 | 8b79 0849 

  0x00007e5bdc493304: ;   {metadata('org/h2/expression/Parameter')}
  0x00007e5bdc493304: 8bc9 81ff | d834 0c01 | 0f85 0f07 | 0000 448b | 4914 4585 | c90f 8481 | 0200 008d | 7a04 413b 
  0x00007e5bdc493324: fb0f 8c45 | ffff ff83 | c203 3bf8 | 7d48 6690 | 3bf8 0f8d | bc03 0000 | 3bfd 0f8d | e803 0000 
  0x00007e5bdc493344: 458b 4cba | 1045 8b59 | 0849 8bc9 

  0x00007e5bdc493350: ;   {metadata('org/h2/expression/Parameter')}
  0x00007e5bdc493350: 4181 fbd8 | 340c 010f | 85cb 0600 | 0044 8b49 | 1445 85c9 | 0f84 4202 | 0000 448d | 5f01 443b 
  0x00007e5bdc493370: d87d 078b | d741 8bfb | ebba 4d85 | f60f 8515 | 0500 004c | 8b54 2410 | 458b 5a24 

  0x00007e5bdc49338c: ; implicit exception: dispatches to 0x00007e5bdc493acc
  0x00007e5bdc49338c: 458b 5308 

  0x00007e5bdc493390: ;   {metadata('org/h2/command/dml/Insert')}
  0x00007e5bdc493390: 498b f341 | 81fa 304b | 0a01 0f85 | 5301 0000 | 488b ee44 | 8965 6844 | 8965 6c48 

  0x00007e5bdc4933ac: ;   {optimized virtual_call}
  0x00007e5bdc4933ac: 8bf5 90e8 

  0x00007e5bdc4933b0: ; ImmutableOopMap {rbp=Oop [16]=Oop [32]=NarrowOop }
                      ;*invokespecial insertRows {reexecute=0 rethrow=0 return_oop=0}
                      ; - org.h2.command.dml.Insert::update@11 (line 135)
                      ; - org.h2.command.dml.DataChangeStatement::update@3 (line 74)
                      ; - org.h2.command.CommandContainer::update@107 (line 169)
  0x00007e5bdc4933b0: 2cb1 0800 

  0x00007e5bdc4933b4: ;   {other}
  0x00007e5bdc4933b4: 0f1f 8400 | a405 0000 | 4889 0424 | 4489 656c | 4489 6568 | 498b 8750 | 0300 004c | 8bd0 4983 
  0x00007e5bdc4933d4: c218 4d3b | 9758 0300 | 000f 835d | 0100 004d | 8997 5003 | 0000 4c8b | d04d 8bda | 49c1 eb06 
  0x00007e5bdc4933f4: 49c1 ea03 | 4983 e207 | 458b d241 | b901 0000 | 00c4 4229 | f7c1 49ba | 0000 4030 | af71 0000 
  0x00007e5bdc493414: 4d03 da4d | 8bd3 450f | b60a 450b | c845 880a | 48c7 0001 

  0x00007e5bdc493428: ;   {metadata('org/h2/result/ResultWithGeneratedKeys')}
  0x00007e5bdc493428: 0000 00c7 | 4008 c0f0 | 0c01 4489 | 600c 4c89 | 6010 4c8b | 1424 4c89 | 5010 4c8b | 5424 1045 
  0x00007e5bdc493448: 8b42 244c | 8b50 104c | 8b5c 2410 | 4d8b 5b10 

  0x00007e5bdc493458: ; implicit exception: dispatches to 0x00007e5bdc493ae0
  0x00007e5bdc493458: 418b 4828 

  0x00007e5bdc49345c: ; implicit exception: dispatches to 0x00007e5bdc493b00
  0x00007e5bdc49345c: 8ba9 ac00 | 0000 85ed | 0f84 4a04 | 0000 448b | 89f8 0000 | 0041 8b69 

  0x00007e5bdc493474: ;   {oop(a 'org/h2/engine/SessionLocal$State'{0x0000000040a090b8})}
  0x00007e5bdc493474: 0c81 fdb8 | 90a0 400f | 847b 0400 | 008b 89ac | 0000 008b | 690c 83fd | ff0f 85f1 | 0200 008b 
  0x00007e5bdc493494: 6910 8b4d 

  0x00007e5bdc493498: ;   {metadata('org/h2/message/TraceSystem')}
  0x00007e5bdc493498: 0881 f928 | 1308 010f | 858f 0100 | 004c 8bcd | 418b 6914 | 83fd 040f | 848f 0400 | 0083 fd02 
  0x00007e5bdc4934b8: 0f8d ce04 | 0000 448b | 4c24 2041 | 0fb6 694f | 85ed 0f85 | 0005 0000 | 458b 91d8 | 0000 0045 
  0x00007e5bdc4934d8: 85d2 0f85 | 9801 0000 | 4883 c450 

  0x00007e5bdc4934e4: ;   {poll_return}
  0x00007e5bdc4934e4: 5d49 3ba7 | 6807 0000 | 0f87 1d07 | 0000 c348 | 8b6c 2410 | 9048 b8c0 | b272 ec5b 

  0x00007e5bdc493500: ;   {virtual_call}
  0x00007e5bdc493500: 7e00 00e8 

  0x00007e5bdc493504: ; ImmutableOopMap {rbp=Oop [16]=Oop [32]=NarrowOop }
                      ;*invokevirtual update {reexecute=0 rethrow=0 return_oop=0}
                      ; - org.h2.command.CommandContainer::update@107 (line 169)
  0x00007e5bdc493504: a90f 7dff 

  0x00007e5bdc493508: ;   {other}
  0x00007e5bdc493508: 0f1f 8400 | f806 0001 | 4889 0424 | e9af feff 

  0x00007e5bdc493518: ;   {metadata('org/h2/command/dml/TransactionCommand')}
  0x00007e5bdc493518: ff41 81fb | 302c 0a01 | 0f84 f4fb | ffff bec6 | ffff ff48 | 8954 2408 

  0x00007e5bdc493530: ;   {runtime_call UncommonTrapBlob}
  0x00007e5bdc493530: 6666 90e8 

  0x00007e5bdc493534: ; ImmutableOopMap {rbp=NarrowOop [8]=Oop [16]=Oop }
                      ;*invokevirtual needRecompile {reexecute=0 rethrow=0 return_oop=0}
                      ; - org.h2.command.CommandContainer::recompileIfRequired@4 (line 138)
                      ; - org.h2.command.CommandContainer::update@1 (line 155)
  0x00007e5bdc493534: c86d 7dff 

  0x00007e5bdc493538: ;   {other}
  0x00007e5bdc493538: 0f1f 8400 | 2807 0002 

  0x00007e5bdc493540: ;   {metadata('org/h2/result/ResultWithGeneratedKeys')}
  0x00007e5bdc493540: 48be c0f0 | 0c94 ad71 | 0000 488b 

  0x00007e5bdc49354c: ;   {runtime_call _new_instance_Java}
  0x00007e5bdc49354c: 6c24 10e8 

  0x00007e5bdc493550: ; ImmutableOopMap {rbp=Oop [16]=Oop [32]=NarrowOop }
                      ;*new {reexecute=0 rethrow=0 return_oop=1}
                      ; - org.h2.result.ResultWithGeneratedKeys::of@0 (line 45)
                      ; - org.h2.command.CommandContainer::update@110 (line 169)
  0x00007e5bdc493550: acb2 88ff 

  0x00007e5bdc493554: ;   {other}
  0x00007e5bdc493554: 0f1f 8400 | 4407 0003 | e9d9 feff | ff83 c202 | ffc2 eb03 | 83c2 028b | fa8b efff | c5be f4ff 
  0x00007e5bdc493574: ffff 893c | 2448 ff74 | 2410 488f | 4424 084c | 8974 2410 | 895c 2418 | 4489 4424 

  0x00007e5bdc493590: ;   {runtime_call UncommonTrapBlob}
  0x00007e5bdc493590: 1c66 90e8 

  0x00007e5bdc493594: ; ImmutableOopMap {[8]=Oop [16]=Oop [28]=NarrowOop [32]=NarrowOop }
                      ;*checkcast {reexecute=0 rethrow=0 return_oop=0}
                      ; - org.h2.command.Prepared::checkParameters@47 (line 206)
                      ; - org.h2.command.CommandContainer::update@23 (line 159)
  0x00007e5bdc493594: 686d 7dff 

  0x00007e5bdc493598: ;   {other}
  0x00007e5bdc493598: 0f1f 8400 | 8807 0004 | 83c2 02ff | c2eb 0383 | c202 8bfa | 8bef ffc5 | be45 ffff | ff48 890c 
  0x00007e5bdc4935b8: 2444 894c | 2408 897c | 240c 4c89 | 7424 1889 | 5c24 2444 | 8944 2428 

  0x00007e5bdc4935d0: ;   {runtime_call UncommonTrapBlob}
  0x00007e5bdc4935d0: 6666 90e8 

  0x00007e5bdc4935d4: ; ImmutableOopMap {[0]=Oop [8]=NarrowOop [16]=Oop [24]=Oop [32]=NarrowOop [40]=NarrowOop }
                      ;*ifnonnull {reexecute=1 rethrow=0 return_oop=0}
                      ; - (reexecute) org.h2.expression.Parameter::checkSet@4 (line 74)
                      ; - org.h2.command.Prepared::checkParameters@52 (line 207)
                      ; - org.h2.command.CommandContainer::update@23 (line 159)
  0x00007e5bdc4935d4: 286d 7dff 

  0x00007e5bdc4935d8: ;   {other}
  0x00007e5bdc4935d8: 0f1f 8400 | c807 0005 | 8b6e 20be | ecff ffff | 48ff 7424 | 1048 8f04 | 2448 8954 | 2408 4889 
  0x00007e5bdc4935f8: 4424 f88b | 4424 2089 | 4424 1048 | 8b44 24f8 | 4489 5c24 

  0x00007e5bdc49360c: ;   {runtime_call UncommonTrapBlob}
  0x00007e5bdc49360c: 1866 90e8 

  0x00007e5bdc493610: ; ImmutableOopMap {rbp=NarrowOop [0]=Oop [8]=Oop [16]=NarrowOop [24]=NarrowOop }
                      ;*ifnull {reexecute=1 rethrow=0 return_oop=0}
                      ; - (reexecute) org.h2.engine.Database::setProgress@4 (line 1853)
                      ; - org.h2.command.Command::setProgress@8 (line 138)
                      ; - org.h2.command.CommandContainer::update@12 (line 157)
  0x00007e5bdc493610: ec6c 7dff 

  0x00007e5bdc493614: ;   {other}
  0x00007e5bdc493614: 0f1f 8400 | 0408 0006 | bede ffff | ff48 8954 

  0x00007e5bdc493624: ;   {runtime_call UncommonTrapBlob}
  0x00007e5bdc493624: 2408 90e8 

  0x00007e5bdc493628: ; ImmutableOopMap {rbp=NarrowOop [8]=Oop [16]=Oop [32]=NarrowOop }
                      ;*invokeinterface isEnabled {reexecute=0 rethrow=0 return_oop=0}
                      ; - org.h2.message.Trace::isEnabled@13 (line 142)
                      ; - org.h2.message.Trace::isInfoEnabled@2 (line 153)
                      ; - org.h2.command.Command::start@4 (line 132)
                      ; - org.h2.command.CommandContainer::update@16 (line 158)
  0x00007e5bdc493628: d46c 7dff 

  0x00007e5bdc49362c: ;   {other}
  0x00007e5bdc49362c: 0f1f 8400 | 1c08 0007 | bede ffff | ff48 ff74 | 2410 488f | 0424 4889 | 4424 f88b | 4424 2089 
  0x00007e5bdc49364c: 4424 0848 | 8b44 24f8 | 4889 4424 | 1044 8944 | 240c 4c89 | 5c24 204c | 8954 2428 

  0x00007e5bdc493668: ;   {runtime_call UncommonTrapBlob}
  0x00007e5bdc493668: 6666 90e8 

  0x00007e5bdc49366c: ; ImmutableOopMap {rbp=NarrowOop [0]=Oop [8]=NarrowOop [12]=NarrowOop [16]=Oop }
                      ;*invokeinterface isEnabled {reexecute=0 rethrow=0 return_oop=0}
                      ; - org.h2.message.Trace::isEnabled@13 (line 142)
                      ; - org.h2.message.Trace::isInfoEnabled@2 (line 153)
                      ; - org.h2.command.Prepared::trace@7 (line 368)
                      ; - org.h2.command.CommandContainer::update@127 (line 171)
  0x00007e5bdc49366c: 906c 7dff 

  0x00007e5bdc493670: ;   {other}
  0x00007e5bdc493670: 0f1f 8400 | 6008 0008 | 4c8b 5c24 | 1041 8b6b | 20be ecff | ffff 4889 | 0424 4489 

  0x00007e5bdc49368c: ;   {runtime_call UncommonTrapBlob}
  0x00007e5bdc49368c: 5424 0ce8 

  0x00007e5bdc493690: ; ImmutableOopMap {rbp=NarrowOop [0]=Oop [12]=NarrowOop [32]=NarrowOop }
                      ;*ifnull {reexecute=1 rethrow=0 return_oop=0}
                      ; - (reexecute) org.h2.engine.Database::setProgress@4 (line 1853)
                      ; - org.h2.command.Command::setProgress@8 (line 138)
                      ; - org.h2.command.CommandContainer::update@134 (line 172)
  0x00007e5bdc493690: 6c6c 7dff 

  0x00007e5bdc493694: ;   {other}
  0x00007e5bdc493694: 0f1f 8400 | 8408 0009 | be76 ffff | ff48 8b6c | 2410 4c89 | 3424 4489 | 5c24 0c89 | 5c24 1044 
  0x00007e5bdc4936b4: 8944 2414 

  0x00007e5bdc4936b8: ;   {runtime_call UncommonTrapBlob}
  0x00007e5bdc4936b8: 6666 90e8 

  0x00007e5bdc4936bc: ; ImmutableOopMap {rbp=Oop [0]=Oop [20]=NarrowOop [32]=NarrowOop }
                      ;*ifeq {reexecute=1 rethrow=0 return_oop=0}
                      ; - (reexecute) org.h2.command.Prepared::checkParameters@38 (line 206)
                      ; - org.h2.command.CommandContainer::update@23 (line 159)
  0x00007e5bdc4936bc: 406c 7dff 

  0x00007e5bdc4936c0: ;   {other}
  0x00007e5bdc4936c0: 0f1f 8400 | b008 000a | be6e ffff | ff48 8b6c | 2410 4c89 | 3424 4489 | 5c24 0c89 | 5c24 1044 
  0x00007e5bdc4936e0: 8944 2414 

  0x00007e5bdc4936e4: ;   {runtime_call UncommonTrapBlob}
  0x00007e5bdc4936e4: 6666 90e8 

  0x00007e5bdc4936e8: ; ImmutableOopMap {rbp=Oop [0]=Oop [20]=NarrowOop [32]=NarrowOop }
                      ;*ifeq {reexecute=1 rethrow=0 return_oop=0}
                      ; - (reexecute) org.h2.command.Prepared::checkParameters@38 (line 206)
                      ; - org.h2.command.CommandContainer::update@23 (line 159)
  0x00007e5bdc4936e8: 146c 7dff 

  0x00007e5bdc4936ec: ;   {other}
  0x00007e5bdc4936ec: 0f1f 8400 | dc08 000b | 8bfa 8bd1 | be45 ffff | ff89 3c24 | 8944 2404 | 897c 2408 | 8954 240c 
  0x00007e5bdc49370c: 4c89 7424 | 1889 5c24 | 2444 8944 

  0x00007e5bdc493718: ;   {runtime_call UncommonTrapBlob}
  0x00007e5bdc493718: 2428 90e8 

  0x00007e5bdc49371c: ; ImmutableOopMap {[16]=Oop [24]=Oop [32]=NarrowOop [40]=NarrowOop }
                      ;*if_icmplt {reexecute=1 rethrow=0 return_oop=0}
                      ; - (reexecute) java.util.ArrayList$Itr::next@17 (line 1051)
                      ; - org.h2.command.Prepared::checkParameters@42 (line 206)
                      ; - org.h2.command.CommandContainer::update@23 (line 159)
  0x00007e5bdc49371c: e06b 7dff 

  0x00007e5bdc493720: ;   {other}
  0x00007e5bdc493720: 0f1f 8400 | 1009 000c | 8bfa 8bd1 | be45 ffff | ff89 7c24 | 0489 5424 | 084c 8974 | 2418 4889 
  0x00007e5bdc493740: 4424 f88b | 4424 2089 | 4424 0c48 | 8b44 24f8 | 895c 2420 | 4489 4424 

  0x00007e5bdc493758: ;   {runtime_call UncommonTrapBlob}
  0x00007e5bdc493758: 2466 90e8 

  0x00007e5bdc49375c: ; ImmutableOopMap {[12]=NarrowOop [16]=Oop [24]=Oop [36]=NarrowOop }
                      ;*if_icmplt {reexecute=1 rethrow=0 return_oop=0}
                      ; - (reexecute) java.util.ArrayList$Itr::next@39 (line 1054)
                      ; - org.h2.command.Prepared::checkParameters@42 (line 206)
                      ; - org.h2.command.CommandContainer::update@23 (line 159)
  0x00007e5bdc49375c: a06b 7dff 

  0x00007e5bdc493760: ;   {other}
  0x00007e5bdc493760: 0f1f 8400 | 5009 000d | be45 ffff | ff48 8954 | 2408 4489 

  0x00007e5bdc493774: ;   {runtime_call UncommonTrapBlob}
  0x00007e5bdc493774: 5424 1ce8 

  0x00007e5bdc493778: ; ImmutableOopMap {[8]=Oop [16]=Oop [28]=NarrowOop [32]=NarrowOop }
                      ;*if_icmpne {reexecute=1 rethrow=0 return_oop=0}
                      ; - (reexecute) org.h2.message.Trace::isEnabled@5 (line 141)
                      ; - org.h2.message.Trace::isInfoEnabled@2 (line 153)
                      ; - org.h2.command.Command::start@4 (line 132)
                      ; - org.h2.command.CommandContainer::update@16 (line 158)
  0x00007e5bdc493778: 846b 7dff 

  0x00007e5bdc49377c: ;   {other}
  0x00007e5bdc49377c: 0f1f 8400 | 6c09 000e | be45 ffff | ff48 ff74 | 2410 488f | 0424 4889 | 4424 f88b | 4424 2089 
  0x00007e5bdc49379c: 4424 0848 | 8b44 24f8 | 4889 4424 | 1044 8944 | 240c 4c89 | 5c24 204c | 8954 2428 | 894c 241c 
  0x00007e5bdc4937bc: ;   {runtime_call UncommonTrapBlob}
  0x00007e5bdc4937bc: 6666 90e8 

  0x00007e5bdc4937c0: ; ImmutableOopMap {[0]=Oop [8]=NarrowOop [12]=NarrowOop [16]=Oop [28]=NarrowOop }
                      ;*if_icmpne {reexecute=1 rethrow=0 return_oop=0}
                      ; - (reexecute) org.h2.message.Trace::isEnabled@5 (line 141)
                      ; - org.h2.message.Trace::isInfoEnabled@2 (line 153)
                      ; - org.h2.command.Prepared::trace@7 (line 368)
                      ; - org.h2.command.CommandContainer::update@127 (line 171)
  0x00007e5bdc4937c0: 3c6b 7dff 

  0x00007e5bdc4937c4: ;   {other}
  0x00007e5bdc4937c4: 0f1f 8400 | b409 000f | be45 ffff | ff48 8954 

  0x00007e5bdc4937d4: ;   {runtime_call UncommonTrapBlob}
  0x00007e5bdc4937d4: 2408 90e8 

  0x00007e5bdc4937d8: ; ImmutableOopMap {[8]=Oop [16]=Oop }
                      ;*ifne {reexecute=1 rethrow=0 return_oop=0}
                      ; - (reexecute) org.h2.command.Prepared::needRecompile@21 (line 133)
                      ; - org.h2.command.CommandContainer::recompileIfRequired@4 (line 138)
                      ; - org.h2.command.CommandContainer::update@1 (line 155)
  0x00007e5bdc4937d8: 246b 7dff 

  0x00007e5bdc4937dc: ;   {other}
  0x00007e5bdc4937dc: 0f1f 8400 | cc09 0010 | 4d3b dabd | ffff ffff | 7c08 400f | 95c5 400f | b6ed be45 | ffff ff48 
  0x00007e5bdc4937fc: 8954 2408 

  0x00007e5bdc493800: ;   {runtime_call UncommonTrapBlob}
  0x00007e5bdc493800: 6666 90e8 

  0x00007e5bdc493804: ; ImmutableOopMap {[8]=Oop [16]=Oop }
                      ;*iflt {reexecute=1 rethrow=0 return_oop=0}
                      ; - (reexecute) org.h2.command.Prepared::needRecompile@33 (line 134)
                      ; - org.h2.command.CommandContainer::recompileIfRequired@4 (line 138)
                      ; - org.h2.command.CommandContainer::update@1 (line 155)
  0x00007e5bdc493804: f86a 7dff 

  0x00007e5bdc493808: ;   {other}
  0x00007e5bdc493808: 0f1f 8400 | f809 0011 | be45 ffff | ff48 8954 | 2408 4889 | 4424 f88b | 4424 2089 | 4424 1848 
  0x00007e5bdc493828: 8b44 24f8 | 4c89 5424 

  0x00007e5bdc493830: ;   {runtime_call UncommonTrapBlob}
  0x00007e5bdc493830: 2066 90e8 

  0x00007e5bdc493834: ; ImmutableOopMap {[8]=Oop [16]=Oop [24]=NarrowOop [32]=Oop }
                      ;*if_icmpne {reexecute=1 rethrow=0 return_oop=0}
                      ; - (reexecute) org.h2.message.TraceSystem::isEnabled@5 (line 154)
                      ; - org.h2.message.Trace::isEnabled@13 (line 142)
                      ; - org.h2.message.Trace::isInfoEnabled@2 (line 153)
                      ; - org.h2.command.Command::start@4 (line 132)
                      ; - org.h2.command.CommandContainer::update@16 (line 158)
  0x00007e5bdc493834: c86a 7dff 

  0x00007e5bdc493838: ;   {other}
  0x00007e5bdc493838: 0f1f 8400 | 280a 0012 | be45 ffff | ff48 8954 

  0x00007e5bdc493848: ;   {runtime_call UncommonTrapBlob}
  0x00007e5bdc493848: 2408 90e8 

  0x00007e5bdc49384c: ; ImmutableOopMap {[8]=Oop [16]=Oop [32]=NarrowOop }
                      ;*if_icmpgt {reexecute=1 rethrow=0 return_oop=0}
                      ; - (reexecute) org.h2.message.TraceSystem::isEnabled@24 (line 157)
                      ; - org.h2.message.Trace::isEnabled@13 (line 142)
                      ; - org.h2.message.Trace::isInfoEnabled@2 (line 153)
                      ; - org.h2.command.Command::start@4 (line 132)
                      ; - org.h2.command.CommandContainer::update@16 (line 158)
  0x00007e5bdc49384c: b06a 7dff 

  0x00007e5bdc493850: ;   {other}
  0x00007e5bdc493850: 0f1f 8400 | 400a 0013 | be45 ffff | ff48 8954 

  0x00007e5bdc493860: ;   {runtime_call UncommonTrapBlob}
  0x00007e5bdc493860: 2408 90e8 

  0x00007e5bdc493864: ; ImmutableOopMap {[8]=Oop [16]=Oop [32]=NarrowOop }
                      ;*ifeq {reexecute=1 rethrow=0 return_oop=0}
                      ; - (reexecute) org.h2.command.Command::start@17 (line 132)
                      ; - org.h2.command.CommandContainer::update@16 (line 158)
  0x00007e5bdc493864: 986a 7dff 

  0x00007e5bdc493868: ;   {other}
  0x00007e5bdc493868: 0f1f 8400 | 580a 0014 | be45 ffff | ff48 ff74 | 2410 488f | 0424 4889 | 5424 0844 | 895c 2414 
  0x00007e5bdc493888: ;   {runtime_call UncommonTrapBlob}
  0x00007e5bdc493888: 6666 90e8 

  0x00007e5bdc49388c: ; ImmutableOopMap {[0]=Oop [8]=Oop [20]=NarrowOop [32]=NarrowOop }
                      ;*ifge {reexecute=1 rethrow=0 return_oop=0}
                      ; - (reexecute) org.h2.command.Prepared::checkParameters@4 (line 200)
                      ; - org.h2.command.CommandContainer::update@23 (line 159)
  0x00007e5bdc49388c: 706a 7dff 

  0x00007e5bdc493890: ;   {other}
  0x00007e5bdc493890: 0f1f 8400 | 800a 0015 | be45 ffff | ff48 8b6c | 2410 4c89 

  0x00007e5bdc4938a4: ;   {runtime_call UncommonTrapBlob}
  0x00007e5bdc4938a4: 7424 10e8 

  0x00007e5bdc4938a8: ; ImmutableOopMap {rbp=Oop [16]=Oop [32]=NarrowOop }
                      ;*ifnull {reexecute=1 rethrow=0 return_oop=0}
                      ; - (reexecute) org.h2.command.CommandContainer::update@27 (line 161)
  0x00007e5bdc4938a8: 546a 7dff 

  0x00007e5bdc4938ac: ;   {other}
  0x00007e5bdc4938ac: 0f1f 8400 | 9c0a 0016 | be45 ffff | ff48 ff74 | 2410 488f | 0424 4889 | 4424 f88b | 4424 2089 
  0x00007e5bdc4938cc: 4424 0848 | 8b44 24f8 | 4889 4424 | 1044 8944 | 240c 4c89 | 5c24 204c | 8954 2428 | 894c 241c 
  0x00007e5bdc4938ec: ;   {runtime_call UncommonTrapBlob}
  0x00007e5bdc4938ec: 6666 90e8 

  0x00007e5bdc4938f0: ; ImmutableOopMap {rbp=NarrowOop [0]=Oop [8]=NarrowOop [12]=NarrowOop [16]=Oop [28]=NarrowOop }
                      ;*ifnull {reexecute=1 rethrow=0 return_oop=0}
                      ; - (reexecute) org.h2.engine.SessionLocal::getTrace@4 (line 1002)
                      ; - org.h2.command.Prepared::trace@4 (line 368)
                      ; - org.h2.command.CommandContainer::update@127 (line 171)
  0x00007e5bdc4938f0: 0c6a 7dff 

  0x00007e5bdc4938f4: ;   {other}
  0x00007e5bdc4938f4: 0f1f 8400 | e40a 0017 | be45 ffff | ff48 ff74 | 2410 488f | 0424 4889 | 4424 f88b | 4424 2089 
  0x00007e5bdc493914: 4424 0848 | 8b44 24f8 | 4889 4424 | 1044 8944 | 240c 4c89 | 5c24 204c | 8954 2428 | 894c 241c 
  0x00007e5bdc493934: ;   {runtime_call UncommonTrapBlob}
  0x00007e5bdc493934: 6666 90e8 

  0x00007e5bdc493938: ; ImmutableOopMap {rbp=NarrowOop [0]=Oop [8]=NarrowOop [12]=NarrowOop [16]=Oop [28]=NarrowOop }
                      ;*if_acmpne {reexecute=1 rethrow=0 return_oop=0}
                      ; - (reexecute) org.h2.engine.SessionLocal::isClosed@10 (line 1178)
                      ; - org.h2.engine.SessionLocal::getTrace@8 (line 1002)
                      ; - org.h2.command.Prepared::trace@4 (line 368)
                      ; - org.h2.command.CommandContainer::update@127 (line 171)
  0x00007e5bdc493938: c469 7dff 

  0x00007e5bdc49393c: ;   {other}
  0x00007e5bdc49393c: 0f1f 8400 | 2c0b 0018 | be45 ffff | ff48 ff74 | 2410 488f | 0424 4889 | 4424 f88b | 4424 2089 
  0x00007e5bdc49395c: 4424 0848 | 8b44 24f8 | 4889 4424 | 1044 8944 | 240c 4c89 | 5c24 204c | 8954 2428 | 4c89 4c24 
  0x00007e5bdc49397c: ;   {runtime_call UncommonTrapBlob}
  0x00007e5bdc49397c: 3066 90e8 

  0x00007e5bdc493980: ; ImmutableOopMap {[0]=Oop [8]=NarrowOop [12]=NarrowOop [16]=Oop [48]=Oop }
                      ;*if_icmpne {reexecute=1 rethrow=0 return_oop=0}
                      ; - (reexecute) org.h2.message.TraceSystem::isEnabled@5 (line 154)
                      ; - org.h2.message.Trace::isEnabled@13 (line 142)
                      ; - org.h2.message.Trace::isInfoEnabled@2 (line 153)
                      ; - org.h2.command.Prepared::trace@7 (line 368)
                      ; - org.h2.command.CommandContainer::update@127 (line 171)
  0x00007e5bdc493980: 7c69 7dff 

  0x00007e5bdc493984: ;   {other}
  0x00007e5bdc493984: 0f1f 8400 | 740b 0019 | be45 ffff | ff48 ff74 | 2410 488f | 0424 4889 | 4424 f88b | 4424 2089 
  0x00007e5bdc4939a4: 4424 0848 | 8b44 24f8 | 4889 4424 | 1044 8944 | 240c 4c89 | 5c24 204c | 8954 2428 

  0x00007e5bdc4939c0: ;   {runtime_call UncommonTrapBlob}
  0x00007e5bdc4939c0: 6666 90e8 

  0x00007e5bdc4939c4: ; ImmutableOopMap {[0]=Oop [8]=NarrowOop [12]=NarrowOop [16]=Oop }
                      ;*if_icmpgt {reexecute=1 rethrow=0 return_oop=0}
                      ; - (reexecute) org.h2.message.TraceSystem::isEnabled@24 (line 157)
                      ; - org.h2.message.Trace::isEnabled@13 (line 142)
                      ; - org.h2.message.Trace::isInfoEnabled@2 (line 153)
                      ; - org.h2.command.Prepared::trace@7 (line 368)
                      ; - org.h2.command.CommandContainer::update@127 (line 171)
  0x00007e5bdc4939c4: 3869 7dff 

  0x00007e5bdc4939c8: ;   {other}
  0x00007e5bdc4939c8: 0f1f 8400 | b80b 001a | be45 ffff | ff48 ff74 | 2410 488f | 0424 4889 | 4424 1044 | 8944 240c 
  0x00007e5bdc4939e8: 4489 4c24 | 184c 895c | 2420 4c89 

  0x00007e5bdc4939f4: ;   {runtime_call UncommonTrapBlob}
  0x00007e5bdc4939f4: 5424 28e8 

  0x00007e5bdc4939f8: ; ImmutableOopMap {[0]=Oop [12]=NarrowOop [16]=Oop [24]=NarrowOop }
                      ;*ifeq {reexecute=1 rethrow=0 return_oop=0}
                      ; - (reexecute) org.h2.command.Prepared::trace@67 (line 375)
                      ; - org.h2.command.CommandContainer::update@127 (line 171)
  0x00007e5bdc4939f8: 0469 7dff 

  0x00007e5bdc4939fc: ;   {other}
  0x00007e5bdc4939fc: 0f1f 8400 | ec0b 001b | be45 ffff | ff48 8954 

  0x00007e5bdc493a0c: ;   {runtime_call UncommonTrapBlob}
  0x00007e5bdc493a0c: 2408 90e8 

  0x00007e5bdc493a10: ; ImmutableOopMap {[8]=Oop [16]=Oop }
                      ;*ifeq {reexecute=1 rethrow=0 return_oop=0}
                      ; - (reexecute) org.h2.command.Prepared::needRecompile@43 (line 135)
                      ; - org.h2.command.CommandContainer::recompileIfRequired@4 (line 138)
                      ; - org.h2.command.CommandContainer::update@1 (line 155)
  0x00007e5bdc493a10: ec68 7dff 

  0x00007e5bdc493a14: ;   {other}
  0x00007e5bdc493a14: 0f1f 8400 | 040c 001c | 83c2 02eb | 0583 c202 | ffc2 8bfa | 8bef ffc5 | bede ffff | ff48 890c 
  0x00007e5bdc493a34: 2489 7c24 | 084c 8974 | 2418 4889 | 4424 f88b | 4424 2089 | 4424 0c48 | 8b44 24f8 | 895c 2420 
  0x00007e5bdc493a54: 4489 4424 

  0x00007e5bdc493a58: ;   {runtime_call UncommonTrapBlob}
  0x00007e5bdc493a58: 2466 90e8 

  0x00007e5bdc493a5c: ; ImmutableOopMap {[0]=Oop [12]=NarrowOop [16]=Oop [24]=Oop [36]=NarrowOop }
                      ;*checkcast {reexecute=0 rethrow=0 return_oop=0}
                      ; - org.h2.command.Prepared::checkParameters@47 (line 206)
                      ; - org.h2.command.CommandContainer::update@23 (line 159)
  0x00007e5bdc493a5c: a068 7dff 

  0x00007e5bdc493a60: ;   {other}
  0x00007e5bdc493a60: 0f1f 8400 | 500c 001d | bef6 ffff 

  0x00007e5bdc493a6c: ;   {runtime_call UncommonTrapBlob}
  0x00007e5bdc493a6c: ff66 90e8 

  0x00007e5bdc493a70: ; ImmutableOopMap {}
                      ;*invokevirtual needRecompile {reexecute=0 rethrow=0 return_oop=0}
                      ; - org.h2.command.CommandContainer::recompileIfRequired@4 (line 138)
                      ; - org.h2.command.CommandContainer::update@1 (line 155)
  0x00007e5bdc493a70: 8c68 7dff 

  0x00007e5bdc493a74: ;   {other}
  0x00007e5bdc493a74: 0f1f 8400 | 640c 001e | bef6 ffff 

  0x00007e5bdc493a80: ;   {runtime_call UncommonTrapBlob}
  0x00007e5bdc493a80: ff66 90e8 

  0x00007e5bdc493a84: ; ImmutableOopMap {}
                      ;*invokevirtual getDatabase {reexecute=0 rethrow=0 return_oop=0}
                      ; - org.h2.command.Command::getDatabase@4 (line 383)
                      ; - org.h2.command.CommandContainer::update@5 (line 156)
  0x00007e5bdc493a84: 7868 7dff 

  0x00007e5bdc493a88: ;   {other}
  0x00007e5bdc493a88: 0f1f 8400 | 780c 001f | bef6 ffff 

  0x00007e5bdc493a94: ;   {runtime_call UncommonTrapBlob}
  0x00007e5bdc493a94: ff66 90e8 

  0x00007e5bdc493a98: ; ImmutableOopMap {}
                      ;*invokevirtual isInfoEnabled {reexecute=0 rethrow=0 return_oop=0}
                      ; - org.h2.command.Command::start@4 (line 132)
                      ; - org.h2.command.CommandContainer::update@16 (line 158)
  0x00007e5bdc493a98: 6468 7dff 

  0x00007e5bdc493a9c: ;   {other}
  0x00007e5bdc493a9c: 0f1f 8400 | 8c0c 0020 | bef6 ffff 

  0x00007e5bdc493aa8: ;   {runtime_call UncommonTrapBlob}
  0x00007e5bdc493aa8: ff66 90e8 

  0x00007e5bdc493aac: ; ImmutableOopMap {}
                      ;*invokeinterface isEnabled {reexecute=0 rethrow=0 return_oop=0}
                      ; - org.h2.message.Trace::isEnabled@13 (line 142)
                      ; - org.h2.message.Trace::isInfoEnabled@2 (line 153)
                      ; - org.h2.command.Command::start@4 (line 132)
                      ; - org.h2.command.CommandContainer::update@16 (line 158)
  0x00007e5bdc493aac: 5068 7dff 

  0x00007e5bdc493ab0: ;   {other}
  0x00007e5bdc493ab0: 0f1f 8400 | a00c 0021 | bef6 ffff 

  0x00007e5bdc493abc: ;   {runtime_call UncommonTrapBlob}
  0x00007e5bdc493abc: ff66 90e8 

  0x00007e5bdc493ac0: ; ImmutableOopMap {}
                      ;*invokevirtual checkParameters {reexecute=0 rethrow=0 return_oop=0}
                      ; - org.h2.command.CommandContainer::update@23 (line 159)
  0x00007e5bdc493ac0: 3c68 7dff 

  0x00007e5bdc493ac4: ;   {other}
  0x00007e5bdc493ac4: 0f1f 8400 | b40c 0022 | bef6 ffff 

  0x00007e5bdc493ad0: ;   {runtime_call UncommonTrapBlob}
  0x00007e5bdc493ad0: ff66 90e8 

  0x00007e5bdc493ad4: ; ImmutableOopMap {}
                      ;*invokevirtual update {reexecute=0 rethrow=0 return_oop=0}
                      ; - org.h2.command.CommandContainer::update@107 (line 169)
  0x00007e5bdc493ad4: 2868 7dff 

  0x00007e5bdc493ad8: ;   {other}
  0x00007e5bdc493ad8: 0f1f 8400 | c80c 0023 | bef6 ffff | ff8b 6c24 | 204c 891c | 244c 8954 

  0x00007e5bdc493af0: ;   {runtime_call UncommonTrapBlob}
  0x00007e5bdc493af0: 2408 90e8 

  0x00007e5bdc493af4: ; ImmutableOopMap {rbp=NarrowOop }
                      ;*invokevirtual trace {reexecute=0 rethrow=0 return_oop=0}
                      ; - org.h2.command.CommandContainer::update@127 (line 171)
  0x00007e5bdc493af4: 0868 7dff 

  0x00007e5bdc493af8: ;   {other}
  0x00007e5bdc493af8: 0f1f 8400 | e80c 0024 | bef6 ffff 

  0x00007e5bdc493b04: ;   {runtime_call UncommonTrapBlob}
  0x00007e5bdc493b04: ff66 90e8 

  0x00007e5bdc493b08: ; ImmutableOopMap {}
                      ;*invokevirtual getTrace {reexecute=0 rethrow=0 return_oop=0}
                      ; - org.h2.command.Prepared::trace@4 (line 368)
                      ; - org.h2.command.CommandContainer::update@127 (line 171)
  0x00007e5bdc493b08: f467 7dff 

  0x00007e5bdc493b0c: ;   {other}
  0x00007e5bdc493b0c: 0f1f 8400 | fc0c 0025 | bef6 ffff 

  0x00007e5bdc493b18: ;   {runtime_call UncommonTrapBlob}
  0x00007e5bdc493b18: ff66 90e8 

  0x00007e5bdc493b1c: ; ImmutableOopMap {}
                      ;*invokevirtual get {reexecute=0 rethrow=0 return_oop=0}
                      ; - org.h2.engine.SessionLocal::isClosed@4 (line 1178)
                      ; - org.h2.engine.SessionLocal::getTrace@8 (line 1002)
                      ; - org.h2.command.Prepared::trace@4 (line 368)
                      ; - org.h2.command.CommandContainer::update@127 (line 171)
  0x00007e5bdc493b1c: e067 7dff 

  0x00007e5bdc493b20: ;   {other}
  0x00007e5bdc493b20: 0f1f 8400 | 100d 0026 | bef6 ffff 

  0x00007e5bdc493b2c: ;   {runtime_call UncommonTrapBlob}
  0x00007e5bdc493b2c: ff66 90e8 

  0x00007e5bdc493b30: ; ImmutableOopMap {}
                      ;*invokevirtual isInfoEnabled {reexecute=0 rethrow=0 return_oop=0}
                      ; - org.h2.command.Prepared::trace@7 (line 368)
                      ; - org.h2.command.CommandContainer::update@127 (line 171)
  0x00007e5bdc493b30: cc67 7dff 

  0x00007e5bdc493b34: ;   {other}
  0x00007e5bdc493b34: 0f1f 8400 | 240d 0027 | bef6 ffff 

  0x00007e5bdc493b40: ;   {runtime_call UncommonTrapBlob}
  0x00007e5bdc493b40: ff66 90e8 

  0x00007e5bdc493b44: ; ImmutableOopMap {}
                      ;*invokeinterface isEnabled {reexecute=0 rethrow=0 return_oop=0}
                      ; - org.h2.message.Trace::isEnabled@13 (line 142)
                      ; - org.h2.message.Trace::isInfoEnabled@2 (line 153)
                      ; - org.h2.command.Prepared::trace@7 (line 368)
                      ; - org.h2.command.CommandContainer::update@127 (line 171)
  0x00007e5bdc493b44: b867 7dff 

  0x00007e5bdc493b48: ;   {other}
  0x00007e5bdc493b48: 0f1f 8400 | 380d 0028 | bef6 ffff 

  0x00007e5bdc493b54: ;   {runtime_call UncommonTrapBlob}
  0x00007e5bdc493b54: ff66 90e8 

  0x00007e5bdc493b58: ; ImmutableOopMap {}
                      ;*invokevirtual getDatabase {reexecute=0 rethrow=0 return_oop=0}
                      ; - org.h2.command.Prepared::getDatabase@4 (line 496)
                      ; - org.h2.command.Prepared::needRecompile@1 (line 127)
                      ; - org.h2.command.CommandContainer::recompileIfRequired@4 (line 138)
                      ; - org.h2.command.CommandContainer::update@1 (line 155)
  0x00007e5bdc493b58: a467 7dff 

  0x00007e5bdc493b5c: ;   {other}
  0x00007e5bdc493b5c: 0f1f 8400 | 4c0d 0029 | bef6 ffff 

  0x00007e5bdc493b68: ;   {runtime_call UncommonTrapBlob}
  0x00007e5bdc493b68: ff66 90e8 

  0x00007e5bdc493b6c: ; ImmutableOopMap {}
                      ;*invokevirtual get {reexecute=0 rethrow=0 return_oop=0}
                      ; - org.h2.engine.Database::getModificationMetaId@4 (line 444)
                      ; - org.h2.command.Prepared::needRecompile@29 (line 134)
                      ; - org.h2.command.CommandContainer::recompileIfRequired@4 (line 138)
                      ; - org.h2.command.CommandContainer::update@1 (line 155)
  0x00007e5bdc493b6c: 9067 7dff 

  0x00007e5bdc493b70: ;   {other}
  0x00007e5bdc493b70: 0f1f 8400 | 600d 002a | bef6 ffff 

  0x00007e5bdc493b7c: ;   {runtime_call UncommonTrapBlob}
  0x00007e5bdc493b7c: ff66 90e8 

  0x00007e5bdc493b80: ; ImmutableOopMap {}
                      ;*getfield recompileAlways {reexecute=1 rethrow=0 return_oop=0}
                      ; - (reexecute) org.h2.command.Prepared::needRecompile@40 (line 135)
                      ; - org.h2.command.CommandContainer::recompileIfRequired@4 (line 138)
                      ; - org.h2.command.CommandContainer::update@1 (line 155)
  0x00007e5bdc493b80: 7c67 7dff 

  0x00007e5bdc493b84: ;   {other}
  0x00007e5bdc493b84: 0f1f 8400 | 740d 002b | be45 ffff | ff48 8b6c | 2410 4889 

  0x00007e5bdc493b98: ;   {runtime_call UncommonTrapBlob}
  0x00007e5bdc493b98: 1424 90e8 

  0x00007e5bdc493b9c: ; ImmutableOopMap {rbp=Oop [0]=Oop [32]=NarrowOop }
                      ;*ifnonnull {reexecute=1 rethrow=0 return_oop=0}
                      ; - (reexecute) org.h2.engine.SessionLocal::getDatabase@4 (line 660)
                      ; - org.h2.command.Command::getDatabase@4 (line 383)
                      ; - org.h2.command.CommandContainer::update@5 (line 156)
  0x00007e5bdc493b9c: 6067 7dff 

  0x00007e5bdc493ba0: ;   {other}
  0x00007e5bdc493ba0: 0f1f 8400 | 900d 002c | be45 ffff | ff48 8b6c | 2410 4889 | 1424 4489 

  0x00007e5bdc493bb8: ;   {runtime_call UncommonTrapBlob}
  0x00007e5bdc493bb8: 4424 0ce8 

  0x00007e5bdc493bbc: ; ImmutableOopMap {rbp=Oop [0]=Oop [12]=NarrowOop [32]=NarrowOop }
                      ;*ifnull {reexecute=1 rethrow=0 return_oop=0}
                      ; - (reexecute) org.h2.command.Prepared::checkParameters@21 (line 205)
                      ; - org.h2.command.CommandContainer::update@23 (line 159)
  0x00007e5bdc493bbc: 4067 7dff 

  0x00007e5bdc493bc0: ;   {other}
  0x00007e5bdc493bc0: 0f1f 8400 | b00d 002d | be45 ffff | ff48 8b6c | 2410 4889 | 1424 4c89 | 4424 1044 | 894c 2418 
  0x00007e5bdc493be0: ;   {runtime_call UncommonTrapBlob}
  0x00007e5bdc493be0: 6666 90e8 

  0x00007e5bdc493be4: ; ImmutableOopMap {rbp=Oop [0]=Oop [16]=Oop [24]=NarrowOop }
                      ;*ifnonnull {reexecute=1 rethrow=0 return_oop=0}
                      ; - (reexecute) org.h2.engine.SessionLocal::getDatabase@4 (line 660)
                      ; - org.h2.command.Prepared::getDatabase@4 (line 496)
                      ; - org.h2.command.Prepared::needRecompile@1 (line 127)
                      ; - org.h2.command.CommandContainer::recompileIfRequired@4 (line 138)
                      ; - org.h2.command.CommandContainer::update@1 (line 155)
  0x00007e5bdc493be4: 1867 7dff 

  0x00007e5bdc493be8: ;   {other}
  0x00007e5bdc493be8: 0f1f 8400 | d80d 002e | 488b f0eb | 1048 8bf0 | eb0b 4489 | 6568 4489 | 656c 488b | f048 83c4 
  0x00007e5bdc493c08: ;   {runtime_call _rethrow_Java}
  0x00007e5bdc493c08: 505d e971 

  0x00007e5bdc493c0c: ;   {internal_word}
  0x00007e5bdc493c0c: e888 ff49 | bae5 3449 | dc5b 7e00 | 004d 8997 | 8007 0000 

  0x00007e5bdc493c20: ;   {runtime_call SafepointBlob}
  0x00007e5bdc493c20: e9db 777d 

  0x00007e5bdc493c24: ;   {runtime_call StubRoutines (final stubs)}
  0x00007e5bdc493c24: ffe8 36b2 | 7bff e98b | f4ff fff4 
[Stub Code]
  0x00007e5bdc493c30: ;   {no_reloc}
  0x00007e5bdc493c30: 48bb 3845 | 7588 ad71 

  0x00007e5bdc493c38: ;   {runtime_call I2C/C2I adapters}
  0x00007e5bdc493c38: 0000 e9a4 

  0x00007e5bdc493c3c: ;   {runtime_call ExceptionBlob}
  0x00007e5bdc493c3c: 087d ffe9 | bc66 88ff 
[Deopt Handler Code]
  0x00007e5bdc493c44: e800 0000 | 0048 832c 

  0x00007e5bdc493c4c: ;   {runtime_call DeoptimizationBlob}
  0x00007e5bdc493c4c: 2405 e94d | 6a7d fff4 | f4f4 f4f4 
[/MachCode]


Compiled method (c2) 5722 2079   !   4       org.h2.command.Command::executeUpdate (332 bytes)
 total in heap  [0x00007e5bdc551610,0x00007e5bdc557d88] = 26488
 relocation     [0x00007e5bdc551768,0x00007e5bdc551c08] = 1184
 main code      [0x00007e5bdc551c20,0x00007e5bdc554bd8] = 12216
 stub code      [0x00007e5bdc554bd8,0x00007e5bdc554d48] = 368
 oops           [0x00007e5bdc554d48,0x00007e5bdc554d90] = 72
 metadata       [0x00007e5bdc554d90,0x00007e5bdc5550b8] = 808
 scopes data    [0x00007e5bdc5550b8,0x00007e5bdc556d58] = 7328
 scopes pcs     [0x00007e5bdc556d58,0x00007e5bdc557878] = 2848
 dependencies   [0x00007e5bdc557878,0x00007e5bdc5578d8] = 96
 handler table  [0x00007e5bdc5578d8,0x00007e5bdc557c20] = 840
 nul chk table  [0x00007e5bdc557c20,0x00007e5bdc557d88] = 360

[Constant Pool (empty)]

[MachCode]
[Entry Point]
  # {method} {0x000071ad88740af8} 'executeUpdate' '(Ljava/lang/Object;)Lorg/h2/result/ResultWithGeneratedKeys;' in 'org/h2/command/Command'
  # this:     rsi:rsi   = 'org/h2/command/Command'
  # parm0:    rdx:rdx   = 'java/lang/Object'
  #           [sp+0x90]  (sp of caller)
  0x00007e5bdc551c20: 448b 5608 | 49bb 0000 | 0093 ad71 | 0000 4d03 | d349 3bc2 

  0x00007e5bdc551c34: ;   {runtime_call ic_miss_stub}
  0x00007e5bdc551c34: 0f85 4631 | 71ff 6690 | 0f1f 4000 
[Verified Entry Point]
  0x00007e5bdc551c40: 8984 2400 | c0fe ff55 | 4881 ec80 | 0000 0090 | 4181 7f20 | 0100 0000 | 0f85 702f | 0000 4889 
  0x00007e5bdc551c60: 5424 084c | 8bde 448b | 4e18 4585 | c90f 84aa | 0e00 0049 | 8bd1 4d8b | 97a0 0600 | 004d 8b32 
  0x00007e5bdc551c80: 488d 5c24 | 7048 8b02 | a802 0f85 | 2300 0000 | 4883 c801 | 4889 03f0 | 480f b11a | 0f84 3700 
  0x00007e5bdc551ca0: 0000 482b | c448 2507 | f0ff ff48 | 8903 e924 | 0000 004c | 8bd0 4833 | c0f0 4d0f | b17a 3e48 
  0x00007e5bdc551cc0: c703 0300 | 0000 7411 | 4c3b f875 | 1549 ff82 | 8600 0000 | 4833 c075 | 0949 ff87 | 6808 0000 
  0x00007e5bdc551ce0: 33c0 0f85 | 800e 0000 | 458b 5318 

  0x00007e5bdc551cec: ; implicit exception: dispatches to 0x00007e5bdc553efc
  0x00007e5bdc551cec: 458b 4270 | 4585 c00f | 8447 0f00 | 0041 8b9a | f800 0000 

  0x00007e5bdc551d00: ; implicit exception: dispatches to 0x00007e5bdc553f20
  0x00007e5bdc551d00: 8b5b 0c8b 

  0x00007e5bdc551d04: ;   {metadata('org/h2/engine/SessionLocal$State')}
  0x00007e5bdc551d04: 4b08 81f9 | 409c 0801 | 0f85 9620 | 0000 488b 

  0x00007e5bdc551d14: ;   {oop(a 'org/h2/engine/SessionLocal$State'{0x0000000040a090b8})}
  0x00007e5bdc551d14: cb48 bbb8 | 90a0 4000 | 0000 0048 | 3bcb 0f84 | 400f 0000 

  0x00007e5bdc551d28: ;   {oop(a 'org/h2/engine/SessionLocal$State'{0x0000000040a09068})}
  0x00007e5bdc551d28: 48bb 6890 | a040 0000 | 0000 483b | cb0f 8461 | 0f00 0041 | 8b9a f800 | 0000 85db | 0f84 ea0d 
  0x00007e5bdc551d48: 0000 488b 

  0x00007e5bdc551d4c: ;   {oop(a 'org/h2/engine/SessionLocal$State'{0x0000000040a08f70})}
  0x00007e5bdc551d4c: c1bf 708f | a040 f00f | b17b 0c0f | 94c1 0fb6 | c985 c90f | 846f 0f00 | 0041 8b5a | 708b 8ba4 
  0x00007e5bdc551d6c: 0000 0041 | 3bca 0f84 | 900f 0000 | 418b 9af8 | 0000 008b | 4b0c 8b59 

  0x00007e5bdc551d84: ;   {metadata('org/h2/engine/SessionLocal$State')}
  0x00007e5bdc551d84: 0881 fb40 | 9c08 010f | 854b 2000 

  0x00007e5bdc551d90: ;   {oop(a 'org/h2/engine/SessionLocal$State'{0x0000000040a09068})}
  0x00007e5bdc551d90: 0048 bb68 | 90a0 4000 | 0000 0048 | 3bcb 0f84 | 980f 0000 

  0x00007e5bdc551da4: ;   {oop(a 'org/h2/engine/SessionLocal$State'{0x0000000040a090b8})}
  0x00007e5bdc551da4: 48bb b890 | a040 0000 | 0000 483b | cb0f 84b9 | 0f00 0041 | 8b5a 708b | bb84 0000 | 008b 4f0c 
  0x00007e5bdc551dc4: 85c9 0f84 | c807 0000 

  0x00007e5bdc551dcc: ;   {metadata('org/h2/engine/SessionLocal')}
  0x00007e5bdc551dcc: 8b79 0881 | ff40 f402 | 010f 85cb | 0d00 00be | 54ff ffff | 498b eb4c | 8b5c 2408 | 4c89 1c24 
  0x00007e5bdc551dec: 4489 4424 | 0c44 894c | 2410 4489 | 5424 1448 | 894c 2420 

  0x00007e5bdc551e00: ;   {runtime_call UncommonTrapBlob}
  0x00007e5bdc551e00: 6666 90e8 

  0x00007e5bdc551e04: ; ImmutableOopMap {rbp=Oop [0]=Oop [12]=NarrowOop [16]=NarrowOop [20]=NarrowOop [32]=Oop }
                      ;*ifnull {reexecute=1 rethrow=0 return_oop=0}
                      ; - (reexecute) org.h2.engine.SessionLocal::waitIfExclusiveModeEnabled@37 (line 1498)
                      ; - org.h2.command.Command::executeUpdate@23 (line 242)
  0x00007e5bdc551e04: f884 71ff 

  0x00007e5bdc551e08: ;   {other}
  0x00007e5bdc551e08: 0f1f 8400 | f807 0000 | 498b af70 | 0700 0041 

  0x00007e5bdc551e18: ; ImmutableOopMap {rdi=NarrowOop rax=Oop [0]=Oop [8]=Oop [16]=Oop [24]=NarrowOop [28]=NarrowOop [32]=Oop [40]=Oop [48]=Oop [56]=NarrowOop [60]=NarrowOop }
                      ;*ifne {reexecute=1 rethrow=0 return_oop=0}
                      ; - (reexecute) java.lang.ThreadLocal$ThreadLocalMap::cleanSomeSlots@56 (line 741)
                      ; - java.lang.ThreadLocal$ThreadLocalMap::set@113 (line 565)
                      ; - java.lang.ThreadLocal::setInitialValue@18 (line 228)
                      ; - java.lang.ThreadLocal::get@31 (line 194)
                      ; - java.lang.ThreadLocal::get@4 (line 172)
                      ; - org.h2.engine.SessionLocal::setThreadLocalSession@3 (line 2082)
                      ; - org.h2.command.Command::executeUpdate@54 (line 247)
                      ;   {poll}
  0x00007e5bdc551e18: d1e9 8545 | 0045 85c9 | 0f85 6407 | 0000 448b | 4c24 3c41 | 8b69 1044 | 3bd5 0f8d | 241d 0000 
  0x00007e5bdc551e38: 448b ca45 | 33c0 4c8b | 5c24 2045 | 8b53 4c41 | 8b52 148b | 4a0c 8954 | 2450 4489 | 5424 3c4c 
  0x00007e5bdc551e58: 8944 2448 | 4889 7424 | 4089 5c24 | 2444 894c | 2420 4c89 | 1c24 448d | 51ff 458b | da41 81e3 
  0x00007e5bdc551e78: 0dc5 9d33 | 4489 5c24 | 5485 c90f | 86c3 1600 | 0044 8b54 | 2454 428b | 6c92 1085 | ed0f 8413 
  0x00007e5bdc551e98: 0600 0044 

  0x00007e5bdc551e9c: ;   {oop(a 'java/lang/ThreadLocal'{0x0000000040a07780})}
  0x00007e5bdc551e9c: 8b5d 0c41 | 81fb 8077 | a040 0f85 | e018 0000 | 448b 5c24 | 3844 895d | 1c44 8b54 | 241c 418b 
  0x00007e5bdc551ebc: 6a24 85ed | 0f85 7a19 | 0000 4d8b | da45 33c0 | 498b e84c | 895c 2438 | 488b 7424 | 2848 8b54 
  0x00007e5bdc551edc: ;   {optimized virtual_call}
  0x00007e5bdc551edc: 2408 90e8 

  0x00007e5bdc551ee0: ; ImmutableOopMap {[0]=Oop [8]=Oop [16]=Oop [24]=NarrowOop [28]=NarrowOop [40]=Oop [48]=Oop [56]=Oop [72]=Oop }
                      ;*invokevirtual update {reexecute=0 rethrow=0 return_oop=1}
                      ; - org.h2.command.Command::executeUpdate@66 (line 252)
  0x00007e5bdc551ee0: bc11 f4ff 

  0x00007e5bdc551ee4: ;   {other}
  0x00007e5bdc551ee4: 0f1f 8400 | d408 0002 | 4889 4424 | 304c 8b44 | 2428 453b | 6018 0f84 | d414 0000 | 4c8b 5424 
  0x00007e5bdc551f04: 484d 85d2 | 0f85 a216 | 0000 4c8b | 1424 418b | 4a4c 448b | 4914 418b | 790c 448d | 57ff 4181 
  0x00007e5bdc551f24: e20d c59d | 3385 ff0f | 86a3 1600 | 0043 8b6c | 9110 448b 

  0x00007e5bdc551f38: ;   {oop(a 'java/lang/ThreadLocal'{0x0000000040a07780})}
  0x00007e5bdc551f38: 5d0c 4181 | fb80 77a0 | 400f 85c1 | 1600 0044 | 8954 2408 | 4c89 0424 | 488b f54c | 8bd1 4c89 
  0x00007e5bdc551f58: 5424 288b 

  0x00007e5bdc551f5c: ;   {optimized virtual_call}
  0x00007e5bdc551f5c: e966 90e8 

  0x00007e5bdc551f60: ; ImmutableOopMap {rbp=NarrowOop [0]=Oop [16]=Oop [24]=NarrowOop [40]=Oop [48]=Oop }
                      ;*invokevirtual clear0 {reexecute=0 rethrow=0 return_oop=0}
                      ; - java.lang.ref.Reference::clear@1 (line 398)
                      ; - java.lang.ThreadLocal$ThreadLocalMap::remove@40 (line 580)
                      ; - java.lang.ThreadLocal::remove@12 (line 294)
                      ; - java.lang.ThreadLocal::remove@4 (line 283)
                      ; - org.h2.engine.SessionLocal::resetThreadLocalSession@7 (line 2090)
                      ; - org.h2.command.Command::executeUpdate@77 (line 289)
  0x00007e5bdc551f60: 5c0d edff 

  0x00007e5bdc551f64: ;   {other}
  0x00007e5bdc551f64: 0f1f 8400 | 5409 0003 | 448b dd45 | 8b53 1445 | 8b4a 0c44 | 8b44 2408 | 453b c10f | 836f 1400 
  0x00007e5bdc551f84: 0043 8b4c | 8210 85c9 | 0f84 9614 | 0000 418b | d945 8bc8 | 458b c345 | 8d59 0141 | 8bfb 443b 
  0x00007e5bdc551fa4: db0f 8dff | 0a00 0047 | 8964 8a10 | 4489 611c | 458b 480c | 41ff c945 | 8948 0c3b | fb0f 8381 
  0x00007e5bdc551fc4: 1400 0045 | 8bca 458b | 54ba 1045 | 85d2 7461 | 498b ca49 | 8bf1 448d | 53ff 6690 | 8b69 0c8b 
  0x00007e5bdc551fe4: ;   {metadata('jdk/internal/jimage/ImageBufferCache$1')}
  0x00007e5bdc551fe4: 5508 81fa | 90c7 0401 | 0f85 961e | 0000 4c8b | dd41 8bea | 4123 6b0c | 3bef 0f85 | 5818 0000 
  0x00007e5bdc552004: 448d 5f01 | 418b fb44 | 3bdb 0f8d | a10a 0000 | 4d8b 9f70 

  0x00007e5bdc552018: ; ImmutableOopMap {r8=NarrowOop r9=NarrowOop rsi=Oop [0]=Oop [16]=Oop [24]=NarrowOop [40]=Oop [48]=Oop }
                      ;*goto {reexecute=1 rethrow=0 return_oop=0}
                      ; - (reexecute) java.lang.ThreadLocal$ThreadLocalMap::expungeStaleEntry@140 (line 683)
                      ; - java.lang.ThreadLocal$ThreadLocalMap::remove@46 (line 581)
                      ; - java.lang.ThreadLocal::remove@12 (line 294)
                      ; - java.lang.ThreadLocal::remove@4 (line 283)
                      ; - org.h2.engine.SessionLocal::resetThreadLocalSession@7 (line 2090)
                      ; - org.h2.command.Command::executeUpdate@77 (line 289)
                      ;   {poll}
  0x00007e5bdc552018: 0700 0041 | 8503 3bfb | 0f83 5614 | 0000 458b | 5cb9 1045 | 85db 7405 | 498b cbeb | ab4c 8b1c 
  0x00007e5bdc552038: 2445 8b53 | 1845 8b8a | f800 0000 

  0x00007e5bdc552044: ; implicit exception: dispatches to 0x00007e5bdc5542a0
  0x00007e5bdc552044: 418b 690c 

  0x00007e5bdc552048: ; implicit exception: dispatches to 0x00007e5bdc5542c0
  0x00007e5bdc552048: 448b 4508 

  0x00007e5bdc55204c: ;   {metadata('org/h2/engine/SessionLocal$State')}
  0x00007e5bdc55204c: 4181 f840 | 9c08 010f | 85b7 1d00 

  0x00007e5bdc552058: ;   {oop(a 'org/h2/engine/SessionLocal$State'{0x0000000040a090b8})}
  0x00007e5bdc552058: 0049 b8b8 | 90a0 4000 | 0000 0049 | 3be8 0f84 | 3018 0000 

  0x00007e5bdc55206c: ;   {oop(a 'org/h2/engine/SessionLocal$State'{0x0000000040a09068})}
  0x00007e5bdc55206c: 49b8 6890 | a040 0000 | 0000 493b | e80f 8441 | 1800 0045 | 8b8a f800 | 0000 4585 | c90f 8421 
  0x00007e5bdc55208c: 1400 0048 

  0x00007e5bdc552090: ;   {oop(a 'org/h2/engine/SessionLocal$State'{0x0000000040a08fd0})}
  0x00007e5bdc552090: 8bc5 b9d0 | 8fa0 40f0 | 410f b149 | 0c40 0f94 | c540 0fb6 | ed85 ed0f | 843b 1800 | 0045 8b8a 
  0x00007e5bdc5520b0: f800 0000 

  0x00007e5bdc5520b4: ; implicit exception: dispatches to 0x00007e5bdc5542ec
  0x00007e5bdc5520b4: 418b 690c 

  0x00007e5bdc5520b8: ; implicit exception: dispatches to 0x00007e5bdc55430c
  0x00007e5bdc5520b8: 448b 4508 

  0x00007e5bdc5520bc: ;   {metadata('org/h2/engine/SessionLocal$State')}
  0x00007e5bdc5520bc: 4181 f840 | 9c08 010f | 856f 1d00 

  0x00007e5bdc5520c8: ;   {oop(a 'org/h2/engine/SessionLocal$State'{0x0000000040a09068})}
  0x00007e5bdc5520c8: 0049 b868 | 90a0 4000 | 0000 0049 | 3be8 0f84 | 3418 0000 

  0x00007e5bdc5520dc: ;   {oop(a 'org/h2/engine/SessionLocal$State'{0x0000000040a090b8})}
  0x00007e5bdc5520dc: 49b8 b890 | a040 0000 | 0000 493b | e80f 8449 | 1800 0045 | 89a2 a000 | 0000 4d8b | da4c 895c 
  0x00007e5bdc5520fc: 2408 4489 

  0x00007e5bdc552100: ;   {oop(a 'java/lang/Class'{0x0000000040a09db8} = 'java/time/Clock')}
  0x00007e5bdc552100: 5424 1c49 | bab8 9da0 | 4000 0000 | 004d 8b52 | 784c 8954 | 2428 498b | f248 8b2c 

  0x00007e5bdc55211c: ;   {static_call}
  0x00007e5bdc55211c: 2466 90e8 

  0x00007e5bdc552120: ; ImmutableOopMap {rbp=Oop [0]=Oop [8]=Oop [16]=Oop [24]=NarrowOop [28]=NarrowOop [48]=Oop }
                      ;*invokestatic getNanoTimeAdjustment {reexecute=0 rethrow=0 return_oop=0}
                      ; - java.time.Clock::currentInstant@5 (line 498)
                      ; - java.time.Instant::now@0 (line 277)
                      ; - org.h2.engine.SessionLocal::setCurrentCommand@34 (line 1223)
                      ; - org.h2.engine.SessionLocal::endStatement@2 (line 1703)
                      ; - org.h2.command.Command::executeUpdate@84 (line 291)
  0x00007e5bdc552120: 1cc3 eeff 

  0x00007e5bdc552124: ;   {other}
  0x00007e5bdc552124: 0f1f 8400 | 140b 0005 | 4c8b c048 | 83f8 ff0f | 8423 1800 | 004c 8bd8 | 49c1 fb3f | 488b c848 
  0x00007e5bdc552144: 81f1 00ca | 9a3b 48b8 | b394 d626 | e80b 2e11 | 49f7 e84c | 8bca 49c1 | f91a 4d2b | cb48 85c9 
  0x00007e5bdc552164: 0f8c 2a18 | 0000 488b | 4424 2849 | 03c1 0f80 | c014 0000 | 498b c948 | 034c 2428 | 4d69 d100 
  0x00007e5bdc552184: ca9a 3b4d | 2bc2 418b | e84c 63dd | 4c0b d94d | 85db 0f84 | 4018 0000 | 49ba 0014 | 6414 10e3 
  0x00007e5bdc5521a4: 8fff 493b | ca0f 8c39 | 1600 0049 | baff 7895 | fad2 1c70 | 0049 3bca | 0f8f 4e18 | 0000 498b 
  0x00007e5bdc5521c4: 8750 0300 | 004c 8bd0 | 4983 c218 | 4d3b 9758 | 0300 000f | 83b9 0e00 | 004d 8997 | 5003 0000 
  0x00007e5bdc5521e4: 4c8b d84d | 8bc3 49c1 | e806 49ba | 0000 4030 | af71 0000 | 4d03 c249 | c1eb 034d | 8bd0 450f 
  0x00007e5bdc552204: b602 4983 | e307 458b | dbc4 6221 | f74c 2420 | 450b c145 | 8802 48c7 | 0001 0000 

  0x00007e5bdc552220: ;   {metadata('java/time/Instant')}
  0x00007e5bdc552220: 00c7 4008 | 10c4 2600 | 8968 0c48 | 8948 104c | 8bd8 448b | 4c24 1c45 | 8999 c000 | 0000 453b 
  0x00007e5bdc552240: a1c4 0000 | 0074 3141 | 8b69 7044 | 8b95 e400 | 0000 410f | b66a 2085 | ed75 1dbe | 45ff ffff 
  0x00007e5bdc552260: 448b 5c24 | 1844 895c 

  0x00007e5bdc552268: ;   {runtime_call UncommonTrapBlob}
  0x00007e5bdc552268: 240c 90e8 

  0x00007e5bdc55226c: ; ImmutableOopMap {[0]=Oop [12]=NarrowOop [28]=NarrowOop [48]=Oop }
                      ;*ifne {reexecute=1 rethrow=0 return_oop=0}
                      ; - (reexecute) org.h2.engine.SessionLocal::setCurrentCommand@79 (line 1229)
                      ; - org.h2.engine.SessionLocal::endStatement@2 (line 1703)
                      ; - org.h2.command.Command::executeUpdate@84 (line 291)
  0x00007e5bdc55226c: 9080 71ff 

  0x00007e5bdc552270: ;   {other}
  0x00007e5bdc552270: 0f1f 8400 | 600c 0006 | 418b a984 | 0000 0085 | ed0f 85b9 | 1700 0045 | 8b99 f400 | 0000 4585 
  0x00007e5bdc552290: db74 5745 | 8b53 4c41 | 8b6a 0c83 | fd02 0f8c | 9018 0000 | 418b 6b48 

  0x00007e5bdc5522a8: ; implicit exception: dispatches to 0x00007e5bdc554408
  0x00007e5bdc5522a8: 448b 5508 

  0x00007e5bdc5522ac: ;   {metadata('java/util/HashMap')}
  0x00007e5bdc5522ac: 4181 fa08 | d708 000f | 850c 1400 | 0044 8b5d | 1045 85db | 0f84 de0a | 0000 498b | cb44 8b51 
  0x00007e5bdc5522cc: ;   {metadata('java/util/HashMap$Values')}
  0x00007e5bdc5522cc: 0841 81fa | f8d3 1a00 | 0f85 0a14 | 0000 448b | 510c 418b | 4224 85c0 | 0f85 7a01 | 0000 49c7 
  0x00007e5bdc5522ec: 4130 ffff | ffff 4c8b | 1424 458b | 5a18 458b | 83f8 0000 | 0041 8b68 | 0c44 8b4d 

  0x00007e5bdc552308: ;   {metadata('org/h2/engine/SessionLocal$State')}
  0x00007e5bdc552308: 0841 81f9 | 409c 0801 | 0f85 4a1b 

  0x00007e5bdc552314: ;   {oop(a 'org/h2/engine/SessionLocal$State'{0x0000000040a09068})}
  0x00007e5bdc552314: 0000 49b8 | 6890 a040 | 0000 0000 | 493b e80f | 8433 1700 

  0x00007e5bdc552328: ;   {oop(a 'org/h2/engine/SessionLocal$State'{0x0000000040a090b8})}
  0x00007e5bdc552328: 0049 bbb8 | 90a0 4000 | 0000 0049 | 3beb 0f84 | 4817 0000 | 458b 4a24 

  0x00007e5bdc552340: ; implicit exception: dispatches to 0x00007e5bdc554388
  0x00007e5bdc552340: 458b 5908 

  0x00007e5bdc552344: ;   {metadata('org/h2/command/dml/Insert')}
  0x00007e5bdc552344: 4181 fb30 | 4b0a 010f | 85bb 0800 | 0041 8b4a | 180f b669 | 0e85 ed0f | 8543 1700 | 0045 8b42 
  0x00007e5bdc552364: 1c41 8b68 | 0c83 fdff | 0f85 a614 | 0000 418b | 6810 448b 

  0x00007e5bdc552378: ;   {metadata('org/h2/message/TraceSystem')}
  0x00007e5bdc552378: 4508 4181 | f828 1308 | 010f 85f5 | 1200 004c | 8bdd 418b | 6b14 83fd | 040f 8431 | 1700 0083 
  0x00007e5bdc552398: fd02 0f8d | 5017 0000 | 418b 693c | 85ed 0f85 | 6817 0000 | 4c8b 5c24 | 1048 8d44 | 2470 4883 
  0x00007e5bdc5523b8: 3800 0f84 | 7900 0000 | 4d8b 1341 | f6c2 020f | 8462 0000 | 0049 83ba | 8600 0000 | 0074 0949 
  0x00007e5bdc5523d8: ff8a 8600 | 0000 eb4b | 498b 8296 | 0000 0049 | 0b82 8e00 | 0000 750a | 49c7 423e | 0000 0000 
  0x00007e5bdc5523f8: eb3d 4983 | ba9e 0000 | 0000 7422 | 4833 c049 | c742 3e00 | 0000 00f0 | 8304 2400 | 4983 ba9e 
  0x00007e5bdc552418: 0000 0000 | 750d f04d | 0fb1 7a3e | 7505 83c8 | 01eb 0ca8 | 00eb 084c | 8b10 f04d | 0fb1 1375 
  0x00007e5bdc552438: 0a49 ff8f | 6808 0000 | 4533 d20f | 8557 1200 | 0048 8b44 | 2430 4881 | c480 0000 

  0x00007e5bdc552454: ;   {poll_return}
  0x00007e5bdc552454: 005d 493b | a768 0700 | 000f 8755 | 2700 00c3 | 458b 5a18 | 418b 6a14 | 85ed 0f8e | 1417 0000 
  0x00007e5bdc552474: 8b78 0c85 | ff0f 8635 | 1700 008d | 5fff 3bdf | 0f83 8612 | 0000 8b58 | 1085 db0f | 852b 0600 
  0x00007e5bdc552494: 008d 4ffd | 83f9 010f | 8f04 0400 | 0041 b801 | 0000 0033 | f6e9 3c04 | 0000 498b | 8750 0300 
  0x00007e5bdc5524b4: 004c 8bd0 | 4983 c220 | 448b 5c24 | 3c4c 895c | 2458 4d3b | 9758 0300 | 000f 8319 | 0c00 004d 
  0x00007e5bdc5524d4: 8997 5003 | 0000 4c8b | d84d 8bc3 | 49c1 e806 | 49ba 0000 | 4030 af71 | 0000 4d03 | c249 c1eb 
  0x00007e5bdc5524f4: 034d 8bc8 | 450f b611 | 4983 e307 | 458b dbc4 | 6221 f744 | 2420 450b | d045 8811 | 48c7 0001 
  0x00007e5bdc552514: ;   {metadata('java/lang/ThreadLocal$ThreadLocalMap$Entry')}
  0x00007e5bdc552514: 0000 00c7 | 4008 684e | 2200 4c89 | 6010 4c89 

  0x00007e5bdc552524: ;   {oop(a 'java/lang/ThreadLocal'{0x0000000040a07780})}
  0x00007e5bdc552524: 6018 c740 | 0c80 77a0 

  0x00007e5bdc55252c: ;   {oop(a 'java/lang/ref/ReferenceQueue$Null'{0x000000004000b948})}
  0x00007e5bdc55252c: 40c7 4010 | 48b9 0040 | f083 4424 | c000 448b | 5c24 3844 | 8958 1c44 | 8b54 243c | 458b 5a0c 
  0x00007e5bdc55254c: 458b d344 | 8b44 243c | 458b 5814 | 458b c34c | 8bd8 448b | 4c24 508b | 5c24 5445 | 895c 9910 
  0x00007e5bdc55256c: 41ff c245 | 8bda 448b | 4c24 3c45 | 8951 0c45 | 8b48 0c49 | 8bd0 418b | fbe9 d703 | 0000 4489 
  0x00007e5bdc55258c: 5c24 44e9 | 6102 0000 | 458b 5308 

  0x00007e5bdc552598: ;   {metadata('org/h2/command/CommandContainer')}
  0x00007e5bdc552598: 4181 fa00 | 1e0a 010f | 8527 0f00 | 0049 8bcb | 8b69 2444 

  0x00007e5bdc5525ac: ;   {metadata('org/h2/command/dml/Insert')}
  0x00007e5bdc5525ac: 8b55 0841 | 81fa 304b | 0a01 0f85 | 1c06 0000 | 8b59 1848 | 8b6b 3049 | 8b87 5003 | 0000 4c8b 
  0x00007e5bdc5525cc: d049 83c2 | 1848 8bf3 | 4d3b 9758 | 0300 000f | 8354 0a00 | 004d 8997 | 5003 0000 | 4c8b d849 
  0x00007e5bdc5525ec: 8bfb 48c1 | ef06 49ba | 0000 4030 | af71 0000 | 4903 fa49 | c1eb 034c | 8bef 450f | b655 0049 
  0x00007e5bdc55260c: 83e3 0745 | 8bdb bf01 | 0000 00c4 | 6221 f7df | 450b d345 | 8855 0048 | c700 0100 

  0x00007e5bdc552628: ;   {metadata('org/h2/engine/SessionLocal$Savepoint')}
  0x00007e5bdc552628: 0000 c740 | 0808 f50c | 0144 8960 | 0c4c 8960 | 104c 8be8 | 4883 fdff | 0f85 0211 | 0000 8b83 
  0x00007e5bdc552648: f400 0000 | 85c0 0f84 | cd07 0000 | 448b 582c | 4585 db0f | 84e7 0c00 | 0049 baff | ffff ffff 
  0x00007e5bdc552668: 0100 004d | 2353 104d | 8955 104c | 8953 3044 | 8b51 1845 | 85d2 0f84 | ec0c 0000 | 4c89 6c24 
  0x00007e5bdc552688: 3048 890c | 2444 8944 | 241c 498b | ee48 8954 | 2410 4489 | 4c24 1849 | 8bf2 488b 

  0x00007e5bdc5526a4: ;   {optimized virtual_call}
  0x00007e5bdc5526a4: d166 90e8 

  0x00007e5bdc5526a8: ; ImmutableOopMap {rbp=Oop [0]=Oop [8]=Oop [16]=Oop [24]=NarrowOop [28]=NarrowOop [48]=Oop }
                      ;*invokevirtual startStatementWithinTransaction {reexecute=0 rethrow=0 return_oop=0}
                      ; - org.h2.command.Command::executeUpdate@44 (line 245)
  0x00007e5bdc5526a8: 74ec feff 

  0x00007e5bdc5526ac: ;   {other}
  0x00007e5bdc5526ac: 0f1f 8400 | 9c10 0007 | 4c8b 0c24 | 458b 5918 | 4585 db0f | 84db 0c00 | 004c 8bc5 | 458b 504c 
  0x00007e5bdc5526cc: ; implicit exception: dispatches to 0x00007e5bdc5544b0
  0x00007e5bdc5526cc: 418b 7a14 

  0x00007e5bdc5526d0: ; implicit exception: dispatches to 0x00007e5bdc5541a0
  0x00007e5bdc5526d0: 8b4f 0c89 | 7c24 4044 | 8954 243c | 4489 5c24 | 384c 894c | 2428 4c89 | 4424 2044 | 8d51 ff45 
  0x00007e5bdc5526f0: 8bda 4181 | e30d c59d | 3344 895c | 2444 85c9 | 0f86 f60d | 0000 428b | 6c9f 1085 | ed0f 85b4 
  0x00007e5bdc552710: 0300 0049 | 8b87 5003 | 0000 4c8b | d049 83c2 | 2044 8b5c | 243c 4c89 | 1c24 4d3b | 9758 0300 
  0x00007e5bdc552730: 000f 8387 | 0900 004d | 8997 5003 | 0000 4c8b | c84d 8bd9 | 49c1 eb06 | 49ba 0000 | 4030 af71 
  0x00007e5bdc552750: 0000 4d03 | da49 c1e9 | 034d 8bc3 | 450f b610 | 4983 e107 | 458b d941 | b901 0000 | 00c4 4221 
  0x00007e5bdc552770: f7d9 450b | d345 8810 | 48c7 0001 

  0x00007e5bdc55277c: ;   {metadata('java/lang/ThreadLocal$ThreadLocalMap$Entry')}
  0x00007e5bdc55277c: 0000 00c7 | 4008 684e | 2200 4c89 | 6010 4c89 

  0x00007e5bdc55278c: ;   {oop(a 'java/lang/ThreadLocal'{0x0000000040a07780})}
  0x00007e5bdc55278c: 6018 c740 | 0c80 77a0 

  0x00007e5bdc552794: ;   {oop(a 'java/lang/ref/ReferenceQueue$Null'{0x000000004000b948})}
  0x00007e5bdc552794: 40c7 4010 | 48b9 0040 | f083 4424 | c000 448b | 5424 3c45 | 8b52 0c44 | 8960 1c44 | 8b44 243c 
  0x00007e5bdc5527b4: 458b 5814 | 418b fb4c | 8bc0 448b | 5c24 408b | 4c24 4445 | 8944 8b10 | 41ff c244 | 8b5c 243c 
  0x00007e5bdc5527d4: 4589 530c 

  0x00007e5bdc5527d8: ; implicit exception: dispatches to 0x00007e5bdc554448
  0x00007e5bdc5527d8: 448b 470c | 448b df49 | 8bc3 458b | ca41 bb01 | 0000 0033 | db33 c941 | 8bd3 488b | f18b 4c24 
  0x00007e5bdc5527f8: 44ff c141 | 3bc8 0f8d | f401 0000 | 448b d945 | 3bd8 0f83 | 180a 0000 | 428b 4c9f | 1085 c90f 
  0x00007e5bdc552818: 84f3 f5ff | ff8b 490c | 85c9 0f85 | e8f5 ffff | 85c9 8bcb | 0f94 c1be | 45ff ffff | 488b 6c24 
  0x00007e5bdc552838: 284c 8b4c | 2408 4c89 | 0c24 448b | 4c24 188b | 5c24 1c89 | 5c24 0c44 | 894c 2410 | 4489 5424 
  0x00007e5bdc552858: 1444 895c | 2418 4489 | 4424 1c89 | 4c24 204c | 8b54 2430 | 4c89 5424 | 2844 8b54 | 2438 4489 
  0x00007e5bdc552878: 5424 2444 | 8b5c 243c | 458b d344 | 8954 2434 | 897c 2438 

  0x00007e5bdc55288c: ;   {runtime_call UncommonTrapBlob}
  0x00007e5bdc55288c: 6666 90e8 

  0x00007e5bdc552890: ; ImmutableOopMap {rbp=Oop [0]=Oop [12]=NarrowOop [16]=NarrowOop [36]=NarrowOop [40]=Oop [52]=NarrowOop [56]=NarrowOop [60]=NarrowOop }
                      ;*ifeq {reexecute=1 rethrow=0 return_oop=0}
                      ; - (reexecute) java.lang.ThreadLocal$ThreadLocalMap::cleanSomeSlots@37 (line 736)
                      ; - java.lang.ThreadLocal$ThreadLocalMap::set@113 (line 565)
                      ; - java.lang.ThreadLocal::setInitialValue@18 (line 228)
                      ; - java.lang.ThreadLocal::get@31 (line 194)
                      ; - java.lang.ThreadLocal::get@4 (line 172)
                      ; - org.h2.engine.SessionLocal::setThreadLocalSession@3 (line 2082)
                      ; - org.h2.command.Command::executeUpdate@54 (line 247)
  0x00007e5bdc552890: 6c7a 71ff 

  0x00007e5bdc552894: ;   {other}
  0x00007e5bdc552894: 0f1f 8400 | 8412 0008 | 0f1f 4000 | 4489 4424 | 208b 7424 | 208b 5cb0 | 1085 db0f | 8562 0100 
  0x00007e5bdc5528b4: 008b 5cb0 | 1485 db0f | 854f 0100 | 008b 5cb0 | 1885 db0f | 8547 0100 | 008b 5cb0 | 1c85 db0f 
  0x00007e5bdc5528d4: 8534 0100 | 0044 8b44 | 2420 4183 | c004 443b | c17c b983 | c603 443b | c70f 8dad | 1400 00e9 
  0x00007e5bdc5528f4: fb09 0000 | 0f1f 8400 | 0000 0000 | 498b 9f70 | 0700 008b | cfd1 e98b 

  0x00007e5bdc55290c: ; ImmutableOopMap {r8=NarrowOop rdx=Oop [0]=Oop [8]=Oop [16]=Oop [24]=NarrowOop [28]=NarrowOop [40]=Oop [48]=Oop [60]=NarrowOop [72]=Oop [88]=Oop }
                      ;*ifne {reexecute=1 rethrow=0 return_oop=0}
                      ; - (reexecute) java.lang.ThreadLocal$ThreadLocalMap::cleanSomeSlots@56 (line 741)
                      ; - java.lang.ThreadLocal$ThreadLocalMap::set@113 (line 565)
                      ; - java.lang.ThreadLocal::set@13 (line 265)
                      ; - java.lang.ThreadLocal::set@5 (line 251)
                      ; - org.h2.engine.SessionLocal::setThreadLocalSession@14 (line 2083)
                      ; - org.h2.command.Command::executeUpdate@54 (line 247)
                      ;   {poll}
  0x00007e5bdc55290c: f985 0385 | ff75 4944 | 8b44 243c | 418b 6810 | 458b d344 | 3bd5 0f8c | 8df5 ffff | be45 ffff 
  0x00007e5bdc55292c: ff4c 8b5c | 2428 4c89 | 1c24 448b | 4c24 1c44 | 894c 2414 | 4c8b 5c24 | 304c 895c | 2420 4489 
  0x00007e5bdc55294c: ;   {runtime_call UncommonTrapBlob}
  0x00007e5bdc55294c: 5424 30e8 

  0x00007e5bdc552950: ; ImmutableOopMap {[0]=Oop [8]=Oop [20]=NarrowOop [24]=NarrowOop [32]=Oop [60]=NarrowOop [72]=Oop }
                      ;*if_icmplt {reexecute=1 rethrow=0 return_oop=0}
                      ; - (reexecute) java.lang.ThreadLocal$ThreadLocalMap::set@125 (line 565)
                      ; - java.lang.ThreadLocal::set@13 (line 265)
                      ; - java.lang.ThreadLocal::set@5 (line 251)
                      ; - org.h2.engine.SessionLocal::setThreadLocalSession@14 (line 2083)
                      ; - org.h2.command.Command::executeUpdate@54 (line 247)
  0x00007e5bdc552950: ac79 71ff 

  0x00007e5bdc552954: ;   {other}
  0x00007e5bdc552954: 0f1f 8400 | 4413 000a | 4489 5424 | 548b 4c24 | 54ff c141 | 3bc9 0f8d | 9000 0000 | 448b d145 
  0x00007e5bdc552974: 3bd1 0f83 | 1809 0000 | 438b 5c90 | 1085 db0f | 8477 ffff | ff8b 5b0c | 85db 0f85 | 6cff ffff 
  0x00007e5bdc552994: 85db 8b5c | 2424 0f94 | c3be 45ff | ffff 488b | 6c24 2848 | 8b4c 2408 | 4889 0c24 | 8b4c 2418 
  0x00007e5bdc5529b4: 8b7c 241c | 897c 240c | 894c 2410 | 895c 2414 | 488b 4c24 | 3048 894c | 2418 8b4c | 243c 4489 
  0x00007e5bdc5529d4: 5c24 2c89 | 4c24 3044 | 8954 2434 | 4489 4424 | 3844 894c 

  0x00007e5bdc5529e8: ;   {runtime_call UncommonTrapBlob}
  0x00007e5bdc5529e8: 243c 90e8 

  0x00007e5bdc5529ec: ; ImmutableOopMap {rbp=Oop [0]=Oop [12]=NarrowOop [16]=NarrowOop [24]=Oop [48]=NarrowOop [56]=NarrowOop [72]=Oop }
                      ;*ifeq {reexecute=1 rethrow=0 return_oop=0}
                      ; - (reexecute) java.lang.ThreadLocal$ThreadLocalMap::cleanSomeSlots@37 (line 736)
                      ; - java.lang.ThreadLocal$ThreadLocalMap::set@113 (line 565)
                      ; - java.lang.ThreadLocal::set@13 (line 265)
                      ; - java.lang.ThreadLocal::set@5 (line 251)
                      ; - org.h2.engine.SessionLocal::setThreadLocalSession@14 (line 2083)
                      ; - org.h2.command.Command::executeUpdate@54 (line 247)
  0x00007e5bdc5529ec: 1079 71ff 

  0x00007e5bdc5529f0: ;   {other}
  0x00007e5bdc5529f0: 0f1f 8400 | e013 000b | 4533 dbe9 | 07fe ffff | 4533 d2e9 | 6bff ffff | 41ff c0eb | 1583 c602 
  0x00007e5bdc552a10: ffc6 eb03 | 83c6 0244 | 8bc6 41ff | c0eb 3441 | ffc0 8b4b | 148b 5108 

  0x00007e5bdc552a28: ;   {metadata('org/h2/mvstore/tx/TransactionMap')}
  0x00007e5bdc552a28: 81fa d87b | 0901 0f85 | 8814 0000 | 498b bf70 | 0700 0048 | 8bd3 4489 

  0x00007e5bdc552a40: ; ImmutableOopMap {r10=NarrowOop r9=NarrowOop rdx=Oop rax=NarrowOop [0]=Oop [8]=Oop [16]=Oop [24]=NarrowOop [48]=Oop }
                      ;*goto {reexecute=1 rethrow=0 return_oop=0}
                      ; - (reexecute) org.h2.mvstore.tx.Transaction::markStatementEnd@50 (line 373)
                      ; - org.h2.engine.SessionLocal::endStatement@16 (line 1705)
                      ; - org.h2.command.Command::executeUpdate@84 (line 291)
                      ;   {poll}
  0x00007e5bdc552a40: 6124 8507 | 85c0 0f84 | 9ef8 ffff | 8bd8 4889 | 5424 4041 | 8b4a 1841 | 3bcb 0f85 | 8407 0000 
  0x00007e5bdc552a60: ; implicit exception: dispatches to 0x00007e5bdc5540c4
  0x00007e5bdc552a60: 8b43 1885 | c075 bb41 | 8b52 248b | 4a0c 443b | c17d af44 | 3bc1 0f83 | 1707 0000 | 8d79 ff3b 
  0x00007e5bdc552a80: f90f 830c | 0700 0066 | 0f1f 8400 | 0000 0000 | 428b 4482 | 1085 c075 | 8641 8d70 | 013b f10f 
  0x00007e5bdc552aa0: 8d63 ffff | ff44 8bc6 | ebe6 4533 | db41 8bfb | e9f6 f4ff | ff45 33db | 418b fbe9 | 54f5 ffff 
  0x00007e5bdc552ac0: 33f6 e950 | ffff ff44 

  0x00007e5bdc552ac8: ;   {oop(a 'java/lang/ThreadLocal'{0x0000000040a07780})}
  0x00007e5bdc552ac8: 8b55 0c41 | 81fa 8077 | a040 0f85 | 1011 0000 | 8b6d 1c85 | ed0f 84fa | 0500 0044 

  0x00007e5bdc552ae4: ;   {metadata('org/h2/engine/Session')}
  0x00007e5bdc552ae4: 8b5d 0849 | ba50 dc02 | 94ad 7100 | 0049 b800 | 0000 93ad | 7100 004d | 03c3 4d8b | 5838 4d3b 
  0x00007e5bdc552b04: da0f 8519 | 1100 004c | 8bc5 41b9 | 0100 0000 | 33db 33f6 | e921 f3ff | ffbe f6ff | ffff 498b 
  0x00007e5bdc552b24: ;   {runtime_call UncommonTrapBlob}
  0x00007e5bdc552b24: eb66 90e8 

  0x00007e5bdc552b28: ; ImmutableOopMap {rbp=Oop [8]=Oop }
                      ;*monitorenter {reexecute=0 rethrow=0 return_oop=0}
                      ; - org.h2.command.Command::executeUpdate@12 (line 240)
  0x00007e5bdc552b28: d477 71ff 

  0x00007e5bdc552b2c: ;   {other}
  0x00007e5bdc552b2c: 0f1f 8400 | 1c15 000d | bef6 ffff | ff49 8beb | 4c8b 5c24 | 084c 891c | 2444 8944 | 240c 4489 
  0x00007e5bdc552b4c: 4c24 1044 | 8954 2414 | 4889 4c24 

  0x00007e5bdc552b58: ;   {runtime_call UncommonTrapBlob}
  0x00007e5bdc552b58: 1866 90e8 

  0x00007e5bdc552b5c: ; ImmutableOopMap {rbp=Oop [0]=Oop [12]=NarrowOop [16]=NarrowOop [20]=NarrowOop [24]=Oop }
                      ;*invokevirtual compareAndSet {reexecute=0 rethrow=0 return_oop=0}
                      ; - org.h2.engine.SessionLocal::transitionToState@36 (line 1243)
                      ; - org.h2.engine.SessionLocal::waitIfExclusiveModeEnabled@5 (line 1490)
                      ; - org.h2.command.Command::executeUpdate@23 (line 242)
  0x00007e5bdc552b5c: a077 71ff 

  0x00007e5bdc552b60: ;   {other}
  0x00007e5bdc552b60: 0f1f 8400 | 5015 000e | 4c89 7424 | 1848 8954 | 2410 4489 | 0c24 488b | ee48 8bf2 | 488d 5424 
  0x00007e5bdc552b80: ;   {runtime_call _complete_monitor_locking_Java}
  0x00007e5bdc552b80: 7066 90e8 

  0x00007e5bdc552b84: ; ImmutableOopMap {rbp=Oop [0]=NarrowOop [8]=Oop [16]=Oop [24]=Oop }
                      ;*monitorenter {reexecute=0 rethrow=0 return_oop=0}
                      ; - org.h2.command.Command::executeUpdate@12 (line 240)
  0x00007e5bdc552b84: f8ef 7cff 

  0x00007e5bdc552b88: ;   {other}
  0x00007e5bdc552b88: 0f1f 8400 | 7815 000f | 4c8b dd44 | 8b0c 2448 | 8b54 2410 | 4c8b 7424 | 18e9 42f1 | ffff bede 
  0x00007e5bdc552ba8: ffff ff49 | 8beb 4c8b | 5c24 084c | 891c 2444 | 8944 240c | 4489 4c24 | 1044 8954 | 2414 894c 
  0x00007e5bdc552bc8: ;   {runtime_call UncommonTrapBlob}
  0x00007e5bdc552bc8: 2418 90e8 

  0x00007e5bdc552bcc: ; ImmutableOopMap {rbp=Oop [0]=Oop [12]=NarrowOop [16]=NarrowOop [20]=NarrowOop [24]=NarrowOop }
                      ;*checkcast {reexecute=0 rethrow=0 return_oop=0}
                      ; - org.h2.engine.Database::getExclusiveSession@7 (line 2082)
                      ; - org.h2.engine.SessionLocal::waitIfExclusiveModeEnabled@32 (line 1497)
                      ; - org.h2.command.Command::executeUpdate@23 (line 242)
  0x00007e5bdc552bcc: 3077 71ff 

  0x00007e5bdc552bd0: ;   {other}
  0x00007e5bdc552bd0: 0f1f 8400 | c015 0010 

  0x00007e5bdc552bd8: ;   {metadata('org/h2/command/dml/TransactionCommand')}
  0x00007e5bdc552bd8: 4181 fa30 | 2c0a 010f | 84d7 f9ff | ffbe c6ff | ffff 4c89 | 1c24 4489 | 4424 1444 | 894c 2418 
  0x00007e5bdc552bf8: 4889 4c24 

  0x00007e5bdc552bfc: ;   {runtime_call UncommonTrapBlob}
  0x00007e5bdc552bfc: 2066 90e8 

  0x00007e5bdc552c00: ; ImmutableOopMap {rbp=NarrowOop [0]=Oop [8]=Oop [20]=NarrowOop [24]=NarrowOop [32]=Oop }
                      ;*invokevirtual isTransactional {reexecute=0 rethrow=0 return_oop=0}
                      ; - org.h2.command.CommandContainer::isTransactional@4 (line 129)
                      ; - org.h2.command.Command::commitIfNonTransactional@1 (line 307)
                      ; - org.h2.command.Command::executeUpdate@27 (line 243)
  0x00007e5bdc552c00: fc76 71ff 

  0x00007e5bdc552c04: ;   {other}
  0x00007e5bdc552c04: 0f1f 8400 | f415 0011 

  0x00007e5bdc552c0c: ;   {metadata('org/h2/command/dml/TransactionCommand')}
  0x00007e5bdc552c0c: 4181 fb30 | 2c0a 010f | 8438 f7ff | ffbe c6ff | ffff 8b6c | 2418 4c89 | 5424 184c | 8954 2420 
  0x00007e5bdc552c2c: 4489 4c24 

  0x00007e5bdc552c30: ;   {runtime_call UncommonTrapBlob}
  0x00007e5bdc552c30: 0c66 90e8 

  0x00007e5bdc552c34: ; ImmutableOopMap {rbp=NarrowOop [12]=NarrowOop [24]=Oop [32]=Oop [48]=Oop }
                      ;*invokevirtual isTransactional {reexecute=0 rethrow=0 return_oop=0}
                      ; - org.h2.command.CommandContainer::isTransactional@4 (line 129)
                      ; - org.h2.command.Command::commitIfNonTransactional@1 (line 307)
                      ; - org.h2.command.Command::stop@11 (line 156)
                      ; - org.h2.command.CommandContainer::stop@1 (line 260)
                      ; - org.h2.command.Command::executeUpdate@93 (line 293)
  0x00007e5bdc552c34: c876 71ff 

  0x00007e5bdc552c38: ;   {other}
  0x00007e5bdc552c38: 0f1f 8400 | 2816 0012 | be45 ffff | ff49 8beb | 4c8b 5424 | 084c 8914 | 2444 894c | 240c 4489 
  0x00007e5bdc552c58: ;   {runtime_call UncommonTrapBlob}
  0x00007e5bdc552c58: 4424 10e8 

  0x00007e5bdc552c5c: ; ImmutableOopMap {rbp=Oop [0]=Oop [12]=NarrowOop [16]=NarrowOop }
                      ;*ifnonnull {reexecute=1 rethrow=0 return_oop=0}
                      ; - (reexecute) org.h2.engine.SessionLocal::getDatabase@4 (line 660)
                      ; - org.h2.command.Command::getDatabase@4 (line 383)
                      ; - org.h2.command.Command::executeUpdate@14 (line 241)
  0x00007e5bdc552c5c: a076 71ff 

  0x00007e5bdc552c60: ;   {other}
  0x00007e5bdc552c60: 0f1f 8400 | 5016 0013 | be45 ffff | ff49 8beb | 4c8b 5c24 | 084c 891c | 2444 8944 | 240c 4489 
  0x00007e5bdc552c80: 4c24 1044 | 8954 2414 | 4889 4c24 

  0x00007e5bdc552c8c: ;   {runtime_call UncommonTrapBlob}
  0x00007e5bdc552c8c: 2066 90e8 

  0x00007e5bdc552c90: ; ImmutableOopMap {rbp=Oop [0]=Oop [12]=NarrowOop [16]=NarrowOop [20]=NarrowOop [32]=Oop }
                      ;*if_acmpeq {reexecute=1 rethrow=0 return_oop=0}
                      ; - (reexecute) org.h2.engine.SessionLocal::transitionToState@15 (line 1241)
                      ; - org.h2.engine.SessionLocal::waitIfExclusiveModeEnabled@5 (line 1490)
                      ; - org.h2.command.Command::executeUpdate@23 (line 242)
  0x00007e5bdc552c90: 6c76 71ff 

  0x00007e5bdc552c94: ;   {other}
  0x00007e5bdc552c94: 0f1f 8400 | 8416 0014 | be45 ffff | ff49 8beb | 4c8b 5c24 | 084c 891c | 2444 8944 | 240c 4489 
  0x00007e5bdc552cb4: 4c24 1044 | 8954 2418 | 4489 5424 | 1c48 894c 

  0x00007e5bdc552cc4: ;   {runtime_call UncommonTrapBlob}
  0x00007e5bdc552cc4: 2428 90e8 

  0x00007e5bdc552cc8: ; ImmutableOopMap {rbp=Oop [0]=Oop [12]=NarrowOop [16]=NarrowOop [24]=NarrowOop [28]=NarrowOop [40]=Oop }
                      ;*if_acmpne {reexecute=1 rethrow=0 return_oop=0}
                      ; - (reexecute) org.h2.engine.SessionLocal::checkSuspended@4 (line 1248)
                      ; - org.h2.engine.SessionLocal::transitionToState@24 (line 1242)
                      ; - org.h2.engine.SessionLocal::waitIfExclusiveModeEnabled@5 (line 1490)
                      ; - org.h2.command.Command::executeUpdate@23 (line 242)
  0x00007e5bdc552cc8: 3476 71ff 

  0x00007e5bdc552ccc: ;   {other}
  0x00007e5bdc552ccc: 0f1f 8400 | bc16 0015 | be45 ffff | ff49 8beb | 4c8b 5c24 | 084c 891c | 2444 8944 | 240c 4489 
  0x00007e5bdc552cec: 4c24 1044 | 8954 2418 | 894c 241c 

  0x00007e5bdc552cf8: ;   {runtime_call UncommonTrapBlob}
  0x00007e5bdc552cf8: 6666 90e8 

  0x00007e5bdc552cfc: ; ImmutableOopMap {rbp=Oop [0]=Oop [12]=NarrowOop [16]=NarrowOop [24]=NarrowOop }
                      ;*ifne {reexecute=1 rethrow=0 return_oop=0}
                      ; - (reexecute) org.h2.engine.SessionLocal::transitionToState@39 (line 1243)
                      ; - org.h2.engine.SessionLocal::waitIfExclusiveModeEnabled@5 (line 1490)
                      ; - org.h2.command.Command::executeUpdate@23 (line 242)
  0x00007e5bdc552cfc: 0076 71ff 

  0x00007e5bdc552d00: ;   {other}
  0x00007e5bdc552d00: 0f1f 8400 | f016 0016 | be45 ffff | ff49 8beb | 4c8b 5c24 | 084c 891c | 2444 8944 | 240c 4489 
  0x00007e5bdc552d20: 4c24 1089 | 4c24 1844 | 8954 241c 

  0x00007e5bdc552d2c: ;   {runtime_call UncommonTrapBlob}
  0x00007e5bdc552d2c: 6666 90e8 

  0x00007e5bdc552d30: ; ImmutableOopMap {rbp=Oop [0]=Oop [12]=NarrowOop [16]=NarrowOop [24]=NarrowOop [28]=NarrowOop }
                      ;*if_acmpne {reexecute=1 rethrow=0 return_oop=0}
                      ; - (reexecute) org.h2.engine.SessionLocal::waitIfExclusiveModeEnabled@17 (line 1493)
                      ; - org.h2.command.Command::executeUpdate@23 (line 242)
  0x00007e5bdc552d30: cc75 71ff 

  0x00007e5bdc552d34: ;   {other}
  0x00007e5bdc552d34: 0f1f 8400 | 2417 0017 | be45 ffff | ff49 8beb | 4c8b 5c24 | 084c 891c | 2444 8944 | 240c 4489 
  0x00007e5bdc552d54: 4c24 1044 | 8954 2420 | 4889 4c24 

  0x00007e5bdc552d60: ;   {runtime_call UncommonTrapBlob}
  0x00007e5bdc552d60: 2866 90e8 

  0x00007e5bdc552d64: ; ImmutableOopMap {rbp=Oop [0]=Oop [12]=NarrowOop [16]=NarrowOop [32]=NarrowOop [40]=Oop }
                      ;*if_acmpne {reexecute=1 rethrow=0 return_oop=0}
                      ; - (reexecute) org.h2.engine.SessionLocal::checkSuspended@4 (line 1248)
                      ; - org.h2.engine.SessionLocal::isOpen@13 (line 1183)
                      ; - org.h2.engine.SessionLocal::waitIfExclusiveModeEnabled@22 (line 1496)
                      ; - org.h2.command.Command::executeUpdate@23 (line 242)
  0x00007e5bdc552d64: 9875 71ff 

  0x00007e5bdc552d68: ;   {other}
  0x00007e5bdc552d68: 0f1f 8400 | 5817 0018 | be45 ffff | ff49 8beb | 4c8b 5c24 | 084c 891c | 2444 8944 | 240c 4489 
  0x00007e5bdc552d88: 4c24 1044 | 8954 2414 | 4889 4c24 

  0x00007e5bdc552d94: ;   {runtime_call UncommonTrapBlob}
  0x00007e5bdc552d94: 1866 90e8 

  0x00007e5bdc552d98: ; ImmutableOopMap {rbp=Oop [0]=Oop [12]=NarrowOop [16]=NarrowOop [20]=NarrowOop [24]=Oop }
                      ;*if_acmpeq {reexecute=1 rethrow=0 return_oop=0}
                      ; - (reexecute) org.h2.engine.SessionLocal::isOpen@21 (line 1184)
                      ; - org.h2.engine.SessionLocal::waitIfExclusiveModeEnabled@22 (line 1496)
                      ; - org.h2.command.Command::executeUpdate@23 (line 242)
  0x00007e5bdc552d98: 6475 71ff 

  0x00007e5bdc552d9c: ;   {other}
  0x00007e5bdc552d9c: 0f1f 8400 | 8c17 0019 | 498b 8f50 | 0300 004c | 8bd1 4983 | c210 4d3b | 9758 0300 | 000f 8379 
  0x00007e5bdc552dbc: 0e00 004d | 8997 5003 | 0000 4c8b | d94d 8bc3 | 49c1 e806 | 49ba 0000 | 4030 af71 | 0000 4d03 
  0x00007e5bdc552ddc: c249 c1eb | 034d 8bd0 | 410f b61a | 4983 e307 | 458b c3c4 | 6239 f75c | 2420 410b | db41 881a 
  0x00007e5bdc552dfc: 48c7 0101 

  0x00007e5bdc552e00: ;   {metadata('java/util/HashMap$Values')}
  0x00007e5bdc552e00: 0000 00c7 | 4108 f8d3 | 1a00 4489 | 610c 4c8b | d544 8951 | 0c4c 8bd1 | 4489 5510 | e9a8 f4ff 
  0x00007e5bdc552e20: ff4c 896c | 2438 4889 | 7424 3089 | 5c24 2848 | 894c 2420 | 4489 4424 | 1c4c 8934 | 2448 8954 
  0x00007e5bdc552e40: 2410 4489 | 4c24 1848 

  0x00007e5bdc552e48: ;   {optimized virtual_call}
  0x00007e5bdc552e48: 8be9 90e8 

  0x00007e5bdc552e4c: ; ImmutableOopMap {rbp=Oop [0]=Oop [8]=Oop [16]=Oop [24]=NarrowOop [28]=NarrowOop [32]=Oop [40]=NarrowOop [48]=Oop [56]=Oop }
                      ;*invokevirtual getDatabase {reexecute=0 rethrow=0 return_oop=1}
                      ; - org.h2.engine.SessionLocal::getTransaction@8 (line 1602)
                      ; - org.h2.engine.SessionLocal::getStatementSavepoint@13 (line 1616)
                      ; - org.h2.engine.SessionLocal::setSavepoint@10 (line 854)
                      ; - org.h2.command.Command::executeUpdate@34 (line 244)
  0x00007e5bdc552e4c: 90f5 48f8 

  0x00007e5bdc552e50: ;   {other}
  0x00007e5bdc552e50: 0f1f 8400 | 4018 001a 

  0x00007e5bdc552e58: ; implicit exception: dispatches to 0x00007e5bdc5545c2
  0x00007e5bdc552e58: 448b 8008 | 0100 0045 | 8b50 2045 | 85d2 0f84 | 380e 0000 | 498b e844 | 8944 242c 

  0x00007e5bdc552e74: ;   {optimized virtual_call}
  0x00007e5bdc552e74: 498b f2e8 

  0x00007e5bdc552e78: ; ImmutableOopMap {rbp=Oop [0]=Oop [8]=Oop [16]=Oop [24]=NarrowOop [28]=NarrowOop [32]=Oop [40]=NarrowOop [44]=NarrowOop [48]=Oop [56]=Oop }
                      ;*invokevirtual isClosed {reexecute=0 rethrow=0 return_oop=0}
                      ; - org.h2.engine.SessionLocal::getTransaction@19 (line 1603)
                      ; - org.h2.engine.SessionLocal::getStatementSavepoint@13 (line 1616)
                      ; - org.h2.engine.SessionLocal::setSavepoint@10 (line 854)
                      ; - org.h2.command.Command::executeUpdate@34 (line 244)
  0x00007e5bdc552e78: 6b1d 0000 

  0x00007e5bdc552e7c: ;   {other}
  0x00007e5bdc552e7c: 0f1f 8400 | 6c18 001b | 85c0 0f84 | 8102 0000 | 488b 7424 | 3048 8b6c 

  0x00007e5bdc552e94: ;   {optimized virtual_call}
  0x00007e5bdc552e94: 2420 90e8 

  0x00007e5bdc552e98: ; ImmutableOopMap {rbp=Oop [8]=Oop [16]=Oop [24]=NarrowOop [28]=NarrowOop [32]=Oop [48]=Oop [56]=Oop }
                      ;*invokevirtual getDatabase {reexecute=0 rethrow=0 return_oop=1}
                      ; - org.h2.engine.SessionLocal::getTransaction@26 (line 1604)
                      ; - org.h2.engine.SessionLocal::getStatementSavepoint@13 (line 1616)
                      ; - org.h2.engine.SessionLocal::setSavepoint@10 (line 854)
                      ; - org.h2.command.Command::executeUpdate@34 (line 244)
  0x00007e5bdc552e98: e421 71ff 

  0x00007e5bdc552e9c: ;   {other}
  0x00007e5bdc552e9c: 0f1f 8400 | 8c18 001c | 4885 c00f | 841f 0e00 | 0048 8bf0 

  0x00007e5bdc552eb0: ;   {optimized virtual_call}
  0x00007e5bdc552eb0: 6666 90e8 

  0x00007e5bdc552eb4: ; ImmutableOopMap {rbp=Oop [8]=Oop [16]=Oop [24]=NarrowOop [28]=NarrowOop [32]=Oop [48]=Oop [56]=Oop }
                      ;*invokevirtual getBackgroundException {reexecute=0 rethrow=0 return_oop=1}
                      ; - org.h2.engine.SessionLocal::getTransaction@29 (line 1604)
                      ; - org.h2.engine.SessionLocal::getStatementSavepoint@13 (line 1616)
                      ; - org.h2.engine.SessionLocal::setSavepoint@10 (line 854)
                      ; - org.h2.command.Command::executeUpdate@34 (line 244)
  0x00007e5bdc552eb4: c821 71ff 

  0x00007e5bdc552eb8: ;   {other}
  0x00007e5bdc552eb8: 0f1f 8400 | a818 001d | 488b e848 | 8b74 2430 

  0x00007e5bdc552ec8: ;   {optimized virtual_call}
  0x00007e5bdc552ec8: 6666 90e8 

  0x00007e5bdc552ecc: ; ImmutableOopMap {rbp=Oop [8]=Oop [16]=Oop [24]=NarrowOop [28]=NarrowOop [32]=Oop [48]=Oop [56]=Oop }
                      ;*invokevirtual getDatabase {reexecute=0 rethrow=0 return_oop=1}
                      ; - org.h2.engine.SessionLocal::getTransaction@34 (line 1605)
                      ; - org.h2.engine.SessionLocal::getStatementSavepoint@13 (line 1616)
                      ; - org.h2.engine.SessionLocal::setSavepoint@10 (line 854)
                      ; - org.h2.command.Command::executeUpdate@34 (line 244)
  0x00007e5bdc552ecc: b021 71ff 

  0x00007e5bdc552ed0: ;   {other}
  0x00007e5bdc552ed0: 0f1f 8400 | c018 001e | 4885 c00f | 8413 0e00 | 0048 8bf0 

  0x00007e5bdc552ee4: ;   {optimized virtual_call}
  0x00007e5bdc552ee4: 6666 90e8 

  0x00007e5bdc552ee8: ; ImmutableOopMap {rbp=Oop [8]=Oop [16]=Oop [24]=NarrowOop [28]=NarrowOop [32]=Oop [48]=Oop [56]=Oop }
                      ;*invokevirtual shutdownImmediately {reexecute=0 rethrow=0 return_oop=0}
                      ; - org.h2.engine.SessionLocal::getTransaction@37 (line 1605)
                      ; - org.h2.engine.SessionLocal::getStatementSavepoint@13 (line 1616)
                      ; - org.h2.engine.SessionLocal::setSavepoint@10 (line 854)
                      ; - org.h2.command.Command::executeUpdate@34 (line 244)
  0x00007e5bdc552ee8: 9421 71ff 

  0x00007e5bdc552eec: ;   {other}
  0x00007e5bdc552eec: 0f1f 8400 | dc18 001f | 498b 8750 | 0300 004c | 8bd0 4983 | c210 4d3b | 9758 0300 | 000f 834e 
  0x00007e5bdc552f0c: 0d00 004d | 8997 5003 | 0000 4c8b | d84d 8bc3 | 49c1 e806 | 49ba 0000 | 4030 af71 | 0000 4d03 
  0x00007e5bdc552f2c: c249 c1eb | 0341 0fb6 | 0849 83e3 | 0745 8bcb | 41ba 0100 | 0000 c442 | 31f7 d241 | 0bca 4188 
  0x00007e5bdc552f4c: 0848 c700 | 0100 0000 

  0x00007e5bdc552f54: ;   {metadata('java/lang/String'[])}
  0x00007e5bdc552f54: c740 08b8 | ed00 0044 | 8960 0c48 | 8bc8 bef2 | 5f01 0048 | 8bd5 488b 

  0x00007e5bdc552f6c: ;   {static_call}
  0x00007e5bdc552f6c: 6c24 20e8 

  0x00007e5bdc552f70: ; ImmutableOopMap {rbp=Oop [8]=Oop [16]=Oop [24]=NarrowOop [28]=NarrowOop [48]=Oop [56]=Oop }
                      ;*invokestatic get {reexecute=0 rethrow=0 return_oop=1}
                      ; - org.h2.engine.SessionLocal::getTransaction@47 (line 1606)
                      ; - org.h2.engine.SessionLocal::getStatementSavepoint@13 (line 1616)
                      ; - org.h2.engine.SessionLocal::setSavepoint@10 (line 854)
                      ; - org.h2.command.Command::executeUpdate@34 (line 244)
  0x00007e5bdc552f70: 0c27 71ff 

  0x00007e5bdc552f74: ;   {other}
  0x00007e5bdc552f74: 0f1f 8400 | 6419 0020 | 4885 c00f | 849b 0d00 | 0048 8bd8 | 4c8b 5c24 | 1048 8d44 | 2470 4883 
  0x00007e5bdc552f94: 3800 0f84 | 7900 0000 | 4d8b 1341 | f6c2 020f | 8462 0000 | 0049 83ba | 8600 0000 | 0074 0949 
  0x00007e5bdc552fb4: ff8a 8600 | 0000 eb4b | 498b 8296 | 0000 0049 | 0b82 8e00 | 0000 750a | 49c7 423e | 0000 0000 
  0x00007e5bdc552fd4: eb3d 4983 | ba9e 0000 | 0000 7422 | 4833 c049 | c742 3e00 | 0000 00f0 | 8304 2400 | 4983 ba9e 
  0x00007e5bdc552ff4: 0000 0000 | 750d f04d | 0fb1 7a3e | 7505 83c8 | 01eb 0ca8 | 00eb 084c | 8b10 f04d | 0fb1 1375 
  0x00007e5bdc553014: 0a49 ff8f | 6808 0000 | 4533 d20f | 8558 0c00 | 0048 8bf3 | 4881 c480 | 0000 005d 

  0x00007e5bdc553030: ;   {runtime_call _rethrow_Java}
  0x00007e5bdc553030: e94b f47c | ff48 8974 | 2430 895c | 2428 4889 | 4c24 2044 | 8944 2404 | 4c89 7424 | 1848 8954 
  0x00007e5bdc553050: 2410 4489 

  0x00007e5bdc553054: ;   {metadata('org/h2/engine/SessionLocal$Savepoint')}
  0x00007e5bdc553054: 0c24 48be | 08f5 0c94 | ad71 0000 

  0x00007e5bdc553060: ;   {runtime_call _new_instance_Java}
  0x00007e5bdc553060: 6666 90e8 

  0x00007e5bdc553064: ; ImmutableOopMap {[0]=NarrowOop [4]=NarrowOop [8]=Oop [16]=Oop [24]=Oop [32]=Oop [40]=NarrowOop [48]=Oop }
                      ;*new {reexecute=0 rethrow=0 return_oop=1}
                      ; - org.h2.engine.SessionLocal::setSavepoint@0 (line 853)
                      ; - org.h2.command.Command::executeUpdate@34 (line 244)
  0x00007e5bdc553064: 98b7 7cff 

  0x00007e5bdc553068: ;   {other}
  0x00007e5bdc553068: 0f1f 8400 | 581a 0021 | 448b 0c24 | 488b 5424 | 104c 8b74 | 2418 448b | 4424 0448 | 8b4c 2420 
  0x00007e5bdc553088: 8b5c 2428 | 488b 7424 | 30e9 a3f5 | ffff 4889 

  0x00007e5bdc553098: ;   {metadata('java/time/Instant')}
  0x00007e5bdc553098: 4c24 2848 | be10 c426 | 93ad 7100 

  0x00007e5bdc5530a4: ;   {runtime_call _new_instance_Java}
  0x00007e5bdc5530a4: 0066 90e8 

  0x00007e5bdc5530a8: ; ImmutableOopMap {[0]=Oop [8]=Oop [16]=Oop [24]=NarrowOop [28]=NarrowOop [48]=Oop }
                      ;*new {reexecute=0 rethrow=0 return_oop=1}
                      ; - java.time.Instant::create@39 (line 416)
                      ; - java.time.Instant::ofEpochSecond@27 (line 334)
                      ; - java.time.Clock::currentInstant@80 (line 527)
                      ; - java.time.Instant::now@0 (line 277)
                      ; - org.h2.engine.SessionLocal::setCurrentCommand@34 (line 1223)
                      ; - org.h2.engine.SessionLocal::endStatement@2 (line 1703)
                      ; - org.h2.command.Command::executeUpdate@84 (line 291)
  0x00007e5bdc5530a8: 54b7 7cff 

  0x00007e5bdc5530ac: ;   {other}
  0x00007e5bdc5530ac: 0f1f 8400 | 9c1a 0022 | 488b 4c24 | 28e9 6af1 | ffff 488b 

  0x00007e5bdc5530c0: ;   {metadata('java/lang/ThreadLocal$ThreadLocalMap$Entry')}
  0x00007e5bdc5530c0: ef48 be68 | 4e22 93ad 

  0x00007e5bdc5530c8: ;   {runtime_call _new_instance_Java}
  0x00007e5bdc5530c8: 7100 00e8 

  0x00007e5bdc5530cc: ; ImmutableOopMap {rbp=Oop [0]=Oop [8]=Oop [16]=Oop [24]=NarrowOop [28]=NarrowOop [32]=Oop [40]=Oop [48]=Oop [56]=NarrowOop [60]=NarrowOop [64]=NarrowOop }
                      ;*new {reexecute=0 rethrow=0 return_oop=1}
                      ; - java.lang.ThreadLocal$ThreadLocalMap::set@85 (line 563)
                      ; - java.lang.ThreadLocal::setInitialValue@18 (line 228)
                      ; - java.lang.ThreadLocal::get@31 (line 194)
                      ; - java.lang.ThreadLocal::get@4 (line 172)
                      ; - org.h2.engine.SessionLocal::setThreadLocalSession@3 (line 2082)
                      ; - org.h2.command.Command::executeUpdate@54 (line 247)
  0x00007e5bdc5530cc: 30b7 7cff 

  0x00007e5bdc5530d0: ;   {other}
  0x00007e5bdc5530d0: 0f1f 8400 | c01a 0023 | e9b1 f6ff | ff41 b901 | 0000 0033 | db33 f6e9 | 4fed ffff 

  0x00007e5bdc5530ec: ;   {metadata('java/lang/ThreadLocal$ThreadLocalMap$Entry')}
  0x00007e5bdc5530ec: 488b ea48 | be68 4e22 | 93ad 7100 

  0x00007e5bdc5530f8: ;   {runtime_call _new_instance_Java}
  0x00007e5bdc5530f8: 0066 90e8 

  0x00007e5bdc5530fc: ; ImmutableOopMap {rbp=Oop [0]=Oop [8]=Oop [16]=Oop [24]=NarrowOop [28]=NarrowOop [40]=Oop [48]=Oop [56]=NarrowOop [60]=NarrowOop [72]=Oop [80]=NarrowOop [88]=Oop }
                      ;*new {reexecute=0 rethrow=0 return_oop=1}
                      ; - java.lang.ThreadLocal$ThreadLocalMap::set@85 (line 563)
                      ; - java.lang.ThreadLocal::set@13 (line 265)
                      ; - java.lang.ThreadLocal::set@5 (line 251)
                      ; - org.h2.engine.SessionLocal::setThreadLocalSession@14 (line 2083)
                      ; - org.h2.command.Command::executeUpdate@54 (line 247)
  0x00007e5bdc5530fc: 00b7 7cff 

  0x00007e5bdc553100: ;   {other}
  0x00007e5bdc553100: 0f1f 8400 | f01a 0024 | e919 f4ff | ff44 8b54 | 242c 458b | 4a24 8b4c | 2428 448b | 5948 8ba9 
  0x00007e5bdc553120: fc00 0000 | 448b 5144 | 4585 c90f | 8417 0c00 | 0045 8bc2 | 498b f14c | 8bcd 488b | 5424 3041 
  0x00007e5bdc553140: 8bcb 488b 

  0x00007e5bdc553144: ;   {optimized virtual_call}
  0x00007e5bdc553144: 6c24 20e8 

  0x00007e5bdc553148: ; ImmutableOopMap {rbp=Oop [0]=Oop [8]=Oop [16]=Oop [24]=NarrowOop [28]=NarrowOop [40]=NarrowOop [48]=Oop [56]=Oop }
                      ;*invokevirtual begin {reexecute=0 rethrow=0 return_oop=1}
                      ; - org.h2.engine.SessionLocal::getTransaction@69 (line 1608)
                      ; - org.h2.engine.SessionLocal::getStatementSavepoint@13 (line 1616)
                      ; - org.h2.engine.SessionLocal::setSavepoint@10 (line 854)
                      ; - org.h2.command.Command::executeUpdate@34 (line 244)
  0x00007e5bdc553148: aa1a 0000 

  0x00007e5bdc55314c: ;   {other}
  0x00007e5bdc55314c: 0f1f 8400 | 3c1b 0025 | 8b5c 2428 | 48c7 4330 | ffff ffff | 4c8b d844 | 899b f400 | 0000 4885 
  0x00007e5bdc55316c: c00f 8405 | 0c00 0044 | 8b4c 2418 | 488b 5424 | 104c 8b34 | 2444 8b44 | 241c 488b | cd4c 8b6c 
  0x00007e5bdc55318c: 2438 e9c1 | f4ff ffbe | 76ff ffff | 488b 2c24 | 448b 6c24 | 1848 8b7c | 2430 4889 | 7c24 0844 
  0x00007e5bdc5531ac: 896c 2404 | 8954 2410 | 894c 241c | 4489 5c24 | 2044 8944 | 2424 8944 | 2428 895c | 242c 4489 
  0x00007e5bdc5531cc: 5424 3044 | 894c 2434 

  0x00007e5bdc5531d4: ;   {runtime_call UncommonTrapBlob}
  0x00007e5bdc5531d4: 6666 90e8 

  0x00007e5bdc5531d8: ; ImmutableOopMap {rbp=Oop [4]=NarrowOop [8]=Oop [16]=NarrowOop [40]=NarrowOop [44]=NarrowOop [48]=NarrowOop [52]=NarrowOop }
                      ;*if_icmpge {reexecute=1 rethrow=0 return_oop=0}
                      ; - (reexecute) java.util.HashMap$HashIterator::nextNode@74 (line 1609)
                      ; - java.util.HashMap$ValueIterator::next@1 (line 1633)
                      ; - org.h2.mvstore.tx.Transaction::markStatementEnd@36 (line 371)
                      ; - org.h2.engine.SessionLocal::endStatement@16 (line 1705)
                      ; - org.h2.command.Command::executeUpdate@84 (line 291)
  0x00007e5bdc5531d8: 2471 71ff 

  0x00007e5bdc5531dc: ;   {other}
  0x00007e5bdc5531dc: 0f1f 8400 | cc1b 0026 | be45 ffff | ff48 8b2c | 248b 5424 | 1848 8b7c | 2430 4889 | 7c24 0889 
  0x00007e5bdc5531fc: 5424 0489 | 4c24 1044 | 895c 2418 | 4489 4424 | 1c89 5c24 | 2044 8954 | 2424 4489 

  0x00007e5bdc553218: ;   {runtime_call UncommonTrapBlob}
  0x00007e5bdc553218: 4c24 30e8 

  0x00007e5bdc55321c: ; ImmutableOopMap {rbp=Oop [4]=NarrowOop [8]=Oop [32]=NarrowOop [36]=NarrowOop [48]=NarrowOop [64]=Oop }
                      ;*if_icmpeq {reexecute=1 rethrow=0 return_oop=0}
                      ; - (reexecute) java.util.HashMap$HashIterator::nextNode@16 (line 1604)
                      ; - java.util.HashMap$ValueIterator::next@1 (line 1633)
                      ; - org.h2.mvstore.tx.Transaction::markStatementEnd@36 (line 371)
                      ; - org.h2.engine.SessionLocal::endStatement@16 (line 1705)
                      ; - org.h2.command.Command::executeUpdate@84 (line 291)
  0x00007e5bdc55321c: e070 71ff 

  0x00007e5bdc553220: ;   {other}
  0x00007e5bdc553220: 0f1f 8400 | 101c 0027 | bee4 ffff | ff48 8b6c | 2428 488b | 4c24 0848 | 890c 248b | 5c24 188b 
  0x00007e5bdc553240: 4c24 1c89 | 4c24 0c89 | 5c24 1044 | 8954 2414 | 4489 4c24 | 1c44 8944 | 2420 4489 | 5c24 244c 
  0x00007e5bdc553260: 8b54 2430 | 4c89 5424 | 2844 8b54 | 2438 4489 | 5424 3044 | 8b5c 243c | 458b d344 | 8954 2438 
  0x00007e5bdc553280: 897c 2440 

  0x00007e5bdc553284: ;   {runtime_call UncommonTrapBlob}
  0x00007e5bdc553284: 6666 90e8 

  0x00007e5bdc553288: ; ImmutableOopMap {rbp=Oop [0]=Oop [12]=NarrowOop [16]=NarrowOop [40]=Oop [48]=NarrowOop [56]=NarrowOop [64]=NarrowOop }
                      ;*aaload {reexecute=0 rethrow=0 return_oop=0}
                      ; - java.lang.ThreadLocal$ThreadLocalMap::cleanSomeSlots@23 (line 735)
                      ; - java.lang.ThreadLocal$ThreadLocalMap::set@113 (line 565)
                      ; - java.lang.ThreadLocal::setInitialValue@18 (line 228)
                      ; - java.lang.ThreadLocal::get@31 (line 194)
                      ; - java.lang.ThreadLocal::get@4 (line 172)
                      ; - org.h2.engine.SessionLocal::setThreadLocalSession@3 (line 2082)
                      ; - org.h2.command.Command::executeUpdate@54 (line 247)
  0x00007e5bdc553288: 7470 71ff 

  0x00007e5bdc55328c: ;   {other}
  0x00007e5bdc55328c: 0f1f 8400 | 7c1c 0028 | bee4 ffff | ff48 8b6c | 2428 488b | 4c24 0848 | 890c 248b | 4c24 188b 
  0x00007e5bdc5532ac: 5c24 1c89 | 5c24 0c89 | 4c24 1048 | 8b4c 2430 | 4889 4c24 | 188b 5c24 | 3c44 895c | 2428 895c 
  0x00007e5bdc5532cc: 242c 897c | 2434 4489 | 4c24 3c44 | 8944 2440 | 4489 5424 

  0x00007e5bdc5532e0: ;   {runtime_call UncommonTrapBlob}
  0x00007e5bdc5532e0: 4466 90e8 

  0x00007e5bdc5532e4: ; ImmutableOopMap {rbp=Oop [0]=Oop [12]=NarrowOop [16]=NarrowOop [24]=Oop [44]=NarrowOop [64]=NarrowOop [72]=Oop }
                      ;*aaload {reexecute=0 rethrow=0 return_oop=0}
                      ; - java.lang.ThreadLocal$ThreadLocalMap::cleanSomeSlots@23 (line 735)
                      ; - java.lang.ThreadLocal$ThreadLocalMap::set@113 (line 565)
                      ; - java.lang.ThreadLocal::set@13 (line 265)
                      ; - java.lang.ThreadLocal::set@5 (line 251)
                      ; - org.h2.engine.SessionLocal::setThreadLocalSession@14 (line 2083)
                      ; - org.h2.command.Command::executeUpdate@54 (line 247)
  0x00007e5bdc5532e4: 1870 71ff 

  0x00007e5bdc5532e8: ;   {other}
  0x00007e5bdc5532e8: 0f1f 8400 | d81c 0029 | 448b c642 | 8b5c 8010 | 85db 0f85 | 1af7 ffff | 418d 7001 | 3bf7 7ce8 
  0x00007e5bdc553308: 41ff c0be | 45ff ffff | 488b 2c24 | 8b54 2418 | 8954 2404 | 4489 5c24 | 1444 8944 | 2418 895c 
  0x00007e5bdc553328: 241c 4489 | 5424 2044 | 894c 2424 | 897c 2428 

  0x00007e5bdc553338: ;   {runtime_call UncommonTrapBlob}
  0x00007e5bdc553338: 6666 90e8 

  0x00007e5bdc55333c: ; ImmutableOopMap {rbp=Oop [4]=NarrowOop [28]=NarrowOop [32]=NarrowOop [36]=NarrowOop [48]=Oop }
                      ;*if_icmpge {reexecute=1 rethrow=0 return_oop=0}
                      ; - (reexecute) java.util.HashMap$HashIterator::<init>@54 (line 1593)
                      ; - java.util.HashMap$ValueIterator::<init>@2 (line 1631)
                      ; - java.util.HashMap$Values::iterator@8 (line 1051)
                      ; - org.h2.mvstore.tx.Transaction::markStatementEnd@20 (line 371)
                      ; - org.h2.engine.SessionLocal::endStatement@16 (line 1705)
                      ; - org.h2.command.Command::executeUpdate@84 (line 291)
  0x00007e5bdc55333c: c06f 71ff 

  0x00007e5bdc553340: ;   {other}
  0x00007e5bdc553340: 0f1f 8400 | 301d 002a | bef6 ffff | ff48 8be9 | 4c8b 5424 | 084c 8914 | 2444 8944 | 240c 4489 
  0x00007e5bdc553360: ;   {runtime_call UncommonTrapBlob}
  0x00007e5bdc553360: 4c24 10e8 

  0x00007e5bdc553364: ; ImmutableOopMap {rbp=Oop [0]=Oop [12]=NarrowOop [16]=NarrowOop }
                      ;*invokevirtual get {reexecute=0 rethrow=0 return_oop=0}
                      ; - org.h2.mvstore.tx.Transaction::getLogId@4 (line 616)
                      ; - org.h2.mvstore.tx.Transaction::setSavepoint@1 (line 291)
                      ; - org.h2.engine.SessionLocal::getStatementSavepoint@16 (line 1616)
                      ; - org.h2.engine.SessionLocal::setSavepoint@10 (line 854)
                      ; - org.h2.command.Command::executeUpdate@34 (line 244)
  0x00007e5bdc553364: 986f 71ff 

  0x00007e5bdc553368: ;   {other}
  0x00007e5bdc553368: 0f1f 8400 | 581d 002b | bef6 ffff | ff4c 8b54 | 2408 4c89 | 1424 4489 | 4424 0c48 | 894c 2410 
  0x00007e5bdc553388: 4489 4c24 | 184c 896c 

  0x00007e5bdc553390: ;   {runtime_call UncommonTrapBlob}
  0x00007e5bdc553390: 2420 90e8 

  0x00007e5bdc553394: ; ImmutableOopMap {[0]=Oop [12]=NarrowOop [16]=Oop [24]=NarrowOop [32]=Oop }
                      ;*invokevirtual startStatementWithinTransaction {reexecute=0 rethrow=0 return_oop=0}
                      ; - org.h2.command.Command::executeUpdate@44 (line 245)
  0x00007e5bdc553394: 686f 71ff 

  0x00007e5bdc553398: ;   {other}
  0x00007e5bdc553398: 0f1f 8400 | 881d 002c | bef6 ffff | ff49 8be9 | 4c8b 5424 | 084c 8914 | 2444 8b54 | 2418 448b 
  0x00007e5bdc5533b8: 5c24 1c44 | 895c 240c | 4489 5424 

  0x00007e5bdc5533c4: ;   {runtime_call UncommonTrapBlob}
  0x00007e5bdc5533c4: 1066 90e8 

  0x00007e5bdc5533c8: ; ImmutableOopMap {rbp=Oop [0]=Oop [12]=NarrowOop [16]=NarrowOop [48]=Oop }
                      ;*invokevirtual setThreadLocalSession {reexecute=0 rethrow=0 return_oop=0}
                      ; - org.h2.command.Command::executeUpdate@54 (line 247)
  0x00007e5bdc5533c8: 346f 71ff 

  0x00007e5bdc5533cc: ;   {other}
  0x00007e5bdc5533cc: 0f1f 8400 | bc1d 002d | bef6 ffff | ff49 8be8 | 448b 5c24 | 1844 895c 

  0x00007e5bdc5533e4: ;   {runtime_call UncommonTrapBlob}
  0x00007e5bdc5533e4: 2404 90e8 

  0x00007e5bdc5533e8: ; ImmutableOopMap {rbp=Oop [4]=NarrowOop [24]=NarrowOop [48]=Oop [72]=Oop }
                      ;*invokevirtual resetThreadLocalSession {reexecute=0 rethrow=0 return_oop=0}
                      ; - org.h2.command.Command::executeUpdate@77 (line 289)
  0x00007e5bdc5533e8: 146f 71ff 

  0x00007e5bdc5533ec: ;   {other}
  0x00007e5bdc5533ec: 0f1f 8400 | dc1d 002e | bee4 ffff | ff48 8b2c | 248b 4c24 | 1889 0c24 | 4489 5c24 | 1044 894c 
  0x00007e5bdc55340c: 241c 4489 | 5424 2044 | 8944 2424 

  0x00007e5bdc553418: ;   {runtime_call UncommonTrapBlob}
  0x00007e5bdc553418: 6666 90e8 

  0x00007e5bdc55341c: ; ImmutableOopMap {rbp=Oop [0]=NarrowOop [16]=NarrowOop [32]=NarrowOop [48]=Oop }
                      ;*aaload {reexecute=0 rethrow=0 return_oop=0}
                      ; - java.lang.ThreadLocal$ThreadLocalMap::expungeStaleEntry@10 (line 674)
                      ; - java.lang.ThreadLocal$ThreadLocalMap::remove@46 (line 581)
                      ; - java.lang.ThreadLocal::remove@12 (line 294)
                      ; - java.lang.ThreadLocal::remove@4 (line 283)
                      ; - org.h2.engine.SessionLocal::resetThreadLocalSession@7 (line 2090)
                      ; - org.h2.command.Command::executeUpdate@77 (line 289)
  0x00007e5bdc55341c: e06e 71ff 

  0x00007e5bdc553420: ;   {other}
  0x00007e5bdc553420: 0f1f 8400 | 101e 002f | bef6 ffff | ff48 8b2c | 2444 8b54 | 2418 4489 

  0x00007e5bdc553438: ;   {runtime_call UncommonTrapBlob}
  0x00007e5bdc553438: 1424 90e8 

  0x00007e5bdc55343c: ; ImmutableOopMap {rbp=Oop [0]=NarrowOop [48]=Oop }
                      ;*putfield value {reexecute=1 rethrow=0 return_oop=0}
                      ; - (reexecute) java.lang.ThreadLocal$ThreadLocalMap::expungeStaleEntry@12 (line 674)
                      ; - java.lang.ThreadLocal$ThreadLocalMap::remove@46 (line 581)
                      ; - java.lang.ThreadLocal::remove@12 (line 294)
                      ; - java.lang.ThreadLocal::remove@4 (line 283)
                      ; - org.h2.engine.SessionLocal::resetThreadLocalSession@7 (line 2090)
                      ; - org.h2.command.Command::executeUpdate@77 (line 289)
  0x00007e5bdc55343c: c06e 71ff 

  0x00007e5bdc553440: ;   {other}
  0x00007e5bdc553440: 0f1f 8400 | 301e 0030 | bee4 ffff | ff48 8b2c | 2444 8b4c | 2418 4489 | 4c24 0444 | 8944 2410 
  0x00007e5bdc553460: 895c 2418 | 4489 5424 | 2089 7c24 

  0x00007e5bdc55346c: ;   {runtime_call UncommonTrapBlob}
  0x00007e5bdc55346c: 2466 90e8 

  0x00007e5bdc553470: ; ImmutableOopMap {rbp=Oop [4]=NarrowOop [16]=NarrowOop [32]=NarrowOop [48]=Oop }
                      ;*aaload {reexecute=0 rethrow=0 return_oop=0}
                      ; - java.lang.ThreadLocal$ThreadLocalMap::expungeStaleEntry@39 (line 682)
                      ; - java.lang.ThreadLocal$ThreadLocalMap::remove@46 (line 581)
                      ; - java.lang.ThreadLocal::remove@12 (line 294)
                      ; - java.lang.ThreadLocal::remove@4 (line 283)
                      ; - org.h2.engine.SessionLocal::resetThreadLocalSession@7 (line 2090)
                      ; - org.h2.command.Command::executeUpdate@77 (line 289)
  0x00007e5bdc553470: 8c6e 71ff 

  0x00007e5bdc553474: ;   {other}
  0x00007e5bdc553474: 0f1f 8400 | 641e 0031 | bee4 ffff | ff48 8b2c | 2444 8b5c | 2418 4489 | 5c24 0444 | 8944 2410 
  0x00007e5bdc553494: 895c 2418 | 4489 4c24 | 2089 7c24 

  0x00007e5bdc5534a0: ;   {runtime_call UncommonTrapBlob}
  0x00007e5bdc5534a0: 2466 90e8 

  0x00007e5bdc5534a4: ; ImmutableOopMap {rbp=Oop [4]=NarrowOop [16]=NarrowOop [32]=NarrowOop [48]=Oop }
                      ;*aaload {reexecute=0 rethrow=0 return_oop=0}
                      ; - java.lang.ThreadLocal$ThreadLocalMap::expungeStaleEntry@39 (line 682)
                      ; - java.lang.ThreadLocal$ThreadLocalMap::remove@46 (line 581)
                      ; - java.lang.ThreadLocal::remove@12 (line 294)
                      ; - java.lang.ThreadLocal::remove@4 (line 283)
                      ; - org.h2.engine.SessionLocal::resetThreadLocalSession@7 (line 2090)
                      ; - org.h2.command.Command::executeUpdate@77 (line 289)
  0x00007e5bdc5534a4: 586e 71ff 

  0x00007e5bdc5534a8: ;   {other}
  0x00007e5bdc5534a8: 0f1f 8400 | 981e 0032 | bef6 ffff | ff44 8b5c | 2418 4489 

  0x00007e5bdc5534bc: ;   {runtime_call UncommonTrapBlob}
  0x00007e5bdc5534bc: 5c24 0ce8 

  0x00007e5bdc5534c0: ; ImmutableOopMap {rbp=Oop [0]=Oop [12]=NarrowOop [24]=NarrowOop [48]=Oop }
                      ;*invokevirtual compareAndSet {reexecute=0 rethrow=0 return_oop=0}
                      ; - org.h2.engine.SessionLocal::transitionToState@36 (line 1243)
                      ; - org.h2.engine.SessionLocal::setCurrentCommand@17 (line 1220)
                      ; - org.h2.engine.SessionLocal::endStatement@2 (line 1703)
                      ; - org.h2.command.Command::executeUpdate@84 (line 291)
  0x00007e5bdc5534c0: 3c6e 71ff 

  0x00007e5bdc5534c4: ;   {other}
  0x00007e5bdc5534c4: 0f1f 8400 | b41e 0033 | be37 ffff | ff4c 8b54 | 2408 4c89 | 1424 4489 | 4424 0c44 | 894c 2410 
  0x00007e5bdc5534e4: 4c89 5c24 | 184c 895c 

  0x00007e5bdc5534ec: ;   {runtime_call UncommonTrapBlob}
  0x00007e5bdc5534ec: 2420 90e8 

  0x00007e5bdc5534f0: ; ImmutableOopMap {[0]=Oop [12]=NarrowOop [16]=NarrowOop [24]=Oop [32]=Oop }
                      ;*invokevirtual isTransactional {reexecute=0 rethrow=0 return_oop=0}
                      ; - org.h2.command.Command::commitIfNonTransactional@1 (line 307)
                      ; - org.h2.command.Command::executeUpdate@27 (line 243)
  0x00007e5bdc5534f0: 0c6e 71ff 

  0x00007e5bdc5534f4: ;   {other}
  0x00007e5bdc5534f4: 0f1f 8400 | e41e 0034 | bee4 ffff | ff49 8be9 | 4c8b 5424 | 084c 8914 | 2444 8b5c | 2418 448b 
  0x00007e5bdc553514: 5424 1c44 | 8954 240c | 4489 5c24 | 104c 8944 | 2418 448b | 5424 4445 | 8bda 4489 | 5c24 204c 
  0x00007e5bdc553534: 8b54 2430 | 4c89 5424 

  0x00007e5bdc55353c: ;   {runtime_call UncommonTrapBlob}
  0x00007e5bdc55353c: 2866 90e8 

  0x00007e5bdc553540: ; ImmutableOopMap {rbp=Oop [0]=Oop [12]=NarrowOop [16]=NarrowOop [24]=Oop [40]=Oop [56]=NarrowOop [60]=NarrowOop [64]=NarrowOop }
                      ;*aaload {reexecute=0 rethrow=0 return_oop=0}
                      ; - java.lang.ThreadLocal$ThreadLocalMap::getEntry@18 (line 500)
                      ; - java.lang.ThreadLocal::get@12 (line 187)
                      ; - java.lang.ThreadLocal::get@4 (line 172)
                      ; - org.h2.engine.SessionLocal::setThreadLocalSession@3 (line 2082)
                      ; - org.h2.command.Command::executeUpdate@54 (line 247)
  0x00007e5bdc553540: bc6d 71ff 

  0x00007e5bdc553544: ;   {other}
  0x00007e5bdc553544: 0f1f 8400 | 341f 0035 | bee4 ffff | ff48 8b6c | 2428 4c8b | 5424 084c | 8914 2444 | 8b5c 2418 
  0x00007e5bdc553564: 448b 5424 | 1c44 8954 | 240c 4489 | 5c24 104c | 8b54 2430 | 4c89 5424 | 1844 8b54 | 243c 4489 
  0x00007e5bdc553584: 5424 1444 | 8b5c 2438 | 4489 5c24 | 2889 4c24 | 3044 8b54 | 2454 8954 | 2438 4489 

  0x00007e5bdc5535a0: ;   {runtime_call UncommonTrapBlob}
  0x00007e5bdc5535a0: 5424 3ce8 

  0x00007e5bdc5535a4: ; ImmutableOopMap {rbp=Oop [0]=Oop [12]=NarrowOop [16]=NarrowOop [20]=NarrowOop [24]=Oop [40]=NarrowOop [56]=NarrowOop [72]=Oop [80]=NarrowOop }
                      ;*aaload {reexecute=0 rethrow=0 return_oop=0}
                      ; - java.lang.ThreadLocal$ThreadLocalMap::set@23 (line 549)
                      ; - java.lang.ThreadLocal::set@13 (line 265)
                      ; - java.lang.ThreadLocal::set@5 (line 251)
                      ; - org.h2.engine.SessionLocal::setThreadLocalSession@14 (line 2083)
                      ; - org.h2.command.Command::executeUpdate@54 (line 247)
  0x00007e5bdc5535a4: 586d 71ff 

  0x00007e5bdc5535a8: ;   {other}
  0x00007e5bdc5535a8: 0f1f 8400 | 981f 0036 | be54 ffff | ff49 8be8 | 448b 4424 | 1844 8944 | 2404 4c89 

  0x00007e5bdc5535c4: ;   {runtime_call UncommonTrapBlob}
  0x00007e5bdc5535c4: 5424 18e8 

  0x00007e5bdc5535c8: ; ImmutableOopMap {rbp=Oop [4]=NarrowOop [24]=Oop [48]=Oop [72]=Oop }
                      ;*ifnonnull {reexecute=1 rethrow=0 return_oop=0}
                      ; - (reexecute) org.h2.engine.SessionLocal::resetThreadLocalSession@1 (line 2089)
                      ; - org.h2.command.Command::executeUpdate@77 (line 289)
  0x00007e5bdc5535c8: 346d 71ff 

  0x00007e5bdc5535cc: ;   {other}
  0x00007e5bdc5535cc: 0f1f 8400 | bc1f 0037 | bee4 ffff | ff49 8be8 | 448b 4424 | 1844 8944 | 2404 894c | 2410 897c 
  0x00007e5bdc5535ec: 2418 4489 | 4c24 2044 | 8954 2424 

  0x00007e5bdc5535f8: ;   {runtime_call UncommonTrapBlob}
  0x00007e5bdc5535f8: 6666 90e8 

  0x00007e5bdc5535fc: ; ImmutableOopMap {rbp=Oop [4]=NarrowOop [16]=NarrowOop [32]=NarrowOop [48]=Oop }
                      ;*aaload {reexecute=0 rethrow=0 return_oop=0}
                      ; - java.lang.ThreadLocal$ThreadLocalMap::remove@21 (line 576)
                      ; - java.lang.ThreadLocal::remove@12 (line 294)
                      ; - java.lang.ThreadLocal::remove@4 (line 283)
                      ; - org.h2.engine.SessionLocal::resetThreadLocalSession@7 (line 2090)
                      ; - org.h2.command.Command::executeUpdate@77 (line 289)
  0x00007e5bdc5535fc: 006d 71ff 

  0x00007e5bdc553600: ;   {other}
  0x00007e5bdc553600: 0f1f 8400 | f01f 0038 | be45 ffff | ff49 8be8 | 448b 5c24 | 1844 891c | 2489 4c24 | 1044 894c 
  0x00007e5bdc553620: 2414 897c | 2418 4489 

  0x00007e5bdc553628: ;   {runtime_call UncommonTrapBlob}
  0x00007e5bdc553628: 5424 1ce8 

  0x00007e5bdc55362c: ; ImmutableOopMap {rbp=Oop [0]=NarrowOop [16]=NarrowOop [20]=NarrowOop [48]=Oop }
                      ;*ifeq {reexecute=1 rethrow=0 return_oop=0}
                      ; - (reexecute) java.lang.ThreadLocal$ThreadLocalMap::remove@35 (line 579)
                      ; - java.lang.ThreadLocal::remove@12 (line 294)
                      ; - java.lang.ThreadLocal::remove@4 (line 283)
                      ; - org.h2.engine.SessionLocal::resetThreadLocalSession@7 (line 2090)
                      ; - org.h2.command.Command::executeUpdate@77 (line 289)
  0x00007e5bdc55362c: d06c 71ff 

  0x00007e5bdc553630: ;   {other}
  0x00007e5bdc553630: 0f1f 8400 | 2020 0039 | becf ffff | ff44 8b5c | 2418 4c8b | 5424 304c | 8954 2408 | 4489 5c24 
  0x00007e5bdc553650: 0444 8b5c | 241c 458b | d344 8954 | 2414 4489 | 5424 184c | 8944 2420 | 4c89 4c24 

  0x00007e5bdc55366c: ;   {runtime_call UncommonTrapBlob}
  0x00007e5bdc55366c: 3066 90e8 

  0x00007e5bdc553670: ; ImmutableOopMap {rbp=Oop [4]=NarrowOop [8]=Oop [20]=NarrowOop [24]=NarrowOop }
                      ;*invokestatic addExact {reexecute=1 rethrow=0 return_oop=0}
                      ; - (reexecute) java.time.Instant::ofEpochSecond@8 (line 332)
                      ; - java.time.Clock::currentInstant@80 (line 527)
                      ; - java.time.Instant::now@0 (line 277)
                      ; - org.h2.engine.SessionLocal::setCurrentCommand@34 (line 1223)
                      ; - org.h2.engine.SessionLocal::endStatement@2 (line 1703)
                      ; - org.h2.command.Command::executeUpdate@84 (line 291)
  0x00007e5bdc553670: 8c6c 71ff 

  0x00007e5bdc553674: ;   {other}
  0x00007e5bdc553674: 0f1f 8400 | 6420 003a | bede ffff | ff44 8b44 | 2418 4489 | 4424 044c | 8954 2418 

  0x00007e5bdc553690: ;   {runtime_call UncommonTrapBlob}
  0x00007e5bdc553690: 6666 90e8 

  0x00007e5bdc553694: ; ImmutableOopMap {rbp=NarrowOop [4]=NarrowOop [24]=Oop [48]=Oop }
                      ;*invokeinterface isEnabled {reexecute=0 rethrow=0 return_oop=0}
                      ; - org.h2.message.Trace::isEnabled@13 (line 142)
                      ; - org.h2.message.Trace::isInfoEnabled@2 (line 153)
                      ; - org.h2.command.Command::stop@43 (line 161)
                      ; - org.h2.command.CommandContainer::stop@1 (line 260)
                      ; - org.h2.command.Command::executeUpdate@93 (line 293)
  0x00007e5bdc553694: 686c 71ff 

  0x00007e5bdc553698: ;   {other}
  0x00007e5bdc553698: 0f1f 8400 | 8820 003b | 498b fb48 | 8d74 2470 | 498b d749 | baa0 89fe | f35b 7e00 | 0041 ffd2 
  0x00007e5bdc5536b8: ;   {other}
  0x00007e5bdc5536b8: 0f1f 8400 | 0000 0000 | e984 edff | ffbe deff | ffff 448b | 5424 1844 | 8954 2408 

  0x00007e5bdc5536d4: ;   {runtime_call UncommonTrapBlob}
  0x00007e5bdc5536d4: 6666 90e8 

  0x00007e5bdc5536d8: ; ImmutableOopMap {rbp=NarrowOop [0]=Oop [8]=NarrowOop [28]=NarrowOop [48]=Oop }
                      ;*invokeinterface values {reexecute=0 rethrow=0 return_oop=0}
                      ; - org.h2.mvstore.tx.Transaction::markStatementEnd@15 (line 371)
                      ; - org.h2.engine.SessionLocal::endStatement@16 (line 1705)
                      ; - org.h2.command.Command::executeUpdate@84 (line 291)
  0x00007e5bdc5536d8: 246c 71ff 

  0x00007e5bdc5536dc: ;   {other}
  0x00007e5bdc5536dc: 0f1f 8400 | cc20 003c | bede ffff | ff48 8b2c | 2444 8b54 | 2418 4489 | 1424 4489 | 4c24 1048 
  0x00007e5bdc5536fc: 894c 2418 

  0x00007e5bdc553700: ;   {runtime_call UncommonTrapBlob}
  0x00007e5bdc553700: 6666 90e8 

  0x00007e5bdc553704: ; ImmutableOopMap {rbp=Oop [0]=NarrowOop [16]=NarrowOop [24]=Oop [48]=Oop }
                      ;*invokeinterface iterator {reexecute=0 rethrow=0 return_oop=0}
                      ; - org.h2.mvstore.tx.Transaction::markStatementEnd@20 (line 371)
                      ; - org.h2.engine.SessionLocal::endStatement@16 (line 1705)
                      ; - org.h2.command.Command::executeUpdate@84 (line 291)
  0x00007e5bdc553704: f86b 71ff 

  0x00007e5bdc553708: ;   {other}
  0x00007e5bdc553708: 0f1f 8400 | f820 003d | be76 ffff | ff48 8b2c | 248b 4c24 | 1889 4c24 | 0444 895c | 2410 4489 
  0x00007e5bdc553728: 5424 1444 | 894c 2418 | 8944 241c | 897c 2420 

  0x00007e5bdc553738: ;   {runtime_call UncommonTrapBlob}
  0x00007e5bdc553738: 6666 90e8 

  0x00007e5bdc55373c: ; ImmutableOopMap {rbp=Oop [4]=NarrowOop [20]=NarrowOop [24]=NarrowOop [28]=NarrowOop [48]=Oop }
                      ;*if_icmpge {reexecute=1 rethrow=0 return_oop=0}
                      ; - (reexecute) java.util.HashMap$HashIterator::<init>@54 (line 1593)
                      ; - java.util.HashMap$ValueIterator::<init>@2 (line 1631)
                      ; - java.util.HashMap$Values::iterator@8 (line 1051)
                      ; - org.h2.mvstore.tx.Transaction::markStatementEnd@20 (line 371)
                      ; - org.h2.engine.SessionLocal::endStatement@16 (line 1705)
                      ; - org.h2.command.Command::executeUpdate@84 (line 291)
  0x00007e5bdc55373c: c06b 71ff 

  0x00007e5bdc553740: ;   {other}
  0x00007e5bdc553740: 0f1f 8400 | 3021 003e | 49c7 c2ff | ffff ff49 | 3bea bdff | ffff ff7c | 0840 0f95 | c540 0fb6 
  0x00007e5bdc553760: edbe 45ff | ffff 4889 | 0c24 4489 | 4424 1444 | 894c 2418 | 4c89 6c24 | 2889 5c24 

  0x00007e5bdc55377c: ;   {runtime_call UncommonTrapBlob}
  0x00007e5bdc55377c: 1c66 90e8 

  0x00007e5bdc553780: ; ImmutableOopMap {[0]=Oop [8]=Oop [20]=NarrowOop [24]=NarrowOop [28]=NarrowOop [40]=Oop }
                      ;*ifne {reexecute=1 rethrow=0 return_oop=0}
                      ; - (reexecute) org.h2.engine.SessionLocal::getStatementSavepoint@8 (line 1615)
                      ; - org.h2.engine.SessionLocal::setSavepoint@10 (line 854)
                      ; - org.h2.command.Command::executeUpdate@34 (line 244)
  0x00007e5bdc553780: 7c6b 71ff 

  0x00007e5bdc553784: ;   {other}
  0x00007e5bdc553784: 0f1f 8400 | 7421 003f 

  0x00007e5bdc55378c: ;   {oop(a 'java/lang/ThreadLocal'{0x0000000040a07780})}
  0x00007e5bdc55378c: 4181 fb80 | 77a0 4044 | 8bd3 410f | 94c2 be45 | ffff ff4c | 8b5c 2428 | 4c89 1c24 | 448b 5c24 
  0x00007e5bdc5537ac: 1c44 895c | 2414 4489 | 5424 1c4c | 8b54 2430 | 4c89 5424 | 2044 8b5c | 243c 4489 | 5c24 3044 
  0x00007e5bdc5537cc: 8b54 2438 | 4489 5424 | 3489 4c24 

  0x00007e5bdc5537d8: ;   {runtime_call UncommonTrapBlob}
  0x00007e5bdc5537d8: 3c66 90e8 

  0x00007e5bdc5537dc: ; ImmutableOopMap {rbp=NarrowOop [0]=Oop [8]=Oop [20]=NarrowOop [24]=NarrowOop [32]=Oop [48]=NarrowOop [52]=NarrowOop [72]=Oop [80]=NarrowOop }
                      ;*ifeq {reexecute=1 rethrow=0 return_oop=0}
                      ; - (reexecute) java.lang.ThreadLocal$ThreadLocalMap::set@37 (line 552)
                      ; - java.lang.ThreadLocal::set@13 (line 265)
                      ; - java.lang.ThreadLocal::set@5 (line 251)
                      ; - org.h2.engine.SessionLocal::setThreadLocalSession@14 (line 2083)
                      ; - org.h2.command.Command::executeUpdate@54 (line 247)
  0x00007e5bdc5537dc: 206b 71ff 

  0x00007e5bdc5537e0: ;   {other}
  0x00007e5bdc5537e0: 0f1f 8400 | d021 0040 | 493b cabd | ffff ffff | 7c08 400f | 95c5 400f | b6ed be45 | ffff ff44 
  0x00007e5bdc553800: 8b54 2418 | 4489 5424 

  0x00007e5bdc553808: ;   {runtime_call UncommonTrapBlob}
  0x00007e5bdc553808: 0866 90e8 

  0x00007e5bdc55380c: ; ImmutableOopMap {[0]=Oop [8]=NarrowOop [28]=NarrowOop [48]=Oop }
                      ;*iflt {reexecute=1 rethrow=0 return_oop=0}
                      ; - (reexecute) java.time.Instant::create@18 (line 413)
                      ; - java.time.Instant::ofEpochSecond@27 (line 334)
                      ; - java.time.Clock::currentInstant@80 (line 527)
                      ; - java.time.Instant::now@0 (line 277)
                      ; - org.h2.engine.SessionLocal::setCurrentCommand@34 (line 1223)
                      ; - org.h2.engine.SessionLocal::endStatement@2 (line 1703)
                      ; - org.h2.command.Command::executeUpdate@84 (line 291)
  0x00007e5bdc55380c: f06a 71ff 

  0x00007e5bdc553810: ;   {other}
  0x00007e5bdc553810: 0f1f 8400 | 0022 0041 | be45 ffff | ff44 8b4c | 2418 4489 | 4c24 044c | 8954 2418 | 4489 4424 
  0x00007e5bdc553830: ;   {runtime_call UncommonTrapBlob}
  0x00007e5bdc553830: 2066 90e8 

  0x00007e5bdc553834: ; ImmutableOopMap {[4]=NarrowOop [24]=Oop [32]=NarrowOop [48]=Oop }
                      ;*if_icmpne {reexecute=1 rethrow=0 return_oop=0}
                      ; - (reexecute) org.h2.message.Trace::isEnabled@5 (line 141)
                      ; - org.h2.message.Trace::isInfoEnabled@2 (line 153)
                      ; - org.h2.command.Command::stop@43 (line 161)
                      ; - org.h2.command.CommandContainer::stop@1 (line 260)
                      ; - org.h2.command.Command::executeUpdate@93 (line 293)
  0x00007e5bdc553834: c86a 71ff 

  0x00007e5bdc553838: ;   {other}
  0x00007e5bdc553838: 0f1f 8400 | 2822 0042 | be45 ffff | ff4c 8b5c | 2428 4c89 

  0x00007e5bdc55384c: ;   {runtime_call UncommonTrapBlob}
  0x00007e5bdc55384c: 1c24 90e8 

  0x00007e5bdc553850: ; ImmutableOopMap {[0]=Oop [8]=Oop [24]=NarrowOop [28]=NarrowOop [48]=Oop [72]=Oop }
                      ;*ifeq {reexecute=1 rethrow=0 return_oop=0}
                      ; - (reexecute) org.h2.engine.Database::checkPowerOff@4 (line 468)
                      ; - org.h2.command.Command::executeUpdate@61 (line 250)
  0x00007e5bdc553850: ac6a 71ff 

  0x00007e5bdc553854: ;   {other}
  0x00007e5bdc553854: 0f1f 8400 | 4422 0043 | be45 ffff | ff44 8b5c | 2418 4c8b | 5424 304c | 8954 2410 | 4489 5c24 
  0x00007e5bdc553874: 0c44 8944 | 2418 4489 | 4c24 1c89 | 5c24 2048 | 894c 2428 | 897c 2430 

  0x00007e5bdc55388c: ;   {runtime_call UncommonTrapBlob}
  0x00007e5bdc55388c: 6666 90e8 

  0x00007e5bdc553890: ; ImmutableOopMap {[0]=Oop [12]=NarrowOop [16]=Oop [24]=NarrowOop [28]=NarrowOop [40]=Oop }
                      ;*if_icmpeq {reexecute=1 rethrow=0 return_oop=0}
                      ; - (reexecute) java.lang.ThreadLocal$ThreadLocalMap::expungeStaleEntry@100 (line 691)
                      ; - java.lang.ThreadLocal$ThreadLocalMap::remove@46 (line 581)
                      ; - java.lang.ThreadLocal::remove@12 (line 294)
                      ; - java.lang.ThreadLocal::remove@4 (line 283)
                      ; - org.h2.engine.SessionLocal::resetThreadLocalSession@7 (line 2090)
                      ; - org.h2.command.Command::executeUpdate@77 (line 289)
  0x00007e5bdc553890: 6c6a 71ff 

  0x00007e5bdc553894: ;   {other}
  0x00007e5bdc553894: 0f1f 8400 | 8422 0044 | be45 ffff | ff44 8b44 | 2418 4489 | 4424 0c44 | 8954 241c 

  0x00007e5bdc5538b0: ;   {runtime_call UncommonTrapBlob}
  0x00007e5bdc5538b0: 6666 90e8 

  0x00007e5bdc5538b4: ; ImmutableOopMap {rbp=Oop [0]=Oop [12]=NarrowOop [28]=NarrowOop [48]=Oop }
                      ;*if_acmpeq {reexecute=1 rethrow=0 return_oop=0}
                      ; - (reexecute) org.h2.engine.SessionLocal::transitionToState@15 (line 1241)
                      ; - org.h2.engine.SessionLocal::setCurrentCommand@17 (line 1220)
                      ; - org.h2.engine.SessionLocal::endStatement@2 (line 1703)
                      ; - org.h2.command.Command::executeUpdate@84 (line 291)
  0x00007e5bdc5538b4: 486a 71ff 

  0x00007e5bdc5538b8: ;   {other}
  0x00007e5bdc5538b8: 0f1f 8400 | a822 0045 | be45 ffff | ff44 8b44 | 2418 4489 | 4424 0c44 | 8954 241c | 4489 5424 
  0x00007e5bdc5538d8: ;   {runtime_call UncommonTrapBlob}
  0x00007e5bdc5538d8: 2066 90e8 

  0x00007e5bdc5538dc: ; ImmutableOopMap {rbp=Oop [0]=Oop [12]=NarrowOop [28]=NarrowOop [32]=NarrowOop [48]=Oop }
                      ;*if_acmpne {reexecute=1 rethrow=0 return_oop=0}
                      ; - (reexecute) org.h2.engine.SessionLocal::checkSuspended@4 (line 1248)
                      ; - org.h2.engine.SessionLocal::transitionToState@24 (line 1242)
                      ; - org.h2.engine.SessionLocal::setCurrentCommand@17 (line 1220)
                      ; - org.h2.engine.SessionLocal::endStatement@2 (line 1703)
                      ; - org.h2.command.Command::executeUpdate@84 (line 291)
  0x00007e5bdc5538dc: 206a 71ff 

  0x00007e5bdc5538e0: ;   {other}
  0x00007e5bdc5538e0: 0f1f 8400 | d022 0046 | be45 ffff | ff44 8b44 | 2418 4489 | 4424 0c44 | 8954 241c | 4489 5424 
  0x00007e5bdc553900: ;   {runtime_call UncommonTrapBlob}
  0x00007e5bdc553900: 2066 90e8 

  0x00007e5bdc553904: ; ImmutableOopMap {[0]=Oop [12]=NarrowOop [28]=NarrowOop [32]=NarrowOop [48]=Oop }
                      ;*ifne {reexecute=1 rethrow=0 return_oop=0}
                      ; - (reexecute) org.h2.engine.SessionLocal::transitionToState@39 (line 1243)
                      ; - org.h2.engine.SessionLocal::setCurrentCommand@17 (line 1220)
                      ; - org.h2.engine.SessionLocal::endStatement@2 (line 1703)
                      ; - org.h2.command.Command::executeUpdate@84 (line 291)
  0x00007e5bdc553904: f869 71ff 

  0x00007e5bdc553908: ;   {other}
  0x00007e5bdc553908: 0f1f 8400 | f822 0047 | be45 ffff | ff44 8b44 | 2418 4489 | 4424 0c44 | 8954 241c | 4489 5424 
  0x00007e5bdc553928: ;   {runtime_call UncommonTrapBlob}
  0x00007e5bdc553928: 2066 90e8 

  0x00007e5bdc55392c: ; ImmutableOopMap {rbp=Oop [0]=Oop [12]=NarrowOop [28]=NarrowOop [32]=NarrowOop [48]=Oop }
                      ;*if_acmpne {reexecute=1 rethrow=0 return_oop=0}
                      ; - (reexecute) org.h2.engine.SessionLocal::checkSuspended@4 (line 1248)
                      ; - org.h2.engine.SessionLocal::isOpen@13 (line 1183)
                      ; - org.h2.engine.SessionLocal::setCurrentCommand@22 (line 1221)
                      ; - org.h2.engine.SessionLocal::endStatement@2 (line 1703)
                      ; - org.h2.command.Command::executeUpdate@84 (line 291)
  0x00007e5bdc55392c: d069 71ff 

  0x00007e5bdc553930: ;   {other}
  0x00007e5bdc553930: 0f1f 8400 | 2023 0048 | be45 ffff | ff44 8b44 | 2418 4489 | 4424 0c44 | 8954 241c 

  0x00007e5bdc55394c: ;   {runtime_call UncommonTrapBlob}
  0x00007e5bdc55394c: 6666 90e8 

  0x00007e5bdc553950: ; ImmutableOopMap {rbp=Oop [0]=Oop [12]=NarrowOop [28]=NarrowOop [48]=Oop }
                      ;*if_acmpeq {reexecute=1 rethrow=0 return_oop=0}
                      ; - (reexecute) org.h2.engine.SessionLocal::isOpen@21 (line 1184)
                      ; - org.h2.engine.SessionLocal::setCurrentCommand@22 (line 1221)
                      ; - org.h2.engine.SessionLocal::endStatement@2 (line 1703)
                      ; - org.h2.command.Command::executeUpdate@84 (line 291)
  0x00007e5bdc553950: ac69 71ff 

  0x00007e5bdc553954: ;   {other}
  0x00007e5bdc553954: 0f1f 8400 | 4423 0049 | 49c7 c2ff | ffff ff49 | 3bc2 bdff | ffff ff7c | 0840 0f95 | c540 0fb6 
  0x00007e5bdc553974: edbe 45ff | ffff 448b | 5c24 1844 | 895c 240c 

  0x00007e5bdc553984: ;   {runtime_call UncommonTrapBlob}
  0x00007e5bdc553984: 6666 90e8 

  0x00007e5bdc553988: ; ImmutableOopMap {[0]=Oop [12]=NarrowOop [28]=NarrowOop [48]=Oop }
                      ;*ifne {reexecute=1 rethrow=0 return_oop=0}
                      ; - (reexecute) java.time.Clock::currentInstant@14 (line 500)
                      ; - java.time.Instant::now@0 (line 277)
                      ; - org.h2.engine.SessionLocal::setCurrentCommand@34 (line 1223)
                      ; - org.h2.engine.SessionLocal::endStatement@2 (line 1703)
                      ; - org.h2.command.Command::executeUpdate@84 (line 291)
  0x00007e5bdc553988: 7469 71ff 

  0x00007e5bdc55398c: ;   {other}
  0x00007e5bdc55398c: 0f1f 8400 | 7c23 004a | 4533 d249 | 3bca bdff | ffff ff7c | 0840 0f95 | c540 0fb6 | edbe 45ff 
  0x00007e5bdc5539ac: ffff 448b | 5c24 184c | 8b54 2430 | 4c89 5424 | 1044 895c | 240c 4c89 | 4424 384c | 894c 2440 
  0x00007e5bdc5539cc: ;   {runtime_call UncommonTrapBlob}
  0x00007e5bdc5539cc: 6666 90e8 

  0x00007e5bdc5539d0: ; ImmutableOopMap {[0]=Oop [12]=NarrowOop [16]=Oop [28]=NarrowOop }
                      ;*ifge {reexecute=1 rethrow=0 return_oop=0}
                      ; - (reexecute) java.lang.Math::floorDiv@10 (line 1537)
                      ; - java.time.Instant::ofEpochSecond@5 (line 332)
                      ; - java.time.Clock::currentInstant@80 (line 527)
                      ; - java.time.Instant::now@0 (line 277)
                      ; - org.h2.engine.SessionLocal::setCurrentCommand@34 (line 1223)
                      ; - org.h2.engine.SessionLocal::endStatement@2 (line 1703)
                      ; - org.h2.command.Command::executeUpdate@84 (line 291)
  0x00007e5bdc5539d0: 2c69 71ff 

  0x00007e5bdc5539d4: ;   {other}
  0x00007e5bdc5539d4: 0f1f 8400 | c423 004b | 4533 d24d | 3bda bdff | ffff ff7c | 0840 0f95 | c540 0fb6 | edbe 45ff 
  0x00007e5bdc5539f4: ffff 448b | 5c24 1844 | 895c 240c 

  0x00007e5bdc553a00: ;   {runtime_call UncommonTrapBlob}
  0x00007e5bdc553a00: 6666 90e8 

  0x00007e5bdc553a04: ; ImmutableOopMap {[0]=Oop [12]=NarrowOop [28]=NarrowOop [48]=Oop }
                      ;*ifne {reexecute=1 rethrow=0 return_oop=0}
                      ; - (reexecute) java.time.Instant::create@6 (line 410)
                      ; - java.time.Instant::ofEpochSecond@27 (line 334)
                      ; - java.time.Clock::currentInstant@80 (line 527)
                      ; - java.time.Instant::now@0 (line 277)
                      ; - org.h2.engine.SessionLocal::setCurrentCommand@34 (line 1223)
                      ; - org.h2.engine.SessionLocal::endStatement@2 (line 1703)
                      ; - org.h2.command.Command::executeUpdate@84 (line 291)
  0x00007e5bdc553a04: f868 71ff 

  0x00007e5bdc553a08: ;   {other}
  0x00007e5bdc553a08: 0f1f 8400 | f823 004c | 493b cabd | ffff ffff | 7c08 400f | 95c5 400f | b6ed be45 | ffff ff44 
  0x00007e5bdc553a28: 8b5c 2418 | 4489 5c24 

  0x00007e5bdc553a30: ;   {runtime_call UncommonTrapBlob}
  0x00007e5bdc553a30: 0c66 90e8 

  0x00007e5bdc553a34: ; ImmutableOopMap {[0]=Oop [12]=NarrowOop [28]=NarrowOop [48]=Oop }
                      ;*ifle {reexecute=1 rethrow=0 return_oop=0}
                      ; - (reexecute) java.time.Instant::create@26 (line 413)
                      ; - java.time.Instant::ofEpochSecond@27 (line 334)
                      ; - java.time.Clock::currentInstant@80 (line 527)
                      ; - java.time.Instant::now@0 (line 277)
                      ; - org.h2.engine.SessionLocal::setCurrentCommand@34 (line 1223)
                      ; - org.h2.engine.SessionLocal::endStatement@2 (line 1703)
                      ; - org.h2.command.Command::executeUpdate@84 (line 291)
  0x00007e5bdc553a34: c868 71ff 

  0x00007e5bdc553a38: ;   {other}
  0x00007e5bdc553a38: 0f1f 8400 | 2824 004d | be45 ffff | ff44 8b5c | 2418 4489 

  0x00007e5bdc553a4c: ;   {runtime_call UncommonTrapBlob}
  0x00007e5bdc553a4c: 5c24 0ce8 

  0x00007e5bdc553a50: ; ImmutableOopMap {rbp=NarrowOop [0]=Oop [12]=NarrowOop [28]=NarrowOop [48]=Oop }
                      ;*ifnull {reexecute=1 rethrow=0 return_oop=0}
                      ; - (reexecute) org.h2.engine.SessionLocal::setCurrentCommand@91 (line 1232)
                      ; - org.h2.engine.SessionLocal::endStatement@2 (line 1703)
                      ; - org.h2.command.Command::executeUpdate@84 (line 291)
  0x00007e5bdc553a50: ac68 71ff 

  0x00007e5bdc553a54: ;   {other}
  0x00007e5bdc553a54: 0f1f 8400 | 4424 004e | be45 ffff | ff44 8b44 | 2418 4489 | 0424 4c89 | 5424 1844 | 895c 2420 
  0x00007e5bdc553a74: ;   {runtime_call UncommonTrapBlob}
  0x00007e5bdc553a74: 6666 90e8 

  0x00007e5bdc553a78: ; ImmutableOopMap {rbp=Oop [0]=NarrowOop [24]=Oop [32]=NarrowOop [48]=Oop }
                      ;*if_acmpne {reexecute=1 rethrow=0 return_oop=0}
                      ; - (reexecute) org.h2.engine.SessionLocal::checkSuspended@4 (line 1248)
                      ; - org.h2.engine.SessionLocal::isOpen@13 (line 1183)
                      ; - org.h2.command.Command::stop@4 (line 155)
                      ; - org.h2.command.CommandContainer::stop@1 (line 260)
                      ; - org.h2.command.Command::executeUpdate@93 (line 293)
  0x00007e5bdc553a78: 8468 71ff 

  0x00007e5bdc553a7c: ;   {other}
  0x00007e5bdc553a7c: 0f1f 8400 | 6c24 004f | be45 ffff | ff44 8b5c | 2418 4489 | 1c24 4c89 

  0x00007e5bdc553a94: ;   {runtime_call UncommonTrapBlob}
  0x00007e5bdc553a94: 5424 18e8 

  0x00007e5bdc553a98: ; ImmutableOopMap {rbp=Oop [0]=NarrowOop [24]=Oop [48]=Oop }
                      ;*if_acmpeq {reexecute=1 rethrow=0 return_oop=0}
                      ; - (reexecute) org.h2.engine.SessionLocal::isOpen@21 (line 1184)
                      ; - org.h2.command.Command::stop@4 (line 155)
                      ; - org.h2.command.CommandContainer::stop@1 (line 260)
                      ; - org.h2.command.Command::executeUpdate@93 (line 293)
  0x00007e5bdc553a98: 6468 71ff 

  0x00007e5bdc553a9c: ;   {other}
  0x00007e5bdc553a9c: 0f1f 8400 | 8c24 0050 | be45 ffff | ff44 8b44 | 2418 4489 | 4424 044c | 8954 2418 

  0x00007e5bdc553ab8: ;   {runtime_call UncommonTrapBlob}
  0x00007e5bdc553ab8: 6666 90e8 

  0x00007e5bdc553abc: ; ImmutableOopMap {[4]=NarrowOop [24]=Oop [48]=Oop }
                      ;*ifeq {reexecute=1 rethrow=0 return_oop=0}
                      ; - (reexecute) org.h2.command.Command::stop@28 (line 157)
                      ; - org.h2.command.CommandContainer::stop@1 (line 260)
                      ; - org.h2.command.Command::executeUpdate@93 (line 293)
  0x00007e5bdc553abc: 4068 71ff 

  0x00007e5bdc553ac0: ;   {other}
  0x00007e5bdc553ac0: 0f1f 8400 | b024 0051 | be45 ffff | ff44 8b4c | 2418 4489 | 4c24 044c | 8954 2418 | 4c89 5c24 
  0x00007e5bdc553ae0: ;   {runtime_call UncommonTrapBlob}
  0x00007e5bdc553ae0: 2066 90e8 

  0x00007e5bdc553ae4: ; ImmutableOopMap {[4]=NarrowOop [24]=Oop [32]=Oop [48]=Oop }
                      ;*if_icmpne {reexecute=1 rethrow=0 return_oop=0}
                      ; - (reexecute) org.h2.message.TraceSystem::isEnabled@5 (line 154)
                      ; - org.h2.message.Trace::isEnabled@13 (line 142)
                      ; - org.h2.message.Trace::isInfoEnabled@2 (line 153)
                      ; - org.h2.command.Command::stop@43 (line 161)
                      ; - org.h2.command.CommandContainer::stop@1 (line 260)
                      ; - org.h2.command.Command::executeUpdate@93 (line 293)
  0x00007e5bdc553ae4: 1868 71ff 

  0x00007e5bdc553ae8: ;   {other}
  0x00007e5bdc553ae8: 0f1f 8400 | d824 0052 | be45 ffff | ff44 8b44 | 2418 4489 | 4424 044c | 8954 2418 

  0x00007e5bdc553b04: ;   {runtime_call UncommonTrapBlob}
  0x00007e5bdc553b04: 6666 90e8 

  0x00007e5bdc553b08: ; ImmutableOopMap {[4]=NarrowOop [24]=Oop [48]=Oop }
                      ;*if_icmpgt {reexecute=1 rethrow=0 return_oop=0}
                      ; - (reexecute) org.h2.message.TraceSystem::isEnabled@24 (line 157)
                      ; - org.h2.message.Trace::isEnabled@13 (line 142)
                      ; - org.h2.message.Trace::isInfoEnabled@2 (line 153)
                      ; - org.h2.command.Command::stop@43 (line 161)
                      ; - org.h2.command.CommandContainer::stop@1 (line 260)
                      ; - org.h2.command.Command::executeUpdate@93 (line 293)
  0x00007e5bdc553b08: f467 71ff 

  0x00007e5bdc553b0c: ;   {other}
  0x00007e5bdc553b0c: 0f1f 8400 | fc24 0053 | be45 ffff | ff44 8b5c | 2418 4489 | 5c24 0489 

  0x00007e5bdc553b24: ;   {runtime_call UncommonTrapBlob}
  0x00007e5bdc553b24: 4c24 10e8 

  0x00007e5bdc553b28: ; ImmutableOopMap {rbp=NarrowOop [4]=NarrowOop [16]=NarrowOop [24]=NarrowOop [48]=Oop }
                      ;*ifnull {reexecute=1 rethrow=0 return_oop=0}
                      ; - (reexecute) org.h2.command.CommandContainer::clearCTE@6 (line 91)
                      ; - org.h2.command.CommandContainer::stop@12 (line 263)
                      ; - org.h2.command.Command::executeUpdate@93 (line 293)
  0x00007e5bdc553b28: d467 71ff 

  0x00007e5bdc553b2c: ;   {other}
  0x00007e5bdc553b2c: 0f1f 8400 | 1c25 0054 | be45 ffff | ff44 8b44 | 2418 4489 | 4424 0c44 | 894c 2418 | 4489 5c24 
  0x00007e5bdc553b4c: ;   {runtime_call UncommonTrapBlob}
  0x00007e5bdc553b4c: 1c66 90e8 

  0x00007e5bdc553b50: ; ImmutableOopMap {[0]=Oop [12]=NarrowOop [24]=NarrowOop [28]=NarrowOop [48]=Oop }
                      ;*if_icmpge {reexecute=1 rethrow=0 return_oop=0}
                      ; - (reexecute) org.h2.engine.IsolationLevel::allowNonRepeatableRead@10 (line 159)
                      ; - org.h2.mvstore.tx.Transaction::allowNonRepeatableRead@4 (line 321)
                      ; - org.h2.mvstore.tx.Transaction::markStatementEnd@1 (line 368)
                      ; - org.h2.engine.SessionLocal::endStatement@16 (line 1705)
                      ; - org.h2.command.Command::executeUpdate@84 (line 291)
  0x00007e5bdc553b50: ac67 71ff 

  0x00007e5bdc553b54: ;   {other}
  0x00007e5bdc553b54: 0f1f 8400 | 4425 0055 | be45 ffff | ff4c 8b5c | 2428 4c89 | 1c24 448b | 5c24 1c44 | 895c 2414 
  0x00007e5bdc553b74: 4489 5424 

  0x00007e5bdc553b78: ;   {runtime_call UncommonTrapBlob}
  0x00007e5bdc553b78: 1c66 90e8 

  0x00007e5bdc553b7c: ; ImmutableOopMap {[0]=Oop [8]=Oop [20]=NarrowOop [24]=NarrowOop [48]=Oop [56]=NarrowOop [60]=NarrowOop }
                      ;*if_icmplt {reexecute=1 rethrow=0 return_oop=0}
                      ; - (reexecute) java.lang.ThreadLocal$ThreadLocalMap::set@125 (line 565)
                      ; - java.lang.ThreadLocal::setInitialValue@18 (line 228)
                      ; - java.lang.ThreadLocal::get@31 (line 194)
                      ; - java.lang.ThreadLocal::get@4 (line 172)
                      ; - org.h2.engine.SessionLocal::setThreadLocalSession@3 (line 2082)
                      ; - org.h2.command.Command::executeUpdate@54 (line 247)
  0x00007e5bdc553b7c: 8067 71ff 

  0x00007e5bdc553b80: ;   {other}
  0x00007e5bdc553b80: 0f1f 8400 | 7025 0056 | be45 ffff | ff8b 4c24 | 1889 4c24 | 0c44 895c | 2418 4489 | 5424 1c44 
  0x00007e5bdc553ba0: 894c 2420 

  0x00007e5bdc553ba4: ;   {runtime_call UncommonTrapBlob}
  0x00007e5bdc553ba4: 6666 90e8 

  0x00007e5bdc553ba8: ; ImmutableOopMap {[0]=Oop [12]=NarrowOop [28]=NarrowOop [32]=NarrowOop [48]=Oop }
                      ;*ifle {reexecute=1 rethrow=0 return_oop=0}
                      ; - (reexecute) java.util.HashMap$HashIterator::<init>@45 (line 1592)
                      ; - java.util.HashMap$ValueIterator::<init>@2 (line 1631)
                      ; - java.util.HashMap$Values::iterator@8 (line 1051)
                      ; - org.h2.mvstore.tx.Transaction::markStatementEnd@20 (line 371)
                      ; - org.h2.engine.SessionLocal::endStatement@16 (line 1705)
                      ; - org.h2.command.Command::executeUpdate@84 (line 291)
  0x00007e5bdc553ba8: 5467 71ff 

  0x00007e5bdc553bac: ;   {other}
  0x00007e5bdc553bac: 0f1f 8400 | 9c25 0057 | be45 ffff | ff48 8b2c | 248b 4c24 | 1889 4c24 | 0444 895c | 2410 4489 
  0x00007e5bdc553bcc: 5424 1444 | 894c 2418 | 897c 241c 

  0x00007e5bdc553bd8: ;   {runtime_call UncommonTrapBlob}
  0x00007e5bdc553bd8: 6666 90e8 

  0x00007e5bdc553bdc: ; ImmutableOopMap {rbp=Oop [4]=NarrowOop [20]=NarrowOop [24]=NarrowOop [48]=Oop }
                      ;*if_icmpge {reexecute=1 rethrow=0 return_oop=0}
                      ; - (reexecute) java.util.HashMap$HashIterator::<init>@54 (line 1593)
                      ; - java.util.HashMap$ValueIterator::<init>@2 (line 1631)
                      ; - java.util.HashMap$Values::iterator@8 (line 1051)
                      ; - org.h2.mvstore.tx.Transaction::markStatementEnd@20 (line 371)
                      ; - org.h2.engine.SessionLocal::endStatement@16 (line 1705)
                      ; - org.h2.command.Command::executeUpdate@84 (line 291)
  0x00007e5bdc553bdc: 2067 71ff 

  0x00007e5bdc553be0: ;   {other}
  0x00007e5bdc553be0: 0f1f 8400 | d025 0058 

  0x00007e5bdc553be8: ;   {oop(a 'java/lang/ThreadLocal'{0x0000000040a07780})}
  0x00007e5bdc553be8: 4533 db41 | 81fa 8077 | a040 410f | 94c3 be45 | ffff ff44 | 8b44 241c | 4489 4424 | 1444 895c 
  0x00007e5bdc553c08: 2428 448b | 5424 3844 | 8954 242c 

  0x00007e5bdc553c14: ;   {runtime_call UncommonTrapBlob}
  0x00007e5bdc553c14: 6666 90e8 

  0x00007e5bdc553c18: ; ImmutableOopMap {rbp=NarrowOop [0]=Oop [8]=Oop [20]=NarrowOop [24]=NarrowOop [32]=Oop [44]=NarrowOop [48]=Oop [60]=NarrowOop }
                      ;*ifeq {reexecute=1 rethrow=0 return_oop=0}
                      ; - (reexecute) java.lang.ThreadLocal$ThreadLocalMap::getEntry@29 (line 501)
                      ; - java.lang.ThreadLocal::get@12 (line 187)
                      ; - java.lang.ThreadLocal::get@4 (line 172)
                      ; - org.h2.engine.SessionLocal::setThreadLocalSession@3 (line 2082)
                      ; - org.h2.command.Command::executeUpdate@54 (line 247)
  0x00007e5bdc553c18: e466 71ff 

  0x00007e5bdc553c1c: ;   {other}
  0x00007e5bdc553c1c: 0f1f 8400 | 0c26 0059 | bede ffff 

  0x00007e5bdc553c28: ;   {runtime_call UncommonTrapBlob}
  0x00007e5bdc553c28: ff66 90e8 

  0x00007e5bdc553c2c: ; ImmutableOopMap {rbp=NarrowOop [0]=Oop [8]=Oop [24]=NarrowOop [28]=NarrowOop [48]=Oop }
                      ;*checkcast {reexecute=0 rethrow=0 return_oop=0}
                      ; - org.h2.engine.SessionLocal::setThreadLocalSession@6 (line 2082)
                      ; - org.h2.command.Command::executeUpdate@54 (line 247)
  0x00007e5bdc553c2c: d066 71ff 

  0x00007e5bdc553c30: ;   {other}
  0x00007e5bdc553c30: 0f1f 8400 | 2026 005a 

  0x00007e5bdc553c38: ;   {metadata('java/util/HashMap$Values')}
  0x00007e5bdc553c38: 48be f8d3 | 1a93 ad71 

  0x00007e5bdc553c40: ;   {runtime_call _new_instance_Java}
  0x00007e5bdc553c40: 0000 90e8 

  0x00007e5bdc553c44: ; ImmutableOopMap {rbp=Oop [0]=Oop [8]=Oop [16]=Oop [24]=NarrowOop [28]=NarrowOop [48]=Oop }
                      ;*new {reexecute=0 rethrow=0 return_oop=1}
                      ; - java.util.HashMap::values@9 (line 1042)
                      ; - org.h2.mvstore.tx.Transaction::markStatementEnd@15 (line 371)
                      ; - org.h2.engine.SessionLocal::endStatement@16 (line 1705)
                      ; - org.h2.command.Command::executeUpdate@84 (line 291)
  0x00007e5bdc553c44: b8ab 7cff 

  0x00007e5bdc553c48: ;   {other}
  0x00007e5bdc553c48: 0f1f 8400 | 3826 005b | 448b 4c24 | 1c48 8bc8 | e9b1 f1ff 

  0x00007e5bdc553c5c: ;   {metadata('java/lang/String'[])}
  0x00007e5bdc553c5c: ff48 beb8 | ed00 93ad | 7100 0033 

  0x00007e5bdc553c68: ;   {runtime_call _new_array_Java}
  0x00007e5bdc553c68: d266 90e8 

  0x00007e5bdc553c6c: ; ImmutableOopMap {rbp=Oop [8]=Oop [16]=Oop [24]=NarrowOop [28]=NarrowOop [32]=Oop [48]=Oop [56]=Oop }
                      ;*anewarray {reexecute=0 rethrow=0 return_oop=1}
                      ; - org.h2.engine.SessionLocal::getTransaction@44 (line 1606)
                      ; - org.h2.engine.SessionLocal::getStatementSavepoint@13 (line 1616)
                      ; - org.h2.engine.SessionLocal::setSavepoint@10 (line 854)
                      ; - org.h2.command.Command::executeUpdate@34 (line 244)
  0x00007e5bdc553c6c: 90ae 7cff 

  0x00007e5bdc553c70: ;   {other}
  0x00007e5bdc553c70: 0f1f 8400 | 6026 005c | e9e2 f2ff | ff48 8b7c | 2410 488d | 7424 7049 | 8bd7 49ba | a089 fef3 
  0x00007e5bdc553c90: 5b7e 0000 

  0x00007e5bdc553c94: ;   {other}
  0x00007e5bdc553c94: 41ff d20f | 1f84 0000 | 0000 00e9 | 81f3 ffff | bef6 ffff | ff4c 8b54 | 2408 4c89 | 1424 448b 
  0x00007e5bdc553cb4: 5424 1844 | 8954 2410 

  0x00007e5bdc553cbc: ;   {runtime_call UncommonTrapBlob}
  0x00007e5bdc553cbc: 6666 90e8 

  0x00007e5bdc553cc0: ; ImmutableOopMap {rbp=Oop [0]=Oop [16]=NarrowOop [24]=NarrowOop [28]=NarrowOop }
                      ;*invokevirtual isClosed {reexecute=0 rethrow=0 return_oop=0}
                      ; - org.h2.engine.SessionLocal::getTransaction@19 (line 1603)
                      ; - org.h2.engine.SessionLocal::getStatementSavepoint@13 (line 1616)
                      ; - org.h2.engine.SessionLocal::setSavepoint@10 (line 854)
                      ; - org.h2.command.Command::executeUpdate@34 (line 244)
  0x00007e5bdc553cc0: 3c66 71ff 

  0x00007e5bdc553cc4: ;   {other}
  0x00007e5bdc553cc4: 0f1f 8400 | b426 005d | bef6 ffff | ff4c 8b54 | 2408 4c89 | 1424 448b | 5c24 1844 | 895c 2410 
  0x00007e5bdc553ce4: ;   {runtime_call UncommonTrapBlob}
  0x00007e5bdc553ce4: 6666 90e8 

  0x00007e5bdc553ce8: ; ImmutableOopMap {rbp=Oop [0]=Oop [16]=NarrowOop [24]=NarrowOop [28]=NarrowOop }
                      ;*invokevirtual getBackgroundException {reexecute=0 rethrow=0 return_oop=0}
                      ; - org.h2.engine.SessionLocal::getTransaction@29 (line 1604)
                      ; - org.h2.engine.SessionLocal::getStatementSavepoint@13 (line 1616)
                      ; - org.h2.engine.SessionLocal::setSavepoint@10 (line 854)
                      ; - org.h2.command.Command::executeUpdate@34 (line 244)
  0x00007e5bdc553ce8: 1466 71ff 

  0x00007e5bdc553cec: ;   {other}
  0x00007e5bdc553cec: 0f1f 8400 | dc26 005e | bef6 ffff | ff48 8b6c | 2420 4c8b | 5424 084c | 8914 2444 | 8b5c 2418 
  0x00007e5bdc553d0c: 4489 5c24 

  0x00007e5bdc553d10: ;   {runtime_call UncommonTrapBlob}
  0x00007e5bdc553d10: 1066 90e8 

  0x00007e5bdc553d14: ; ImmutableOopMap {rbp=Oop [0]=Oop [16]=NarrowOop [24]=NarrowOop [28]=NarrowOop }
                      ;*invokevirtual shutdownImmediately {reexecute=0 rethrow=0 return_oop=0}
                      ; - org.h2.engine.SessionLocal::getTransaction@37 (line 1605)
                      ; - org.h2.engine.SessionLocal::getStatementSavepoint@13 (line 1616)
                      ; - org.h2.engine.SessionLocal::setSavepoint@10 (line 854)
                      ; - org.h2.command.Command::executeUpdate@34 (line 244)
  0x00007e5bdc553d14: e865 71ff 

  0x00007e5bdc553d18: ;   {other}
  0x00007e5bdc553d18: 0f1f 8400 | 0827 005f | bef6 ffff | ff4c 8b54 | 2408 4c89 | 1424 448b | 5c24 1844 | 895c 2410 
  0x00007e5bdc553d38: ;   {runtime_call UncommonTrapBlob}
  0x00007e5bdc553d38: 6666 90e8 

  0x00007e5bdc553d3c: ; ImmutableOopMap {rbp=Oop [0]=Oop [16]=NarrowOop [24]=NarrowOop [28]=NarrowOop }
                      ;*athrow {reexecute=1 rethrow=0 return_oop=0}
                      ; - (reexecute) org.h2.engine.SessionLocal::getTransaction@50 (line 1606)
                      ; - org.h2.engine.SessionLocal::getStatementSavepoint@13 (line 1616)
                      ; - org.h2.engine.SessionLocal::setSavepoint@10 (line 854)
                      ; - org.h2.command.Command::executeUpdate@34 (line 244)
  0x00007e5bdc553d3c: c065 71ff 

  0x00007e5bdc553d40: ;   {other}
  0x00007e5bdc553d40: 0f1f 8400 | 3027 0060 | bef6 ffff | ff4c 8b44 | 2420 4c89 | 0424 448b | 4424 1c44 | 8944 2414 
  0x00007e5bdc553d60: 4489 5c24 | 2044 8954 

  0x00007e5bdc553d68: ;   {runtime_call UncommonTrapBlob}
  0x00007e5bdc553d68: 2424 90e8 

  0x00007e5bdc553d6c: ; ImmutableOopMap {rbp=NarrowOop [0]=Oop [8]=Oop [20]=NarrowOop [24]=NarrowOop [40]=NarrowOop }
                      ;*invokevirtual begin {reexecute=0 rethrow=0 return_oop=0}
                      ; - org.h2.engine.SessionLocal::getTransaction@69 (line 1608)
                      ; - org.h2.engine.SessionLocal::getStatementSavepoint@13 (line 1616)
                      ; - org.h2.engine.SessionLocal::setSavepoint@10 (line 854)
                      ; - org.h2.command.Command::executeUpdate@34 (line 244)
  0x00007e5bdc553d6c: 9065 71ff 

  0x00007e5bdc553d70: ;   {other}
  0x00007e5bdc553d70: 0f1f 8400 | 6027 0061 | bef6 ffff | ff4c 8b54 | 2408 4c89 | 1424 448b | 5424 1844 | 8954 2410 
  0x00007e5bdc553d90: ;   {runtime_call UncommonTrapBlob}
  0x00007e5bdc553d90: 6666 90e8 

  0x00007e5bdc553d94: ; ImmutableOopMap {rbp=Oop [0]=Oop [16]=NarrowOop [24]=NarrowOop [28]=NarrowOop }
                      ;*invokevirtual setSavepoint {reexecute=0 rethrow=0 return_oop=0}
                      ; - org.h2.engine.SessionLocal::getStatementSavepoint@16 (line 1616)
                      ; - org.h2.engine.SessionLocal::setSavepoint@10 (line 854)
                      ; - org.h2.command.Command::executeUpdate@34 (line 244)
  0x00007e5bdc553d94: 6865 71ff 

  0x00007e5bdc553d98: ;   {other}
  0x00007e5bdc553d98: 0f1f 8400 | 8827 0062 | 448b c6e9 | 60f5 ffff | bede ffff | ff49 8beb | 4c8b 5c24 | 084c 891c 
  0x00007e5bdc553db8: 2444 8944 | 240c 4489 | 4c24 1044 | 8954 2418 | 895c 241c 

  0x00007e5bdc553dcc: ;   {runtime_call UncommonTrapBlob}
  0x00007e5bdc553dcc: 6666 90e8 

  0x00007e5bdc553dd0: ; ImmutableOopMap {rbp=Oop [0]=Oop [12]=NarrowOop [16]=NarrowOop [24]=NarrowOop [28]=NarrowOop }
                      ;*checkcast {reexecute=0 rethrow=0 return_oop=0}
                      ; - org.h2.engine.SessionLocal::transitionToState@7 (line 1241)
                      ; - org.h2.engine.SessionLocal::waitIfExclusiveModeEnabled@5 (line 1490)
                      ; - org.h2.command.Command::executeUpdate@23 (line 242)
  0x00007e5bdc553dd0: 2c65 71ff 

  0x00007e5bdc553dd4: ;   {other}
  0x00007e5bdc553dd4: 0f1f 8400 | c427 0063 | bede ffff | ff49 8beb | 4c8b 5c24 | 084c 891c | 2444 8944 | 240c 4489 
  0x00007e5bdc553df4: 4c24 1044 | 8954 2418 | 894c 241c 

  0x00007e5bdc553e00: ;   {runtime_call UncommonTrapBlob}
  0x00007e5bdc553e00: 6666 90e8 

  0x00007e5bdc553e04: ; ImmutableOopMap {rbp=Oop [0]=Oop [12]=NarrowOop [16]=NarrowOop [24]=NarrowOop [28]=NarrowOop }
                      ;*checkcast {reexecute=0 rethrow=0 return_oop=0}
                      ; - org.h2.engine.SessionLocal::isOpen@7 (line 1182)
                      ; - org.h2.engine.SessionLocal::waitIfExclusiveModeEnabled@22 (line 1496)
                      ; - org.h2.command.Command::executeUpdate@23 (line 242)
  0x00007e5bdc553e04: f864 71ff 

  0x00007e5bdc553e08: ;   {other}
  0x00007e5bdc553e08: 0f1f 8400 | f827 0064 | bede ffff | ff44 8b44 | 2418 4489 | 4424 0c44 | 8954 241c | 4489 5424 
  0x00007e5bdc553e28: ;   {runtime_call UncommonTrapBlob}
  0x00007e5bdc553e28: 2066 90e8 

  0x00007e5bdc553e2c: ; ImmutableOopMap {rbp=NarrowOop [0]=Oop [12]=NarrowOop [28]=NarrowOop [32]=NarrowOop [48]=Oop }
                      ;*checkcast {reexecute=0 rethrow=0 return_oop=0}
                      ; - org.h2.engine.SessionLocal::transitionToState@7 (line 1241)
                      ; - org.h2.engine.SessionLocal::setCurrentCommand@17 (line 1220)
                      ; - org.h2.engine.SessionLocal::endStatement@2 (line 1703)
                      ; - org.h2.command.Command::executeUpdate@84 (line 291)
  0x00007e5bdc553e2c: d064 71ff 

  0x00007e5bdc553e30: ;   {other}
  0x00007e5bdc553e30: 0f1f 8400 | 2028 0065 | bede ffff | ff44 8b44 | 2418 4489 | 4424 0c44 | 8954 241c | 4489 5424 
  0x00007e5bdc553e50: ;   {runtime_call UncommonTrapBlob}
  0x00007e5bdc553e50: 2066 90e8 

  0x00007e5bdc553e54: ; ImmutableOopMap {rbp=NarrowOop [0]=Oop [12]=NarrowOop [28]=NarrowOop [32]=NarrowOop [48]=Oop }
                      ;*checkcast {reexecute=0 rethrow=0 return_oop=0}
                      ; - org.h2.engine.SessionLocal::isOpen@7 (line 1182)
                      ; - org.h2.engine.SessionLocal::setCurrentCommand@22 (line 1221)
                      ; - org.h2.engine.SessionLocal::endStatement@2 (line 1703)
                      ; - org.h2.command.Command::executeUpdate@84 (line 291)
  0x00007e5bdc553e54: a864 71ff 

  0x00007e5bdc553e58: ;   {other}
  0x00007e5bdc553e58: 0f1f 8400 | 4828 0066 | bede ffff | ff44 8b44 | 2418 4489 | 0424 4c89 | 5424 1844 | 895c 2420 
  0x00007e5bdc553e78: ;   {runtime_call UncommonTrapBlob}
  0x00007e5bdc553e78: 6666 90e8 

  0x00007e5bdc553e7c: ; ImmutableOopMap {rbp=NarrowOop [0]=NarrowOop [24]=Oop [32]=NarrowOop [48]=Oop }
                      ;*checkcast {reexecute=0 rethrow=0 return_oop=0}
                      ; - org.h2.engine.SessionLocal::isOpen@7 (line 1182)
                      ; - org.h2.command.Command::stop@4 (line 155)
                      ; - org.h2.command.CommandContainer::stop@1 (line 260)
                      ; - org.h2.command.Command::executeUpdate@93 (line 293)
  0x00007e5bdc553e7c: 8064 71ff 

  0x00007e5bdc553e80: ;   {other}
  0x00007e5bdc553e80: 0f1f 8400 | 7028 0067 | bede ffff | ff44 8b54 | 2418 4489 | 5424 0844 | 8944 2418 | 4489 4c24 
  0x00007e5bdc553ea0: 1c89 5c24 | 2048 894c | 2428 897c 

  0x00007e5bdc553eac: ;   {runtime_call UncommonTrapBlob}
  0x00007e5bdc553eac: 2424 90e8 

  0x00007e5bdc553eb0: ; ImmutableOopMap {rbp=NarrowOop [0]=Oop [8]=NarrowOop [24]=NarrowOop [28]=NarrowOop [40]=Oop [48]=Oop }
                      ;*checkcast {reexecute=0 rethrow=0 return_oop=0}
                      ; - java.lang.ThreadLocal$ThreadLocalMap::expungeStaleEntry@51 (line 684)
                      ; - java.lang.ThreadLocal$ThreadLocalMap::remove@46 (line 581)
                      ; - java.lang.ThreadLocal::remove@12 (line 294)
                      ; - java.lang.ThreadLocal::remove@4 (line 283)
                      ; - org.h2.engine.SessionLocal::resetThreadLocalSession@7 (line 2090)
                      ; - org.h2.command.Command::executeUpdate@77 (line 289)
  0x00007e5bdc553eb0: 4c64 71ff 

  0x00007e5bdc553eb4: ;   {other}
  0x00007e5bdc553eb4: 0f1f 8400 | a428 0068 | bede ffff | ff48 8b2c | 248b 5424 | 1889 5424 | 0489 4c24 | 1044 895c 
  0x00007e5bdc553ed4: 2414 4489 | 4424 1889 | 4424 1c89 | 5c24 2044 | 8954 2424 | 4489 4c24 

  0x00007e5bdc553eec: ;   {runtime_call UncommonTrapBlob}
  0x00007e5bdc553eec: 2866 90e8 

  0x00007e5bdc553ef0: ; ImmutableOopMap {rbp=Oop [4]=NarrowOop [16]=NarrowOop [28]=NarrowOop [32]=NarrowOop [36]=NarrowOop [40]=NarrowOop [48]=Oop }
                      ;*checkcast {reexecute=0 rethrow=0 return_oop=0}
                      ; - org.h2.mvstore.tx.Transaction::markStatementEnd@41 (line 371)
                      ; - org.h2.engine.SessionLocal::endStatement@16 (line 1705)
                      ; - org.h2.command.Command::executeUpdate@84 (line 291)
  0x00007e5bdc553ef0: 0c64 71ff 

  0x00007e5bdc553ef4: ;   {other}
  0x00007e5bdc553ef4: 0f1f 8400 | e428 0069 | bef6 ffff | ff49 8beb | 4c8b 5424 | 084c 8914 | 2444 894c 

  0x00007e5bdc553f10: ;   {runtime_call UncommonTrapBlob}
  0x00007e5bdc553f10: 240c 90e8 

  0x00007e5bdc553f14: ; ImmutableOopMap {rbp=Oop [0]=Oop [12]=NarrowOop }
                      ;*invokevirtual getDatabase {reexecute=0 rethrow=0 return_oop=0}
                      ; - org.h2.command.Command::getDatabase@4 (line 383)
                      ; - org.h2.command.Command::executeUpdate@14 (line 241)
  0x00007e5bdc553f14: e863 71ff 

  0x00007e5bdc553f18: ;   {other}
  0x00007e5bdc553f18: 0f1f 8400 | 0829 006a | bef6 ffff | ff49 8beb | 4c8b 5c24 | 084c 891c | 2444 8944 | 240c 4489 
  0x00007e5bdc553f38: 4c24 1044 | 8954 2414 

  0x00007e5bdc553f40: ;   {runtime_call UncommonTrapBlob}
  0x00007e5bdc553f40: 6666 90e8 

  0x00007e5bdc553f44: ; ImmutableOopMap {rbp=Oop [0]=Oop [12]=NarrowOop [16]=NarrowOop [20]=NarrowOop }
                      ;*invokevirtual get {reexecute=0 rethrow=0 return_oop=0}
                      ; - org.h2.engine.SessionLocal::transitionToState@4 (line 1241)
                      ; - org.h2.engine.SessionLocal::waitIfExclusiveModeEnabled@5 (line 1490)
                      ; - org.h2.command.Command::executeUpdate@23 (line 242)
  0x00007e5bdc553f44: b863 71ff 

  0x00007e5bdc553f48: ;   {other}
  0x00007e5bdc553f48: 0f1f 8400 | 3829 006b | bef4 ffff | ff49 8beb | 4c8b 5c24 | 084c 891c | 2444 8944 | 240c 4489 
  0x00007e5bdc553f68: 4c24 1044 | 8954 2418 

  0x00007e5bdc553f70: ;   {runtime_call UncommonTrapBlob}
  0x00007e5bdc553f70: 6666 90e8 

  0x00007e5bdc553f74: ; ImmutableOopMap {rbp=Oop [0]=Oop [12]=NarrowOop [16]=NarrowOop [24]=NarrowOop }
                      ;*checkcast {reexecute=0 rethrow=0 return_oop=0}
                      ; - org.h2.engine.SessionLocal::transitionToState@7 (line 1241)
                      ; - org.h2.engine.SessionLocal::waitIfExclusiveModeEnabled@5 (line 1490)
                      ; - org.h2.command.Command::executeUpdate@23 (line 242)
  0x00007e5bdc553f74: 8863 71ff 

  0x00007e5bdc553f78: ;   {other}
  0x00007e5bdc553f78: 0f1f 8400 | 6829 006c | bef6 ffff | ff49 8beb | 4c8b 5c24 | 084c 891c | 2444 8944 | 240c 4489 
  0x00007e5bdc553f98: 4c24 1044 | 8954 2414 

  0x00007e5bdc553fa0: ;   {runtime_call UncommonTrapBlob}
  0x00007e5bdc553fa0: 6666 90e8 

  0x00007e5bdc553fa4: ; ImmutableOopMap {rbp=Oop [0]=Oop [12]=NarrowOop [16]=NarrowOop [20]=NarrowOop }
                      ;*invokevirtual get {reexecute=0 rethrow=0 return_oop=0}
                      ; - org.h2.engine.SessionLocal::isOpen@4 (line 1182)
                      ; - org.h2.engine.SessionLocal::waitIfExclusiveModeEnabled@22 (line 1496)
                      ; - org.h2.command.Command::executeUpdate@23 (line 242)
  0x00007e5bdc553fa4: 5863 71ff 

  0x00007e5bdc553fa8: ;   {other}
  0x00007e5bdc553fa8: 0f1f 8400 | 9829 006d | bef4 ffff | ff49 8beb | 4c8b 5c24 | 084c 891c | 2444 8944 | 240c 4489 
  0x00007e5bdc553fc8: 4c24 1044 | 8954 2418 

  0x00007e5bdc553fd0: ;   {runtime_call UncommonTrapBlob}
  0x00007e5bdc553fd0: 6666 90e8 

  0x00007e5bdc553fd4: ; ImmutableOopMap {rbp=Oop [0]=Oop [12]=NarrowOop [16]=NarrowOop [24]=NarrowOop }
                      ;*checkcast {reexecute=0 rethrow=0 return_oop=0}
                      ; - org.h2.engine.SessionLocal::isOpen@7 (line 1182)
                      ; - org.h2.engine.SessionLocal::waitIfExclusiveModeEnabled@22 (line 1496)
                      ; - org.h2.command.Command::executeUpdate@23 (line 242)
  0x00007e5bdc553fd4: 2863 71ff 

  0x00007e5bdc553fd8: ;   {other}
  0x00007e5bdc553fd8: 0f1f 8400 | c829 006e | bef6 ffff | ff49 8beb | 4c8b 5c24 | 084c 891c | 2444 8944 | 240c 4489 
  0x00007e5bdc553ff8: 4c24 1044 | 8954 2414 

  0x00007e5bdc554000: ;   {runtime_call UncommonTrapBlob}
  0x00007e5bdc554000: 6666 90e8 

  0x00007e5bdc554004: ; ImmutableOopMap {rbp=Oop [0]=Oop [12]=NarrowOop [16]=NarrowOop [20]=NarrowOop }
                      ;*invokevirtual get {reexecute=0 rethrow=0 return_oop=0}
                      ; - org.h2.engine.Database::getExclusiveSession@4 (line 2082)
                      ; - org.h2.engine.SessionLocal::waitIfExclusiveModeEnabled@32 (line 1497)
                      ; - org.h2.command.Command::executeUpdate@23 (line 242)
  0x00007e5bdc554004: f862 71ff 

  0x00007e5bdc554008: ;   {other}
  0x00007e5bdc554008: 0f1f 8400 | f829 006f | be45 ffff | ff49 8beb | 4c8b 5c24 | 084c 891c | 2444 8944 | 240c 4489 
  0x00007e5bdc554028: 4c24 1044 | 8954 2414 | 895c 2418 

  0x00007e5bdc554034: ;   {runtime_call UncommonTrapBlob}
  0x00007e5bdc554034: 6666 90e8 

  0x00007e5bdc554038: ; ImmutableOopMap {rbp=Oop [0]=Oop [12]=NarrowOop [16]=NarrowOop [20]=NarrowOop [24]=NarrowOop }
                      ;*ifnonnull {reexecute=1 rethrow=0 return_oop=0}
                      ; - (reexecute) org.h2.engine.SessionLocal::getDatabase@4 (line 660)
                      ; - org.h2.engine.SessionLocal::waitIfExclusiveModeEnabled@10 (line 1493)
                      ; - org.h2.command.Command::executeUpdate@23 (line 242)
  0x00007e5bdc554038: c462 71ff 

  0x00007e5bdc55403c: ;   {other}
  0x00007e5bdc55403c: 0f1f 8400 | 2c2a 0070 | be45 ffff | ff49 8beb | 4c8b 5c24 | 084c 891c | 2444 8944 | 240c 4489 
  0x00007e5bdc55405c: 4c24 1044 | 8954 2414 | 895c 2418 

  0x00007e5bdc554068: ;   {runtime_call UncommonTrapBlob}
  0x00007e5bdc554068: 6666 90e8 

  0x00007e5bdc55406c: ; ImmutableOopMap {rbp=Oop [0]=Oop [12]=NarrowOop [16]=NarrowOop [20]=NarrowOop [24]=NarrowOop }
                      ;*ifnonnull {reexecute=1 rethrow=0 return_oop=0}
                      ; - (reexecute) org.h2.engine.SessionLocal::getDatabase@4 (line 660)
                      ; - org.h2.engine.SessionLocal::waitIfExclusiveModeEnabled@29 (line 1497)
                      ; - org.h2.command.Command::executeUpdate@23 (line 242)
  0x00007e5bdc55406c: 9062 71ff 

  0x00007e5bdc554070: ;   {other}
  0x00007e5bdc554070: 0f1f 8400 | 602a 0071 | bef4 ffff | ff48 8b2c | 248b 4c24 | 1889 0c24 | 4489 5c24 | 1044 8944 
  0x00007e5bdc554090: 2414 8944 | 2418 895c | 241c 4489 | 5424 2044 | 894c 2424 

  0x00007e5bdc5540a4: ;   {runtime_call UncommonTrapBlob}
  0x00007e5bdc5540a4: 6666 90e8 

  0x00007e5bdc5540a8: ; ImmutableOopMap {rbp=Oop [0]=NarrowOop [24]=NarrowOop [28]=NarrowOop [32]=NarrowOop [36]=NarrowOop [48]=Oop }
                      ;*checkcast {reexecute=0 rethrow=0 return_oop=0}
                      ; - org.h2.mvstore.tx.Transaction::markStatementEnd@41 (line 371)
                      ; - org.h2.engine.SessionLocal::endStatement@16 (line 1705)
                      ; - org.h2.command.Command::executeUpdate@84 (line 291)
  0x00007e5bdc5540a8: 5462 71ff 

  0x00007e5bdc5540ac: ;   {other}
  0x00007e5bdc5540ac: 0f1f 8400 | 9c2a 0072 | 488b d8e9 | ccee ffff | 488b d8e9 | c4ee ffff | be45 ffff | ff48 8b2c 
  0x00007e5bdc5540cc: 248b 4c24 | 1889 0c24 | 488b 4c24 | 3048 894c | 2408 895c | 2414 4489 | 5c24 1844 | 8944 241c 
  0x00007e5bdc5540ec: 895c 2420 | 4489 5424 | 2444 894c 

  0x00007e5bdc5540f8: ;   {runtime_call UncommonTrapBlob}
  0x00007e5bdc5540f8: 2430 90e8 

  0x00007e5bdc5540fc: ; ImmutableOopMap {rbp=Oop [0]=NarrowOop [8]=Oop [20]=NarrowOop [32]=NarrowOop [36]=NarrowOop [48]=NarrowOop [64]=Oop }
                      ;*ifnonnull {reexecute=1 rethrow=0 return_oop=0}
                      ; - (reexecute) java.util.HashMap$HashIterator::nextNode@28 (line 1606)
                      ; - java.util.HashMap$ValueIterator::next@1 (line 1633)
                      ; - org.h2.mvstore.tx.Transaction::markStatementEnd@36 (line 371)
                      ; - org.h2.engine.SessionLocal::endStatement@16 (line 1705)
                      ; - org.h2.command.Command::executeUpdate@84 (line 291)
  0x00007e5bdc5540fc: 0062 71ff 

  0x00007e5bdc554100: ;   {other}
  0x00007e5bdc554100: 0f1f 8400 | f02a 0073 | be45 ffff | ff48 8b2c | 248b 4c24 | 1889 0c24 | 488b 4c24 | 3048 894c 
  0x00007e5bdc554120: 2408 8954 | 2418 4489 | 5c24 1c44 | 8944 2420 | 8944 2424 | 895c 2428 | 4489 5424 | 2c44 894c 
  0x00007e5bdc554140: ;   {runtime_call UncommonTrapBlob}
  0x00007e5bdc554140: 2430 90e8 

  0x00007e5bdc554144: ; ImmutableOopMap {rbp=Oop [0]=NarrowOop [8]=Oop [24]=NarrowOop [36]=NarrowOop [40]=NarrowOop [44]=NarrowOop [48]=NarrowOop }
                      ;*ifnull {reexecute=1 rethrow=0 return_oop=0}
                      ; - (reexecute) java.util.HashMap$HashIterator::nextNode@65 (line 1608)
                      ; - java.util.HashMap$ValueIterator::next@1 (line 1633)
                      ; - org.h2.mvstore.tx.Transaction::markStatementEnd@36 (line 371)
                      ; - org.h2.engine.SessionLocal::endStatement@16 (line 1705)
                      ; - org.h2.command.Command::executeUpdate@84 (line 291)
  0x00007e5bdc554144: b861 71ff 

  0x00007e5bdc554148: ;   {other}
  0x00007e5bdc554148: 0f1f 8400 | 382b 0074 | bef6 ffff | ff49 8beb | 4c8b 5424 | 084c 8914 | 2444 8944 | 240c 4489 
  0x00007e5bdc554168: ;   {runtime_call UncommonTrapBlob}
  0x00007e5bdc554168: 4c24 10e8 

  0x00007e5bdc55416c: ; ImmutableOopMap {rbp=Oop [0]=Oop [12]=NarrowOop [16]=NarrowOop }
                      ;*invokevirtual isTransactional {reexecute=0 rethrow=0 return_oop=0}
                      ; - org.h2.command.CommandContainer::isTransactional@4 (line 129)
                      ; - org.h2.command.Command::commitIfNonTransactional@1 (line 307)
                      ; - org.h2.command.Command::executeUpdate@27 (line 243)
  0x00007e5bdc55416c: 9061 71ff 

  0x00007e5bdc554170: ;   {other}
  0x00007e5bdc554170: 0f1f 8400 | 602b 0075 | bef6 ffff | ff48 8be9 | 4c8b 5424 | 084c 8914 | 2444 8944 | 240c 4489 
  0x00007e5bdc554190: ;   {runtime_call UncommonTrapBlob}
  0x00007e5bdc554190: 4c24 10e8 

  0x00007e5bdc554194: ; ImmutableOopMap {rbp=Oop [0]=Oop [12]=NarrowOop [16]=NarrowOop }
                      ;*invokevirtual setSavepoint {reexecute=0 rethrow=0 return_oop=0}
                      ; - org.h2.command.Command::executeUpdate@34 (line 244)
  0x00007e5bdc554194: 6861 71ff 

  0x00007e5bdc554198: ;   {other}
  0x00007e5bdc554198: 0f1f 8400 | 882b 0076 | bef6 ffff | ff49 8be9 | 4c8b 5424 | 084c 8914 | 2444 8b54 | 2418 448b 
  0x00007e5bdc5541b8: 5c24 1c44 | 895c 240c | 4489 5424 

  0x00007e5bdc5541c4: ;   {runtime_call UncommonTrapBlob}
  0x00007e5bdc5541c4: 1066 90e8 

  0x00007e5bdc5541c8: ; ImmutableOopMap {rbp=Oop [0]=Oop [12]=NarrowOop [16]=NarrowOop [48]=Oop }
                      ;*arraylength {reexecute=0 rethrow=0 return_oop=0}
                      ; - java.lang.ThreadLocal$ThreadLocalMap::getEntry@8 (line 499)
                      ; - java.lang.ThreadLocal::get@12 (line 187)
                      ; - java.lang.ThreadLocal::get@4 (line 172)
                      ; - org.h2.engine.SessionLocal::setThreadLocalSession@3 (line 2082)
                      ; - org.h2.command.Command::executeUpdate@54 (line 247)
  0x00007e5bdc5541c8: 3461 71ff 

  0x00007e5bdc5541cc: ;   {other}
  0x00007e5bdc5541cc: 0f1f 8400 | bc2b 0077 | bef6 ffff | ff48 8b6c | 2428 4c8b | 5424 084c | 8914 2444 | 8b5c 2418 
  0x00007e5bdc5541ec: 448b 5424 | 1c44 8954 | 240c 4489 

  0x00007e5bdc5541f8: ;   {runtime_call UncommonTrapBlob}
  0x00007e5bdc5541f8: 5c24 10e8 

  0x00007e5bdc5541fc: ; ImmutableOopMap {rbp=Oop [0]=Oop [12]=NarrowOop [16]=NarrowOop [48]=Oop }
                      ;*arraylength {reexecute=0 rethrow=0 return_oop=0}
                      ; - java.lang.ThreadLocal$ThreadLocalMap::set@6 (line 546)
                      ; - java.lang.ThreadLocal::set@13 (line 265)
                      ; - java.lang.ThreadLocal::set@5 (line 251)
                      ; - org.h2.engine.SessionLocal::setThreadLocalSession@14 (line 2083)
                      ; - org.h2.command.Command::executeUpdate@54 (line 247)
  0x00007e5bdc5541fc: 0061 71ff 

  0x00007e5bdc554200: ;   {other}
  0x00007e5bdc554200: 0f1f 8400 | f02b 0078 | bef6 ffff | ff49 8be8 | 448b 5c24 | 1844 895c 

  0x00007e5bdc554218: ;   {runtime_call UncommonTrapBlob}
  0x00007e5bdc554218: 2404 90e8 

  0x00007e5bdc55421c: ; ImmutableOopMap {rbp=Oop [4]=NarrowOop [24]=NarrowOop [48]=Oop }
                      ;*arraylength {reexecute=0 rethrow=0 return_oop=0}
                      ; - java.lang.ThreadLocal$ThreadLocalMap::remove@6 (line 574)
                      ; - java.lang.ThreadLocal::remove@12 (line 294)
                      ; - java.lang.ThreadLocal::remove@4 (line 283)
                      ; - org.h2.engine.SessionLocal::resetThreadLocalSession@7 (line 2090)
                      ; - org.h2.command.Command::executeUpdate@77 (line 289)
  0x00007e5bdc55421c: e060 71ff 

  0x00007e5bdc554220: ;   {other}
  0x00007e5bdc554220: 0f1f 8400 | 102c 0079 | bef6 ffff | ff48 8b2c | 2444 8b5c | 2418 4489 

  0x00007e5bdc554238: ;   {runtime_call UncommonTrapBlob}
  0x00007e5bdc554238: 5c24 04e8 

  0x00007e5bdc55423c: ; ImmutableOopMap {rbp=Oop [4]=NarrowOop [24]=NarrowOop [48]=Oop }
                      ;*arraylength {reexecute=0 rethrow=0 return_oop=0}
                      ; - java.lang.ThreadLocal$ThreadLocalMap::expungeStaleEntry@6 (line 671)
                      ; - java.lang.ThreadLocal$ThreadLocalMap::remove@46 (line 581)
                      ; - java.lang.ThreadLocal::remove@12 (line 294)
                      ; - java.lang.ThreadLocal::remove@4 (line 283)
                      ; - org.h2.engine.SessionLocal::resetThreadLocalSession@7 (line 2090)
                      ; - org.h2.command.Command::executeUpdate@77 (line 289)
  0x00007e5bdc55423c: c060 71ff 

  0x00007e5bdc554240: ;   {other}
  0x00007e5bdc554240: 0f1f 8400 | 302c 007a | bef4 ffff | ff48 8b2c | 2444 8b5c | 2418 4489 | 5c24 0444 | 8944 2410 
  0x00007e5bdc554260: 4489 4c24 | 1489 5c24 | 1848 894c | 2420 897c 

  0x00007e5bdc554270: ;   {runtime_call UncommonTrapBlob}
  0x00007e5bdc554270: 241c 90e8 

  0x00007e5bdc554274: ; ImmutableOopMap {rbp=Oop [4]=NarrowOop [16]=NarrowOop [20]=NarrowOop [32]=Oop [48]=Oop }
                      ;*checkcast {reexecute=0 rethrow=0 return_oop=0}
                      ; - java.lang.ThreadLocal$ThreadLocalMap::expungeStaleEntry@51 (line 684)
                      ; - java.lang.ThreadLocal$ThreadLocalMap::remove@46 (line 581)
                      ; - java.lang.ThreadLocal::remove@12 (line 294)
                      ; - java.lang.ThreadLocal::remove@4 (line 283)
                      ; - org.h2.engine.SessionLocal::resetThreadLocalSession@7 (line 2090)
                      ; - org.h2.command.Command::executeUpdate@77 (line 289)
  0x00007e5bdc554274: 8860 71ff 

  0x00007e5bdc554278: ;   {other}
  0x00007e5bdc554278: 0f1f 8400 | 682c 007b | bef6 ffff | ff49 8beb | 448b 5c24 | 1844 895c 

  0x00007e5bdc554290: ;   {runtime_call UncommonTrapBlob}
  0x00007e5bdc554290: 2404 90e8 

  0x00007e5bdc554294: ; ImmutableOopMap {rbp=Oop [4]=NarrowOop [24]=NarrowOop [48]=Oop }
                      ;*invokevirtual endStatement {reexecute=0 rethrow=0 return_oop=0}
                      ; - org.h2.command.Command::executeUpdate@84 (line 291)
  0x00007e5bdc554294: 6860 71ff 

  0x00007e5bdc554298: ;   {other}
  0x00007e5bdc554298: 0f1f 8400 | 882c 007c | bef6 ffff | ff49 8beb | 448b 5c24 | 1844 895c 

  0x00007e5bdc5542b0: ;   {runtime_call UncommonTrapBlob}
  0x00007e5bdc5542b0: 2404 90e8 

  0x00007e5bdc5542b4: ; ImmutableOopMap {rbp=Oop [4]=NarrowOop [24]=NarrowOop [48]=Oop }
                      ;*invokevirtual get {reexecute=0 rethrow=0 return_oop=0}
                      ; - org.h2.engine.SessionLocal::transitionToState@4 (line 1241)
                      ; - org.h2.engine.SessionLocal::setCurrentCommand@17 (line 1220)
                      ; - org.h2.engine.SessionLocal::endStatement@2 (line 1703)
                      ; - org.h2.command.Command::executeUpdate@84 (line 291)
  0x00007e5bdc5542b4: 4860 71ff 

  0x00007e5bdc5542b8: ;   {other}
  0x00007e5bdc5542b8: 0f1f 8400 | a82c 007d | bef4 ffff | ff49 8beb | 448b 4424 | 1844 8944 | 2404 4489 | 5424 1444 
  0x00007e5bdc5542d8: 8954 2418 

  0x00007e5bdc5542dc: ;   {runtime_call UncommonTrapBlob}
  0x00007e5bdc5542dc: 6666 90e8 

  0x00007e5bdc5542e0: ; ImmutableOopMap {rbp=Oop [4]=NarrowOop [20]=NarrowOop [24]=NarrowOop [48]=Oop }
                      ;*checkcast {reexecute=0 rethrow=0 return_oop=0}
                      ; - org.h2.engine.SessionLocal::transitionToState@7 (line 1241)
                      ; - org.h2.engine.SessionLocal::setCurrentCommand@17 (line 1220)
                      ; - org.h2.engine.SessionLocal::endStatement@2 (line 1703)
                      ; - org.h2.command.Command::executeUpdate@84 (line 291)
  0x00007e5bdc5542e0: 1c60 71ff 

  0x00007e5bdc5542e4: ;   {other}
  0x00007e5bdc5542e4: 0f1f 8400 | d42c 007e | bef6 ffff | ff49 8beb | 448b 5c24 | 1844 895c 

  0x00007e5bdc5542fc: ;   {runtime_call UncommonTrapBlob}
  0x00007e5bdc5542fc: 2404 90e8 

  0x00007e5bdc554300: ; ImmutableOopMap {rbp=Oop [4]=NarrowOop [24]=NarrowOop [48]=Oop }
                      ;*invokevirtual get {reexecute=0 rethrow=0 return_oop=0}
                      ; - org.h2.engine.SessionLocal::isOpen@4 (line 1182)
                      ; - org.h2.engine.SessionLocal::setCurrentCommand@22 (line 1221)
                      ; - org.h2.engine.SessionLocal::endStatement@2 (line 1703)
                      ; - org.h2.command.Command::executeUpdate@84 (line 291)
  0x00007e5bdc554300: fc5f 71ff 

  0x00007e5bdc554304: ;   {other}
  0x00007e5bdc554304: 0f1f 8400 | f42c 007f | bef4 ffff | ff49 8beb | 448b 4424 | 1844 8944 | 2404 4489 | 5424 1444 
  0x00007e5bdc554324: 8954 2418 

  0x00007e5bdc554328: ;   {runtime_call UncommonTrapBlob}
  0x00007e5bdc554328: 6666 90e8 

  0x00007e5bdc55432c: ; ImmutableOopMap {rbp=Oop [4]=NarrowOop [20]=NarrowOop [24]=NarrowOop [48]=Oop }
                      ;*checkcast {reexecute=0 rethrow=0 return_oop=0}
                      ; - org.h2.engine.SessionLocal::isOpen@7 (line 1182)
                      ; - org.h2.engine.SessionLocal::setCurrentCommand@22 (line 1221)
                      ; - org.h2.engine.SessionLocal::endStatement@2 (line 1703)
                      ; - org.h2.command.Command::executeUpdate@84 (line 291)
  0x00007e5bdc55432c: d05f 71ff 

  0x00007e5bdc554330: ;   {other}
  0x00007e5bdc554330: 0f1f 8400 | 202d 0080 | bef6 ffff | ff8b 6c24 

  0x00007e5bdc554340: ;   {runtime_call UncommonTrapBlob}
  0x00007e5bdc554340: 1866 90e8 

  0x00007e5bdc554344: ; ImmutableOopMap {rbp=NarrowOop [48]=Oop }
                      ;*invokevirtual isOpen {reexecute=0 rethrow=0 return_oop=0}
                      ; - org.h2.command.Command::stop@4 (line 155)
                      ; - org.h2.command.CommandContainer::stop@1 (line 260)
                      ; - org.h2.command.Command::executeUpdate@93 (line 293)
  0x00007e5bdc554344: b85f 71ff 

  0x00007e5bdc554348: ;   {other}
  0x00007e5bdc554348: 0f1f 8400 | 382d 0081 | bef6 ffff | ff8b 6c24 

  0x00007e5bdc554358: ;   {runtime_call UncommonTrapBlob}
  0x00007e5bdc554358: 1866 90e8 

  0x00007e5bdc55435c: ; ImmutableOopMap {rbp=NarrowOop [48]=Oop }
                      ;*invokevirtual get {reexecute=0 rethrow=0 return_oop=0}
                      ; - org.h2.engine.SessionLocal::isOpen@4 (line 1182)
                      ; - org.h2.command.Command::stop@4 (line 155)
                      ; - org.h2.command.CommandContainer::stop@1 (line 260)
                      ; - org.h2.command.Command::executeUpdate@93 (line 293)
  0x00007e5bdc55435c: a05f 71ff 

  0x00007e5bdc554360: ;   {other}
  0x00007e5bdc554360: 0f1f 8400 | 502d 0082 | bef4 ffff | ff8b 6c24 | 184c 8954 | 2418 4489 

  0x00007e5bdc554378: ;   {runtime_call UncommonTrapBlob}
  0x00007e5bdc554378: 5c24 0ce8 

  0x00007e5bdc55437c: ; ImmutableOopMap {rbp=NarrowOop [12]=NarrowOop [24]=Oop [48]=Oop }
                      ;*checkcast {reexecute=0 rethrow=0 return_oop=0}
                      ; - org.h2.engine.SessionLocal::isOpen@7 (line 1182)
                      ; - org.h2.command.Command::stop@4 (line 155)
                      ; - org.h2.command.CommandContainer::stop@1 (line 260)
                      ; - org.h2.command.Command::executeUpdate@93 (line 293)
  0x00007e5bdc55437c: 805f 71ff 

  0x00007e5bdc554380: ;   {other}
  0x00007e5bdc554380: 0f1f 8400 | 702d 0083 | bef6 ffff | ff8b 6c24 

  0x00007e5bdc554390: ;   {runtime_call UncommonTrapBlob}
  0x00007e5bdc554390: 1866 90e8 

  0x00007e5bdc554394: ; ImmutableOopMap {rbp=NarrowOop [48]=Oop }
                      ;*invokevirtual isTransactional {reexecute=0 rethrow=0 return_oop=0}
                      ; - org.h2.command.CommandContainer::isTransactional@4 (line 129)
                      ; - org.h2.command.Command::commitIfNonTransactional@1 (line 307)
                      ; - org.h2.command.Command::stop@11 (line 156)
                      ; - org.h2.command.CommandContainer::stop@1 (line 260)
                      ; - org.h2.command.Command::executeUpdate@93 (line 293)
  0x00007e5bdc554394: 685f 71ff 

  0x00007e5bdc554398: ;   {other}
  0x00007e5bdc554398: 0f1f 8400 | 882d 0084 | bef6 ffff | ff8b 6c24 

  0x00007e5bdc5543a8: ;   {runtime_call UncommonTrapBlob}
  0x00007e5bdc5543a8: 1866 90e8 

  0x00007e5bdc5543ac: ; ImmutableOopMap {rbp=NarrowOop [48]=Oop }
                      ;*invokevirtual getAutoCommit {reexecute=0 rethrow=0 return_oop=0}
                      ; - org.h2.command.Command::stop@25 (line 157)
                      ; - org.h2.command.CommandContainer::stop@1 (line 260)
                      ; - org.h2.command.Command::executeUpdate@93 (line 293)
  0x00007e5bdc5543ac: 505f 71ff 

  0x00007e5bdc5543b0: ;   {other}
  0x00007e5bdc5543b0: 0f1f 8400 | a02d 0085 | bef6 ffff | ff8b 6c24 

  0x00007e5bdc5543c0: ;   {runtime_call UncommonTrapBlob}
  0x00007e5bdc5543c0: 1866 90e8 

  0x00007e5bdc5543c4: ; ImmutableOopMap {rbp=NarrowOop [48]=Oop }
                      ;*invokevirtual isInfoEnabled {reexecute=0 rethrow=0 return_oop=0}
                      ; - org.h2.command.Command::stop@43 (line 161)
                      ; - org.h2.command.CommandContainer::stop@1 (line 260)
                      ; - org.h2.command.Command::executeUpdate@93 (line 293)
  0x00007e5bdc5543c4: 385f 71ff 

  0x00007e5bdc5543c8: ;   {other}
  0x00007e5bdc5543c8: 0f1f 8400 | b82d 0086 | bef6 ffff | ff8b 6c24 

  0x00007e5bdc5543d8: ;   {runtime_call UncommonTrapBlob}
  0x00007e5bdc5543d8: 1866 90e8 

  0x00007e5bdc5543dc: ; ImmutableOopMap {rbp=NarrowOop [48]=Oop }
                      ;*invokeinterface isEnabled {reexecute=0 rethrow=0 return_oop=0}
                      ; - org.h2.message.Trace::isEnabled@13 (line 142)
                      ; - org.h2.message.Trace::isInfoEnabled@2 (line 153)
                      ; - org.h2.command.Command::stop@43 (line 161)
                      ; - org.h2.command.CommandContainer::stop@1 (line 260)
                      ; - org.h2.command.Command::executeUpdate@93 (line 293)
  0x00007e5bdc5543dc: 205f 71ff 

  0x00007e5bdc5543e0: ;   {other}
  0x00007e5bdc5543e0: 0f1f 8400 | d02d 0087 | bef6 ffff | ff48 8b2c | 2444 8b54 | 2418 4489 

  0x00007e5bdc5543f8: ;   {runtime_call UncommonTrapBlob}
  0x00007e5bdc5543f8: 1424 90e8 

  0x00007e5bdc5543fc: ; ImmutableOopMap {rbp=Oop [0]=NarrowOop [48]=Oop }
                      ;*invokevirtual allowNonRepeatableRead {reexecute=0 rethrow=0 return_oop=0}
                      ; - org.h2.mvstore.tx.Transaction::allowNonRepeatableRead@4 (line 321)
                      ; - org.h2.mvstore.tx.Transaction::markStatementEnd@1 (line 368)
                      ; - org.h2.engine.SessionLocal::endStatement@16 (line 1705)
                      ; - org.h2.command.Command::executeUpdate@84 (line 291)
  0x00007e5bdc5543fc: 005f 71ff 

  0x00007e5bdc554400: ;   {other}
  0x00007e5bdc554400: 0f1f 8400 | f02d 0088 | bef6 ffff | ff48 8b2c | 2444 8b5c | 2418 4489 

  0x00007e5bdc554418: ;   {runtime_call UncommonTrapBlob}
  0x00007e5bdc554418: 5c24 04e8 

  0x00007e5bdc55441c: ; ImmutableOopMap {rbp=Oop [4]=NarrowOop [24]=NarrowOop [48]=Oop }
                      ;*invokeinterface values {reexecute=0 rethrow=0 return_oop=0}
                      ; - org.h2.mvstore.tx.Transaction::markStatementEnd@15 (line 371)
                      ; - org.h2.engine.SessionLocal::endStatement@16 (line 1705)
                      ; - org.h2.command.Command::executeUpdate@84 (line 291)
  0x00007e5bdc55441c: e05e 71ff 

  0x00007e5bdc554420: ;   {other}
  0x00007e5bdc554420: 0f1f 8400 | 102e 0089 | bef6 ffff | ff48 8b2c | 2444 8b54 | 2418 4489 

  0x00007e5bdc554438: ;   {runtime_call UncommonTrapBlob}
  0x00007e5bdc554438: 1424 90e8 

  0x00007e5bdc55443c: ; ImmutableOopMap {rbp=Oop [0]=NarrowOop [48]=Oop }
                      ;*getfield modCount {reexecute=1 rethrow=0 return_oop=0}
                      ; - (reexecute) java.util.HashMap$HashIterator::<init>@11 (line 1588)
                      ; - java.util.HashMap$ValueIterator::<init>@2 (line 1631)
                      ; - java.util.HashMap$Values::iterator@8 (line 1051)
                      ; - org.h2.mvstore.tx.Transaction::markStatementEnd@20 (line 371)
                      ; - org.h2.engine.SessionLocal::endStatement@16 (line 1705)
                      ; - org.h2.command.Command::executeUpdate@84 (line 291)
  0x00007e5bdc55443c: c05e 71ff 

  0x00007e5bdc554440: ;   {other}
  0x00007e5bdc554440: 0f1f 8400 | 302e 008a | bef6 ffff | ff48 8b6c | 2428 4c8b | 5424 084c | 8914 2444 | 8b5c 2418 
  0x00007e5bdc554460: 448b 5424 | 1c44 8954 | 240c 4489 

  0x00007e5bdc55446c: ;   {runtime_call UncommonTrapBlob}
  0x00007e5bdc55446c: 5c24 10e8 

  0x00007e5bdc554470: ; ImmutableOopMap {rbp=Oop [0]=Oop [12]=NarrowOop [16]=NarrowOop [48]=Oop }
                      ;*arraylength {reexecute=0 rethrow=0 return_oop=0}
                      ; - java.lang.ThreadLocal$ThreadLocalMap::cleanSomeSlots@10 (line 732)
                      ; - java.lang.ThreadLocal$ThreadLocalMap::set@113 (line 565)
                      ; - java.lang.ThreadLocal::setInitialValue@18 (line 228)
                      ; - java.lang.ThreadLocal::get@31 (line 194)
                      ; - java.lang.ThreadLocal::get@4 (line 172)
                      ; - org.h2.engine.SessionLocal::setThreadLocalSession@3 (line 2082)
                      ; - org.h2.command.Command::executeUpdate@54 (line 247)
  0x00007e5bdc554470: 8c5e 71ff 

  0x00007e5bdc554474: ;   {other}
  0x00007e5bdc554474: 0f1f 8400 | 642e 008b | bef6 ffff | ff48 8b6c | 2428 4c8b | 5424 084c | 8914 2444 | 8b54 2418 
  0x00007e5bdc554494: 448b 5c24 | 1c44 895c | 240c 4489 

  0x00007e5bdc5544a0: ;   {runtime_call UncommonTrapBlob}
  0x00007e5bdc5544a0: 5424 10e8 

  0x00007e5bdc5544a4: ; ImmutableOopMap {rbp=Oop [0]=Oop [12]=NarrowOop [16]=NarrowOop [48]=Oop }
                      ;*arraylength {reexecute=0 rethrow=0 return_oop=0}
                      ; - java.lang.ThreadLocal$ThreadLocalMap::cleanSomeSlots@10 (line 732)
                      ; - java.lang.ThreadLocal$ThreadLocalMap::set@113 (line 565)
                      ; - java.lang.ThreadLocal::set@13 (line 265)
                      ; - java.lang.ThreadLocal::set@5 (line 251)
                      ; - org.h2.engine.SessionLocal::setThreadLocalSession@14 (line 2083)
                      ; - org.h2.command.Command::executeUpdate@54 (line 247)
  0x00007e5bdc5544a4: 585e 71ff 

  0x00007e5bdc5544a8: ;   {other}
  0x00007e5bdc5544a8: 0f1f 8400 | 982e 008c | be45 ffff | ff49 8be9 | 4c8b 4c24 | 084c 890c | 248b 4c24 | 1844 8b4c 
  0x00007e5bdc5544c8: 241c 4489 | 4c24 0c89 | 4c24 104c | 8944 2418 | 4489 5c24 | 1444 8954 

  0x00007e5bdc5544e0: ;   {runtime_call UncommonTrapBlob}
  0x00007e5bdc5544e0: 242c 90e8 

  0x00007e5bdc5544e4: ; ImmutableOopMap {rbp=Oop [0]=Oop [12]=NarrowOop [16]=NarrowOop [20]=NarrowOop [24]=Oop [44]=NarrowOop [48]=Oop }
                      ;*ifnull {reexecute=1 rethrow=0 return_oop=0}
                      ; - (reexecute) java.lang.ThreadLocal::get@7 (line 186)
                      ; - java.lang.ThreadLocal::get@4 (line 172)
                      ; - org.h2.engine.SessionLocal::setThreadLocalSession@3 (line 2082)
                      ; - org.h2.command.Command::executeUpdate@54 (line 247)
  0x00007e5bdc5544e4: 185e 71ff 

  0x00007e5bdc5544e8: ;   {other}
  0x00007e5bdc5544e8: 0f1f 8400 | d82e 008d | be45 ffff | ff48 8b6c | 2428 4c8b | 4c24 084c | 890c 2444 | 8b4c 2418 
  0x00007e5bdc554508: 8b4c 241c | 894c 240c | 4489 4c24 | 104c 895c | 2418 4c8b | 5c24 304c | 895c 2420 | 4c89 4424 
  0x00007e5bdc554528: 2844 8954 

  0x00007e5bdc55452c: ;   {runtime_call UncommonTrapBlob}
  0x00007e5bdc55452c: 2434 90e8 

  0x00007e5bdc554530: ; ImmutableOopMap {rbp=Oop [0]=Oop [12]=NarrowOop [16]=NarrowOop [24]=Oop [32]=Oop [40]=Oop [52]=NarrowOop [56]=NarrowOop }
                      ;*ifnull {reexecute=1 rethrow=0 return_oop=0}
                      ; - (reexecute) java.lang.ThreadLocal::set@7 (line 264)
                      ; - java.lang.ThreadLocal::set@5 (line 251)
                      ; - org.h2.engine.SessionLocal::setThreadLocalSession@14 (line 2083)
                      ; - org.h2.command.Command::executeUpdate@54 (line 247)
  0x00007e5bdc554530: cc5d 71ff 

  0x00007e5bdc554534: ;   {other}
  0x00007e5bdc554534: 0f1f 8400 | 242f 008e | be45 ffff | ff49 8be8 | 448b 5c24 | 1844 895c | 2404 894c 

  0x00007e5bdc554550: ;   {runtime_call UncommonTrapBlob}
  0x00007e5bdc554550: 2414 90e8 

  0x00007e5bdc554554: ; ImmutableOopMap {rbp=Oop [4]=NarrowOop [20]=NarrowOop [24]=NarrowOop [48]=Oop }
                      ;*ifnull {reexecute=1 rethrow=0 return_oop=0}
                      ; - (reexecute) java.lang.ThreadLocal::remove@7 (line 293)
                      ; - java.lang.ThreadLocal::remove@4 (line 283)
                      ; - org.h2.engine.SessionLocal::resetThreadLocalSession@7 (line 2090)
                      ; - org.h2.command.Command::executeUpdate@77 (line 289)
  0x00007e5bdc554554: a85d 71ff 

  0x00007e5bdc554558: ;   {other}
  0x00007e5bdc554558: 0f1f 8400 | 482f 008f | be45 ffff | ff44 8b5c | 2418 4489 

  0x00007e5bdc55456c: ;   {runtime_call UncommonTrapBlob}
  0x00007e5bdc55456c: 5c24 0ce8 

  0x00007e5bdc554570: ; ImmutableOopMap {rbp=NarrowOop [12]=NarrowOop [24]=NarrowOop [40]=Oop [48]=Oop }
                      ;*ifnull {reexecute=1 rethrow=0 return_oop=0}
                      ; - (reexecute) java.lang.ThreadLocal$ThreadLocalMap::remove@26 (line 577)
                      ; - java.lang.ThreadLocal::remove@12 (line 294)
                      ; - java.lang.ThreadLocal::remove@4 (line 283)
                      ; - org.h2.engine.SessionLocal::resetThreadLocalSession@7 (line 2090)
                      ; - org.h2.command.Command::executeUpdate@77 (line 289)
  0x00007e5bdc554570: 8c5d 71ff 

  0x00007e5bdc554574: ;   {other}
  0x00007e5bdc554574: 0f1f 8400 | 642f 0090 | bef6 ffff | ff48 8b2c | 2444 8b54 | 2418 4489 

  0x00007e5bdc55458c: ;   {runtime_call UncommonTrapBlob}
  0x00007e5bdc55458c: 1424 90e8 

  0x00007e5bdc554590: ; ImmutableOopMap {rbp=Oop [0]=NarrowOop [48]=Oop }
                      ;*getfield dateTimeValueWithinTransaction {reexecute=1 rethrow=0 return_oop=0}
                      ; - (reexecute) org.h2.engine.SessionLocal::setCurrentCommand@76 (line 1229)
                      ; - org.h2.engine.SessionLocal::endStatement@2 (line 1703)
                      ; - org.h2.command.Command::executeUpdate@84 (line 291)
  0x00007e5bdc554590: 6c5d 71ff 

  0x00007e5bdc554594: ;   {other}
  0x00007e5bdc554594: 0f1f 8400 | 842f 0091 | be45 ffff | ff44 8b54 | 2418 4489 

  0x00007e5bdc5545a8: ;   {runtime_call UncommonTrapBlob}
  0x00007e5bdc5545a8: 5424 08e8 

  0x00007e5bdc5545ac: ; ImmutableOopMap {rbp=NarrowOop [0]=Oop [8]=NarrowOop [28]=NarrowOop [48]=Oop }
                      ;*ifnonnull {reexecute=1 rethrow=0 return_oop=0}
                      ; - (reexecute) org.h2.engine.SessionLocal::getDatabase@4 (line 660)
                      ; - org.h2.engine.SessionLocal::getMode@1 (line 1860)
                      ; - org.h2.engine.SessionLocal::setCurrentCommand@73 (line 1229)
                      ; - org.h2.engine.SessionLocal::endStatement@2 (line 1703)
                      ; - org.h2.command.Command::executeUpdate@84 (line 291)
  0x00007e5bdc5545ac: 505d 71ff 

  0x00007e5bdc5545b0: ;   {other}
  0x00007e5bdc5545b0: 0f1f 8400 | a02f 0092 | eb00 488b | d8e9 c6e9 | ffff bef6 | ffff ff4c | 8b54 2408 | 4c89 1424 
  0x00007e5bdc5545d0: 448b 5424 | 1844 8954 

  0x00007e5bdc5545d8: ;   {runtime_call UncommonTrapBlob}
  0x00007e5bdc5545d8: 2410 90e8 

  0x00007e5bdc5545dc: ; ImmutableOopMap {rbp=Oop [0]=Oop [16]=NarrowOop [24]=NarrowOop [28]=NarrowOop }
                      ;*invokevirtual getStore {reexecute=0 rethrow=0 return_oop=0}
                      ; - org.h2.engine.SessionLocal::getTransaction@11 (line 1602)
                      ; - org.h2.engine.SessionLocal::getStatementSavepoint@13 (line 1616)
                      ; - org.h2.engine.SessionLocal::setSavepoint@10 (line 854)
                      ; - org.h2.command.Command::executeUpdate@34 (line 244)
  0x00007e5bdc5545dc: 205d 71ff 

  0x00007e5bdc5545e0: ;   {other}
  0x00007e5bdc5545e0: 0f1f 8400 | d02f 0093 | bef6 ffff | ff4c 8b54 | 2408 4c89 | 1424 448b | 5424 1844 | 8954 2410 
  0x00007e5bdc554600: ;   {runtime_call UncommonTrapBlob}
  0x00007e5bdc554600: 6666 90e8 

  0x00007e5bdc554604: ; ImmutableOopMap {rbp=Oop [0]=Oop [16]=NarrowOop [24]=NarrowOop [28]=NarrowOop }
                      ;*invokevirtual getMvStore {reexecute=0 rethrow=0 return_oop=0}
                      ; - org.h2.engine.SessionLocal::getTransaction@16 (line 1603)
                      ; - org.h2.engine.SessionLocal::getStatementSavepoint@13 (line 1616)
                      ; - org.h2.engine.SessionLocal::setSavepoint@10 (line 854)
                      ; - org.h2.command.Command::executeUpdate@34 (line 244)
  0x00007e5bdc554604: f85c 71ff 

  0x00007e5bdc554608: ;   {other}
  0x00007e5bdc554608: 0f1f 8400 | f82f 0094 | 488b d8e9 | 70e9 ffff | bef6 ffff | ff48 8b6c | 2428 448b | 5c24 1844 
  0x00007e5bdc554628: 8b54 241c | 4489 5424 | 0444 895c | 2408 448b | 5424 2044 | 8954 240c 

  0x00007e5bdc554640: ;   {runtime_call UncommonTrapBlob}
  0x00007e5bdc554640: 6666 90e8 

  0x00007e5bdc554644: ; ImmutableOopMap {rbp=Oop [4]=NarrowOop [8]=NarrowOop [48]=Oop [72]=Oop [80]=Oop }
                      ;*invokevirtual getErrorCode {reexecute=0 rethrow=0 return_oop=0}
                      ; - org.h2.command.Command::executeUpdate@202 (line 271)
  0x00007e5bdc554644: b85c 71ff 

  0x00007e5bdc554648: ;   {other}
  0x00007e5bdc554648: 0f1f 8400 | 3830 0095 | eb02 eb00 | 488b d8e9 | 2ce9 ffff | eb10 eb0e | eb0c eb0a | eb08 eb06 
  0x00007e5bdc554668: eb04 eb02 | eb00 488b | d8e9 12e9 | ffff 4889 | 0424 448b | 4424 20e9 | fb02 0000 | 488b d0e9 
  0x00007e5bdc554688: f900 0000 | 4889 0424 | 4533 c0e9 | e702 0000 | 448b 5008 

  0x00007e5bdc55469c: ;   {metadata('org/h2/message/DbException')}
  0x00007e5bdc55469c: 4181 fa68 | 2e02 010f | 85b3 0400 | 0048 8bf0 | e9f2 0100 | 0048 8904 | 2445 33c0 | e9c2 0200 
  0x00007e5bdc5546bc: 0048 8904 | 2445 33c0 | e9b6 0200 | 0044 8b58 

  0x00007e5bdc5546cc: ;   {metadata('org/h2/message/DbException')}
  0x00007e5bdc5546cc: 0841 81fb | 682e 0201 | 75b6 488b | f045 33d2 | 4489 5424 | 20e9 bd01 | 0000 448b 

  0x00007e5bdc5546e8: ;   {metadata('org/h2/message/DbException')}
  0x00007e5bdc5546e8: 5808 4181 | fb68 2e02 | 0175 be48 | 8bf0 4533 | d244 8954 | 2420 e9a0 | 0100 0048 | 8904 2444 
  0x00007e5bdc554708: 8b44 2420 | e96e 0200 | 0048 8904 | 2444 8b44 | 2420 e960 | 0200 0048 | 8904 2444 | 8b44 2420 
  0x00007e5bdc554728: e952 0200 | 0048 8904 | 2444 8b44 | 2420 e944 | 0200 0048 | 8904 2444 | 8b44 2420 | e936 0200 
  0x00007e5bdc554748: 0048 8bd0 | eb03 488b | d04c 8b54 | 2440 4d85 | d20f 840e | 0300 0048 | 8b74 2440 | 488b 6c24 
  0x00007e5bdc554768: ;   {optimized virtual_call}
  0x00007e5bdc554768: 1066 90e8 

  0x00007e5bdc55476c: ; ImmutableOopMap {rbp=Oop [0]=Oop [16]=Oop }
                      ;*invokevirtual addSuppressed {reexecute=0 rethrow=0 return_oop=0}
                      ; - org.h2.command.Command::executeUpdate@318 (line 299)
  0x00007e5bdc55476c: 1009 71ff 

  0x00007e5bdc554770: ;   {other}
  0x00007e5bdc554770: 0f1f 8400 | 6031 0096 | e973 0200 | 0048 8bd0 | eb03 488b | d048 8b74 | 2450 488b 

  0x00007e5bdc55478c: ;   {optimized virtual_call}
  0x00007e5bdc55478c: 6c24 28e8 

  0x00007e5bdc554790: ; ImmutableOopMap {rbp=Oop [16]=Oop [24]=NarrowOop [40]=Oop [72]=Oop [80]=Oop }
                      ;*invokevirtual addSuppressed {reexecute=0 rethrow=0 return_oop=0}
                      ; - org.h2.command.Command::executeUpdate@264 (line 284)
  0x00007e5bdc554790: ec08 71ff 

  0x00007e5bdc554794: ;   {other}
  0x00007e5bdc554794: 0f1f 8400 | 8431 0097 | e9cb 0100 | 0044 8b58 

  0x00007e5bdc5547a4: ;   {metadata('org/h2/message/DbException')}
  0x00007e5bdc5547a4: 0841 81fb | 682e 0201 | 0f85 51ff | ffff 488b | f0e9 e900 | 0000 448b 

  0x00007e5bdc5547bc: ;   {metadata('org/h2/message/DbException')}
  0x00007e5bdc5547bc: 5808 4181 | fb68 2e02 | 010f 8546 | ffff ff48 | 8bf0 e9d0 | 0000 004c | 8bd0 448b 

  0x00007e5bdc5547d8: ;   {metadata('org/h2/message/DbException')}
  0x00007e5bdc5547d8: 5808 4181 | fb68 2e02 | 0175 694c | 8954 2450 | 488b 7424 

  0x00007e5bdc5547ec: ;   {optimized virtual_call}
  0x00007e5bdc5547ec: 2866 90e8 

  0x00007e5bdc5547f0: ; ImmutableOopMap {[0]=Oop [8]=Oop [16]=Oop [24]=NarrowOop [28]=NarrowOop [40]=Oop [48]=Oop [56]=Oop [72]=Oop [80]=Oop }
                      ;*invokevirtual isRetryable {reexecute=0 rethrow=0 return_oop=0}
                      ; - org.h2.command.Command::executeUpdate@125 (line 255)
  0x00007e5bdc5547f0: 8c08 71ff 

  0x00007e5bdc5547f4: ;   {other}
  0x00007e5bdc5547f4: 0f1f 8400 | e431 0098 | 85c0 0f84 | 9a00 0000 | 488b 7424 | 2848 8b54 | 2450 488b | cd48 8bee 
  0x00007e5bdc554814: ;   {optimized virtual_call}
  0x00007e5bdc554814: 6666 90e8 

  0x00007e5bdc554818: ; ImmutableOopMap {rbp=Oop [0]=Oop [8]=Oop [16]=Oop [24]=NarrowOop [28]=NarrowOop [40]=Oop [48]=Oop [56]=Oop [72]=Oop }
                      ;*invokespecial filterConcurrentUpdate {reexecute=0 rethrow=0 return_oop=0}
                      ; - org.h2.command.Command::executeUpdate@138 (line 258)
  0x00007e5bdc554818: 6408 71ff 

  0x00007e5bdc55481c: ;   {other}
  0x00007e5bdc55481c: 0f1f 8400 | 0c32 0099 | 448b 4424 | 1c41 8b68 | 244d 8b9f 

  0x00007e5bdc554830: ; ImmutableOopMap {[0]=Oop [8]=Oop [16]=Oop [24]=NarrowOop [28]=NarrowOop [40]=Oop [48]=Oop [56]=Oop [72]=Oop }
                      ;*goto {reexecute=1 rethrow=0 return_oop=0}
                      ; - (reexecute) org.h2.command.Command::executeUpdate@142 (line 265)
  0x00007e5bdc554830: 7007 0000 

  0x00007e5bdc554834: ;   {poll}
  0x00007e5bdc554834: 4185 0385 | ed0f 8536 | 0200 004c | 8b5c 2438 | 4c8b c0e9 | 80d6 ffff 

  0x00007e5bdc55484c: ;   {metadata('java/lang/OutOfMemoryError')}
  0x00007e5bdc55484c: 4181 fb30 | 3902 000f | 85a0 0100 | 0049 8bea | 488b 7424 

  0x00007e5bdc554860: ;   {optimized virtual_call}
  0x00007e5bdc554860: 3866 90e8 

  0x00007e5bdc554864: ; ImmutableOopMap {rbp=Oop [16]=Oop [24]=NarrowOop [28]=NarrowOop [40]=Oop [48]=Oop [56]=Oop [72]=Oop }
                      ;*invokevirtual shutdownImmediately {reexecute=0 rethrow=0 return_oop=0}
                      ; - org.h2.command.Command::executeUpdate@152 (line 261)
  0x00007e5bdc554864: 1808 71ff 

  0x00007e5bdc554868: ;   {other}
  0x00007e5bdc554868: 0f1f 8400 | 5832 009b | 488b f548 | 8b6c 2428 

  0x00007e5bdc554878: ;   {static_call}
  0x00007e5bdc554878: 6666 90e8 

  0x00007e5bdc55487c: ; ImmutableOopMap {rbp=Oop [16]=Oop [24]=NarrowOop [28]=NarrowOop [40]=Oop [48]=Oop [56]=Oop [72]=Oop }
                      ;*invokestatic convert {reexecute=0 rethrow=0 return_oop=1}
                      ; - org.h2.command.Command::executeUpdate@157 (line 262)
  0x00007e5bdc55487c: 000e 71ff 

  0x00007e5bdc554880: ;   {other}
  0x00007e5bdc554880: 0f1f 8400 | 7032 009c | 4885 c00f | 84a3 0200 | 0048 8bf0 | 4533 d244 | 8954 2420 | eb05 488b 
  0x00007e5bdc5548a0: 7424 504c | 8b54 2428 | 458b 5220 | 498b d248 | 8b6c 2428 

  0x00007e5bdc5548b4: ;   {optimized virtual_call}
  0x00007e5bdc5548b4: 6666 90e8 

  0x00007e5bdc5548b8: ; ImmutableOopMap {rbp=Oop [16]=Oop [24]=NarrowOop [28]=NarrowOop [40]=Oop [48]=Oop [56]=Oop [72]=Oop }
                      ;*invokevirtual addSQL {reexecute=0 rethrow=0 return_oop=1}
                      ; - org.h2.command.Command::executeUpdate@177 (line 268)
  0x00007e5bdc5548b8: c407 71ff 

  0x00007e5bdc5548bc: ;   {other}
  0x00007e5bdc5548bc: 0f1f 8400 | ac32 009d | 4885 c00f | 84d3 0100 | 0048 8944 | 2450 488b 

  0x00007e5bdc5548d4: ;   {optimized virtual_call}
  0x00007e5bdc5548d4: f066 90e8 

  0x00007e5bdc5548d8: ; ImmutableOopMap {rbp=Oop [16]=Oop [24]=NarrowOop [28]=NarrowOop [40]=Oop [48]=Oop [56]=Oop [72]=Oop [80]=Oop }
                      ;*invokevirtual getSQLException {reexecute=0 rethrow=0 return_oop=1}
                      ; - org.h2.command.Command::executeUpdate@184 (line 269)
  0x00007e5bdc5548d8: a407 71ff 

  0x00007e5bdc5548dc: ;   {other}
  0x00007e5bdc5548dc: 0f1f 8400 | cc32 009e | 488b e84c | 8b54 2428 | 458b 5a20 | 498b cb48 | 8b74 2438 

  0x00007e5bdc5548f8: ;   {optimized virtual_call}
  0x00007e5bdc5548f8: 488b d0e8 

  0x00007e5bdc5548fc: ; ImmutableOopMap {rbp=Oop [16]=Oop [24]=NarrowOop [28]=NarrowOop [40]=Oop [48]=Oop [56]=Oop [72]=Oop [80]=Oop }
                      ;*invokevirtual exceptionThrown {reexecute=0 rethrow=0 return_oop=0}
                      ; - org.h2.command.Command::executeUpdate@197 (line 270)
  0x00007e5bdc5548fc: 8007 71ff 

  0x00007e5bdc554900: ;   {other}
  0x00007e5bdc554900: 0f1f 8400 | f032 009f | 4c8b d545 | 8b5a 2441 | 81fb fc5f | 0100 0f84 | 0501 0000 | 488b 7424 
  0x00007e5bdc554920: ;   {optimized virtual_call}
  0x00007e5bdc554920: 3866 90e8 

  0x00007e5bdc554924: ; ImmutableOopMap {rbp=Oop [16]=Oop [24]=NarrowOop [40]=Oop [48]=Oop [72]=Oop [80]=Oop }
                      ;*invokevirtual checkPowerOff {reexecute=0 rethrow=0 return_oop=0}
                      ; - org.h2.command.Command::executeUpdate@223 (line 277)
  0x00007e5bdc554924: 5807 71ff 

  0x00007e5bdc554928: ;   {other}
  0x00007e5bdc554928: 0f1f 8400 | 1833 00a0 | 448b 5d24 | 4c8b 4424 | 2845 8b50 | 1841 81fb | 419c 0000 | 0f84 ff00 
  0x00007e5bdc554948: 0000 4585 | d20f 84b5 | 0100 0049 | 8bf2 488b | 5424 3049 

  0x00007e5bdc55495c: ;   {optimized virtual_call}
  0x00007e5bdc55495c: 8be8 90e8 

  0x00007e5bdc554960: ; ImmutableOopMap {rbp=Oop [16]=Oop [24]=NarrowOop [40]=Oop [72]=Oop [80]=Oop }
                      ;*invokevirtual rollbackTo {reexecute=0 rethrow=0 return_oop=0}
                      ; - org.h2.command.Command::executeUpdate@252 (line 281)
  0x00007e5bdc554960: 1c07 71ff 

  0x00007e5bdc554964: ;   {other}
  0x00007e5bdc554964: 0f1f 8400 | 5433 00a1 | 4c8b 5424 | 504c 8914 | 244c 8954 | 2440 448b | 4424 204c | 8b5c 2428 
  0x00007e5bdc554984: 458b 5318 | 4585 d20f | 8437 0100 | 0044 8944 | 241c 498b | eb49 8bf2 | 488b 5424 

  0x00007e5bdc5549a0: ;   {optimized virtual_call}
  0x00007e5bdc5549a0: 4866 90e8 

  0x00007e5bdc5549a4: ; ImmutableOopMap {rbp=Oop [0]=Oop [16]=Oop [24]=NarrowOop [64]=Oop }
                      ;*invokevirtual resetThreadLocalSession {reexecute=0 rethrow=0 return_oop=0}
                      ; - org.h2.command.Command::executeUpdate@282 (line 289)
  0x00007e5bdc5549a4: d806 71ff 

  0x00007e5bdc5549a8: ;   {other}
  0x00007e5bdc5549a8: 0f1f 8400 | 9833 00a2 | 448b 5d18 | 4585 db0f | 842f 0100 | 0049 8bf3 

  0x00007e5bdc5549c0: ;   {optimized virtual_call}
  0x00007e5bdc5549c0: 6666 90e8 

  0x00007e5bdc5549c4: ; ImmutableOopMap {rbp=Oop [0]=Oop [16]=Oop [64]=Oop }
                      ;*invokevirtual endStatement {reexecute=0 rethrow=0 return_oop=0}
                      ; - org.h2.command.Command::executeUpdate@289 (line 291)
  0x00007e5bdc5549c4: b806 71ff 

  0x00007e5bdc5549c8: ;   {other}
  0x00007e5bdc5549c8: 0f1f 8400 | b833 00a3 | 448b 5424 | 1c45 85d2 | 7416 488b | f548 8b6c 

  0x00007e5bdc5549e0: ;   {optimized virtual_call}
  0x00007e5bdc5549e0: 2410 90e8 

  0x00007e5bdc5549e4: ; ImmutableOopMap {rbp=Oop [0]=Oop [16]=Oop [64]=Oop }
                      ;*invokevirtual stop {reexecute=0 rethrow=0 return_oop=0}
                      ; - org.h2.command.Command::executeUpdate@298 (line 293)
  0x00007e5bdc5549e4: 9806 71ff 

  0x00007e5bdc5549e8: ;   {other}
  0x00007e5bdc5549e8: 0f1f 8400 | d833 00a4 | 488b 1c24 | e98f e5ff | ff48 8bf0 | 488b 6c24 

  0x00007e5bdc554a00: ;   {static_call}
  0x00007e5bdc554a00: 2866 90e8 

  0x00007e5bdc554a04: ; ImmutableOopMap {rbp=Oop [16]=Oop [24]=NarrowOop [28]=NarrowOop [40]=Oop [48]=Oop [56]=Oop [72]=Oop }
                      ;*invokestatic convert {reexecute=0 rethrow=0 return_oop=1}
                      ; - org.h2.command.Command::executeUpdate@165 (line 264)
  0x00007e5bdc554a04: 780c 71ff 

  0x00007e5bdc554a08: ;   {other}
  0x00007e5bdc554a08: 0f1f 8400 | f833 00a5 | 4885 c00f | 8451 0100 | 0048 8bf0 | e982 feff | ff48 8b74 | 2438 488b 
  0x00007e5bdc554a28: ;   {optimized virtual_call}
  0x00007e5bdc554a28: 6c24 28e8 

  0x00007e5bdc554a2c: ; ImmutableOopMap {rbp=Oop [16]=Oop [24]=NarrowOop [40]=Oop [72]=Oop [80]=Oop }
                      ;*invokevirtual shutdownImmediately {reexecute=0 rethrow=0 return_oop=0}
                      ; - org.h2.command.Command::executeUpdate@215 (line 273)
  0x00007e5bdc554a2c: 5006 71ff 

  0x00007e5bdc554a30: ;   {other}
  0x00007e5bdc554a30: 0f1f 8400 | 2034 00a6 | 4c8b 5424 | 504c 8914 | 2445 33c0 | e936 ffff | ff45 85d2 | 0f84 3e01 
  0x00007e5bdc554a50: 0000 498b | f249 8be8 

  0x00007e5bdc554a58: ;   {optimized virtual_call}
  0x00007e5bdc554a58: 6666 90e8 

  0x00007e5bdc554a5c: ; ImmutableOopMap {rbp=Oop [16]=Oop [24]=NarrowOop [40]=Oop [72]=Oop [80]=Oop }
                      ;*invokevirtual rollback {reexecute=0 rethrow=0 return_oop=0}
                      ; - org.h2.command.Command::executeUpdate@240 (line 279)
  0x00007e5bdc554a5c: 2006 71ff 

  0x00007e5bdc554a60: ;   {other}
  0x00007e5bdc554a60: 0f1f 8400 | 5034 00a7 | e9ff feff | ff48 8bda | e913 e5ff | ffbe 45ff | ffff 4c8b | 5c24 284c 
  0x00007e5bdc554a80: 891c 2448 | 8944 2420 | 4c8b 5424 | 304c 8954 

  0x00007e5bdc554a90: ;   {runtime_call UncommonTrapBlob}
  0x00007e5bdc554a90: 2428 90e8 

  0x00007e5bdc554a94: ; ImmutableOopMap {[0]=Oop [8]=Oop [24]=NarrowOop [28]=NarrowOop [40]=Oop [72]=Oop }
                      ;*ifeq {reexecute=1 rethrow=0 return_oop=0}
                      ; - (reexecute) org.h2.engine.Database::checkPowerOff@4 (line 468)
                      ; - org.h2.command.Command::executeUpdate@61 (line 250)
  0x00007e5bdc554a94: 6858 71ff 

  0x00007e5bdc554a98: ;   {other}
  0x00007e5bdc554a98: 0f1f 8400 | 8834 00a8 | bef6 ffff | ff44 8b54 | 2418 448b | 5c24 1c44 | 895c 2404 | 4489 5424 
  0x00007e5bdc554ab8: ;   {runtime_call UncommonTrapBlob}
  0x00007e5bdc554ab8: 0866 90e8 

  0x00007e5bdc554abc: ; ImmutableOopMap {rbp=Oop [4]=NarrowOop [8]=NarrowOop [48]=Oop [72]=Oop }
                      ;*invokevirtual getSQLException {reexecute=0 rethrow=0 return_oop=0}
                      ; - org.h2.command.Command::executeUpdate@184 (line 269)
  0x00007e5bdc554abc: 4058 71ff 

  0x00007e5bdc554ac0: ;   {other}
  0x00007e5bdc554ac0: 0f1f 8400 | b034 00a9 | bef6 ffff | ff49 8beb | 448b 5c24 | 1844 895c | 240c 4489 

  0x00007e5bdc554adc: ;   {runtime_call UncommonTrapBlob}
  0x00007e5bdc554adc: 4424 18e8 

  0x00007e5bdc554ae0: ; ImmutableOopMap {rbp=Oop [0]=Oop [12]=NarrowOop [64]=Oop [72]=Oop }
                      ;*invokevirtual resetThreadLocalSession {reexecute=0 rethrow=0 return_oop=0}
                      ; - org.h2.command.Command::executeUpdate@282 (line 289)
  0x00007e5bdc554ae0: 1c58 71ff 

  0x00007e5bdc554ae4: ;   {other}
  0x00007e5bdc554ae4: 0f1f 8400 | d434 00aa | bef6 ffff | ff44 8b5c | 2418 4489 

  0x00007e5bdc554af8: ;   {runtime_call UncommonTrapBlob}
  0x00007e5bdc554af8: 5c24 0ce8 

  0x00007e5bdc554afc: ; ImmutableOopMap {rbp=Oop [0]=Oop [12]=NarrowOop [64]=Oop }
                      ;*invokevirtual endStatement {reexecute=0 rethrow=0 return_oop=0}
                      ; - org.h2.command.Command::executeUpdate@289 (line 291)
  0x00007e5bdc554afc: 0058 71ff 

  0x00007e5bdc554b00: ;   {other}
  0x00007e5bdc554b00: 0f1f 8400 | f034 00ab | bef6 ffff | ff49 8be8 | 448b 5424 | 1844 8954 | 2404 448b | 5424 2044 
  0x00007e5bdc554b20: 8954 2408 

  0x00007e5bdc554b24: ;   {runtime_call UncommonTrapBlob}
  0x00007e5bdc554b24: 6666 90e8 

  0x00007e5bdc554b28: ; ImmutableOopMap {rbp=Oop [4]=NarrowOop [48]=Oop [72]=Oop [80]=Oop }
                      ;*invokevirtual rollbackTo {reexecute=0 rethrow=0 return_oop=0}
                      ; - org.h2.command.Command::executeUpdate@252 (line 281)
  0x00007e5bdc554b28: d457 71ff 

  0x00007e5bdc554b2c: ;   {other}
  0x00007e5bdc554b2c: 0f1f 8400 | 1c35 00ac | bef6 ffff | ff44 8b5c | 2418 448b | 5424 1c44 | 8954 2404 | 4489 5c24 
  0x00007e5bdc554b4c: ;   {runtime_call UncommonTrapBlob}
  0x00007e5bdc554b4c: 0866 90e8 

  0x00007e5bdc554b50: ; ImmutableOopMap {rbp=Oop [4]=NarrowOop [8]=NarrowOop [48]=Oop [72]=Oop }
                      ;*athrow {reexecute=1 rethrow=0 return_oop=0}
                      ; - (reexecute) org.h2.command.Command::executeUpdate@160 (line 262)
  0x00007e5bdc554b50: ac57 71ff 

  0x00007e5bdc554b54: ;   {other}
  0x00007e5bdc554b54: 0f1f 8400 | 4435 00ad | 4889 0424 | 448b 4424 | 20e9 15fe | ffff bef6 | ffff ff44 | 8b5c 2418 
  0x00007e5bdc554b74: 448b 5424 | 1c44 8954 | 2404 4489 

  0x00007e5bdc554b80: ;   {runtime_call UncommonTrapBlob}
  0x00007e5bdc554b80: 5c24 08e8 

  0x00007e5bdc554b84: ; ImmutableOopMap {rbp=Oop [4]=NarrowOop [8]=NarrowOop [48]=Oop [72]=Oop }
                      ;*athrow {reexecute=1 rethrow=0 return_oop=0}
                      ; - (reexecute) org.h2.command.Command::executeUpdate@168 (line 264)
  0x00007e5bdc554b84: 7857 71ff 

  0x00007e5bdc554b88: ;   {other}
  0x00007e5bdc554b88: 0f1f 8400 | 7835 00ae | bef6 ffff | ff49 8be8 | 448b 5424 | 1844 8954 

  0x00007e5bdc554ba0: ;   {runtime_call UncommonTrapBlob}
  0x00007e5bdc554ba0: 2404 90e8 

  0x00007e5bdc554ba4: ; ImmutableOopMap {rbp=Oop [4]=NarrowOop [72]=Oop [80]=Oop }
                      ;*invokevirtual rollback {reexecute=0 rethrow=0 return_oop=0}
                      ; - org.h2.command.Command::executeUpdate@240 (line 279)
  0x00007e5bdc554ba4: 5857 71ff 

  0x00007e5bdc554ba8: ;   {other}
  0x00007e5bdc554ba8: 0f1f 8400 | 9835 00af | 488b d8e9 | d0e3 ffff 

  0x00007e5bdc554bb8: ;   {internal_word}
  0x00007e5bdc554bb8: 49ba 5624 | 55dc 5b7e | 0000 4d89 | 9780 0700 

  0x00007e5bdc554bc8: ;   {runtime_call SafepointBlob}
  0x00007e5bdc554bc8: 00e9 3268 

  0x00007e5bdc554bcc: ;   {runtime_call StubRoutines (final stubs)}
  0x00007e5bdc554bcc: 71ff e88d | a26f ffe9 | 86d0 ffff 
[Stub Code]
  0x00007e5bdc554bd8: ;   {no_reloc}
  0x00007e5bdc554bd8: 48bb 0000 | 0000 0000 

  0x00007e5bdc554be0: ;   {runtime_call nmethod}
  0x00007e5bdc554be0: 0000 e9fb 

  0x00007e5bdc554be4: ;   {static_stub}
  0x00007e5bdc554be4: ffff ff48 | bb68 ea5f | 88ad 7100 

  0x00007e5bdc554bf0: ;   {runtime_call I2C/C2I adapters}
  0x00007e5bdc554bf0: 00e9 edf8 

  0x00007e5bdc554bf4: ;   {static_stub}
  0x00007e5bdc554bf4: 70ff 48bb | 98ad 6388 | ad71 0000 

  0x00007e5bdc554c00: ;   {runtime_call I2C/C2I adapters}
  0x00007e5bdc554c00: e96d 3f6f 

  0x00007e5bdc554c04: ;   {static_stub}
  0x00007e5bdc554c04: ff48 bb00 | 0000 0000 

  0x00007e5bdc554c0c: ;   {runtime_call nmethod}
  0x00007e5bdc554c0c: 0000 00e9 | fbff ffff 

  0x00007e5bdc554c14: ;   {static_stub}
  0x00007e5bdc554c14: 48bb 0000 | 0000 0000 

  0x00007e5bdc554c1c: ;   {runtime_call nmethod}
  0x00007e5bdc554c1c: 0000 e9fb 

  0x00007e5bdc554c20: ;   {static_stub}
  0x00007e5bdc554c20: ffff ff48 | bb00 0000 | 0000 0000 

  0x00007e5bdc554c2c: ;   {runtime_call nmethod}
  0x00007e5bdc554c2c: 00e9 fbff 

  0x00007e5bdc554c30: ;   {static_stub}
  0x00007e5bdc554c30: ffff 48bb | 0000 0000 | 0000 0000 

  0x00007e5bdc554c3c: ;   {runtime_call nmethod}
  0x00007e5bdc554c3c: e9fb ffff 

  0x00007e5bdc554c40: ;   {static_stub}
  0x00007e5bdc554c40: ff48 bb00 | 0000 0000 

  0x00007e5bdc554c48: ;   {runtime_call nmethod}
  0x00007e5bdc554c48: 0000 00e9 | fbff ffff 

  0x00007e5bdc554c50: ;   {static_stub}
  0x00007e5bdc554c50: 48bb 0000 | 0000 0000 

  0x00007e5bdc554c58: ;   {runtime_call nmethod}
  0x00007e5bdc554c58: 0000 e9fb 

  0x00007e5bdc554c5c: ;   {static_stub}
  0x00007e5bdc554c5c: ffff ff48 | bb00 0000 | 0000 0000 

  0x00007e5bdc554c68: ;   {runtime_call nmethod}
  0x00007e5bdc554c68: 00e9 fbff 

  0x00007e5bdc554c6c: ;   {static_stub}
  0x00007e5bdc554c6c: ffff 48bb | 0000 0000 | 0000 0000 

  0x00007e5bdc554c78: ;   {runtime_call nmethod}
  0x00007e5bdc554c78: e9fb ffff 

  0x00007e5bdc554c7c: ;   {static_stub}
  0x00007e5bdc554c7c: ff48 bb00 | 0000 0000 

  0x00007e5bdc554c84: ;   {runtime_call nmethod}
  0x00007e5bdc554c84: 0000 00e9 | fbff ffff 

  0x00007e5bdc554c8c: ;   {static_stub}
  0x00007e5bdc554c8c: 48bb 0000 | 0000 0000 

  0x00007e5bdc554c94: ;   {runtime_call nmethod}
  0x00007e5bdc554c94: 0000 e9fb 

  0x00007e5bdc554c98: ;   {static_stub}
  0x00007e5bdc554c98: ffff ff48 | bb00 0000 | 0000 0000 

  0x00007e5bdc554ca4: ;   {runtime_call nmethod}
  0x00007e5bdc554ca4: 00e9 fbff 

  0x00007e5bdc554ca8: ;   {static_stub}
  0x00007e5bdc554ca8: ffff 48bb | 0000 0000 | 0000 0000 

  0x00007e5bdc554cb4: ;   {runtime_call nmethod}
  0x00007e5bdc554cb4: e9fb ffff 

  0x00007e5bdc554cb8: ;   {static_stub}
  0x00007e5bdc554cb8: ff48 bb00 | 0000 0000 

  0x00007e5bdc554cc0: ;   {runtime_call nmethod}
  0x00007e5bdc554cc0: 0000 00e9 | fbff ffff 

  0x00007e5bdc554cc8: ;   {static_stub}
  0x00007e5bdc554cc8: 48bb 0000 | 0000 0000 

  0x00007e5bdc554cd0: ;   {runtime_call nmethod}
  0x00007e5bdc554cd0: 0000 e9fb 

  0x00007e5bdc554cd4: ;   {static_stub}
  0x00007e5bdc554cd4: ffff ff48 | bb00 0000 | 0000 0000 

  0x00007e5bdc554ce0: ;   {runtime_call nmethod}
  0x00007e5bdc554ce0: 00e9 fbff 

  0x00007e5bdc554ce4: ;   {static_stub}
  0x00007e5bdc554ce4: ffff 48bb | 0000 0000 | 0000 0000 

  0x00007e5bdc554cf0: ;   {runtime_call nmethod}
  0x00007e5bdc554cf0: e9fb ffff 

  0x00007e5bdc554cf4: ;   {static_stub}
  0x00007e5bdc554cf4: ff48 bb00 | 0000 0000 

  0x00007e5bdc554cfc: ;   {runtime_call nmethod}
  0x00007e5bdc554cfc: 0000 00e9 | fbff ffff 

  0x00007e5bdc554d04: ;   {static_stub}
  0x00007e5bdc554d04: 48bb 0000 | 0000 0000 

  0x00007e5bdc554d0c: ;   {runtime_call nmethod}
  0x00007e5bdc554d0c: 0000 e9fb 

  0x00007e5bdc554d10: ;   {static_stub}
  0x00007e5bdc554d10: ffff ff48 | bb00 0000 | 0000 0000 

  0x00007e5bdc554d1c: ;   {runtime_call nmethod}
  0x00007e5bdc554d1c: 00e9 fbff 

  0x00007e5bdc554d20: ;   {static_stub}
  0x00007e5bdc554d20: ffff 48bb | 0000 0000 | 0000 0000 

  0x00007e5bdc554d2c: ;   {runtime_call nmethod}
  0x00007e5bdc554d2c: e9fb ffff 

  0x00007e5bdc554d30: ;   {runtime_call ExceptionBlob}
  0x00007e5bdc554d30: ffe9 ca55 | 7cff e800 | 0000 0048 | 832c 2405 

  0x00007e5bdc554d40: ;   {runtime_call DeoptimizationBlob}
  0x00007e5bdc554d40: e95b 5971 | fff4 f4f4 
[/MachCode]


Compiled method (c2) 5775 2143 %     4       org.apache.derbyTesting.system.oe.load.SimpleInsert::orderTable @ 251 (513 bytes)
 total in heap  [0x00007e5bdc576c10,0x00007e5bdc58f678] = 100968
 relocation     [0x00007e5bdc576d68,0x00007e5bdc577d28] = 4032
 constants      [0x00007e5bdc577d40,0x00007e5bdc577d60] = 32
 main code      [0x00007e5bdc577d60,0x00007e5bdc5881b0] = 66640
 stub code      [0x00007e5bdc5881b0,0x00007e5bdc5884f0] = 832
 oops           [0x00007e5bdc5884f0,0x00007e5bdc588528] = 56
 metadata       [0x00007e5bdc588528,0x00007e5bdc588768] = 576
 scopes data    [0x00007e5bdc588768,0x00007e5bdc58c038] = 14544
 scopes pcs     [0x00007e5bdc58c038,0x00007e5bdc58e1c8] = 8592
 dependencies   [0x00007e5bdc58e1c8,0x00007e5bdc58e240] = 120
 handler table  [0x00007e5bdc58e240,0x00007e5bdc58e9c0] = 1920
 nul chk table  [0x00007e5bdc58e9c0,0x00007e5bdc58f678] = 3256


[Constant Pool]
             Address          hex4                    hex8      
  0x00007e5bdc577d40:   0x00000000      0x3ca0000000000000      
  0x00007e5bdc577d44:   0x3ca00000                              
  0x00007e5bdc577d48:   0x00000000      0x3fe0000000000000      
  0x00007e5bdc577d4c:   0x3fe00000                              
  0x00007e5bdc577d50:   0x00000000      0x4022000000000000      
  0x00007e5bdc577d54:   0x40220000                              
  0x00007e5bdc577d58:   0x00000000      0x40c3878000000000      
  0x00007e5bdc577d5c:   0x40c38780                              

[MachCode]
[Verified Entry Point]
  # {method} {0x000071ad888841d0} 'orderTable' '(SS)V' in 'org/apache/derbyTesting/system/oe/load/SimpleInsert'
  0x00007e5bdc577d60: ;   {no_reloc}
  0x00007e5bdc577d60: e87b a59b | 1766 6666 | 0f1f 8400 | 0000 0000 | 8984 2400 | c0fe ff55 | 4881 ecc0 | 0000 0090 
  0x00007e5bdc577d80: 4181 7f20 | 0100 0000 | 0f85 1804 | 0100 488b | 6e50 4c8b | 6e20 448b | 1e44 895c | 2450 488b 
  0x00007e5bdc577da0: 5e10 448b | 5648 4489 | 5424 5444 | 8b5e 4044 | 895c 2438 | 4c8b 7638 | 4c8b 5630 | 4c89 5424 
  0x00007e5bdc577dc0: 404c 8b56 | 284c 8954 | 2410 448b | 5e18 4489 | 5c24 5844 | 8b56 0844 | 8954 2448 | 488b fe49 
  0x00007e5bdc577de0: ba20 a2fe | f35b 7e00 | 0041 ffd2 

  0x00007e5bdc577dec: ;   {other}
  0x00007e5bdc577dec: 0f1f 8400 | 0000 0000 | 4885 ed0f | 84c8 6a00 | 004c 8bd5 | 448b 5d08 

  0x00007e5bdc577e04: ;   {metadata('org/apache/derbyTesting/system/oe/load/SimpleInsert')}
  0x00007e5bdc577e04: 49b8 c86e | 0d94 ad71 | 0000 49b9 | 0000 0093 | ad71 0000 | 4d03 cb4d | 8b59 384d | 3bd8 0f85 
  0x00007e5bdc577e24: 7fb8 0000 | 4c8b cd4d | 85ed 0f84 | 9c6a 0000 | 458b 5d08 

  0x00007e5bdc577e38: ;   {metadata({type array int})}
  0x00007e5bdc577e38: 4181 fb70 | 2700 000f | 8562 b800 | 004d 8bdd | 4885 db0f | 8487 6a00 | 008b 4b08 

  0x00007e5bdc577e54: ;   {metadata('java/sql/Timestamp')}
  0x00007e5bdc577e54: 81f9 7891 | 0201 0f85 | 47b8 0000 

  0x00007e5bdc577e60: ; implicit exception: dispatches to 0x00007e5bdc587648
  0x00007e5bdc577e60: 458b 430c 

  0x00007e5bdc577e64: ; implicit exception: dispatches to 0x00007e5bdc583647
  0x00007e5bdc577e64: 458b 5608 

  0x00007e5bdc577e68: ;   {metadata('org/h2/jdbc/JdbcPreparedStatement')}
  0x00007e5bdc577e68: 4181 fa00 | a00d 010f | 851f b800 | 004c 8b6c | 2440 458b 

  0x00007e5bdc577e7c: ;   {metadata('org/h2/jdbc/JdbcPreparedStatement')}
  0x00007e5bdc577e7c: 5508 4181 | fa00 a00d | 010f 8515 | b800 0048 | 8b4c 2410 

  0x00007e5bdc577e90: ; implicit exception: dispatches to 0x00007e5bdc583651
  0x00007e5bdc577e90: 448b 5108 

  0x00007e5bdc577e94: ;   {metadata('org/h2/jdbc/JdbcPreparedStatement')}
  0x00007e5bdc577e94: 4181 fa00 | a00d 010f | 85b0 b700 | 004d 85c9 | 0f84 a7b7 | 0000 4489 | 4424 084c | 895c 2428 
  0x00007e5bdc577eb4: 4c89 0c24 | 4889 4c24 | 304c 8974 | 2410 4889 | 4c24 604c | 8974 2470 | 4d8b d544 | 8954 240c 
  0x00007e5bdc577ed4: 4c89 6c24 | 6844 0fbf | 5c24 5444 | 895c 2478 | 440f b654 | 2458 4489 | 5424 184c | 8bd9 4489 
  0x00007e5bdc577ef4: 5c24 1c44 | 8b54 2454 | 4181 e2ff | 0300 0044 | 8954 247c | 4889 9c24 | a800 0000 | e940 1200 
  0x00007e5bdc577f14: 004c 8b54 | 2460 458b | 5a14 eb14 | 4c8b 5424 | 6045 8b5a | 14eb 094c | 8b54 2460 | 458b 5a14 
  0x00007e5bdc577f34: 448b 4424 | 5841 81f8 | bc02 0000 | 0f8e 8604 | 0000 418b | 6b0c 83fd | ff0f 8525 | ad00 0041 
  0x00007e5bdc577f54: 8b6b 1044 

  0x00007e5bdc577f58: ;   {metadata('org/h2/message/TraceSystem')}
  0x00007e5bdc577f58: 8b5d 0841 | 81fb 2813 | 0801 0f85 | 60a2 0000 | 4c8b d541 | 8b6a 1483 | fd04 0f84 | 6caf 0000 
  0x00007e5bdc577f78: 83fd 030f | 8da3 af00 | 0045 85c0 | 0f8c 2ead | 0000 4181 | f880 0000 | 000f 8cae 

  0x00007e5bdc577f94: ;   {oop(a 'org/h2/value/ValueInteger'[256] {0x0000000040b05e58})}
  0x00007e5bdc577f94: 3f00 0049 | ba58 5eb0 | 4000 0000 | 0044 8b44 | 2418 478b | 5c82 1045 | 85db 740f | 458b 430c 
  0x00007e5bdc577fb4: 443b 4424 | 580f 8487 | 0000 0049 | 8b87 5003 | 0000 4c8b | d049 83c2 | 104d 3b97 | 5803 0000 
  0x00007e5bdc577fd4: 0f83 4e55 | 0000 4d89 | 9750 0300 | 004c 8bd0 | 4d8b da49 | c1eb 0649 | b800 0040 | 30af 7100 
  0x00007e5bdc577ff4: 004d 03d8 | 49c1 ea03 | 450f b603 | 4983 e207 | 458b d241 | b901 0000 | 00c4 4229 | f7c9 450b 
  0x00007e5bdc578014: c145 8803 | 48c7 0001 

  0x00007e5bdc57801c: ;   {metadata('org/h2/value/ValueInteger')}
  0x00007e5bdc57801c: 0000 00c7 | 4008 e057 | 0201 448b | 5c24 5844 | 8958 0c4c 

  0x00007e5bdc578030: ;   {oop(a 'org/h2/value/ValueInteger'[256] {0x0000000040b05e58})}
  0x00007e5bdc578030: 8bd8 49ba | 585e b040 | 0000 0000 | 448b 4424 | 1847 895c | 8210 4c8b | 5424 6045 | 8b42 3841 
  0x00007e5bdc578050: 8b68 2c44 

  0x00007e5bdc578054: ;   {metadata('org/h2/engine/SessionLocal')}
  0x00007e5bdc578054: 8b55 0841 | 81fa 40f4 | 0201 0f85 | 94a1 0000 | 4c8b d545 | 8b82 f800 | 0000 418b 

  0x00007e5bdc578070: ;   {oop(a 'org/h2/engine/SessionLocal$State'{0x0000000040a090b8})}
  0x00007e5bdc578070: 680c 81fd | b890 a040 | 0f84 d6ae | 0000 4c8b | 5424 6041 | 8b6a 5044 

  0x00007e5bdc578088: ;   {metadata('org/h2/command/CommandContainer')}
  0x00007e5bdc578088: 8b45 0841 | 81f8 001e | 0a01 0f85 | a0a1 0000 | 4c8b d545 | 8b52 2445 | 8b42 3441 | 8b48 1085 
  0x00007e5bdc5780a8: c90f 8e51 | ac00 0041 | 0fb6 6a25 | 85ed 0f85 | d8ae 0000 | 85c9 0f84 | 74a0 0000 | 418b 6814 
  0x00007e5bdc5780c8: ; implicit exception: dispatches to 0x00007e5bdc586b6c
  0x00007e5bdc5780c8: 448b 550c | 4585 d20f | 86a3 a100 | 0044 8b55 | 1045 8b42 

  0x00007e5bdc5780dc: ;   {metadata('org/h2/expression/Parameter')}
  0x00007e5bdc5780dc: 0841 81f8 | d834 0c01 | 0f85 fabb | 0000 4c8b | 4424 6045 | 8b40 5449 | 8bea 4585 | c00f 8555 
  0x00007e5bdc5780fc: ac00 0044 | 895d 144c | 8b54 2460 | 458b 5214 

  0x00007e5bdc57810c: ; implicit exception: dispatches to 0x00007e5bdc586bdc
  0x00007e5bdc57810c: 418b 6a0c | 83fd ff0f | 857f ac00 | 0041 8b6a | 1044 8b5d 

  0x00007e5bdc578120: ;   {metadata('org/h2/message/TraceSystem')}
  0x00007e5bdc578120: 0841 81fb | 2813 0801 | 0f85 8aa1 | 0000 4c8b | d541 8b6a | 1483 fd04 | 0f84 96ae | 0000 83fd 
  0x00007e5bdc578140: 030f 8dcd | ae00 004c | 8b54 2460 | 458b 5a38 

  0x00007e5bdc578150: ; implicit exception: dispatches to 0x00007e5bdc587478
  0x00007e5bdc578150: 418b 6b2c 

  0x00007e5bdc578154: ; implicit exception: dispatches to 0x00007e5bdc5874a8
  0x00007e5bdc578154: 448b 5508 

  0x00007e5bdc578158: ;   {metadata('org/h2/engine/SessionLocal')}
  0x00007e5bdc578158: 4181 fa40 | f402 010f | 858b a100 | 004c 8bd5 | 458b 9af8 | 0000 0041 

  0x00007e5bdc578170: ;   {oop(a 'org/h2/engine/SessionLocal$State'{0x0000000040a090b8})}
  0x00007e5bdc578170: 8b6b 0c81 | fdb8 90a0 | 400f 84cd | ae00 004c | 8b54 2460 | 4589 6258 | 418b 6a40 | 85ed 0f85 
  0x00007e5bdc578190: e8ae 0000 | 418b 6a44 | 85ed 0f85 | 14af 0000 | 4588 6235 | f083 4424 | c000 458b | 523c 4489 
  0x00007e5bdc5781b0: 5424 244c | 8b54 2460 | 49c7 4220 | ffff ffff | 4589 6240 | 4589 6244 | 448b 5424 | 2445 85d2 
  0x00007e5bdc5781d0: 0f84 b69f | 0000 4c89 | 5424 484c | 8b5c 2448 | 488d 9c24 | b000 0000 | 498b 03a8 | 020f 8523 
  0x00007e5bdc5781f0: 0000 0048 | 83c8 0148 | 8903 f049 | 0fb1 1b0f | 8437 0000 | 0048 2bc4 | 4825 07f0 | ffff 4889 
  0x00007e5bdc578210: 03e9 2400 | 0000 4c8b | d048 33c0 | f04d 0fb1 | 7a3e 48c7 | 0303 0000 | 0074 114c | 3bf8 7515 
  0x00007e5bdc578230: 49ff 8286 | 0000 0048 | 33c0 7509 | 49ff 8768 | 0800 0033 | c00f 85d5 | a000 004c | 8b54 2460 
  0x00007e5bdc578250: 458b 5a50 | 458b 5238 | 4585 db74 | 0e44 8b44 | 241c 4589 | 424c 4d8b | d3eb 0745 | 8962 4c45 
  0x00007e5bdc578270: ;   {no_reloc}
  0x00007e5bdc578270: 33d2 4c8b | 5c24 6045 | 8953 48f0 | 8344 24c0 | 0045 8b43 | 6041 8b6b | 5044 8b5d 

  0x00007e5bdc57828c: ;   {metadata('org/h2/command/CommandContainer')}
  0x00007e5bdc57828c: 0841 81fb | 001e 0a01 | 0f85 a3a0 | 0000 488b | f549 8bd0 

  0x00007e5bdc5782a0: ;   {optimized virtual_call}
  0x00007e5bdc5782a0: 6666 90e8 

  0x00007e5bdc5782a4: ; ImmutableOopMap {[0]=Oop [12]=NarrowOop [16]=Oop [28]=NarrowOop [36]=NarrowOop [40]=Oop [48]=Oop [64]=Oop [72]=Oop [96]=Oop [104]=Oop [112]=Oop }
                      ;*invokeinterface executeUpdate {reexecute=0 rethrow=0 return_oop=1}
                      ; - org.h2.jdbc.JdbcPreparedStatement::executeUpdateInternal@27 (line 209)
                      ; - org.h2.jdbc.JdbcPreparedStatement::executeUpdate@16 (line 169)
                      ; - org.apache.derbyTesting.system.oe.load.SimpleInsert::orderTable@453 (line 441)
  0x00007e5bdc5782a4: 9899 fdff 

  0x00007e5bdc5782a8: ;   {other}
  0x00007e5bdc5782a8: 0f1f 8400 | 9816 0000 

  0x00007e5bdc5782b0: ; implicit exception: dispatches to 0x00007e5bdc586cac
  0x00007e5bdc5782b0: 4c8b 5010 | 4c8b 5c24 | 604d 8953 | 2045 8b5b | 3845 8963 | 4c4c 8b54 | 2460 4589 | 6248 f083 
  0x00007e5bdc5782d0: 4424 c000 | 4c8b 5c24 | 4848 8d84 | 24b0 0000 | 0048 8338 | 000f 8479 | 0000 004d | 8b13 41f6 
  0x00007e5bdc5782f0: c202 0f84 | 6200 0000 | 4983 ba86 | 0000 0000 | 7409 49ff | 8a86 0000 | 00eb 4b49 | 8b82 9600 
  0x00007e5bdc578310: 0000 490b | 828e 0000 | 0075 0a49 | c742 3e00 | 0000 00eb | 3d49 83ba | 9e00 0000 | 0074 2248 
  0x00007e5bdc578330: 33c0 49c7 | 423e 0000 | 0000 f083 | 0424 0049 | 83ba 9e00 | 0000 0075 | 0df0 4d0f | b17a 3e75 
  0x00007e5bdc578350: 0583 c801 | eb0c a800 | eb08 4c8b | 10f0 4d0f | b113 750a | 49ff 8f68 | 0800 0045 | 33d2 0f85 
  0x00007e5bdc578370: 08a0 0000 | 4c8b 5424 | 604d 8b52 | 2049 81fa | ffff ff7f | 7e46 41bb | ffff ff7f | 4d3b d3bd 
  0x00007e5bdc578390: ffff ffff | 7c08 400f | 95c5 400f | b6ed be45 | ffff ff48 

  0x00007e5bdc5783a4: ;   {no_reloc}
  0x00007e5bdc5783a4: 8944 24f8 | 8b44 2438 | 8944 240c | 488b 4424 | f848 ff74 | 2428 488f 

  0x00007e5bdc5783bc: ;   {runtime_call UncommonTrapBlob}
  0x00007e5bdc5783bc: 4424 18e8 

  0x00007e5bdc5783c0: ; ImmutableOopMap {[0]=Oop [16]=Oop [24]=Oop [64]=Oop [96]=Oop }
                      ;*ifgt {reexecute=1 rethrow=0 return_oop=0}
                      ; - (reexecute) org.h2.jdbc.JdbcPreparedStatement::executeUpdate@25 (line 170)
                      ; - org.apache.derbyTesting.system.oe.load.SimpleInsert::orderTable@453 (line 441)
  0x00007e5bdc5783c0: 3c1f 6fff 

  0x00007e5bdc5783c4: ;   {other}
  0x00007e5bdc5783c4: 0f1f 8400 | b417 0001 | 4c8b 1424 | 458b 5218 | 4c63 5c24 | 584c 895c | 2420 448b | 4424 5841 
  0x00007e5bdc5783e4: c1f8 1f4d | 69db d34d | 6210 49c1 | fb26 458b | cb45 2bc8 | 4569 c1e8 | 0300 0044 | 8b5c 2458 
  0x00007e5bdc578404: 453b d80f | 84b8 4b00 | 0044 8b5c | 2458 41ff | c344 895c | 243c 443b | 5c24 080f | 8f97 4d00 
  0x00007e5bdc578424: 004c 8b54 | 2470 458b | 5a14 418b | 6b0c 83fd | ff0f 8529 | 9400 0041 | 8b6b 1044 

  0x00007e5bdc578440: ;   {metadata('org/h2/message/TraceSystem')}
  0x00007e5bdc578440: 8b55 0841 | 81fa 2813 | 0801 0f85 | e089 0000 | 4c8b d541 | 8b6a 1483 | fd04 0f84 | fc96 0000 
  0x00007e5bdc578460: 83fd 030f | 8d4f 9700 | 0044 8b5c | 243c 4585 | db0f 8c49 | 9400 0045 | 0fb6 d344 | 8954 2418 
  0x00007e5bdc578480: 4181 fb80 | 0000 000f | 8c82 2c00 

  0x00007e5bdc57848c: ;   {oop(a 'org/h2/value/ValueInteger'[256] {0x0000000040b05e58})}
  0x00007e5bdc57848c: 0049 ba58 | 5eb0 4000 | 0000 0044 | 8b44 2418 | 478b 5c82 | 1045 85db | 740f 458b | 530c 443b 
  0x00007e5bdc5784ac: 5424 3c0f | 8487 0000 | 0049 8b87 | 5003 0000 | 4c8b d049 | 83c2 104d | 3b97 5803 | 0000 0f83 
  0x00007e5bdc5784cc: e14f 0000 | 4d89 9750 | 0300 004c | 8bd0 4d8b | da49 c1eb | 0649 b800 | 0040 30af | 7100 004d 
  0x00007e5bdc5784ec: 03d8 49c1 | ea03 450f | b60b 4983 | e207 458b | c241 ba01 | 0000 00c4 | 4239 f7d2 | 450b ca45 
  0x00007e5bdc57850c: 880b 48c7 | 0001 0000 

  0x00007e5bdc578514: ;   {metadata('org/h2/value/ValueInteger')}
  0x00007e5bdc578514: 00c7 4008 | e057 0201 | 448b 5c24 | 3c44 8958 | 0c4c 8bd8 

  0x00007e5bdc578528: ;   {oop(a 'org/h2/value/ValueInteger'[256] {0x0000000040b05e58})}
  0x00007e5bdc578528: 49ba 585e | b040 0000 | 0000 448b | 4424 1847 | 895c 8210 | 4c8b 5424 | 7045 8b52 | 3841 8b6a 
  0x00007e5bdc578548: 2c44 8b45 

  0x00007e5bdc57854c: ;   {metadata('org/h2/engine/SessionLocal')}
  0x00007e5bdc57854c: 0841 81f8 | 40f4 0201 | 0f85 2289 | 0000 4c8b | d545 8b92 | f800 0000 

  0x00007e5bdc578564: ; implicit exception: dispatches to 0x00007e5bdc585fc4
  0x00007e5bdc578564: 418b 6a0c 

  0x00007e5bdc578568: ;   {oop(a 'org/h2/engine/SessionLocal$State'{0x0000000040a090b8})}
  0x00007e5bdc578568: 81fd b890 | a040 0f84 | 9096 0000 | 4c8b 5424 | 7041 8b6a | 5044 8b55 

  0x00007e5bdc578580: ;   {metadata('org/h2/command/CommandContainer')}
  0x00007e5bdc578580: 0841 81fa | 001e 0a01 | 0f85 4a89 | 0000 4c8b | d545 8b42 | 2445 8b48 | 3445 8b51 | 1045 85d2 
  0x00007e5bdc5785a0: 0f8e 6a93 | 0000 410f | b668 2585 | ed0f 85ad | 9600 0045 | 85d2 0f84 | a887 0000 | 418b 6914 
  0x00007e5bdc5785c0: ; implicit exception: dispatches to 0x00007e5bdc586074
  0x00007e5bdc5785c0: 448b 450c | 4585 c00f | 8667 8900 | 0044 8b55 | 1045 8b4a 

  0x00007e5bdc5785d4: ;   {metadata('org/h2/expression/Parameter')}
  0x00007e5bdc5785d4: 0841 81f9 | d834 0c01 | 0f85 52b7 | 0000 4c8b | 4424 7045 | 8b48 5449 | 8bea 4585 | c90f 8581 
  0x00007e5bdc5785f4: 9300 0044 | 895d 1444 | 8b54 2458 | 443b 5424 | 080f 83c1 | 8700 004c | 8b54 2428 | 448b 4424 
  0x00007e5bdc578614: 5847 8b5c | 8210 4489 | 5c24 244c | 8b54 2470 | 458b 5a14 

  0x00007e5bdc578628: ; implicit exception: dispatches to 0x00007e5bdc5860f4
  0x00007e5bdc578628: 418b 6b0c | 83fd ff0f | 85a3 9300 | 0041 8b6b | 1044 8b5d 

  0x00007e5bdc57863c: ;   {metadata('org/h2/message/TraceSystem')}
  0x00007e5bdc57863c: 0841 81fb | 2813 0801 | 0f85 4689 | 0000 4c8b | d541 8b6a | 1483 fd04 | 0f84 6296 | 0000 83fd 
  0x00007e5bdc57865c: 030f 8db5 | 9600 0044 | 8b5c 2424 | 4585 db0f | 8cc3 9300 | 0041 81fb | 8000 0000 | 0f8c b72a 
  0x00007e5bdc57867c: 0000 410f 

  0x00007e5bdc578680: ;   {oop(a 'org/h2/value/ValueInteger'[256] {0x0000000040b05e58})}
  0x00007e5bdc578680: b6eb 49ba | 585e b040 | 0000 0000 | 458b 5caa | 1045 85db | 740f 458b | 430c 443b | 4424 240f 
  0x00007e5bdc5786a0: 8485 0000 | 0049 8b87 | 5003 0000 | 4c8b d049 | 83c2 104d | 3b97 5803 | 0000 0f83 | 0d4e 0000 
  0x00007e5bdc5786c0: 4d89 9750 | 0300 004c | 8bd0 4d8b | da49 c1eb | 0649 b800 | 0040 30af | 7100 004d | 03d8 49c1 
  0x00007e5bdc5786e0: ea03 450f | b603 4983 | e207 458b | d2b9 0100 | 0000 c462 | 29f7 c945 | 0bc1 4588 | 0348 c700 
  0x00007e5bdc578700: 0100 0000 

  0x00007e5bdc578704: ;   {metadata('org/h2/value/ValueInteger')}
  0x00007e5bdc578704: c740 08e0 | 5702 0144 | 8960 0c44 | 8b54 2424 | 4489 500c 

  0x00007e5bdc578718: ;   {oop(a 'org/h2/value/ValueInteger'[256] {0x0000000040b05e58})}
  0x00007e5bdc578718: 4c8b d849 | ba58 5eb0 | 4000 0000 | 0045 895c | aa10 4c8b | 5424 7045 | 8b42 3841 | 8b68 2c44 
  0x00007e5bdc578738: ;   {metadata('org/h2/engine/SessionLocal')}
  0x00007e5bdc578738: 8b55 0841 | 81fa 40f4 | 0201 0f85 | 9488 0000 | 4c8b d545 | 8b82 f800 | 0000 418b 

  0x00007e5bdc578754: ;   {oop(a 'org/h2/engine/SessionLocal$State'{0x0000000040a090b8})}
  0x00007e5bdc578754: 680c 81fd | b890 a040 | 0f84 0296 | 0000 4c8b | 5424 7041 | 8b6a 5044 

  0x00007e5bdc57876c: ;   {metadata('org/h2/command/CommandContainer')}
  0x00007e5bdc57876c: 8b45 0841 | 81f8 001e | 0a01 0f85 | bc88 0000 | 4c8b d545 | 8b52 2445 | 8b42 3445 | 8b48 1045 
  0x00007e5bdc57878c: 85c9 0f8e | 0093 0000 | 410f b66a | 2585 ed0f | 851f 9600 | 0041 83f9 | 030f 8e71 | 9600 0045 
  0x00007e5bdc5787ac: 85c9 0f8c | e088 0000 | 4183 f903 | 0f86 3e89 | 0000 418b | 6814 448b | 550c 4183 | fa03 0f86 
  0x00007e5bdc5787cc: 9489 0000 | 448b 551c 

  0x00007e5bdc5787d4: ; implicit exception: dispatches to 0x00007e5bdc586270
  0x00007e5bdc5787d4: 458b 4208 

  0x00007e5bdc5787d8: ;   {metadata('org/h2/expression/Parameter')}
  0x00007e5bdc5787d8: 4181 f8d8 | 340c 010f | 85b3 b500 | 004c 8b44 | 2470 458b | 4854 498b | ea45 85c9 | 0f85 0293 
  0x00007e5bdc5787f8: 0000 4489 | 5d14 498b | 8750 0300 | 004c 8bd0 | 4983 c220 | 4d3b 9758 | 0300 000f | 837b 4c00 
  0x00007e5bdc578818: 004d 8997 | 5003 0000 | 4c8b d04d | 8bda 49c1 | eb06 49b8 | 0000 4030 | af71 0000 | 4d03 d849 
  0x00007e5bdc578838: c1ea 0345 | 0fb6 0b49 | 83e2 0745 | 8bc2 41ba | 0100 0000 | c442 39f7 | d245 0bca | 4588 0b48 
  0x00007e5bdc578858: c700 0100 

  0x00007e5bdc57885c: ;   {metadata('java/sql/Timestamp')}
  0x00007e5bdc57885c: 0000 c740 | 0878 9102 | 0144 8960 | 0c4c 8960 | 104c 8960 | 184c 8bd0 | 4c89 9424 | a800 0000 
  0x00007e5bdc57887c: 49ba b03b | f3f3 5b7e | 0000 41ff 

  0x00007e5bdc578888: ;   {other}
  0x00007e5bdc578888: d20f 1f84 | 0000 0000 | 004c 8bc0 | 48b8 cff7 | 53e3 a59b | c420 49f7 | e84d 8bd0 | 49c1 fa3f 
  0x00007e5bdc5788a8: 48c1 fa07 | 492b d24c | 69d2 e803 | 0000 4c8b | 9c24 a800 | 0000 4d89 | 5310 4d8b | d84d 2bda 
  0x00007e5bdc5788c8: 4d69 d340 | 420f 0041 | 8bea 4c8b | 9424 a800 | 0000 4189 | 6a18 85ed | 0f8c 6695 | 0000 488b 
  0x00007e5bdc5788e8: 7424 70ba | 0500 0000 

  0x00007e5bdc5788f0: ;   {optimized virtual_call}
  0x00007e5bdc5788f0: 498b cae8 

  0x00007e5bdc5788f4: ; ImmutableOopMap {[0]=Oop [12]=NarrowOop [16]=Oop [28]=NarrowOop [40]=Oop [48]=Oop [64]=Oop [96]=Oop [104]=Oop [112]=Oop [168]=Oop }
                      ;*invokeinterface setTimestamp {reexecute=0 rethrow=0 return_oop=0}
                      ; - org.apache.derbyTesting.system.oe.load.SimpleInsert::orderTable@116 (line 398)
  0x00007e5bdc5788f4: c8a2 f9ff 

  0x00007e5bdc5788f8: ;   {other}
  0x00007e5bdc5788f8: 0f1f 8400 | e81c 0002 | 448b 5c24 | 3c41 81fb | bc02 0000 | 0f8e 3b01 | 0000 4c8b | 5424 7045 
  0x00007e5bdc578918: 8b52 1441 | 8b6a 0c83 | fdff 0f85 | b0a4 0000 | 418b 6a10 

  0x00007e5bdc57892c: ; implicit exception: dispatches to 0x00007e5bdc586da0
  0x00007e5bdc57892c: 448b 5d08 

  0x00007e5bdc578930: ;   {metadata('org/h2/message/TraceSystem')}
  0x00007e5bdc578930: 4181 fb28 | 1308 010f | 8567 9a00 | 004c 8bd5 | 418b 6a14 | 83fd 040f | 849f a700 | 0083 fd03 
  0x00007e5bdc578950: 0f8d f2a7 | 0000 4c8b | 5424 7045 | 8b5a 3841 | 8b6b 2c44 

  0x00007e5bdc578964: ;   {metadata('org/h2/engine/SessionLocal')}
  0x00007e5bdc578964: 8b55 0841 | 81fa 40f4 | 0201 0f85 | 849a 0000 | 4c8b d545 | 8b9a f800 | 0000 418b 

  0x00007e5bdc578980: ;   {oop(a 'org/h2/engine/SessionLocal$State'{0x0000000040a090b8})}
  0x00007e5bdc578980: 6b0c 81fd | b890 a040 | 0f84 0ea8 | 0000 4c8b | 5424 7041 | 8b6a 5044 

  0x00007e5bdc578998: ;   {metadata('org/h2/command/CommandContainer')}
  0x00007e5bdc578998: 8b5d 0841 | 81fb 001e | 0a01 0f85 | a49a 0000 | 4c8b d545 | 8b52 2445 | 8b42 3445 | 8b48 1045 
  0x00007e5bdc5789b8: 85c9 0f8e | 64a4 0000 | 410f b66a | 2585 ed0f | 8523 a800 | 0041 83f9 | 050f 8e6d | a800 0045 
  0x00007e5bdc5789d8: 85c9 0f8c | c09a 0000 | 4183 f905 | 0f86 1a9b | 0000 498b | f0ba 0500 

  0x00007e5bdc5789f0: ;   {optimized virtual_call}
  0x00007e5bdc5789f0: 0000 90e8 

  0x00007e5bdc5789f4: ; ImmutableOopMap {[0]=Oop [12]=NarrowOop [16]=Oop [28]=NarrowOop [40]=Oop [48]=Oop [64]=Oop [96]=Oop [104]=Oop [112]=Oop [168]=Oop }
                      ;*invokevirtual elementData {reexecute=0 rethrow=0 return_oop=1}
                      ; - java.util.ArrayList::get@11 (line 428)
                      ; - org.h2.jdbc.JdbcPreparedStatement::setParameter@43 (line 1398)
                      ; - org.h2.jdbc.JdbcPreparedStatement::setNull@49 (line 340)
                      ; - org.apache.derbyTesting.system.oe.load.SimpleInsert::orderTable@169 (line 405)
  0x00007e5bdc5789f4: c82d 3bf8 

  0x00007e5bdc5789f8: ;   {other}
  0x00007e5bdc5789f8: 0f1f 8400 | e81d 0003 

  0x00007e5bdc578a00: ; implicit exception: dispatches to 0x00007e5bdc586f30
  0x00007e5bdc578a00: 448b 5808 

  0x00007e5bdc578a04: ;   {metadata('org/h2/expression/Parameter')}
  0x00007e5bdc578a04: 4181 fbd8 | 340c 010f | 8547 b500 | 004c 8b54 | 2470 418b | 6a54 85ed | 0f85 66a4 

  0x00007e5bdc578a20: ;   {oop(a 'org/h2/value/ValueNull'{0x0000000040a08e30})}
  0x00007e5bdc578a20: 0000 c740 | 1430 8ea0 | 4048 8b74 | 2470 ba08 | 0000 00b9 | 0500 0000 

  0x00007e5bdc578a38: ;   {optimized virtual_call}
  0x00007e5bdc578a38: 6666 90e8 

  0x00007e5bdc578a3c: ; ImmutableOopMap {[0]=Oop [12]=NarrowOop [16]=Oop [28]=NarrowOop [40]=Oop [48]=Oop [64]=Oop [96]=Oop [104]=Oop [112]=Oop [168]=Oop }
                      ;*invokeinterface setNull {reexecute=0 rethrow=0 return_oop=0}
                      ; - org.apache.derbyTesting.system.oe.load.SimpleInsert::orderTable@178 (line 406)
  0x00007e5bdc578a3c: 6005 faff 

  0x00007e5bdc578a40: ;   {other}
  0x00007e5bdc578a40: 0f1f 8400 | 301e 0004 | e903 0600 | 004c 8b14 | 2445 8b5a | 1c41 8b6b | 1844 8b55 

  0x00007e5bdc578a5c: ;   {metadata('java/util/Random')}
  0x00007e5bdc578a5c: 0841 81fa | e02d 1800 | 0f85 5a88 | 0000 4c8b | c545 8b50 | 1849 8b42 | 1048 8bc8 | 49bb 6de6 
  0x00007e5bdc578a7c: ecde 0500 | 0000 490f | afcb 4c8d | 590b 49b9 | ffff ffff | ffff 0000 | 4d23 d9f0 | 4d0f b15a 
  0x00007e5bdc578a9c: 1040 0f94 | c540 0fb6 | ed85 ed0f | 84bb 9a00 | 0045 8b58 | 1849 8b43 | 104c 8bc8 | 49ba 6de6 
  0x00007e5bdc578abc: ecde 0500 | 0000 4d0f | afca 48c1 | e105 4c8b | c149 83c1 | 0b4d 8bd1 | 48b9 ffff | ffff ffff 
  0x00007e5bdc578adc: 0000 4c23 | d1f0 4d0f | b153 1041 | 0f94 c245 | 0fb6 d249 | 81c0 6001 | 0000 48b9 | 0000 00f8 
  0x00007e5bdc578afc: ffff 1f00 | 4c23 c145 | 85d2 0f84 | bc9a 0000 | 4c8b 5424 | 7045 8b5a | 1449 c1e9 | 1549 81e1 
  0x00007e5bdc578b1c: ffff ff07 | 4d03 c8c4 | c1fb 2ac1 

  0x00007e5bdc578b28: ;   {section_word}
  0x00007e5bdc578b28: c5fb 5905 | 10f2 ffff 

  0x00007e5bdc578b30: ;   {section_word}
  0x00007e5bdc578b30: c5fb 5905 | 18f2 ffff 

  0x00007e5bdc578b38: ;   {section_word}
  0x00007e5bdc578b38: c5fb 5805 | 08f2 ffff | c57b 2cd0 | 4181 fa00 | 0000 800f | 8440 f600 | 0041 ffc2 | 4489 5424 
  0x00007e5bdc578b58: 2045 0fbf | d244 8954 | 2448 418b | 6b0c 83fd | ff0f 8531 | 9300 0041 | 8b6b 1044 

  0x00007e5bdc578b74: ;   {metadata('org/h2/message/TraceSystem')}
  0x00007e5bdc578b74: 8b55 0841 | 81fa 2813 | 0801 0f85 | 8c87 0000 | 4c8b d541 | 8b6a 1483 | fd04 0f84 | 9c9a 0000 
  0x00007e5bdc578b94: 83fd 030f | 8dff 9a00 | 0049 8b8f | 5003 0000 | 4c8b d149 | 83c2 104d | 3b97 5803 | 0000 0f83 
  0x00007e5bdc578bb4: 3149 0000 | 4d89 9750 | 0300 004c | 8bd1 4d8b | da49 c1eb | 0649 b800 | 0040 30af | 7100 004d 
  0x00007e5bdc578bd4: 03d8 49c1 | ea03 450f | b603 4983 | e207 458b | d241 b901 | 0000 00c4 | 4229 f7c9 | 450b c145 
  0x00007e5bdc578bf4: 8803 48c7 | 0101 0000 

  0x00007e5bdc578bfc: ;   {metadata('org/h2/value/ValueSmallint')}
  0x00007e5bdc578bfc: 00c7 4108 | 50b1 0301 | 4489 610c | 4889 4c24 | 5844 8b44 | 2420 6644 

  0x00007e5bdc578c14: ;   {oop(a 'java/lang/Class'{0x00000000408096a0} = 'org/h2/value/Value')}
  0x00007e5bdc578c14: 8941 0c49 | baa0 9680 | 4000 0000 | 0045 8b52 | 7c44 0fbf | 590c 418b | 5a0c 448b | 4b08 4d8b 
  0x00007e5bdc578c34: ;   {oop(a 'java/lang/Class'{0x0000000040002768} = 'java/lang/ref/SoftReference')}
  0x00007e5bdc578c34: 4220 48b9 | 6827 0040 | 0000 0000 | 488b 4970 | 4c3b c10f | 85a3 9a00 

  0x00007e5bdc578c4c: ;   {metadata('org/h2/value/Value'[])}
  0x00007e5bdc578c4c: 0041 81f9 | 409a 0801 | 0f85 a2b1 | 0000 4c8b | d34c 8994 | 2480 0000 | 0045 8b42 | 0c41 81e3 
  0x00007e5bdc578c6c: ff03 0000 | 4489 5c24 | 4c45 3bd8 | 0f83 6285 | 0000 478b | 5c9a 1044 | 895c 2450 | 4585 db74 
  0x00007e5bdc578c8c: 5549 8beb | 488b f566 | 9048 b850 | b103 94ad 

  0x00007e5bdc578c9c: ;   {virtual_call}
  0x00007e5bdc578c9c: 7100 00e8 

  0x00007e5bdc578ca0: ; ImmutableOopMap {rbp=Oop [0]=Oop [12]=NarrowOop [16]=Oop [28]=NarrowOop [40]=Oop [48]=Oop [64]=Oop [80]=NarrowOop [88]=Oop [96]=Oop [104]=Oop [112]=Oop [128]=Oop [168]=Oop }
                      ;*invokevirtual getValueType {reexecute=0 rethrow=0 return_oop=0}
                      ; - org.h2.value.Value::cache@69 (line 750)
                      ; - org.h2.value.ValueSmallint::get@8 (line 171)
                      ; - org.h2.jdbc.JdbcPreparedStatement::setShort@47 (line 659)
                      ; - org.apache.derbyTesting.system.oe.load.SimpleInsert::orderTable@147 (line 402)
  0x00007e5bdc578ca0: fc4c f1ff 

  0x00007e5bdc578ca4: ;   {other}
  0x00007e5bdc578ca4: 0f1f 8400 | 9420 0005 | 83f8 0a75 | 3144 8b5c | 2450 458b 

  0x00007e5bdc578cb8: ;   {metadata('org/h2/value/ValueSmallint')}
  0x00007e5bdc578cb8: 5308 4181 | fa50 b103 | 010f 8595 | b300 004c | 8bdd 4c8b | 5424 5845 | 0fbf 420c | 0fbf 6d0c 
  0x00007e5bdc578cd8: 443b c574 | 21e9 869e | 0000 4c8b | 5424 584c | 8b9c 2480 | 0000 0044 | 8b44 244c | 4789 5483 
  0x00007e5bdc578cf8: 104c 8b5c | 2458 4c8b | 5424 7045 | 8b42 3841 | 8b68 2c44 

  0x00007e5bdc578d0c: ;   {metadata('org/h2/engine/SessionLocal')}
  0x00007e5bdc578d0c: 8b55 0841 | 81fa 40f4 | 0201 0f85 | 4886 0000 | 4c8b d545 | 8b82 f800 | 0000 418b 

  0x00007e5bdc578d28: ;   {oop(a 'org/h2/engine/SessionLocal$State'{0x0000000040a090b8})}
  0x00007e5bdc578d28: 680c 81fd | b890 a040 | 0f84 5e9a | 0000 4c8b | 5424 7041 | 8b6a 5044 

  0x00007e5bdc578d40: ;   {metadata('org/h2/command/CommandContainer')}
  0x00007e5bdc578d40: 8b45 0841 | 81f8 001e | 0a01 0f85 | 9486 0000 | 4c8b d545 | 8b52 2445 | 8b42 3445 | 8b48 1045 
  0x00007e5bdc578d60: 85c9 0f8e | 9491 0000 | 410f b66a | 2585 ed0f | 859f 9a00 | 0041 83f9 | 050f 8e15 | 9b00 0045 
  0x00007e5bdc578d80: 85c9 0f8c | dc86 0000 | 4183 f905 | 0f86 5e87 | 0000 418b | 6814 448b | 550c 4183 | fa05 0f86 
  0x00007e5bdc578da0: d887 0000 | 448b 5524 

  0x00007e5bdc578da8: ; implicit exception: dispatches to 0x00007e5bdc5865bc
  0x00007e5bdc578da8: 458b 4208 

  0x00007e5bdc578dac: ;   {metadata('org/h2/expression/Parameter')}
  0x00007e5bdc578dac: 4181 f8d8 | 340c 010f | 85c7 b000 | 004c 8b44 | 2470 458b | 4054 4585 | c00f 85bd | 9100 004c 
  0x00007e5bdc578dcc: 8b44 2470 | 458b 4014 | 4589 5a14 

  0x00007e5bdc578dd8: ; implicit exception: dispatches to 0x00007e5bdc58662c
  0x00007e5bdc578dd8: 418b 680c | 83fd ff0f | 851f 9200 | 0041 8b68 | 1044 8b5d 

  0x00007e5bdc578dec: ;   {metadata('org/h2/message/TraceSystem')}
  0x00007e5bdc578dec: 0841 81fb | 2813 0801 | 0f85 0288 | 0000 4c8b | d541 8b6a | 1483 fd04 | 0f84 ea9a | 0000 83fd 
  0x00007e5bdc578e0c: 030f 8d4d | 9b00 0049 | 8b8f 5003 | 0000 4c8b | d149 83c2 | 104d 3b97 | 5803 0000 | 0f83 da46 
  0x00007e5bdc578e2c: 0000 4d89 | 9750 0300 | 004c 8bd1 | 4d8b da49 | c1eb 0649 | b800 0040 | 30af 7100 | 004d 03d8 
  0x00007e5bdc578e4c: 49c1 ea03 | 450f b60b | 4983 e207 | 458b c241 | ba01 0000 | 00c4 4239 | f7d2 450b | ca45 880b 
  0x00007e5bdc578e6c: 48c7 0101 

  0x00007e5bdc578e70: ;   {metadata('org/h2/value/ValueSmallint')}
  0x00007e5bdc578e70: 0000 00c7 | 4108 50b1 | 0301 4489 | 610c 4889 | 4c24 4844 | 8b44 2420 | 6644 8941 | 0c44 0fbf 
  0x00007e5bdc578e90: ;   {oop(a 'java/lang/Class'{0x00000000408096a0} = 'org/h2/value/Value')}
  0x00007e5bdc578e90: 410c 49ba | a096 8040 | 0000 0000 | 458b 527c 

  0x00007e5bdc578ea0: ; implicit exception: dispatches to 0x00007e5bdc587190
  0x00007e5bdc578ea0: 458b 5a0c 

  0x00007e5bdc578ea4: ; implicit exception: dispatches to 0x00007e5bdc5871f4
  0x00007e5bdc578ea4: 458b 4b08 | 498b 4a20 

  0x00007e5bdc578eac: ;   {oop(a 'java/lang/Class'{0x0000000040002768} = 'java/lang/ref/SoftReference')}
  0x00007e5bdc578eac: 48bb 6827 | 0040 0000 | 0000 488b | 5b70 483b | cb0f 85f1 

  0x00007e5bdc578ec0: ;   {metadata('org/h2/value/Value'[])}
  0x00007e5bdc578ec0: 9a00 0041 | 81f9 409a | 0801 0f85 | 24b0 0000 | 4d8b d34c | 8954 2458 | 458b 520c | 4181 e0ff 
  0x00007e5bdc578ee0: 0300 0044 | 8944 2450 | 453b c20f | 837b 8300 | 004c 8b54 | 2458 478b | 5482 1044 | 8994 2480 
  0x00007e5bdc578f00: 0000 0045 | 85d2 7459 | 498b ea48 | 8bf5 6666 | 9048 b850 | b103 94ad 

  0x00007e5bdc578f18: ;   {virtual_call}
  0x00007e5bdc578f18: 7100 00e8 

  0x00007e5bdc578f1c: ; ImmutableOopMap {rbp=Oop [0]=Oop [12]=NarrowOop [16]=Oop [28]=NarrowOop [40]=Oop [48]=Oop [64]=Oop [72]=Oop [88]=Oop [96]=Oop [104]=Oop [112]=Oop [128]=NarrowOop [168]=Oop }
                      ;*invokevirtual getValueType {reexecute=0 rethrow=0 return_oop=0}
                      ; - org.h2.value.Value::cache@69 (line 750)
                      ; - org.h2.value.ValueSmallint::get@8 (line 171)
                      ; - org.h2.jdbc.JdbcPreparedStatement::setShort@47 (line 659)
                      ; - org.apache.derbyTesting.system.oe.load.SimpleInsert::orderTable@157 (line 403)
  0x00007e5bdc578f1c: 804a f1ff 

  0x00007e5bdc578f20: ;   {other}
  0x00007e5bdc578f20: 0f1f 8400 | 1023 0006 | 83f8 0a75 | 3444 8b94 | 2480 0000 | 0045 8b5a 

  0x00007e5bdc578f38: ;   {metadata('org/h2/value/ValueSmallint')}
  0x00007e5bdc578f38: 0841 81fb | 50b1 0301 | 0f85 a6b1 | 0000 4c8b | d54c 8b5c | 2448 450f | bf5b 0c0f | bf6d 0c44 
  0x00007e5bdc578f58: 3bdd 7421 | e997 9c00 | 004c 8b54 | 2448 4d8b | da4c 8b54 | 2458 448b | 4c24 5047 | 895c 8a10 
  0x00007e5bdc578f78: 4c8b 5424 | 484c 8b5c | 2470 458b | 5b38 418b | 6b2c 448b 

  0x00007e5bdc578f8c: ;   {metadata('org/h2/engine/SessionLocal')}
  0x00007e5bdc578f8c: 4508 4181 | f840 f402 | 010f 85b5 | 8600 004c | 8bdd 458b | 9bf8 0000 | 0041 8b6b 

  0x00007e5bdc578fa8: ;   {oop(a 'org/h2/engine/SessionLocal$State'{0x0000000040a090b8})}
  0x00007e5bdc578fa8: 0c81 fdb8 | 90a0 400f | 8487 9a00 | 004c 8b5c | 2470 418b | 6b50 448b 

  0x00007e5bdc578fc0: ;   {metadata('org/h2/command/CommandContainer')}
  0x00007e5bdc578fc0: 5d08 4181 | fb00 1e0a | 010f 85ed | 8600 004c | 8bdd 458b | 4324 458b | 4834 418b | 4910 85c9 
  0x00007e5bdc578fe0: 0f8e 8a90 | 0000 410f | b668 2585 | ed0f 85b5 | 9a00 0083 | f907 0f8e | 189b 0000 | 85c9 0f8c 
  0x00007e5bdc579000: 2487 0000 | 83f9 070f | 8683 8700 | 0041 8b69 | 1444 8b45 | 0c41 83f8 | 070f 86d9 | 8700 0044 
  0x00007e5bdc579020: 8b5d 2c45 

  0x00007e5bdc579024: ;   {metadata('org/h2/expression/Parameter')}
  0x00007e5bdc579024: 8b4b 0841 | 81f9 d834 | 0c01 0f85 | 40b1 0000 | 4c8b 4424 | 7045 8b40 | 5449 8beb | 4585 c00f 
  0x00007e5bdc579044: 858f 9000 | 004d 8bda | 4489 5d14 | 4c8b 1424 | 458b 521c | 4585 d20f | 84bb 7d00 | 0049 8bf2 
  0x00007e5bdc579064: ba05 0000 | 00b9 0f00 

  0x00007e5bdc57906c: ;   {optimized virtual_call}
  0x00007e5bdc57906c: 0000 90e8 

  0x00007e5bdc579070: ; ImmutableOopMap {[0]=Oop [12]=NarrowOop [16]=Oop [28]=NarrowOop [40]=Oop [48]=Oop [64]=Oop [96]=Oop [104]=Oop [112]=Oop [168]=Oop }
                      ;*invokevirtual randomInt {reexecute=0 rethrow=0 return_oop=0}
                      ; - org.apache.derbyTesting.system.oe.load.SimpleInsert::orderTable@190 (line 409)
  0x00007e5bdc579070: 0c70 ecff 

  0x00007e5bdc579074: ;   {other}
  0x00007e5bdc579074: 0f1f 8400 | 6424 0007 | 8944 2448 | 488b 7424 | 70ba 0700 | 0000 8bc8 

  0x00007e5bdc57908c: ;   {optimized virtual_call}
  0x00007e5bdc57908c: 6666 90e8 

  0x00007e5bdc579090: ; ImmutableOopMap {[0]=Oop [12]=NarrowOop [16]=Oop [28]=NarrowOop [40]=Oop [48]=Oop [64]=Oop [96]=Oop [104]=Oop [112]=Oop [168]=Oop }
                      ;*invokeinterface setInt {reexecute=0 rethrow=0 return_oop=0}
                      ; - org.apache.derbyTesting.system.oe.load.SimpleInsert::orderTable@200 (line 410)
  0x00007e5bdc579090: cc23 efff 

  0x00007e5bdc579094: ;   {other}
  0x00007e5bdc579094: 0f1f 8400 | 8424 0008 | 488b 7424 

  0x00007e5bdc5790a0: ;   {optimized virtual_call}
  0x00007e5bdc5790a0: 7066 90e8 

  0x00007e5bdc5790a4: ; ImmutableOopMap {[0]=Oop [12]=NarrowOop [16]=Oop [28]=NarrowOop [40]=Oop [48]=Oop [64]=Oop [96]=Oop [104]=Oop [112]=Oop [168]=Oop }
                      ;*invokeinterface executeUpdate {reexecute=0 rethrow=0 return_oop=0}
                      ; - org.apache.derbyTesting.system.oe.load.SimpleInsert::orderTable@206 (line 412)
  0x00007e5bdc5790a4: 1886 efff 

  0x00007e5bdc5790a8: ;   {other}
  0x00007e5bdc5790a8: 0f1f 8400 | 9824 0009 | 488b 7424 | 68ba 0200 | 0000 8b4c 

  0x00007e5bdc5790bc: ;   {optimized virtual_call}
  0x00007e5bdc5790bc: 2438 90e8 

  0x00007e5bdc5790c0: ; ImmutableOopMap {[0]=Oop [12]=NarrowOop [16]=Oop [28]=NarrowOop [40]=Oop [48]=Oop [64]=Oop [96]=Oop [104]=Oop [112]=Oop [168]=Oop }
                      ;*invokeinterface setShort {reexecute=0 rethrow=0 return_oop=0}
                      ; - org.apache.derbyTesting.system.oe.load.SimpleInsert::orderTable@216 (line 414)
  0x00007e5bdc5790c0: 3cb9 f9ff 

  0x00007e5bdc5790c4: ;   {other}
  0x00007e5bdc5790c4: 0f1f 8400 | b424 000a | 488b 7424 | 68ba 0300 | 0000 8b4c 

  0x00007e5bdc5790d8: ;   {optimized virtual_call}
  0x00007e5bdc5790d8: 2454 90e8 

  0x00007e5bdc5790dc: ; ImmutableOopMap {[0]=Oop [12]=NarrowOop [16]=Oop [28]=NarrowOop [40]=Oop [48]=Oop [64]=Oop [96]=Oop [104]=Oop [112]=Oop [168]=Oop }
                      ;*invokeinterface setShort {reexecute=0 rethrow=0 return_oop=0}
                      ; - org.apache.derbyTesting.system.oe.load.SimpleInsert::orderTable@225 (line 415)
  0x00007e5bdc5790dc: 20b9 f9ff 

  0x00007e5bdc5790e0: ;   {other}
  0x00007e5bdc5790e0: 0f1f 8400 | d024 000b | 4c8b 5424 | 3045 8b5a 

  0x00007e5bdc5790f0: ;   {metadata('org/h2/jdbc/JdbcPreparedStatement')}
  0x00007e5bdc5790f0: 0841 81fb | 00a0 0d01 | 0f85 c280 | 0000 488b | 6c24 3048 | 8bf5 ba02 | 0000 008b 

  0x00007e5bdc57910c: ;   {optimized virtual_call}
  0x00007e5bdc57910c: 4c24 38e8 

  0x00007e5bdc579110: ; ImmutableOopMap {rbp=Oop [0]=Oop [12]=NarrowOop [16]=Oop [28]=NarrowOop [40]=Oop [48]=Oop [64]=Oop [96]=Oop [104]=Oop [112]=Oop [168]=Oop }
                      ;*invokeinterface setShort {reexecute=0 rethrow=0 return_oop=0}
                      ; - org.apache.derbyTesting.system.oe.load.SimpleInsert::orderTable@234 (line 416)
  0x00007e5bdc579110: ecb8 f9ff 

  0x00007e5bdc579114: ;   {other}
  0x00007e5bdc579114: 0f1f 8400 | 0425 000c | 488b f5ba | 0300 0000 | 8b4c 2454 

  0x00007e5bdc579128: ;   {optimized virtual_call}
  0x00007e5bdc579128: 6666 90e8 

  0x00007e5bdc57912c: ; ImmutableOopMap {rbp=Oop [0]=Oop [12]=NarrowOop [16]=Oop [28]=NarrowOop [40]=Oop [48]=Oop [64]=Oop [96]=Oop [104]=Oop [112]=Oop [168]=Oop }
                      ;*invokeinterface setShort {reexecute=0 rethrow=0 return_oop=0}
                      ; - org.apache.derbyTesting.system.oe.load.SimpleInsert::orderTable@243 (line 417)
  0x00007e5bdc57912c: d0b8 f9ff 

  0x00007e5bdc579130: ;   {other}
  0x00007e5bdc579130: 0f1f 8400 | 2025 000d | 4889 4424 | f88b 4424 | 3c89 4424 | 5848 8b44 | 24f8 41ba | 0100 0000 
  0x00007e5bdc579150: 4489 5424 | 5044 8b5c | 2458 4181 | fb80 0000 | 000f 8c96 | 1f00 0041 | 81fb bc02 | 0000 0f8f 
  0x00007e5bdc579170: af0f 0000 | e947 0100 | 000f 1f80 | 0000 0000 

  0x00007e5bdc579180: ; implicit exception: dispatches to 0x00007e5bdc58511c
  0x00007e5bdc579180: 4589 624c | 4533 d24d | 8bda 4c8b | 5424 6845 | 895a 48f0 | 8344 24c0 | 0045 8b52 | 604c 8b5c 
  0x00007e5bdc5791a0: 2468 458b | 5b50 458b | 4b08 498b 

  0x00007e5bdc5791ac: ;   {metadata('org/h2/command/CommandContainer')}
  0x00007e5bdc5791ac: f341 81f9 | 001e 0a01 | 0f85 0b56 | 0000 498b 

  0x00007e5bdc5791bc: ;   {optimized virtual_call}
  0x00007e5bdc5791bc: d266 90e8 

  0x00007e5bdc5791c0: ; ImmutableOopMap {[0]=Oop [12]=NarrowOop [16]=Oop [28]=NarrowOop [40]=Oop [48]=Oop [64]=Oop [96]=Oop [104]=Oop [112]=Oop [128]=Oop [168]=Oop }
                      ;*invokeinterface executeUpdate {reexecute=0 rethrow=0 return_oop=1}
                      ; - org.h2.jdbc.JdbcPreparedStatement::executeUpdateInternal@27 (line 209)
                      ; - org.h2.jdbc.JdbcPreparedStatement::executeUpdate@16 (line 169)
                      ; - org.apache.derbyTesting.system.oe.load.SimpleInsert::orderTable@421 (line 437)
  0x00007e5bdc5791c0: 7c8a fdff 

  0x00007e5bdc5791c4: ;   {other}
  0x00007e5bdc5791c4: 0f1f 8400 | b425 000e 

  0x00007e5bdc5791cc: ; implicit exception: dispatches to 0x00007e5bdc584fbc
  0x00007e5bdc5791cc: 4c8b 5010 | 4c8b 5c24 | 684d 8953 | 2045 8b5b | 3845 8963 | 4c4c 8b54 | 2468 4589 | 6248 f083 
  0x00007e5bdc5791ec: 4424 c000 | 4c8b 9c24 | 8000 0000 | 488d 8424 | b000 0000 | 4883 3800 | 0f84 7900 | 0000 4d8b 
  0x00007e5bdc57920c: 1341 f6c2 | 020f 8462 | 0000 0049 | 83ba 8600 | 0000 0074 | 0949 ff8a | 8600 0000 | eb4b 498b 
  0x00007e5bdc57922c: 8296 0000 | 0049 0b82 | 8e00 0000 | 750a 49c7 | 423e 0000 | 0000 eb3d | 4983 ba9e | 0000 0000 
  0x00007e5bdc57924c: 7422 4833 | c049 c742 | 3e00 0000 | 00f0 8304 | 2400 4983 | ba9e 0000 | 0000 750d | f04d 0fb1 
  0x00007e5bdc57926c: 7a3e 7505 | 83c8 01eb | 0ca8 00eb | 084c 8b10 | f04d 0fb1 | 1375 0a49 | ff8f 6808 | 0000 4533 
  0x00007e5bdc57928c: d20f 85b1 | 5500 004c | 8b54 2468 | 4d8b 5220 | 4981 faff | ffff 7f0f | 8fe3 7300 | 004d 8b97 
  0x00007e5bdc5792ac: 7007 0000 | 448b 4424 | 5041 ffc0 | 4489 4424 

  0x00007e5bdc5792bc: ; ImmutableOopMap {[0]=Oop [12]=NarrowOop [16]=Oop [28]=NarrowOop [40]=Oop [48]=Oop [64]=Oop [96]=Oop [104]=Oop [112]=Oop [168]=Oop }
                      ;*goto {reexecute=1 rethrow=0 return_oop=0}
                      ; - (reexecute) org.apache.derbyTesting.system.oe.load.SimpleInsert::orderTable@430 (line 418)
                      ;   {poll}
  0x00007e5bdc5792bc: 5041 8502 | 448b 5c24 | 5044 3b5c | 2448 0f8f | 50ec ffff | 4c8b 5424 | 6845 8b5a | 1445 8b43 
  0x00007e5bdc5792dc: 0c41 83f8 | ff0f 85f8 | 5500 0045 | 8b5b 1045 | 8b43 084d 

  0x00007e5bdc5792f0: ;   {metadata('org/h2/message/TraceSystem')}
  0x00007e5bdc5792f0: 8bd3 4181 | f828 1308 | 010f 8585 | 4400 0045 | 8b5a 1441 | 83fb 040f | 84d8 6400 | 0041 83fb 
  0x00007e5bdc579310: 030f 8d45 | 6500 0044 | 8b54 2458 | 4585 d20f | 8c1b 5600 

  0x00007e5bdc579324: ;   {oop(a 'org/h2/value/ValueInteger'[256] {0x0000000040b05e58})}
  0x00007e5bdc579324: 0049 ba58 | 5eb0 4000 | 0000 0044 | 8b44 2418 | 478b 5482 | 1045 85d2 | 740f 458b | 420c 443b 
  0x00007e5bdc579344: 4424 580f | 8487 0000 | 0049 8b87 | 5003 0000 | 4c8b d049 | 83c2 104d | 3b97 5803 | 0000 0f83 
  0x00007e5bdc579364: 453f 0000 | 4d89 9750 | 0300 004c | 8bd0 4d8b | da49 c1eb | 0649 b800 | 0040 30af | 7100 004d 
  0x00007e5bdc579384: 03d8 49c1 | ea03 450f | b60b 4983 | e207 458b | c241 ba01 | 0000 00c4 | 4239 f7c2 | 450b c845 
  0x00007e5bdc5793a4: 880b 48c7 | 0001 0000 

  0x00007e5bdc5793ac: ;   {metadata('org/h2/value/ValueInteger')}
  0x00007e5bdc5793ac: 00c7 4008 | e057 0201 | 448b 5c24 | 5844 8958 | 0c4c 8bd0 

  0x00007e5bdc5793c0: ;   {oop(a 'org/h2/value/ValueInteger'[256] {0x0000000040b05e58})}
  0x00007e5bdc5793c0: 49bb 585e | b040 0000 | 0000 448b | 4424 1847 | 8954 8310 | 4c8b 5c24 | 6845 8b5b | 3845 8b4b 
  0x00007e5bdc5793e0: 2c45 8b41 | 084d 8bd9 

  0x00007e5bdc5793e8: ;   {metadata('org/h2/engine/SessionLocal')}
  0x00007e5bdc5793e8: 4181 f840 | f402 010f | 85ef 4300 | 0045 8b83 | f800 0000 

  0x00007e5bdc5793fc: ; implicit exception: dispatches to 0x00007e5bdc584268
  0x00007e5bdc5793fc: 458b 400c 

  0x00007e5bdc579400: ;   {oop(a 'org/h2/engine/SessionLocal$State'{0x0000000040a090b8})}
  0x00007e5bdc579400: 4181 f8b8 | 90a0 400f | 84af 6400 | 004c 8b5c | 2468 458b | 4350 458b | 4808 4d8b 

  0x00007e5bdc57941c: ;   {metadata('org/h2/command/CommandContainer')}
  0x00007e5bdc57941c: d841 81f9 | 001e 0a01 | 0f85 4244 | 0000 418b | 4b24 8b59 | 3444 8b43 | 104c 8bcb | 4585 c00f 
  0x00007e5bdc57943c: 8e6b 5500 | 0044 0fb6 | 5925 4585 | db0f 85e1 | 6400 0045 | 85c0 0f84 | 4541 0000 | 448b 4314 
  0x00007e5bdc57945c: ; implicit exception: dispatches to 0x00007e5bdc584388
  0x00007e5bdc57945c: 458b 580c | 4585 db0f | 868b 4400 | 0045 8b58 | 1045 8b4b 

  0x00007e5bdc579470: ;   {metadata('org/h2/expression/Parameter')}
  0x00007e5bdc579470: 0841 81f9 | d834 0c01 | 0f85 1aa4 | 0000 4c8b | 4424 6845 | 8b40 5445 | 85c0 0f85 | b855 0000 
  0x00007e5bdc579490: 4589 5314 | 4c8b 5424 | 6845 8b5a | 1445 8b43 | 0c41 83f8 | ff0f 8519 | 5600 0045 | 8b5b 1045 
  0x00007e5bdc5794b0: ;   {metadata('org/h2/message/TraceSystem')}
  0x00007e5bdc5794b0: 8b53 0841 | 81fa 2813 | 0801 0f85 | a844 0000 | 458b 5314 | 4183 fa04 | 0f84 d664 | 0000 4183 
  0x00007e5bdc5794d0: fa03 0f8d | 4065 0000 | 448b 5c24 | 5045 85db | 0f8c 3e56 | 0000 4181 | fb80 0000 | 000f 8c7b 
  0x00007e5bdc5794f0: 1b00 000f | b66c 2450 

  0x00007e5bdc5794f8: ;   {oop(a 'org/h2/value/ValueInteger'[256] {0x0000000040b05e58})}
  0x00007e5bdc5794f8: 49ba 585e | b040 0000 | 0000 458b | 54aa 1045 | 85d2 740f | 458b 5a0c | 443b 5c24 | 500f 8481 
  0x00007e5bdc579518: 0000 0049 | 8b87 5003 | 0000 4c8b | d049 83c2 | 104d 3b97 | 5803 0000 | 0f83 933d | 0000 4d89 
  0x00007e5bdc579538: 9750 0300 | 004c 8bd0 | 4d8b da49 | c1eb 0649 | b800 0040 | 30af 7100 | 004d 03d8 | 49c1 ea03 
  0x00007e5bdc579558: 450f b603 | 4983 e207 | 458b cab9 | 0100 0000 | c462 31f7 | d145 0bc2 | 4588 0348 | c700 0100 
  0x00007e5bdc579578: ;   {metadata('org/h2/value/ValueInteger')}
  0x00007e5bdc579578: 0000 c740 | 08e0 5702 | 0144 8b54 | 2450 4489 | 500c 4c8b 

  0x00007e5bdc57958c: ;   {oop(a 'org/h2/value/ValueInteger'[256] {0x0000000040b05e58})}
  0x00007e5bdc57958c: d049 bb58 | 5eb0 4000 | 0000 0045 | 8954 ab10 | 4c8b 5c24 | 6845 8b43 | 3845 8b58 | 2c45 8b43 
  0x00007e5bdc5795ac: ;   {metadata('org/h2/engine/SessionLocal')}
  0x00007e5bdc5795ac: 0841 81f8 | 40f4 0201 | 0f85 0e44 | 0000 458b | 83f8 0000 | 0045 8b58 

  0x00007e5bdc5795c4: ;   {oop(a 'org/h2/engine/SessionLocal$State'{0x0000000040a090b8})}
  0x00007e5bdc5795c4: 0c41 81fb | b890 a040 | 0f84 a664 | 0000 4c8b | 5c24 6845 | 8b43 5045 | 8b48 084d 

  0x00007e5bdc5795e0: ;   {metadata('org/h2/command/CommandContainer')}
  0x00007e5bdc5795e0: 8bd8 4181 | f900 1e0a | 010f 8561 | 4400 0041 | 8b4b 248b | 5934 448b | 5b10 4c8b | cb45 85db 
  0x00007e5bdc579600: 0f8e 7655 | 0000 440f | b641 2545 | 85c0 0f85 | d864 0000 | 4183 fb03 | 0f8e 4265 | 0000 4585 
  0x00007e5bdc579620: db0f 8cb1 | 4400 0041 | 83fb 030f | 8643 4500 | 0044 8b43 | 1445 8b58 | 0c41 83fb | 030f 86cd 
  0x00007e5bdc579640: 4500 0045 | 8b58 1c41 | 8b4b 084d 

  0x00007e5bdc57964c: ;   {metadata('org/h2/expression/Parameter')}
  0x00007e5bdc57964c: 8bc3 81f9 | d834 0c01 | 0f85 c6a2 | 0000 4c8b | 5c24 6845 | 8b5b 5445 | 85db 0f85 | ac55 0000 
  0x00007e5bdc57966c: 4589 5014 | 4c8b 1424 | 458b 5a1c 

  0x00007e5bdc579678: ; implicit exception: dispatches to 0x00007e5bdc584688
  0x00007e5bdc579678: 458b 5318 

  0x00007e5bdc57967c: ; implicit exception: dispatches to 0x00007e5bdc58469c
  0x00007e5bdc57967c: 458b 4208 

  0x00007e5bdc579680: ;   {metadata('java/util/Random')}
  0x00007e5bdc579680: 498b ca41 | 81f8 e02d | 1800 0f85 | f445 0000 | 448b 5118 

  0x00007e5bdc579694: ; implicit exception: dispatches to 0x00007e5bdc5846b0
  0x00007e5bdc579694: 498b 4210 | 4c8b c849 | bb6d e6ec | de05 0000 | 004d 0faf | cb4d 8d59 | 0b49 b8ff | ffff ffff 
  0x00007e5bdc5796b4: ff00 004d | 23d8 f04d | 0fb1 5a10 | 410f 94c0 | 450f b6c0 | 4585 c00f | 84db 6400 | 0044 8b51 
  0x00007e5bdc5796d4: 1849 8b42 | 1048 8bc8 | 49bb 6de6 | ecde 0500 | 0000 490f | afcb 49c1 | e105 4883 | c10b 4c8b 
  0x00007e5bdc5796f4: d949 b8ff | ffff ffff | ff00 004d | 23d8 f04d | 0fb1 5a10 | 410f 94c3 | 450f b6db | 4981 c160 
  0x00007e5bdc579714: 0100 0049 | b800 0000 | f8ff ff1f | 004d 23c8 | 4585 db0f | 84f7 6400 | 004c 8b54 | 2468 458b 
  0x00007e5bdc579734: 5a14 48c1 | e915 4881 | e1ff ffff | 0749 03c9 | c4e1 fb2a 

  0x00007e5bdc579748: ;   {section_word}
  0x00007e5bdc579748: c1c5 fb59 | 05ef e5ff 

  0x00007e5bdc579750: ;   {section_word}
  0x00007e5bdc579750: ffc5 fb59 | 05ff e5ff 

  0x00007e5bdc579758: ;   {section_word}
  0x00007e5bdc579758: ffc5 fb58 | 05e7 e5ff | ffc5 7b2c | c041 81f8 | 0000 0080 | 0f84 0aea | 0000 458d | 5001 4489 
  0x00007e5bdc579778: 5424 5c45 | 8b4b 0c41 | 83f9 ff0f | 850b 5500 | 0045 8b53 | 1041 8b4a | 084d 8bda 

  0x00007e5bdc579794: ;   {metadata('org/h2/message/TraceSystem')}
  0x00007e5bdc579794: 81f9 2813 | 0801 0f85 | 4445 0000 | 458b 5314 | 4183 fa04 | 0f84 ee64 | 0000 4183 | fa03 0f8d 
  0x00007e5bdc5797b4: 5865 0000 | 448b 5c24 | 5c45 85db | 0f8c 2e55 | 0000 458b | d341 81fa | 8000 0000 | 0f8c b918 
  0x00007e5bdc5797d4: 0000 410f 

  0x00007e5bdc5797d8: ;   {oop(a 'org/h2/value/ValueInteger'[256] {0x0000000040b05e58})}
  0x00007e5bdc5797d8: b6ea 49ba | 585e b040 | 0000 0000 | 458b 54aa | 1045 85d2 | 740d 458b | 420c 453b | c30f 8488 
  0x00007e5bdc5797f8: 0000 0049 | 8b87 5003 | 0000 4c8b | d049 83c2 | 104d 3b97 | 5803 0000 | 0f83 cf3a | 0000 4d89 
  0x00007e5bdc579818: 9750 0300 | 004c 8bd0 | 4d8b da49 | c1eb 0649 | b800 0040 | 30af 7100 | 004d 03d8 | 49c1 ea03 
  0x00007e5bdc579838: 4d8b c345 | 0fb6 0849 | 83e2 0745 | 8bd2 b901 | 0000 00c4 | 6229 f7d9 | 450b cb45 | 8808 48c7 
  0x00007e5bdc579858: 0001 0000 

  0x00007e5bdc57985c: ;   {metadata('org/h2/value/ValueInteger')}
  0x00007e5bdc57985c: 00c7 4008 | e057 0201 | 4489 600c | 448b 5424 | 5c44 8950 | 0c4c 8bd0 

  0x00007e5bdc579874: ;   {oop(a 'org/h2/value/ValueInteger'[256] {0x0000000040b05e58})}
  0x00007e5bdc579874: 49bb 585e | b040 0000 | 0000 4589 | 54ab 104c | 8b5c 2468 | 458b 4338 

  0x00007e5bdc57988c: ; implicit exception: dispatches to 0x00007e5bdc58540c
  0x00007e5bdc57988c: 458b 582c 

  0x00007e5bdc579890: ; implicit exception: dispatches to 0x00007e5bdc585480
  0x00007e5bdc579890: 458b 4b08 

  0x00007e5bdc579894: ;   {metadata('org/h2/engine/SessionLocal')}
  0x00007e5bdc579894: 4181 f940 | f402 010f | 85a3 4400 | 0045 8b9b | f800 0000 

  0x00007e5bdc5798a8: ; implicit exception: dispatches to 0x00007e5bdc584768
  0x00007e5bdc5798a8: 458b 5b0c 

  0x00007e5bdc5798ac: ;   {oop(a 'org/h2/engine/SessionLocal$State'{0x0000000040a090b8})}
  0x00007e5bdc5798ac: 4181 fbb8 | 90a0 400f | 84b7 6400 | 004c 8b5c | 2468 458b | 5b50 458b 

  0x00007e5bdc5798c4: ;   {metadata('org/h2/command/CommandContainer')}
  0x00007e5bdc5798c4: 4b08 4181 | f900 1e0a | 010f 85f9 | 4400 0045 | 8b43 2441 | 8b58 3444 | 8b5b 104c | 8bcb 4585 
  0x00007e5bdc5798e4: db0f 8e75 | 5400 0045 | 0fb6 4025 | 4585 c00f | 85eb 6400 | 0041 83fb | 040f 8e55 | 6500 0045 
  0x00007e5bdc579904: 85db 0f8c | 4845 0000 | 4183 fb04 | 0f86 da45 | 0000 448b | 5b14 458b | 4b0c 4183 | f904 0f86 
  0x00007e5bdc579924: 6446 0000 | 458b 4320 

  0x00007e5bdc57992c: ; implicit exception: dispatches to 0x00007e5bdc5848d0
  0x00007e5bdc57992c: 458b 5808 

  0x00007e5bdc579930: ;   {metadata('org/h2/expression/Parameter')}
  0x00007e5bdc579930: 4181 fbd8 | 340c 010f | 856b a000 | 004c 8b5c | 2468 458b | 5b54 4585 | db0f 85ad | 5400 0045 
  0x00007e5bdc579950: 8950 144c | 8b54 2468 | 458b 5214 

  0x00007e5bdc57995c: ; implicit exception: dispatches to 0x00007e5bdc584930
  0x00007e5bdc57995c: 458b 5a0c | 4183 fbff | 0f85 0e55 | 0000 458b | 5210 458b 

  0x00007e5bdc579970: ;   {metadata('org/h2/message/TraceSystem')}
  0x00007e5bdc579970: 4208 4181 | f828 1308 | 010f 8581 | 4600 0045 | 8b5a 1441 | 83fb 040f | 8417 6500 | 0041 83fb 
  0x00007e5bdc579990: 030f 8d81 | 6500 0049 | 8b87 5003 | 0000 4c8b | d049 83c2 | 104d 3b97 | 5803 0000 | 0f83 de38 
  0x00007e5bdc5799b0: 0000 4d89 | 9750 0300 | 004c 8bd8 | 4d8b d349 | c1ea 0649 | b800 0040 | 30af 7100 | 004d 03d0 
  0x00007e5bdc5799d0: 49c1 eb03 | 4d8b c245 | 0fb6 1049 | 83e3 0745 | 8bdb 41b9 | 0100 0000 | c442 21f7 | c945 0bd1 
  0x00007e5bdc5799f0: 4588 1048 | c700 0100 

  0x00007e5bdc5799f8: ;   {metadata('org/h2/value/ValueSmallint')}
  0x00007e5bdc5799f8: 0000 c740 | 0850 b103 | 0144 8960 | 0c44 8b5c | 2454 6644 | 8958 0c48 | 8984 2480 

  0x00007e5bdc579a14: ;   {oop(a 'java/lang/Class'{0x00000000408096a0} = 'org/h2/value/Value')}
  0x00007e5bdc579a14: 0000 0049 | baa0 9680 | 4000 0000 | 0045 8b4a | 7c45 8b51 | 0c45 8b5a | 084d 8b41 

  0x00007e5bdc579a30: ;   {oop(a 'java/lang/Class'{0x0000000040002768} = 'java/lang/ref/SoftReference')}
  0x00007e5bdc579a30: 2048 b968 | 2700 4000 | 0000 0048 | 8b49 7049 | 8bda 4c3b | c10f 852d 

  0x00007e5bdc579a48: ;   {metadata('org/h2/value/Value'[])}
  0x00007e5bdc579a48: 6500 0041 | 81fb 409a | 0801 0f85 | d89f 0000 | 4889 9c24 | 8800 0000 | 448b 530c | 448b 4424 
  0x00007e5bdc579a68: 7c45 3bc2 | 0f83 ca3b | 0000 428b | 6c83 1085 | ed74 5c4c | 8bd5 4c89 | 5424 2049 | 8bf2 6666 
  0x00007e5bdc579a88: 9048 b850 | b103 94ad 

  0x00007e5bdc579a90: ;   {virtual_call}
  0x00007e5bdc579a90: 7100 00e8 

  0x00007e5bdc579a94: ; ImmutableOopMap {rbp=NarrowOop [0]=Oop [12]=NarrowOop [16]=Oop [28]=NarrowOop [32]=Oop [40]=Oop [48]=Oop [64]=Oop [96]=Oop [104]=Oop [112]=Oop [128]=Oop [136]=Oop [168]=Oop }
                      ;*invokevirtual getValueType {reexecute=0 rethrow=0 return_oop=0}
                      ; - org.h2.value.Value::cache@69 (line 750)
                      ; - org.h2.value.ValueSmallint::get@8 (line 171)
                      ; - org.h2.jdbc.JdbcPreparedStatement::setShort@47 (line 659)
                      ; - org.apache.derbyTesting.system.oe.load.SimpleInsert::orderTable@302 (line 425)
  0x00007e5bdc579a94: 083f f1ff 

  0x00007e5bdc579a98: ;   {other}
  0x00007e5bdc579a98: 0f1f 8400 | 882e 0010 | 83f8 0a75 | 3244 8b55 

  0x00007e5bdc579aa8: ;   {metadata('org/h2/value/ValueSmallint')}
  0x00007e5bdc579aa8: 0841 81fa | 50b1 0301 | 0f85 02a5 | 0000 4c8b | 5424 204c | 8b9c 2480 | 0000 0045 | 0fbf 430c 
  0x00007e5bdc579ac8: 450f bf5a | 0c45 3bc3 | 742a e90d | 6c00 004c | 8b94 2480 | 0000 004d | 8bda 4c8b | 9424 8800 
  0x00007e5bdc579ae8: 0000 448b | 4c24 7c47 | 895c 8a10 | 4c8b 9424 | 8000 0000 | 4c8b 5c24 | 6845 8b4b | 3845 8b41 
  0x00007e5bdc579b08: 2c41 8b48 | 084d 8bd8 

  0x00007e5bdc579b10: ;   {metadata('org/h2/engine/SessionLocal')}
  0x00007e5bdc579b10: 81f9 40f4 | 0201 0f85 | 4445 0000 | 458b 9bf8 | 0000 0045 

  0x00007e5bdc579b24: ;   {oop(a 'org/h2/engine/SessionLocal$State'{0x0000000040a090b8})}
  0x00007e5bdc579b24: 8b5b 0c41 | 81fb b890 | a040 0f84 | f464 0000 | 4c8b 5c24 | 6845 8b5b | 5045 8b4b 

  0x00007e5bdc579b40: ;   {metadata('org/h2/command/CommandContainer')}
  0x00007e5bdc579b40: 0841 81f9 | 001e 0a01 | 0f85 aa45 | 0000 458b | 4b24 418b | 5934 448b | 4310 4c8b | db45 85c0 
  0x00007e5bdc579b60: 0f8e 7253 | 0000 450f | b649 2545 | 85c9 0f85 | 3c65 0000 | 4183 f805 | 0f8e ba65 | 0000 4585 
  0x00007e5bdc579b80: c00f 8c09 | 4600 0041 | 83f8 050f | 869b 4600 | 0044 8b5b | 1445 8b4b | 0c41 83f9 | 050f 8625 
  0x00007e5bdc579ba0: 4700 0045 | 8b43 2445 | 8b48 084d 

  0x00007e5bdc579bac: ;   {metadata('org/h2/expression/Parameter')}
  0x00007e5bdc579bac: 8bd8 4181 | f9d8 340c | 010f 8509 | 9f00 004c | 8b44 2468 | 458b 4054 | 4585 c00f | 85a7 5300 
  0x00007e5bdc579bcc: 0045 8953 | 1448 8b74 | 2468 ba07 | 0000 0048 | 8b8c 24a8 

  0x00007e5bdc579be0: ;   {optimized virtual_call}
  0x00007e5bdc579be0: 0000 00e8 

  0x00007e5bdc579be4: ; ImmutableOopMap {[0]=Oop [12]=NarrowOop [16]=Oop [28]=NarrowOop [40]=Oop [48]=Oop [64]=Oop [96]=Oop [104]=Oop [112]=Oop [168]=Oop }
                      ;*invokeinterface setTimestamp {reexecute=0 rethrow=0 return_oop=0}
                      ; - org.apache.derbyTesting.system.oe.load.SimpleInsert::orderTable@321 (line 427)
  0x00007e5bdc579be4: d88f f9ff 

  0x00007e5bdc579be8: ;   {other}
  0x00007e5bdc579be8: 0f1f 8400 | d82f 0011 | 488b 7424 | 68ba 0b00 | 0000 488b | 8c24 a800 

  0x00007e5bdc579c00: ;   {optimized virtual_call}
  0x00007e5bdc579c00: 0000 90e8 

  0x00007e5bdc579c04: ; ImmutableOopMap {[0]=Oop [12]=NarrowOop [16]=Oop [28]=NarrowOop [40]=Oop [48]=Oop [64]=Oop [96]=Oop [104]=Oop [112]=Oop [168]=Oop }
                      ;*invokeinterface setTimestamp {reexecute=0 rethrow=0 return_oop=0}
                      ; - org.apache.derbyTesting.system.oe.load.SimpleInsert::orderTable@332 (line 428)
  0x00007e5bdc579c04: b88f f9ff 

  0x00007e5bdc579c08: ;   {other}
  0x00007e5bdc579c08: 0f1f 8400 | f82f 0012 | 488b 7424 | 68ba 0900 

  0x00007e5bdc579c18: ;   {oop(""{0x0000000041e09b20})}
  0x00007e5bdc579c18: 0000 48b9 | 209b e041 | 0000 0000 

  0x00007e5bdc579c24: ;   {optimized virtual_call}
  0x00007e5bdc579c24: 6666 90e8 

  0x00007e5bdc579c28: ; ImmutableOopMap {[0]=Oop [12]=NarrowOop [16]=Oop [28]=NarrowOop [40]=Oop [48]=Oop [64]=Oop [96]=Oop [104]=Oop [112]=Oop [168]=Oop }
                      ;*invokeinterface setString {reexecute=0 rethrow=0 return_oop=0}
                      ; - org.apache.derbyTesting.system.oe.load.SimpleInsert::orderTable@343 (line 429)
  0x00007e5bdc579c28: d452 eeff 

  0x00007e5bdc579c2c: ;   {other}
  0x00007e5bdc579c2c: 0f1f 8400 | 1c30 0013 | 4c8b 5424 | 6845 8b52 | 1445 8b5a | 0c41 83fb | ff0f 85b5 | 5300 0045 
  0x00007e5bdc579c4c: 8b52 1045 

  0x00007e5bdc579c50: ;   {metadata('org/h2/message/TraceSystem')}
  0x00007e5bdc579c50: 8b42 0841 | 81f8 2813 | 0801 0f85 | ec46 0000 | 458b 5a14 | 4183 fb04 | 0f84 1665 | 0000 4183 
  0x00007e5bdc579c70: fb03 0f8d | 7065 0000 

  0x00007e5bdc579c78: ;   {oop(a 'org/h2/value/ValueInteger'[128] {0x0000000040b05c48})}
  0x00007e5bdc579c78: 49ba 485c | b040 0000 | 0000 458b | 5224 4c8b | 5c24 6845 | 8b5b 3845 | 8b4b 2c45 | 8b41 084d 
  0x00007e5bdc579c98: ;   {metadata('org/h2/engine/SessionLocal')}
  0x00007e5bdc579c98: 8bd9 4181 | f840 f402 | 010f 8505 | 4700 0045 | 8b83 f800 | 0000 458b 

  0x00007e5bdc579cb0: ;   {oop(a 'org/h2/engine/SessionLocal$State'{0x0000000040a090b8})}
  0x00007e5bdc579cb0: 580c 4181 | fbb8 90a0 | 400f 8475 | 6500 004c | 8b5c 2468 | 458b 4350 

  0x00007e5bdc579cc8: ; implicit exception: dispatches to 0x00007e5bdc584c80
  0x00007e5bdc579cc8: 458b 4808 

  0x00007e5bdc579ccc: ;   {metadata('org/h2/command/CommandContainer')}
  0x00007e5bdc579ccc: 4d8b d841 | 81f9 001e | 0a01 0f85 | 5847 0000 | 418b 4b24 

  0x00007e5bdc579ce0: ; implicit exception: dispatches to 0x00007e5bdc584cc8
  0x00007e5bdc579ce0: 8b59 3444 | 8b43 104c | 8bcb 4585 | c00f 8e5d | 5300 0044 | 0fb6 5925 | 4585 db0f | 85a7 6500 
  0x00007e5bdc579d00: 0041 83f8 | 070f 8e11 | 6600 0045 | 85c0 0f8c | a847 0000 | 4183 f807 | 0f86 3a48 | 0000 448b 
  0x00007e5bdc579d20: 4314 458b | 580c 4183 | fb07 0f86 | c448 0000 | 458b 582c 

  0x00007e5bdc579d34: ; implicit exception: dispatches to 0x00007e5bdc584da0
  0x00007e5bdc579d34: 418b 4b08 

  0x00007e5bdc579d38: ;   {metadata('org/h2/expression/Parameter')}
  0x00007e5bdc579d38: 4d8b c381 | f9d8 340c | 010f 8515 | 9e00 004c | 8b5c 2468 | 458b 5b54 | 4585 db0f | 8593 5300 
  0x00007e5bdc579d58: 0045 8950 | 144c 8b14 | 2445 8b5a | 1c45 8b53 | 1845 8b42 | 0849 8bca 

  0x00007e5bdc579d70: ;   {metadata('java/util/Random')}
  0x00007e5bdc579d70: 4181 f8e0 | 2d18 000f | 85eb 4800 | 0044 8b51 | 1849 8b42 | 104c 8bc8 | 49bb 6de6 | ecde 0500 
  0x00007e5bdc579d90: 0000 4d0f | afcb 4d8d | 590b 49b8 | ffff ffff | ffff 0000 | 4d23 d8f0 | 4d0f b15a | 1041 0f94 
  0x00007e5bdc579db0: c345 0fb6 | db45 85db | 0f84 aa65 | 0000 448b | 5918 498b | 4310 488b | d849 ba6d | e6ec de05 
  0x00007e5bdc579dd0: 0000 0049 | 0faf da49 | c1e1 0548 | 83c3 0b4c | 8bd3 4d23 | d0f0 4d0f | b153 100f | 94c1 0fb6 
  0x00007e5bdc579df0: c949 81c1 | 6001 0000 | 49ba 0000 | 00f8 ffff | 1f00 4d23 | ca85 c90f | 84d3 6500 | 0048 c1eb 
  0x00007e5bdc579e10: 1548 81e3 | ffff ff07 | 4903 d9c4 | e1fb 2ac3 

  0x00007e5bdc579e20: ;   {section_word}
  0x00007e5bdc579e20: c5fb 5905 | 18df ffff 

  0x00007e5bdc579e28: ;   {section_word}
  0x00007e5bdc579e28: c5fb 5905 | 20df ffff 

  0x00007e5bdc579e30: ;   {section_word}
  0x00007e5bdc579e30: c5fb 5805 | 10df ffff | c57b 2cd8 | 4181 fb00 | 0000 800f | 841e e300 | 0041 83fb | 0a0f 838d 
  0x00007e5bdc579e50: ;   {oop(a 'java/lang/String'[10] {0x00000000412202a0})}
  0x00007e5bdc579e50: 3800 0049 | baa0 0222 | 4100 0000 | 0047 8b54 | 9a10 498b | ca48 8b74 | 2468 ba0a 

  0x00007e5bdc579e6c: ;   {optimized virtual_call}
  0x00007e5bdc579e6c: 0000 00e8 

  0x00007e5bdc579e70: ; ImmutableOopMap {[0]=Oop [12]=NarrowOop [16]=Oop [28]=NarrowOop [40]=Oop [48]=Oop [64]=Oop [96]=Oop [104]=Oop [112]=Oop [168]=Oop }
                      ;*invokeinterface setString {reexecute=0 rethrow=0 return_oop=0}
                      ; - org.apache.derbyTesting.system.oe.load.SimpleInsert::orderTable@414 (line 436)
  0x00007e5bdc579e70: 8c50 eeff 

  0x00007e5bdc579e74: ;   {other}
  0x00007e5bdc579e74: 0f1f 8400 | 6432 0014 | 4c8b 5424 | 6845 8b52 | 1445 8b5a | 0c41 83fb | ff0f 85d5 | 5200 0045 
  0x00007e5bdc579e94: 8b52 1045 | 8b4a 084d 

  0x00007e5bdc579e9c: ;   {metadata('org/h2/message/TraceSystem')}
  0x00007e5bdc579e9c: 8bda 4181 | f928 1308 | 010f 851d | 4800 0045 | 8b53 1441 | 83fa 040f | 849f 6500 | 0041 83fa 
  0x00007e5bdc579ebc: 030f 8d1d | 6600 004c | 8b54 2468 | 458b 4238 

  0x00007e5bdc579ecc: ; implicit exception: dispatches to 0x00007e5bdc585814
  0x00007e5bdc579ecc: 458b 582c 

  0x00007e5bdc579ed0: ; implicit exception: dispatches to 0x00007e5bdc585860
  0x00007e5bdc579ed0: 458b 4308 

  0x00007e5bdc579ed4: ;   {metadata('org/h2/engine/SessionLocal')}
  0x00007e5bdc579ed4: 4d8b d341 | 81f8 40f4 | 0201 0f85 | 6448 0000 | 458b 9af8 | 0000 0045 

  0x00007e5bdc579eec: ;   {oop(a 'org/h2/engine/SessionLocal$State'{0x0000000040a090b8})}
  0x00007e5bdc579eec: 8b5b 0c41 | 81fb b890 | a040 0f84 | 4466 0000 | 4c8b 5424 | 6845 8962 | 5845 8b5a | 4045 85db 
  0x00007e5bdc579f0c: 0f85 7a66 | 0000 458b | 5a44 4585 | db0f 85ed | 6600 0045 | 8862 35f0 | 8344 24c0 | 0045 8b52 
  0x00007e5bdc579f2c: 3c4c 8b5c | 2468 49c7 | 4320 ffff | ffff 4589 | 6340 4589 | 6344 4585 | d20f 84e1 | 3700 004c 
  0x00007e5bdc579f4c: 8994 2480 | 0000 004c | 8b9c 2480 | 0000 0048 | 8d9c 24b0 | 0000 0049 | 8b03 a802 | 0f85 2300 
  0x00007e5bdc579f6c: 0000 4883 | c801 4889 | 03f0 490f | b11b 0f84 | 3700 0000 | 482b c448 | 2507 f0ff | ff48 8903 
  0x00007e5bdc579f8c: e924 0000 | 004c 8bd0 | 4833 c0f0 | 4d0f b17a | 3e48 c703 | 0300 0000 | 7411 4c3b | f875 1549 
  0x00007e5bdc579fac: ff82 8600 | 0000 4833 | c075 0949 | ff87 6808 | 0000 33c0 | 0f85 e247 | 0000 4c8b | 5424 6845 
  0x00007e5bdc579fcc: 8b5a 5045 | 8b52 3845 | 85db 0f84 | a4f1 ffff | 448b 4424 | 0c45 8942 | 4c4d 8bd3 | e99a f1ff 
  0x00007e5bdc579fec: ;   {no_reloc}
  0x00007e5bdc579fec: ff66 6690 

  0x00007e5bdc579ff0: ; implicit exception: dispatches to 0x00007e5bdc58511c
  0x00007e5bdc579ff0: 4589 604c | 4533 d24c | 8b5c 2468 | 4589 5348 | f083 4424 | c000 458b | 5360 458b | 4350 458b 
  0x00007e5bdc57a010: 5808 498b 

  0x00007e5bdc57a014: ;   {metadata('org/h2/command/CommandContainer')}
  0x00007e5bdc57a014: f041 81fb | 001e 0a01 | 0f85 a347 | 0000 498b 

  0x00007e5bdc57a024: ;   {optimized virtual_call}
  0x00007e5bdc57a024: d266 90e8 

  0x00007e5bdc57a028: ; ImmutableOopMap {[0]=Oop [12]=NarrowOop [16]=Oop [28]=NarrowOop [40]=Oop [48]=Oop [64]=Oop [96]=Oop [104]=Oop [112]=Oop [128]=Oop [168]=Oop }
                      ;*invokeinterface executeUpdate {reexecute=0 rethrow=0 return_oop=1}
                      ; - org.h2.jdbc.JdbcPreparedStatement::executeUpdateInternal@27 (line 209)
                      ; - org.h2.jdbc.JdbcPreparedStatement::executeUpdate@16 (line 169)
                      ; - org.apache.derbyTesting.system.oe.load.SimpleInsert::orderTable@421 (line 437)
  0x00007e5bdc57a028: 147c fdff 

  0x00007e5bdc57a02c: ;   {other}
  0x00007e5bdc57a02c: 0f1f 8400 | 1c34 0015 

  0x00007e5bdc57a034: ; implicit exception: dispatches to 0x00007e5bdc584fbc
  0x00007e5bdc57a034: 4c8b 5010 | 4c8b 5c24 | 684d 8953 | 2045 8b53 | 3845 8962 | 4c45 8963 | 48f0 8344 | 24c0 004c 
  0x00007e5bdc57a054: 8b9c 2480 | 0000 0048 | 8d84 24b0 | 0000 0048 | 8338 000f | 8479 0000 | 004d 8b13 | 41f6 c202 
  0x00007e5bdc57a074: 0f84 6200 | 0000 4983 | ba86 0000 | 0000 7409 | 49ff 8a86 | 0000 00eb | 4b49 8b82 | 9600 0000 
  0x00007e5bdc57a094: 490b 828e | 0000 0075 | 0a49 c742 | 3e00 0000 | 00eb 3d49 | 83ba 9e00 | 0000 0074 | 2248 33c0 
  0x00007e5bdc57a0b4: 49c7 423e | 0000 0000 | f083 0424 | 0049 83ba | 9e00 0000 | 0075 0df0 | 4d0f b17a | 3e75 0583 
  0x00007e5bdc57a0d4: c801 eb0c | a800 eb08 | 4c8b 10f0 | 4d0f b113 | 750a 49ff | 8f68 0800 | 0045 33d2 | 0f85 c756 
  0x00007e5bdc57a0f4: 0000 4c8b | 5424 684d | 8b52 2049 | 81fa ffff | ff7f 0f8f | 8065 0000 | 4d8b 9770 | 0700 0044 
  0x00007e5bdc57a114: 8b44 2450 | 41ff c044 

  0x00007e5bdc57a11c: ; ImmutableOopMap {[0]=Oop [12]=NarrowOop [16]=Oop [28]=NarrowOop [40]=Oop [48]=Oop [64]=Oop [96]=Oop [104]=Oop [112]=Oop [168]=Oop }
                      ;*goto {reexecute=1 rethrow=0 return_oop=0}
                      ; - (reexecute) org.apache.derbyTesting.system.oe.load.SimpleInsert::orderTable@430 (line 418)
  0x00007e5bdc57a11c: 8944 2450 

  0x00007e5bdc57a120: ;   {poll}
  0x00007e5bdc57a120: 4185 0244 | 8b54 2450 | 443b 5424 | 480f 8ff8 | ddff ff4c | 8b54 2468 | 458b 5214 

  0x00007e5bdc57a13c: ; implicit exception: dispatches to 0x00007e5bdc5841d8
  0x00007e5bdc57a13c: 458b 420c | 4183 f8ff | 0f85 9a47 | 0000 458b | 5210 458b 

  0x00007e5bdc57a150: ;   {metadata('org/h2/message/TraceSystem')}
  0x00007e5bdc57a150: 4208 4181 | f828 1308 | 010f 8525 | 3600 0045 | 8b5a 1441 | 83fb 040f | 8478 5600 | 0041 83fb 
  0x00007e5bdc57a170: 030f 8de5 | 5600 0044 | 8b5c 2458 | 4585 db0f | 8cbb 4700 

  0x00007e5bdc57a184: ;   {oop(a 'org/h2/value/ValueInteger'[256] {0x0000000040b05e58})}
  0x00007e5bdc57a184: 0049 ba58 | 5eb0 4000 | 0000 0044 | 8b5c 2418 | 478b 549a | 1045 85d2 | 740f 458b | 5a0c 443b 
  0x00007e5bdc57a1a4: 5c24 580f | 8486 0000 | 0049 8b87 | 5003 0000 | 4c8b d049 | 83c2 104d | 3b97 5803 | 0000 0f83 
  0x00007e5bdc57a1c4: 5831 0000 | 4d89 9750 | 0300 004c | 8bd0 4d8b | da49 c1eb | 0649 b800 | 0040 30af | 7100 004d 
  0x00007e5bdc57a1e4: 03d8 49c1 | ea03 450f | b60b 4983 | e207 458b | d2b9 0100 | 0000 c462 | 29f7 d145 | 0bca 4588 
  0x00007e5bdc57a204: 0b48 c700 | 0100 0000 

  0x00007e5bdc57a20c: ;   {metadata('org/h2/value/ValueInteger')}
  0x00007e5bdc57a20c: c740 08e0 | 5702 0144 | 8b54 2458 | 4489 500c 

  0x00007e5bdc57a21c: ;   {oop(a 'org/h2/value/ValueInteger'[256] {0x0000000040b05e58})}
  0x00007e5bdc57a21c: 4c8b d049 | bb58 5eb0 | 4000 0000 | 0044 8b4c | 2418 4789 | 548b 104c | 8b5c 2468 | 458b 5b38 
  0x00007e5bdc57a23c: ; implicit exception: dispatches to 0x00007e5bdc58523c
  0x00007e5bdc57a23c: 458b 4b2c 

  0x00007e5bdc57a240: ; implicit exception: dispatches to 0x00007e5bdc5852b0
  0x00007e5bdc57a240: 418b 4908 

  0x00007e5bdc57a244: ;   {metadata('org/h2/engine/SessionLocal')}
  0x00007e5bdc57a244: 4d8b d981 | f940 f402 | 010f 8591 | 3500 0045 | 8b9b f800 | 0000 458b 

  0x00007e5bdc57a25c: ;   {oop(a 'org/h2/engine/SessionLocal$State'{0x0000000040a090b8})}
  0x00007e5bdc57a25c: 430c 4181 | f8b8 90a0 | 400f 8451 | 5600 004c | 8b5c 2468 | 458b 5b50 

  0x00007e5bdc57a274: ; implicit exception: dispatches to 0x00007e5bdc5842b0
  0x00007e5bdc57a274: 458b 4b08 

  0x00007e5bdc57a278: ;   {metadata('org/h2/command/CommandContainer')}
  0x00007e5bdc57a278: 4181 f900 | 1e0a 010f | 85e7 3500 | 0045 8b5b | 2441 8b5b | 3444 8b43 | 104c 8bcb | 4585 c00f 
  0x00007e5bdc57a298: 8e0f 4700 | 0045 0fb6 | 5b25 4585 | db0f 8585 | 5600 0045 | 85c0 0f84 | e932 0000 | 448b 5b14 
  0x00007e5bdc57a2b8: ; implicit exception: dispatches to 0x00007e5bdc584388
  0x00007e5bdc57a2b8: 458b 4b0c | 4585 c90f | 8634 3600 | 0045 8b43 | 1045 8b48 | 084d 8bd8 

  0x00007e5bdc57a2d0: ;   {metadata('org/h2/expression/Parameter')}
  0x00007e5bdc57a2d0: 4181 f9d8 | 340c 010f | 85bb 9500 | 004c 8b44 | 2468 458b | 4054 4585 | c00f 8559 | 4700 0045 
  0x00007e5bdc57a2f0: 8953 144c | 8b54 2468 | 458b 5214 

  0x00007e5bdc57a2fc: ; implicit exception: dispatches to 0x00007e5bdc584430
  0x00007e5bdc57a2fc: 458b 420c | 4183 f8ff | 0f85 bf47 | 0000 458b | 5210 458b | 4a08 4d8b 

  0x00007e5bdc57a314: ;   {metadata('org/h2/message/TraceSystem')}
  0x00007e5bdc57a314: da41 81f9 | 2813 0801 | 0f85 4636 | 0000 458b | 5314 4183 | fa04 0f84 | 7456 0000 | 4183 fa03 
  0x00007e5bdc57a334: 0f8d de56 | 0000 448b | 5424 5045 | 85d2 0f8c | dc47 0000 | 4181 fa80 | 0000 000f | 8c5e 0d00 
  0x00007e5bdc57a354: 000f b66c 

  0x00007e5bdc57a358: ;   {oop(a 'org/h2/value/ValueInteger'[256] {0x0000000040b05e58})}
  0x00007e5bdc57a358: 2450 49ba | 585e b040 | 0000 0000 | 458b 54aa | 1045 85d2 | 740f 458b | 420c 443b | 4424 500f 
  0x00007e5bdc57a378: 8482 0000 | 0049 8b87 | 5003 0000 | 4c8b d049 | 83c2 104d | 3b97 5803 | 0000 0f83 | a52f 0000 
  0x00007e5bdc57a398: 4d89 9750 | 0300 004c | 8bd0 4d8b | da49 c1eb | 0649 b800 | 0040 30af | 7100 004d | 03d8 49c1 
  0x00007e5bdc57a3b8: ea03 450f | b60b 4983 | e207 458b | d241 b801 | 0000 00c4 | 4229 f7c0 | 450b c845 | 880b 48c7 
  0x00007e5bdc57a3d8: 0001 0000 

  0x00007e5bdc57a3dc: ;   {metadata('org/h2/value/ValueInteger')}
  0x00007e5bdc57a3dc: 00c7 4008 | e057 0201 | 448b 5c24 | 5044 8958 | 0c4c 8bd0 

  0x00007e5bdc57a3f0: ;   {oop(a 'org/h2/value/ValueInteger'[256] {0x0000000040b05e58})}
  0x00007e5bdc57a3f0: 49bb 585e | b040 0000 | 0000 4589 | 54ab 104c | 8b5c 2468 | 458b 4338 

  0x00007e5bdc57a408: ; implicit exception: dispatches to 0x00007e5bdc585324
  0x00007e5bdc57a408: 458b 582c 

  0x00007e5bdc57a40c: ; implicit exception: dispatches to 0x00007e5bdc585398
  0x00007e5bdc57a40c: 458b 4b08 

  0x00007e5bdc57a410: ;   {metadata('org/h2/engine/SessionLocal')}
  0x00007e5bdc57a410: 4181 f940 | f402 010f | 85ab 3500 | 0045 8b9b | f800 0000 

  0x00007e5bdc57a424: ; implicit exception: dispatches to 0x00007e5bdc5844c0
  0x00007e5bdc57a424: 458b 5b0c 

  0x00007e5bdc57a428: ;   {oop(a 'org/h2/engine/SessionLocal$State'{0x0000000040a090b8})}
  0x00007e5bdc57a428: 4181 fbb8 | 90a0 400f | 8443 5600 | 004c 8b5c | 2468 458b | 5b50 458b 

  0x00007e5bdc57a440: ;   {metadata('org/h2/command/CommandContainer')}
  0x00007e5bdc57a440: 4b08 4181 | f900 1e0a | 010f 8501 | 3600 0045 | 8b43 2441 | 8b58 3444 | 8b5b 104c | 8bcb 4585 
  0x00007e5bdc57a460: db0f 8e15 | 4700 0045 | 0fb6 4025 | 4585 c00f | 8577 5600 | 0041 83fb | 030f 8ee1 | 5600 0045 
  0x00007e5bdc57a480: 85db 0f8c | 5036 0000 | 4183 fb03 | 0f86 e236 | 0000 448b | 5b14 458b | 4b0c 4183 | f903 0f86 
  0x00007e5bdc57a4a0: 7137 0000 | 458b 431c 

  0x00007e5bdc57a4a8: ; implicit exception: dispatches to 0x00007e5bdc584628
  0x00007e5bdc57a4a8: 458b 5808 

  0x00007e5bdc57a4ac: ;   {metadata('org/h2/expression/Parameter')}
  0x00007e5bdc57a4ac: 4181 fbd8 | 340c 010f | 8567 9400 | 004c 8b5c | 2468 458b | 5b54 4585 | db0f 854d | 4700 0045 
  0x00007e5bdc57a4cc: 8950 144c | 8b14 2445 | 8b52 1c45 | 8b5a 1845 | 8b53 0849 

  0x00007e5bdc57a4e0: ;   {metadata('java/util/Random')}
  0x00007e5bdc57a4e0: 8bcb 4181 | fae0 2d18 | 000f 8595 | 3700 0044 | 8b59 1849 | 8b43 104c | 8bc8 49ba | 6de6 ecde 
  0x00007e5bdc57a500: 0500 0000 | 4d0f afca | 4d8d 510b | 49b8 ffff | ffff ffff | 0000 4d23 | d0f0 4d0f | b153 1041 
  0x00007e5bdc57a520: 0f94 c045 | 0fb6 c045 | 85c0 0f84 | 8156 0000 | 448b 5118 

  0x00007e5bdc57a534: ; implicit exception: dispatches to 0x00007e5bdc5846c4
  0x00007e5bdc57a534: 498b 4210 | 4c8b c049 | bb6d e6ec | de05 0000 | 004d 0faf | c349 c1e1 | 0549 83c0 | 0b4d 8bd8 
  0x00007e5bdc57a554: 48b9 ffff | ffff ffff | 0000 4c23 | d9f0 4d0f | b15a 1041 | 0f94 c345 | 0fb6 db49 | 81c1 6001 
  0x00007e5bdc57a574: 0000 48b9 | 0000 00f8 | ffff 1f00 | 4c23 c945 | 85db 0f84 | 9d56 0000 | 4c8b 5424 | 6845 8b52 
  0x00007e5bdc57a594: 1449 c1e8 | 1549 81e0 | ffff ff07 | 4d03 c1c4 | c1fb 2ac0 

  0x00007e5bdc57a5a8: ;   {section_word}
  0x00007e5bdc57a5a8: c5fb 5905 | 90d7 ffff 

  0x00007e5bdc57a5b0: ;   {section_word}
  0x00007e5bdc57a5b0: c5fb 5905 | a0d7 ffff 

  0x00007e5bdc57a5b8: ;   {section_word}
  0x00007e5bdc57a5b8: c5fb 5805 | 88d7 ffff | c57b 2cc0 | 4181 f800 | 0000 800f | 8481 db00 | 0045 8d58 | 0144 895c 
  0x00007e5bdc57a5d8: 245c 458b | 4a0c 4183 | f9ff 0f85 | b146 0000 | 458b 5210 

  0x00007e5bdc57a5ec: ; implicit exception: dispatches to 0x00007e5bdc584720
  0x00007e5bdc57a5ec: 418b 4a08 

  0x00007e5bdc57a5f0: ;   {metadata('org/h2/message/TraceSystem')}
  0x00007e5bdc57a5f0: 4d8b da81 | f928 1308 | 010f 85e5 | 3600 0045 | 8b53 1441 | 83fa 040f | 848f 5600 | 0041 83fa 
  0x00007e5bdc57a610: 030f 8df9 | 5600 0044 | 8b5c 245c | 4585 db0f | 8ccf 4600 | 0041 81fb | 8000 0000 | 0f8c a70a 
  0x00007e5bdc57a630: 0000 410f 

  0x00007e5bdc57a634: ;   {oop(a 'org/h2/value/ValueInteger'[256] {0x0000000040b05e58})}
  0x00007e5bdc57a634: b6eb 49ba | 585e b040 | 0000 0000 | 458b 54aa | 1045 85d2 | 740d 458b | 420c 453b | c30f 8485 
  0x00007e5bdc57a654: 0000 0049 | 8b87 5003 | 0000 4c8b | d049 83c2 | 104d 3b97 | 5803 0000 | 0f83 e72c | 0000 4d89 
  0x00007e5bdc57a674: 9750 0300 | 004c 8bd0 | 4d8b da49 | c1eb 0649 | b800 0040 | 30af 7100 | 004d 03d8 | 49c1 ea03 
  0x00007e5bdc57a694: 450f b60b | 4983 e207 | 458b d2b9 | 0100 0000 | c462 29f7 | c145 0bc8 | 4588 0b48 | c700 0100 
  0x00007e5bdc57a6b4: ;   {metadata('org/h2/value/ValueInteger')}
  0x00007e5bdc57a6b4: 0000 c740 | 08e0 5702 | 0144 8960 | 0c44 8b54 | 245c 4489 | 500c 4c8b 

  0x00007e5bdc57a6cc: ;   {oop(a 'org/h2/value/ValueInteger'[256] {0x0000000040b05e58})}
  0x00007e5bdc57a6cc: d049 bb58 | 5eb0 4000 | 0000 0045 | 8954 ab10 | 4c8b 5c24 | 6845 8b43 | 3845 8b58 | 2c45 8b4b 
  0x00007e5bdc57a6ec: ;   {metadata('org/h2/engine/SessionLocal')}
  0x00007e5bdc57a6ec: 0841 81f9 | 40f4 0201 | 0f85 4a36 | 0000 458b | 9bf8 0000 | 0045 8b5b 

  0x00007e5bdc57a704: ;   {oop(a 'org/h2/engine/SessionLocal$State'{0x0000000040a090b8})}
  0x00007e5bdc57a704: 0c41 81fb | b890 a040 | 0f84 5e56 | 0000 4c8b | 5c24 6845 | 8b5b 5045 

  0x00007e5bdc57a71c: ;   {metadata('org/h2/command/CommandContainer')}
  0x00007e5bdc57a71c: 8b4b 0841 | 81f9 001e | 0a01 0f85 | a036 0000 | 458b 4324 

  0x00007e5bdc57a730: ; implicit exception: dispatches to 0x00007e5bdc5847f8
  0x00007e5bdc57a730: 418b 5834 

  0x00007e5bdc57a734: ; implicit exception: dispatches to 0x00007e5bdc584840
  0x00007e5bdc57a734: 448b 5b10 | 4c8b cb45 | 85db 0f8e | 1c46 0000 | 450f b640 | 2545 85c0 | 0f85 9256 | 0000 4183 
  0x00007e5bdc57a754: fb04 0f8e | fc56 0000 | 4585 db0f | 8cef 3600 | 0041 83fb | 040f 8681 | 3700 0044 | 8b5b 1445 
  0x00007e5bdc57a774: 8b4b 0c41 | 83f9 040f | 8610 3800 | 0045 8b43 | 2045 8b58 

  0x00007e5bdc57a788: ;   {metadata('org/h2/expression/Parameter')}
  0x00007e5bdc57a788: 0841 81fb | d834 0c01 | 0f85 1292 | 0000 4c8b | 5c24 6845 | 8b5b 5445 | 85db 0f85 | 5446 0000 
  0x00007e5bdc57a7a8: 4589 5014 | 4c8b 5424 | 6845 8b52 | 1445 8b5a | 0c41 83fb | ff0f 85ba | 4600 0045 | 8b52 1045 
  0x00007e5bdc57a7c8: ;   {metadata('org/h2/message/TraceSystem')}
  0x00007e5bdc57a7c8: 8b42 0841 | 81f8 2813 | 0801 0f85 | 2838 0000 | 458b 5a14 | 4183 fb04 | 0f84 be56 | 0000 4183 
  0x00007e5bdc57a7e8: fb03 0f8d | 2857 0000 | 498b 8f50 | 0300 004c | 8bd1 4983 | c210 4d3b | 9758 0300 | 000f 83f6 
  0x00007e5bdc57a808: 2a00 004d | 8997 5003 | 0000 4c8b | d14d 8bda | 49c1 eb06 | 49b8 0000 | 4030 af71 | 0000 4d03 
  0x00007e5bdc57a828: d849 c1ea | 034d 8bc3 | 450f b618 | 4983 e207 | 458b d241 | b901 0000 | 00c4 4229 | f7c9 450b 
  0x00007e5bdc57a848: d945 8818 | 48c7 0101 

  0x00007e5bdc57a850: ;   {metadata('org/h2/value/ValueSmallint')}
  0x00007e5bdc57a850: 0000 00c7 | 4108 50b1 | 0301 4489 | 610c 448b | 5c24 5466 | 4489 590c | 4889 8c24 | 8000 0000 
  0x00007e5bdc57a870: ;   {oop(a 'java/lang/Class'{0x00000000408096a0} = 'org/h2/value/Value')}
  0x00007e5bdc57a870: 49ba a096 | 8040 0000 | 0000 458b | 4a7c 458b | 510c 458b | 5a08 4d8b 

  0x00007e5bdc57a888: ;   {oop(a 'java/lang/Class'{0x0000000040002768} = 'java/lang/ref/SoftReference')}
  0x00007e5bdc57a888: 4120 48b9 | 6827 0040 | 0000 0000 | 488b 4970 | 498b da4c | 3bc1 0f85 | d956 0000 

  0x00007e5bdc57a8a4: ;   {metadata('org/h2/value/Value'[])}
  0x00007e5bdc57a8a4: 4181 fb40 | 9a08 010f | 857f 9100 | 0048 899c | 2488 0000 | 0044 8b53 | 0c44 8b5c | 247c 453b 
  0x00007e5bdc57a8c4: da0f 8371 | 2d00 0042 | 8b6c 9b10 | 85ed 745b | 4c8b d54c | 8954 2420 | 498b f266 | 9048 b8ff 
  0x00007e5bdc57a8e4: ffff ffff 

  0x00007e5bdc57a8e8: ;   {virtual_call}
  0x00007e5bdc57a8e8: ffff ffe8 

  0x00007e5bdc57a8ec: ; ImmutableOopMap {rbp=NarrowOop [0]=Oop [12]=NarrowOop [16]=Oop [28]=NarrowOop [32]=Oop [40]=Oop [48]=Oop [64]=Oop [96]=Oop [104]=Oop [112]=Oop [128]=Oop [136]=Oop [168]=Oop }
                      ;*invokevirtual getValueType {reexecute=0 rethrow=0 return_oop=0}
                      ; - org.h2.value.Value::cache@69 (line 750)
                      ; - org.h2.value.ValueSmallint::get@8 (line 171)
                      ; - org.h2.jdbc.JdbcPreparedStatement::setShort@47 (line 659)
                      ; - org.apache.derbyTesting.system.oe.load.SimpleInsert::orderTable@302 (line 425)
  0x00007e5bdc57a8ec: 500c 7aff 

  0x00007e5bdc57a8f0: ;   {other}
  0x00007e5bdc57a8f0: 0f1f 8400 | e03c 0017 | 83f8 0a75 | 3244 8b55 

  0x00007e5bdc57a900: ;   {metadata('org/h2/value/ValueSmallint')}
  0x00007e5bdc57a900: 0841 81fa | 50b1 0301 | 0f85 b196 | 0000 4c8b | 5424 204c | 8b9c 2480 | 0000 0045 | 0fbf 430c 
  0x00007e5bdc57a920: 450f bf5a | 0c45 3bc3 | 742a e9bc | 5d00 004c | 8b94 2480 | 0000 004d | 8bda 4c8b | 9424 8800 
  0x00007e5bdc57a940: 0000 448b | 4424 7c47 | 895c 8210 | 4c8b 9424 | 8000 0000 | 4c8b 5c24 | 6845 8b4b | 3845 8b41 
  0x00007e5bdc57a960: 2c41 8b48 | 084d 8bd8 

  0x00007e5bdc57a968: ;   {metadata('org/h2/engine/SessionLocal')}
  0x00007e5bdc57a968: 81f9 40f4 | 0201 0f85 | ec36 0000 | 458b 9bf8 | 0000 0045 

  0x00007e5bdc57a97c: ;   {oop(a 'org/h2/engine/SessionLocal$State'{0x0000000040a090b8})}
  0x00007e5bdc57a97c: 8b5b 0c41 | 81fb b890 | a040 0f84 | 9c56 0000 | 4c8b 5c24 | 6845 8b5b | 5045 8b4b 

  0x00007e5bdc57a998: ;   {metadata('org/h2/command/CommandContainer')}
  0x00007e5bdc57a998: 0841 81f9 | 001e 0a01 | 0f85 5237 | 0000 458b | 4b24 418b | 5934 448b | 4310 4c8b | db45 85c0 
  0x00007e5bdc57a9b8: 0f8e 1a45 | 0000 450f | b649 2545 | 85c9 0f85 | e456 0000 | 4183 f805 | 0f8e 6257 | 0000 4585 
  0x00007e5bdc57a9d8: c00f 8cb1 | 3700 0041 | 83f8 050f | 8643 3800 | 0044 8b5b | 1445 8b4b | 0c41 83f9 | 050f 86d2 
  0x00007e5bdc57a9f8: 3800 0045 | 8b43 2445 | 8b48 084d 

  0x00007e5bdc57aa04: ;   {metadata('org/h2/expression/Parameter')}
  0x00007e5bdc57aa04: 8bd8 4181 | f9d8 340c | 010f 85b1 | 9000 004c | 8b44 2468 | 458b 4054 | 4585 c00f | 854f 4500 
  0x00007e5bdc57aa24: 004c 8b44 | 2468 458b | 4014 4d8b | ca45 894b | 1445 8b50 | 0c41 83fa | ff0f 8541 | 5d00 0045 
  0x00007e5bdc57aa44: 8b50 1045 

  0x00007e5bdc57aa48: ;   {metadata('org/h2/message/TraceSystem')}
  0x00007e5bdc57aa48: 8b42 0841 | 81f8 2813 | 0801 0f85 | 9847 0000 | 458b 5a14 | 4183 fb04 | 0f84 865f | 0000 4183 
  0x00007e5bdc57aa68: fb03 0f8d | e05f 0000 | 4c8b 5424 | 6845 8b5a | 3845 8b53 | 2c45 8b5a 

  0x00007e5bdc57aa80: ;   {metadata('org/h2/engine/SessionLocal')}
  0x00007e5bdc57aa80: 0841 81fb | 40f4 0201 | 0f85 c247 | 0000 458b | 9af8 0000 | 0045 8b53 

  0x00007e5bdc57aa98: ;   {oop(a 'org/h2/engine/SessionLocal$State'{0x0000000040a090b8})}
  0x00007e5bdc57aa98: 0c41 81fa | b890 a040 | 0f84 f65f | 0000 4c8b | 5424 6845 | 8b5a 5045 | 8b43 084d 

  0x00007e5bdc57aab4: ;   {metadata('org/h2/command/CommandContainer')}
  0x00007e5bdc57aab4: 8bd3 4181 | f800 1e0a | 010f 850d | 4800 0045 | 8b4a 2441 | 8b49 3444 | 8b51 104c | 8bd9 4585 
  0x00007e5bdc57aad4: d20f 8ef1 | 5c00 0045 | 0fb6 4125 | 4585 c00f | 8513 6000 | 0041 83fa | 060f 8e69 | 6000 0045 
  0x00007e5bdc57aaf4: 85d2 0f8c | 5448 0000 | 4183 fa06 | 0f86 d248 | 0000 448b | 5914 458b | 530c 4183 | fa06 0f86 
  0x00007e5bdc57ab14: 4849 0000 | 458b 5328 

  0x00007e5bdc57ab1c: ; implicit exception: dispatches to 0x00007e5bdc585aa4
  0x00007e5bdc57ab1c: 458b 4a08 

  0x00007e5bdc57ab20: ;   {metadata('org/h2/expression/Parameter')}
  0x00007e5bdc57ab20: 4d8b da41 | 81f9 d834 | 0c01 0f85 | b490 0000 | 4c8b 5424 | 6845 8b52 | 5445 85d2 | 0f85 125d 
  0x00007e5bdc57ab40: ;   {oop(a 'org/h2/value/ValueNull'{0x0000000040a08e30})}
  0x00007e5bdc57ab40: 0000 41c7 | 4314 308e | a040 4c8b | 5424 6845 | 8b5a 1445 | 8b43 0c41 | 83f8 ff0f | 8557 5d00 
  0x00007e5bdc57ab60: 0045 8b5b | 1045 8b53 

  0x00007e5bdc57ab68: ;   {metadata('org/h2/message/TraceSystem')}
  0x00007e5bdc57ab68: 0841 81fa | 2813 0801 | 0f85 5249 | 0000 458b | 5314 4183 | fa04 0f84 | 2460 0000 | 4183 fa03 
  0x00007e5bdc57ab88: 0f8d 7e60 | 0000 4c8b | 5424 6845 | 8b42 3845 | 8b50 2c45 

  0x00007e5bdc57ab9c: ;   {metadata('org/h2/engine/SessionLocal')}
  0x00007e5bdc57ab9c: 8b42 0841 | 81f8 40f4 | 0201 0f85 | 7c49 0000 | 458b 92f8 | 0000 0045 

  0x00007e5bdc57abb4: ;   {oop(a 'org/h2/engine/SessionLocal$State'{0x0000000040a090b8})}
  0x00007e5bdc57abb4: 8b52 0c41 | 81fa b890 | a040 0f84 | 9460 0000 | 4c8b 5424 | 6845 8b52 | 5045 8b42 

  0x00007e5bdc57abd0: ;   {metadata('org/h2/command/CommandContainer')}
  0x00007e5bdc57abd0: 0841 81f8 | 001e 0a01 | 0f85 ca49 | 0000 458b | 4224 418b | 5834 448b | 5b10 4c8b | d345 85db 
  0x00007e5bdc57abf0: 0f8e 0a5d | 0000 450f | b648 2545 | 85c9 0f85 | b460 0000 | 4183 fb0a | 0f8e 0a61 | 0000 4585 
  0x00007e5bdc57ac10: db0f 8c11 | 4a00 0041 | 83fb 0a0f | 868f 4a00 | 0044 8b53 | 1445 8b42 | 0c41 83f8 | 0a0f 8605 
  0x00007e5bdc57ac30: 4b00 0045 | 8b5a 3845 

  0x00007e5bdc57ac38: ;   {metadata('org/h2/expression/Parameter')}
  0x00007e5bdc57ac38: 8b53 0841 | 81fa d834 | 0c01 0f85 | 1c90 0000 | 4c8b 5424 | 6845 8b52 | 5445 85d2 | 0f85 2e5d 
  0x00007e5bdc57ac58: ;   {oop(a 'org/h2/value/ValueNull'{0x0000000040a08e30})}
  0x00007e5bdc57ac58: 0000 41c7 | 4314 308e | a040 4c8b | 1424 458b | 521c 4585 | d20f 8469 | 4500 0049 | 8bf2 ba01 
  0x00007e5bdc57ac78: 0000 00b9 | 3f42 0f00 | 41b8 0200 

  0x00007e5bdc57ac84: ;   {optimized virtual_call}
  0x00007e5bdc57ac84: 0000 90e8 

  0x00007e5bdc57ac88: ; ImmutableOopMap {[0]=Oop [12]=NarrowOop [16]=Oop [28]=NarrowOop [40]=Oop [48]=Oop [64]=Oop [96]=Oop [104]=Oop [112]=Oop [168]=Oop }
                      ;*invokevirtual randomDecimalString {reexecute=0 rethrow=0 return_oop=1}
                      ; - org.apache.derbyTesting.system.oe.load.SimpleInsert::orderTable@385 (line 433)
  0x00007e5bdc57ac88: 34c5 f1ff 

  0x00007e5bdc57ac8c: ;   {other}
  0x00007e5bdc57ac8c: 0f1f 8400 | 7c40 0018 | 488b 7424 | 68ba 0900 | 0000 488b 

  0x00007e5bdc57aca0: ;   {optimized virtual_call}
  0x00007e5bdc57aca0: c866 90e8 

  0x00007e5bdc57aca4: ; ImmutableOopMap {[0]=Oop [12]=NarrowOop [16]=Oop [28]=NarrowOop [40]=Oop [48]=Oop [64]=Oop [96]=Oop [104]=Oop [112]=Oop [168]=Oop }
                      ;*invokeinterface setString {reexecute=0 rethrow=0 return_oop=0}
                      ; - org.apache.derbyTesting.system.oe.load.SimpleInsert::orderTable@388 (line 433)
  0x00007e5bdc57aca4: 5842 eeff 

  0x00007e5bdc57aca8: ;   {other}
  0x00007e5bdc57aca8: 0f1f 8400 | 9840 0019 | 4c8b 5424 | 6845 8b42 | 1445 8b58 | 0c41 83fb | ff0f 853e | 4300 0045 
  0x00007e5bdc57acc8: 8b58 1045 | 8b43 084d 

  0x00007e5bdc57acd0: ;   {metadata('org/h2/message/TraceSystem')}
  0x00007e5bdc57acd0: 8bd3 4181 | f828 1308 | 010f 856d | 3600 0045 | 8b5a 1441 | 83fb 040f | 8497 5400 | 0041 83fb 
  0x00007e5bdc57acf0: 030f 8df1 

  0x00007e5bdc57acf4: ;   {oop(a 'org/h2/value/ValueInteger'[128] {0x0000000040b05c48})}
  0x00007e5bdc57acf4: 5400 0049 | ba48 5cb0 | 4000 0000 | 0045 8b52 | 244c 8b5c | 2468 458b | 5b38 458b | 4b2c 418b 
  0x00007e5bdc57ad14: 4908 4d8b 

  0x00007e5bdc57ad18: ;   {metadata('org/h2/engine/SessionLocal')}
  0x00007e5bdc57ad18: d981 f940 | f402 010f | 8587 3600 | 0045 8b9b | f800 0000 

  0x00007e5bdc57ad2c: ; implicit exception: dispatches to 0x00007e5bdc584c38
  0x00007e5bdc57ad2c: 458b 5b0c 

  0x00007e5bdc57ad30: ;   {oop(a 'org/h2/engine/SessionLocal$State'{0x0000000040a090b8})}
  0x00007e5bdc57ad30: 4181 fbb8 | 90a0 400f | 84f7 5400 | 004c 8b5c | 2468 458b | 5b50 458b 

  0x00007e5bdc57ad48: ;   {metadata('org/h2/command/CommandContainer')}
  0x00007e5bdc57ad48: 4b08 4181 | f900 1e0a | 010f 85dd | 3600 0045 | 8b5b 2441 | 8b5b 3444 | 8b43 104c | 8bcb 4585 
  0x00007e5bdc57ad68: c00f 8ee1 | 4200 0045 | 0fb6 5b25 | 4585 db0f | 852b 5500 | 0041 83f8 | 070f 8e95 | 5500 0045 
  0x00007e5bdc57ad88: 85c0 0f8c | 2c37 0000 | 4183 f807 | 0f86 be37 | 0000 448b | 5b14 458b | 4b0c 4183 | f907 0f86 
  0x00007e5bdc57ada8: 4d38 0000 | 458b 432c 

  0x00007e5bdc57adb0: ; implicit exception: dispatches to 0x00007e5bdc584da0
  0x00007e5bdc57adb0: 458b 5808 

  0x00007e5bdc57adb4: ;   {metadata('org/h2/expression/Parameter')}
  0x00007e5bdc57adb4: 4181 fbd8 | 340c 010f | 859b 8d00 | 004c 8b5c | 2468 458b | 5b54 4585 | db0f 8519 | 4300 0045 
  0x00007e5bdc57add4: 8950 144c | 8b14 2445 | 8b52 1c45 | 8b5a 1845 | 8b53 0849 

  0x00007e5bdc57ade8: ;   {metadata('java/util/Random')}
  0x00007e5bdc57ade8: 8bcb 4181 | fae0 2d18 | 000f 8571 | 3800 0044 | 8b41 1849 | 8b40 104c | 8bc8 49ba | 6de6 ecde 
  0x00007e5bdc57ae08: 0500 0000 | 4d0f afca | 4d8d 510b | 49bb ffff | ffff ffff | 0000 4d23 | d3f0 4d0f | b150 1041 
  0x00007e5bdc57ae28: 0f94 c345 | 0fb6 db45 | 85db 0f84 | 3555 0000 | 448b 5118 

  0x00007e5bdc57ae3c: ; implicit exception: dispatches to 0x00007e5bdc584e3c
  0x00007e5bdc57ae3c: 498b 4210 | 488b d849 | bb6d e6ec | de05 0000 | 0049 0faf | db49 c1e1 | 0548 83c3 | 0b4c 8bdb 
  0x00007e5bdc57ae5c: 49b8 ffff | ffff ffff | 0000 4d23 | d8f0 4d0f | b15a 100f | 94c1 0fb6 | c949 81c1 | 6001 0000 
  0x00007e5bdc57ae7c: 49bb 0000 | 00f8 ffff | 1f00 4d23 | cb85 c90f | 8454 5500 | 0048 c1eb | 1548 81e3 | ffff ff07 
  0x00007e5bdc57ae9c: 4903 d9c4 | e1fb 2ac3 

  0x00007e5bdc57aea4: ;   {section_word}
  0x00007e5bdc57aea4: c5fb 5905 | 94ce ffff 

  0x00007e5bdc57aeac: ;   {section_word}
  0x00007e5bdc57aeac: c5fb 5905 | 9cce ffff 

  0x00007e5bdc57aeb4: ;   {section_word}
  0x00007e5bdc57aeb4: c5fb 5805 | 8cce ffff | c57b 2cd8 | 4181 fb00 | 0000 800f | 8470 d200 | 0041 83fb | 0a0f 8309 
  0x00007e5bdc57aed4: ;   {oop(a 'java/lang/String'[10] {0x00000000412202a0})}
  0x00007e5bdc57aed4: 2800 0049 | baa0 0222 | 4100 0000 | 0047 8b5c | 9a10 498b | cb48 8b74 | 2468 ba0a 

  0x00007e5bdc57aef0: ;   {optimized virtual_call}
  0x00007e5bdc57aef0: 0000 00e8 

  0x00007e5bdc57aef4: ; ImmutableOopMap {[0]=Oop [12]=NarrowOop [16]=Oop [28]=NarrowOop [40]=Oop [48]=Oop [64]=Oop [96]=Oop [104]=Oop [112]=Oop [168]=Oop }
                      ;*invokeinterface setString {reexecute=0 rethrow=0 return_oop=0}
                      ; - org.apache.derbyTesting.system.oe.load.SimpleInsert::orderTable@414 (line 436)
  0x00007e5bdc57aef4: 0840 eeff 

  0x00007e5bdc57aef8: ;   {other}
  0x00007e5bdc57aef8: 0f1f 8400 | e842 001a | 4c8b 5424 | 6845 8b42 | 1445 8b58 | 0c41 83fb | ff0f 8556 | 4200 0045 
  0x00007e5bdc57af18: 8b58 1045 

  0x00007e5bdc57af1c: ;   {metadata('org/h2/message/TraceSystem')}
  0x00007e5bdc57af1c: 8b53 0841 | 81fa 2813 | 0801 0f85 | 9c37 0000 | 458b 5314 | 4183 fa04 | 0f84 1e55 | 0000 4183 
  0x00007e5bdc57af3c: fa03 0f8d | 9c55 0000 | 4c8b 5424 | 6845 8b42 | 3845 8b58 | 2c45 8b4b | 084d 8bd3 

  0x00007e5bdc57af58: ;   {metadata('org/h2/engine/SessionLocal')}
  0x00007e5bdc57af58: 4181 f940 | f402 010f | 85e3 3700 | 0045 8b92 | f800 0000 

  0x00007e5bdc57af6c: ; implicit exception: dispatches to 0x00007e5bdc584ee0
  0x00007e5bdc57af6c: 458b 5a0c 

  0x00007e5bdc57af70: ;   {oop(a 'org/h2/engine/SessionLocal$State'{0x0000000040a090b8})}
  0x00007e5bdc57af70: 4181 fbb8 | 90a0 400f | 84c3 5500 | 004c 8b54 | 2468 4589 | 6258 458b | 5a40 4585 | db0f 85f9 
  0x00007e5bdc57af90: 5500 0045 | 8b5a 4445 | 85db 0f85 | 6c56 0000 | 4588 6235 | f083 4424 | c000 458b | 5a3c 49c7 
  0x00007e5bdc57afb0: 4220 ffff | ffff 4589 | 6240 4589 | 6244 4585 | db0f 8465 | 2700 004d | 8bd3 4c89 | 9424 8000 
  0x00007e5bdc57afd0: 0000 4c8b | 9c24 8000 | 0000 488d | 9c24 b000 | 0000 498b | 03a8 020f | 8523 0000 | 0048 83c8 
  0x00007e5bdc57aff0: 0148 8903 | f049 0fb1 | 1b0f 8437 | 0000 0048 | 2bc4 4825 | 07f0 ffff | 4889 03e9 | 2400 0000 
  0x00007e5bdc57b010: 4c8b d048 | 33c0 f04d | 0fb1 7a3e | 48c7 0303 | 0000 0074 | 114c 3bf8 | 7515 49ff | 8286 0000 
  0x00007e5bdc57b030: 0048 33c0 | 7509 49ff | 8768 0800 | 0033 c00f | 855b 4700 | 004c 8b54 | 2468 458b | 5250 4c8b 
  0x00007e5bdc57b050: 5c24 6845 | 8b43 3845 | 85d2 0f84 | 90ef ffff | 448b 5c24 | 0c45 8958 | 4ce9 89ef 

  0x00007e5bdc57b06c: ;   {no_reloc}
  0x00007e5bdc57b06c: ffff 4181 | fb80 0000 | 000f 83ea 

  0x00007e5bdc57b078: ;   {oop(a 'org/h2/value/ValueInteger'[128] {0x0000000040b05c48})}
  0x00007e5bdc57b078: 8200 0049 | ba48 5cb0 | 4000 0000 | 0047 8b54 | 9a10 e90d | e5ff ff41 | 81fa 8000 | 0000 0f83 
  0x00007e5bdc57b098: 2483 0000 

  0x00007e5bdc57b09c: ;   {oop(a 'org/h2/value/ValueInteger'[128] {0x0000000040b05c48})}
  0x00007e5bdc57b09c: 4d63 d049 | bb48 5cb0 | 4000 0000 | 0047 8b54 | 9314 e9d0 | e7ff ff41 | 81fa 8000 | 0000 0f83 
  0x00007e5bdc57b0bc: a582 0000 

  0x00007e5bdc57b0c0: ;   {oop(a 'org/h2/value/ValueInteger'[128] {0x0000000040b05c48})}
  0x00007e5bdc57b0c0: 49ba 485c | b040 0000 | 0000 448b | 4424 5047 | 8b54 8210 | e926 f3ff | ff41 81fb | 8000 0000 
  0x00007e5bdc57b0e0: 0f83 da82 | 0000 4d63 

  0x00007e5bdc57b0e8: ;   {oop(a 'org/h2/value/ValueInteger'[128] {0x0000000040b05c48})}
  0x00007e5bdc57b0e8: d049 bb48 | 5cb0 4000 | 0000 0047 | 8b54 9314 | e9df f5ff | ff41 81fb | bc02 0000 | 0f8f a60f 
  0x00007e5bdc57b108: 0000 e991 | 0100 0041 | 81fb 8000 | 0000 0f83 | 4d84 0000 

  0x00007e5bdc57b11c: ;   {oop(a 'org/h2/value/ValueInteger'[128] {0x0000000040b05c48})}
  0x00007e5bdc57b11c: 49ba 485c | b040 0000 | 0000 4c8b | 5c24 2047 | 8b5c 9a14 | e907 d4ff | ff41 81fb | 8000 0000 
  0x00007e5bdc57b13c: 0f83 6a84 

  0x00007e5bdc57b140: ;   {oop(a 'org/h2/value/ValueInteger'[128] {0x0000000040b05c48})}
  0x00007e5bdc57b140: 0000 49ba | 485c b040 | 0000 0000 | 478b 5c9a | 10e9 d4d5 | ffff 6666 | 0f1f 8400 | 0000 0000 
  0x00007e5bdc57b160: ; implicit exception: dispatches to 0x00007e5bdc58511c
  0x00007e5bdc57b160: 4589 624c | 4533 d24d | 8bda 4c8b | 5424 6845 | 895a 48f0 | 8344 24c0 | 0045 8b52 | 604c 8b5c 
  0x00007e5bdc57b180: 2468 458b | 5b50 458b | 4b08 498b 

  0x00007e5bdc57b18c: ;   {metadata('org/h2/command/CommandContainer')}
  0x00007e5bdc57b18c: f341 81f9 | 001e 0a01 | 0f85 9b81 | 0000 498b 

  0x00007e5bdc57b19c: ;   {optimized virtual_call}
  0x00007e5bdc57b19c: d266 90e8 

  0x00007e5bdc57b1a0: ; ImmutableOopMap {[0]=Oop [12]=NarrowOop [16]=Oop [28]=NarrowOop [40]=Oop [48]=Oop [64]=Oop [96]=Oop [104]=Oop [112]=Oop [128]=Oop [168]=Oop }
                      ;*invokeinterface executeUpdate {reexecute=0 rethrow=0 return_oop=1}
                      ; - org.h2.jdbc.JdbcPreparedStatement::executeUpdateInternal@27 (line 209)
                      ; - org.h2.jdbc.JdbcPreparedStatement::executeUpdate@16 (line 169)
                      ; - org.apache.derbyTesting.system.oe.load.SimpleInsert::orderTable@421 (line 437)
  0x00007e5bdc57b1a0: dc9e 6eff 

  0x00007e5bdc57b1a4: ;   {other}
  0x00007e5bdc57b1a4: 0f1f 8400 | 9445 001b 

  0x00007e5bdc57b1ac: ; implicit exception: dispatches to 0x00007e5bdc584fbc
  0x00007e5bdc57b1ac: 4c8b 5010 | 4c8b 5c24 | 684d 8953 | 2045 8b5b | 3845 8963 | 4c4c 8b54 | 2468 4589 | 6248 f083 
  0x00007e5bdc57b1cc: 4424 c000 | 4c8b 9c24 | 8000 0000 | 488d 8424 | b000 0000 | 4883 3800 | 0f84 7900 | 0000 4d8b 
  0x00007e5bdc57b1ec: 1341 f6c2 | 020f 8462 | 0000 0049 | 83ba 8600 | 0000 0074 | 0949 ff8a | 8600 0000 | eb4b 498b 
  0x00007e5bdc57b20c: 8296 0000 | 0049 0b82 | 8e00 0000 | 750a 49c7 | 423e 0000 | 0000 eb3d | 4983 ba9e | 0000 0000 
  0x00007e5bdc57b22c: 7422 4833 | c049 c742 | 3e00 0000 | 00f0 8304 | 2400 4983 | ba9e 0000 | 0000 750d | f04d 0fb1 
  0x00007e5bdc57b24c: 7a3e 7505 | 83c8 01eb | 0ca8 00eb | 084c 8b10 | f04d 0fb1 | 1375 0a49 | ff8f 6808 | 0000 4533 
  0x00007e5bdc57b26c: d20f 85ca | 8000 004c | 8b54 2468 | 4d8b 5220 | 4981 faff | ffff 7f0f | 8f03 5400 | 004d 8b97 
  0x00007e5bdc57b28c: 7007 0000 | 448b 4424 | 5041 ffc0 | 4489 4424 

  0x00007e5bdc57b29c: ; ImmutableOopMap {[0]=Oop [12]=NarrowOop [16]=Oop [28]=NarrowOop [40]=Oop [48]=Oop [64]=Oop [96]=Oop [104]=Oop [112]=Oop [168]=Oop }
                      ;*goto {reexecute=1 rethrow=0 return_oop=0}
                      ; - (reexecute) org.apache.derbyTesting.system.oe.load.SimpleInsert::orderTable@430 (line 418)
                      ;   {poll}
  0x00007e5bdc57b29c: 5041 8502 | 448b 5c24 | 5044 3b5c | 2448 0f8f | 65cc ffff | 4c8b 5424 | 6845 8b5a | 1445 8b43 
  0x00007e5bdc57b2bc: 0c41 83f8 | ff0f 8551 | 8100 0045 | 8b5b 1045 | 8b43 084d 

  0x00007e5bdc57b2d0: ;   {metadata('org/h2/message/TraceSystem')}
  0x00007e5bdc57b2d0: 8bd3 4181 | f828 1308 | 010f 85a5 | 2400 0045 | 8b5a 1441 | 83fb 040f | 84f8 4400 | 0041 83fb 
  0x00007e5bdc57b2f0: 030f 8d65 | 4500 0044 | 8b54 2458 | 4585 d20f | 8c3b 3600 | 0041 81fa | 8000 0000 | 0f83 867f 
  0x00007e5bdc57b310: ;   {oop(a 'org/h2/value/ValueInteger'[128] {0x0000000040b05c48})}
  0x00007e5bdc57b310: 0000 49ba | 485c b040 | 0000 0000 | 448b 5c24 | 5847 8b54 | 9a10 4c8b | 5c24 6845 | 8b5b 3845 
  0x00007e5bdc57b330: 8b4b 2c41 | 8b49 084d 

  0x00007e5bdc57b338: ;   {metadata('org/h2/engine/SessionLocal')}
  0x00007e5bdc57b338: 8bd9 81f9 | 40f4 0201 | 0f85 9e24 | 0000 458b | 9bf8 0000 | 0045 8b43 

  0x00007e5bdc57b350: ;   {oop(a 'org/h2/engine/SessionLocal$State'{0x0000000040a090b8})}
  0x00007e5bdc57b350: 0c41 81f8 | b890 a040 | 0f84 5e45 | 0000 4c8b | 5c24 6845 | 8b5b 5045 

  0x00007e5bdc57b368: ;   {metadata('org/h2/command/CommandContainer')}
  0x00007e5bdc57b368: 8b4b 0841 | 81f9 001e | 0a01 0f85 | f424 0000 | 458b 5b24 

  0x00007e5bdc57b37c: ; implicit exception: dispatches to 0x00007e5bdc5842f8
  0x00007e5bdc57b37c: 418b 5b34 

  0x00007e5bdc57b380: ; implicit exception: dispatches to 0x00007e5bdc584340
  0x00007e5bdc57b380: 448b 4310 | 4c8b cb45 | 85c0 0f8e | 1c36 0000 | 450f b65b | 2545 85db | 0f85 9245 | 0000 4585 
  0x00007e5bdc57b3a0: c00f 84f6 | 2100 0044 | 8b5b 1445 | 8b4b 0c45 | 85c9 0f86 | 387f 0000 | 458b 4310 

  0x00007e5bdc57b3bc: ; implicit exception: dispatches to 0x00007e5bdc5843d0
  0x00007e5bdc57b3bc: 458b 4808 

  0x00007e5bdc57b3c0: ;   {metadata('org/h2/expression/Parameter')}
  0x00007e5bdc57b3c0: 4d8b d841 | 81f9 d834 | 0c01 0f85 | c884 0000 | 4c8b 4424 | 6845 8b40 | 5445 85c0 | 0f85 6636 
  0x00007e5bdc57b3e0: 0000 4589 | 5314 4c8b | 5424 6845 | 8b52 1445 | 8b42 0c41 | 83f8 ff0f | 8523 8000 | 0045 8b52 
  0x00007e5bdc57b400: 1045 8b4a | 084d 8bda 

  0x00007e5bdc57b408: ;   {metadata('org/h2/message/TraceSystem')}
  0x00007e5bdc57b408: 4181 f928 | 1308 010f | 8553 2500 | 0045 8b53 | 1441 83fa | 040f 8481 | 4500 0041 | 83fa 030f 
  0x00007e5bdc57b428: 8deb 4500 | 0044 8b5c | 2450 4585 | db0f 8ce9 | 3600 0041 | 81fb 8000 | 0000 0f8c | 381b 0000 
  0x00007e5bdc57b448: 0fb6 6c24 

  0x00007e5bdc57b44c: ;   {oop(a 'org/h2/value/ValueInteger'[256] {0x0000000040b05e58})}
  0x00007e5bdc57b44c: 5049 ba58 | 5eb0 4000 | 0000 0045 | 8b54 aa10 | 4585 d274 | 0f45 8b42 | 0c44 3b44 | 2450 0f84 
  0x00007e5bdc57b46c: 8100 0000 | 498b 8750 | 0300 004c | 8bd0 4983 | c210 4d3b | 9758 0300 | 000f 83d9 | 2000 004d 
  0x00007e5bdc57b48c: 8997 5003 | 0000 4c8b | d04d 8bda | 49c1 eb06 | 49b8 0000 | 4030 af71 | 0000 4d03 | d849 c1ea 
  0x00007e5bdc57b4ac: 0345 0fb6 | 0b49 83e2 | 0745 8bd2 | b901 0000 | 00c4 6229 | f7c1 450b | c845 880b | 48c7 0001 
  0x00007e5bdc57b4cc: ;   {metadata('org/h2/value/ValueInteger')}
  0x00007e5bdc57b4cc: 0000 00c7 | 4008 e057 | 0201 448b | 5424 5044 | 8950 0c4c 

  0x00007e5bdc57b4e0: ;   {oop(a 'org/h2/value/ValueInteger'[256] {0x0000000040b05e58})}
  0x00007e5bdc57b4e0: 8bd0 49bb | 585e b040 | 0000 0000 | 4589 54ab | 104c 8b5c | 2468 458b | 4338 458b | 582c 458b 
  0x00007e5bdc57b500: ;   {metadata('org/h2/engine/SessionLocal')}
  0x00007e5bdc57b500: 4b08 4181 | f940 f402 | 010f 85b9 | 2400 0045 | 8b9b f800 | 0000 458b 

  0x00007e5bdc57b518: ;   {oop(a 'org/h2/engine/SessionLocal$State'{0x0000000040a090b8})}
  0x00007e5bdc57b518: 5b0c 4181 | fbb8 90a0 | 400f 8451 | 4500 004c | 8b5c 2468 | 458b 5b50 

  0x00007e5bdc57b530: ; implicit exception: dispatches to 0x00007e5bdc584508
  0x00007e5bdc57b530: 458b 4b08 

  0x00007e5bdc57b534: ;   {metadata('org/h2/command/CommandContainer')}
  0x00007e5bdc57b534: 4181 f900 | 1e0a 010f | 850f 2500 | 0045 8b43 | 2441 8b58 | 3444 8b5b | 104c 8bcb | 4585 db0f 
  0x00007e5bdc57b554: 8e23 3600 | 0045 0fb6 | 4025 4585 | c00f 8585 | 4500 0041 | 83fb 030f | 8eef 4500 | 0045 85db 
  0x00007e5bdc57b574: 0f8c 5e25 | 0000 4183 | fb03 0f86 | f025 0000 | 448b 5b14 

  0x00007e5bdc57b588: ; implicit exception: dispatches to 0x00007e5bdc5845e0
  0x00007e5bdc57b588: 458b 4b0c | 4183 f903 | 0f86 627d | 0000 458b | 431c 458b 

  0x00007e5bdc57b59c: ;   {metadata('org/h2/expression/Parameter')}
  0x00007e5bdc57b59c: 5808 4181 | fbd8 340c | 010f 8575 | 8300 004c | 8b5c 2468 | 458b 5b54 | 4585 db0f | 855b 3600 
  0x00007e5bdc57b5bc: 0045 8950 | 144c 8b14 | 2445 8b52 | 1c45 8b5a | 1845 8b53 | 0849 8bcb 

  0x00007e5bdc57b5d4: ;   {metadata('java/util/Random')}
  0x00007e5bdc57b5d4: 4181 fae0 | 2d18 000f | 85a3 2600 | 0044 8b59 | 1849 8b43 | 104c 8bc8 | 49ba 6de6 | ecde 0500 
  0x00007e5bdc57b5f4: 0000 4d0f | afca 4d8d | 510b 49b8 | ffff ffff | ffff 0000 | 4d23 d0f0 | 4d0f b153 | 1041 0f94 
  0x00007e5bdc57b614: c045 0fb6 | c045 85c0 | 0f84 a37e | 0000 448b | 5118 498b | 4210 4c8b | c049 bb6d | e6ec de05 
  0x00007e5bdc57b634: 0000 004d | 0faf c349 | c1e1 0549 | 83c0 0b4d | 8bd8 48b9 | ffff ffff | ffff 0000 | 4c23 d9f0 
  0x00007e5bdc57b654: 4d0f b15a | 1041 0f94 | c345 0fb6 | db49 81c1 | 6001 0000 | 48b9 0000 | 00f8 ffff | 1f00 4c23 
  0x00007e5bdc57b674: c945 85db | 0f84 4f7e | 0000 4c8b | 5424 6845 | 8b52 1449 | c1e8 1549 | 81e0 ffff | ff07 4d03 
  0x00007e5bdc57b694: c1c4 c1fb 

  0x00007e5bdc57b698: ;   {section_word}
  0x00007e5bdc57b698: 2ac0 c5fb | 5905 9ec6 

  0x00007e5bdc57b6a0: ;   {section_word}
  0x00007e5bdc57b6a0: ffff c5fb | 5905 aec6 

  0x00007e5bdc57b6a8: ;   {section_word}
  0x00007e5bdc57b6a8: ffff c5fb | 5805 96c6 | ffff c57b | 2cc0 4181 | f800 0000 | 800f 8465 | ca00 0045 | 8d48 0144 
  0x00007e5bdc57b6c8: 894c 245c 

  0x00007e5bdc57b6cc: ; implicit exception: dispatches to 0x00007e5bdc5846d8
  0x00007e5bdc57b6cc: 458b 4a0c | 4183 f9ff | 0f85 4e7d | 0000 458b | 5210 418b | 4a08 4d8b 

  0x00007e5bdc57b6e4: ;   {metadata('org/h2/message/TraceSystem')}
  0x00007e5bdc57b6e4: da81 f928 | 1308 010f | 85f3 2500 | 0045 8b53 | 1441 83fa | 040f 849d | 4500 0041 | 83fa 030f 
  0x00007e5bdc57b704: 8d07 4600 | 0044 8b54 | 245c 4585 | d20f 8cdd | 3500 0041 | 81fa 8000 | 0000 0f8c | 7d18 0000 
  0x00007e5bdc57b724: 410f b6ea 

  0x00007e5bdc57b728: ;   {oop(a 'org/h2/value/ValueInteger'[256] {0x0000000040b05e58})}
  0x00007e5bdc57b728: 49ba 585e | b040 0000 | 0000 458b | 54aa 1045 | 85d2 740f | 458b 420c | 443b 4424 | 5c0f 8486 
  0x00007e5bdc57b748: 0000 0049 | 8b87 5003 | 0000 4c8b | d049 83c2 | 104d 3b97 | 5803 0000 | 0f83 1b1e | 0000 4d89 
  0x00007e5bdc57b768: 9750 0300 | 004c 8bd0 | 4d8b da49 | c1eb 0649 | b800 0040 | 30af 7100 | 004d 03d8 | 49c1 ea03 
  0x00007e5bdc57b788: 450f b60b | 4983 e207 | 458b d241 | b801 0000 | 00c4 4229 | f7c0 450b | c845 880b | 48c7 0001 
  0x00007e5bdc57b7a8: ;   {metadata('org/h2/value/ValueInteger')}
  0x00007e5bdc57b7a8: 0000 00c7 | 4008 e057 | 0201 4489 | 600c 448b | 5c24 5c44 | 8958 0c4c 

  0x00007e5bdc57b7c0: ;   {oop(a 'org/h2/value/ValueInteger'[256] {0x0000000040b05e58})}
  0x00007e5bdc57b7c0: 8bd0 49bb | 585e b040 | 0000 0000 | 4589 54ab | 104c 8b5c | 2468 458b | 4338 458b | 582c 458b 
  0x00007e5bdc57b7e0: ;   {metadata('org/h2/engine/SessionLocal')}
  0x00007e5bdc57b7e0: 4b08 4181 | f940 f402 | 010f 8555 | 2500 0045 | 8b9b f800 | 0000 458b 

  0x00007e5bdc57b7f8: ;   {oop(a 'org/h2/engine/SessionLocal$State'{0x0000000040a090b8})}
  0x00007e5bdc57b7f8: 5b0c 4181 | fbb8 90a0 | 400f 8469 | 4500 004c | 8b5c 2468 | 458b 5b50 

  0x00007e5bdc57b810: ; implicit exception: dispatches to 0x00007e5bdc5847b0
  0x00007e5bdc57b810: 458b 4b08 

  0x00007e5bdc57b814: ;   {metadata('org/h2/command/CommandContainer')}
  0x00007e5bdc57b814: 4181 f900 | 1e0a 010f | 85ab 2500 | 0045 8b43 | 2441 8b58 | 3444 8b5b | 104c 8bcb | 4585 db0f 
  0x00007e5bdc57b834: 8e27 3500 | 0045 0fb6 | 4025 4585 | c00f 859d | 4500 0041 | 83fb 040f | 8e07 4600 | 0045 85db 
  0x00007e5bdc57b854: 0f8c fa25 | 0000 4183 | fb04 0f86 | 8c26 0000 | 448b 5b14 

  0x00007e5bdc57b868: ; implicit exception: dispatches to 0x00007e5bdc584888
  0x00007e5bdc57b868: 458b 4b0c | 4183 f904 | 0f86 8a7a | 0000 458b | 4320 458b 

  0x00007e5bdc57b87c: ;   {metadata('org/h2/expression/Parameter')}
  0x00007e5bdc57b87c: 5808 4181 | fbd8 340c | 010f 851d | 8100 004c | 8b5c 2468 | 458b 5b54 | 4585 db0f | 855f 3500 
  0x00007e5bdc57b89c: 0045 8950 | 144c 8b54 | 2468 458b | 5214 458b | 5a0c 4183 | fbff 0f85 | 787b 0000 | 458b 5210 
  0x00007e5bdc57b8bc: ; implicit exception: dispatches to 0x00007e5bdc584978
  0x00007e5bdc57b8bc: 458b 4208 

  0x00007e5bdc57b8c0: ;   {metadata('org/h2/message/TraceSystem')}
  0x00007e5bdc57b8c0: 4181 f828 | 1308 010f | 8533 2700 | 0045 8b5a | 1441 83fb | 040f 84c9 | 4500 0041 | 83fb 030f 
  0x00007e5bdc57b8e0: 8d33 4600 | 0049 8b8f | 5003 0000 | 4c8b d149 | 83c2 104d | 3b97 5803 | 0000 0f83 | 451c 0000 
  0x00007e5bdc57b900: 4d89 9750 | 0300 004c | 8bd1 4d8b | da49 c1eb | 0649 b800 | 0040 30af | 7100 004d | 03d8 49c1 
  0x00007e5bdc57b920: ea03 4d8b | c345 0fb6 | 1849 83e2 | 0745 8bd2 | bb01 0000 | 00c4 6229 | f7cb 450b | d945 8818 
  0x00007e5bdc57b940: 48c7 0101 

  0x00007e5bdc57b944: ;   {metadata('org/h2/value/ValueSmallint')}
  0x00007e5bdc57b944: 0000 00c7 | 4108 50b1 | 0301 4489 | 610c 448b | 5424 5466 | 4489 510c | 4889 8c24 | 8000 0000 
  0x00007e5bdc57b964: ;   {oop(a 'java/lang/Class'{0x00000000408096a0} = 'org/h2/value/Value')}
  0x00007e5bdc57b964: 49ba a096 | 8040 0000 | 0000 458b | 4a7c 458b | 510c 458b | 5a08 4d8b 

  0x00007e5bdc57b97c: ;   {oop(a 'java/lang/Class'{0x0000000040002768} = 'java/lang/ref/SoftReference')}
  0x00007e5bdc57b97c: 4120 48b9 | 6827 0040 | 0000 0000 | 488b 4970 | 498b da4c | 3bc1 0f85 | 3d7b 0000 

  0x00007e5bdc57b998: ;   {metadata('org/h2/value/Value'[])}
  0x00007e5bdc57b998: 4181 fb40 | 9a08 010f | 858b 8000 | 0048 899c | 2488 0000 | 0044 8b53 | 0c44 8b44 | 247c 453b 
  0x00007e5bdc57b9b8: c20f 837d | 1c00 0042 | 8b6c 8310 | 85ed 745b | 4c8b d54c | 8954 2420 | 498b f266 | 9048 b8ff 
  0x00007e5bdc57b9d8: ffff ffff 

  0x00007e5bdc57b9dc: ;   {virtual_call}
  0x00007e5bdc57b9dc: ffff ffe8 

  0x00007e5bdc57b9e0: ; ImmutableOopMap {rbp=NarrowOop [0]=Oop [12]=NarrowOop [16]=Oop [28]=NarrowOop [32]=Oop [40]=Oop [48]=Oop [64]=Oop [96]=Oop [104]=Oop [112]=Oop [128]=Oop [136]=Oop [168]=Oop }
                      ;*invokevirtual getValueType {reexecute=0 rethrow=0 return_oop=0}
                      ; - org.h2.value.Value::cache@69 (line 750)
                      ; - org.h2.value.ValueSmallint::get@8 (line 171)
                      ; - org.h2.jdbc.JdbcPreparedStatement::setShort@47 (line 659)
                      ; - org.apache.derbyTesting.system.oe.load.SimpleInsert::orderTable@302 (line 425)
  0x00007e5bdc57b9e0: 9c99 6eff 

  0x00007e5bdc57b9e4: ;   {other}
  0x00007e5bdc57b9e4: 0f1f 8400 | d44d 001d | 83f8 0a75 | 3244 8b55 

  0x00007e5bdc57b9f4: ;   {metadata('org/h2/value/ValueSmallint')}
  0x00007e5bdc57b9f4: 0841 81fa | 50b1 0301 | 0f85 c485 | 0000 4c8b | 5424 204c | 8b9c 2480 | 0000 0045 | 0fbf 430c 
  0x00007e5bdc57ba14: 450f bf5a | 0c45 3bc3 | 742a e9ca | 7a00 004c | 8b94 2480 | 0000 004d | 8bda 4c8b | 9424 8800 
  0x00007e5bdc57ba34: 0000 448b | 4c24 7c47 | 895c 8a10 | 4c8b 9424 | 8000 0000 | 4c8b 5c24 | 6845 8b4b | 3845 8b41 
  0x00007e5bdc57ba54: 2c41 8b48 | 084d 8bd8 

  0x00007e5bdc57ba5c: ;   {metadata('org/h2/engine/SessionLocal')}
  0x00007e5bdc57ba5c: 81f9 40f4 | 0201 0f85 | f825 0000 | 458b 9bf8 | 0000 0045 

  0x00007e5bdc57ba70: ;   {oop(a 'org/h2/engine/SessionLocal$State'{0x0000000040a090b8})}
  0x00007e5bdc57ba70: 8b5b 0c41 | 81fb b890 | a040 0f84 | a845 0000 | 4c8b 5c24 | 6845 8b5b | 5045 8b4b 

  0x00007e5bdc57ba8c: ;   {metadata('org/h2/command/CommandContainer')}
  0x00007e5bdc57ba8c: 0841 81f9 | 001e 0a01 | 0f85 5e26 | 0000 458b | 4b24 418b | 5934 448b | 4310 4c8b | db45 85c0 
  0x00007e5bdc57baac: 0f8e 2634 | 0000 450f | b649 2545 | 85c9 0f85 | f045 0000 | 4183 f805 | 0f8e 6e46 | 0000 4585 
  0x00007e5bdc57bacc: c00f 8cbd | 2600 0041 | 83f8 050f | 864f 2700 | 0044 8b5b | 1445 8b4b | 0c41 83f9 | 050f 8619 
  0x00007e5bdc57baec: 7800 0045 | 8b43 2445 | 8b48 084d 

  0x00007e5bdc57baf8: ;   {metadata('org/h2/expression/Parameter')}
  0x00007e5bdc57baf8: 8bd8 4181 | f9d8 340c | 010f 85bd | 7f00 004c | 8b44 2468 | 458b 4054 | 4585 c00f | 855b 3400 
  0x00007e5bdc57bb18: 0045 8953 | 1448 8b74 | 2468 ba07 | 0000 0048 | 8b8c 24a8 

  0x00007e5bdc57bb2c: ;   {optimized virtual_call}
  0x00007e5bdc57bb2c: 0000 00e8 

  0x00007e5bdc57bb30: ; ImmutableOopMap {[0]=Oop [12]=NarrowOop [16]=Oop [28]=NarrowOop [40]=Oop [48]=Oop [64]=Oop [96]=Oop [104]=Oop [112]=Oop [168]=Oop }
                      ;*invokeinterface setTimestamp {reexecute=0 rethrow=0 return_oop=0}
                      ; - org.apache.derbyTesting.system.oe.load.SimpleInsert::orderTable@321 (line 427)
  0x00007e5bdc57bb30: 4c95 6eff 

  0x00007e5bdc57bb34: ;   {other}
  0x00007e5bdc57bb34: 0f1f 8400 | 244f 001e | 488b 7424 | 68ba 0b00 | 0000 488b | 8c24 a800 

  0x00007e5bdc57bb4c: ;   {optimized virtual_call}
  0x00007e5bdc57bb4c: 0000 90e8 

  0x00007e5bdc57bb50: ; ImmutableOopMap {[0]=Oop [12]=NarrowOop [16]=Oop [28]=NarrowOop [40]=Oop [48]=Oop [64]=Oop [96]=Oop [104]=Oop [112]=Oop [168]=Oop }
                      ;*invokeinterface setTimestamp {reexecute=0 rethrow=0 return_oop=0}
                      ; - org.apache.derbyTesting.system.oe.load.SimpleInsert::orderTable@332 (line 428)
  0x00007e5bdc57bb50: 2c95 6eff 

  0x00007e5bdc57bb54: ;   {other}
  0x00007e5bdc57bb54: 0f1f 8400 | 444f 001f | 488b 7424 | 68ba 0900 

  0x00007e5bdc57bb64: ;   {oop(""{0x0000000041e09b20})}
  0x00007e5bdc57bb64: 0000 48b9 | 209b e041 | 0000 0000 

  0x00007e5bdc57bb70: ;   {optimized virtual_call}
  0x00007e5bdc57bb70: 6666 90e8 

  0x00007e5bdc57bb74: ; ImmutableOopMap {[0]=Oop [12]=NarrowOop [16]=Oop [28]=NarrowOop [40]=Oop [48]=Oop [64]=Oop [96]=Oop [104]=Oop [112]=Oop [168]=Oop }
                      ;*invokeinterface setString {reexecute=0 rethrow=0 return_oop=0}
                      ; - org.apache.derbyTesting.system.oe.load.SimpleInsert::orderTable@343 (line 429)
  0x00007e5bdc57bb74: 0895 6eff 

  0x00007e5bdc57bb78: ;   {other}
  0x00007e5bdc57bb78: 0f1f 8400 | 684f 0020 | 4c8b 5424 | 6845 8b52 | 1445 8b5a | 0c41 83fb | ff0f 85a1 | 7800 0045 
  0x00007e5bdc57bb98: 8b52 1045 

  0x00007e5bdc57bb9c: ;   {metadata('org/h2/message/TraceSystem')}
  0x00007e5bdc57bb9c: 8b42 0841 | 81f8 2813 | 0801 0f85 | a027 0000 | 458b 5a14 | 4183 fb04 | 0f84 ca45 | 0000 4183 
  0x00007e5bdc57bbbc: fb03 0f8d | 2446 0000 

  0x00007e5bdc57bbc4: ;   {oop(a 'org/h2/value/ValueInteger'[128] {0x0000000040b05c48})}
  0x00007e5bdc57bbc4: 49ba 485c | b040 0000 | 0000 458b | 5224 4c8b | 5c24 6845 | 8b5b 3845 | 8b4b 2c45 | 8b41 084d 
  0x00007e5bdc57bbe4: ;   {metadata('org/h2/engine/SessionLocal')}
  0x00007e5bdc57bbe4: 8bd9 4181 | f840 f402 | 010f 85b9 | 2700 0045 | 8b83 f800 | 0000 458b 

  0x00007e5bdc57bbfc: ;   {oop(a 'org/h2/engine/SessionLocal$State'{0x0000000040a090b8})}
  0x00007e5bdc57bbfc: 580c 4181 | fbb8 90a0 | 400f 8429 | 4600 004c | 8b5c 2468 | 458b 4350 

  0x00007e5bdc57bc14: ; implicit exception: dispatches to 0x00007e5bdc584c80
  0x00007e5bdc57bc14: 458b 4808 

  0x00007e5bdc57bc18: ;   {metadata('org/h2/command/CommandContainer')}
  0x00007e5bdc57bc18: 4d8b d841 | 81f9 001e | 0a01 0f85 | 0c28 0000 | 418b 4b24 

  0x00007e5bdc57bc2c: ; implicit exception: dispatches to 0x00007e5bdc584cc8
  0x00007e5bdc57bc2c: 8b59 3444 | 8b43 104c | 8bcb 4585 | c00f 8e11 | 3400 0044 | 0fb6 5925 | 4585 db0f | 855b 4600 
  0x00007e5bdc57bc4c: 0041 83f8 | 070f 8ec5 | 4600 0045 | 85c0 0f8c | 5c28 0000 | 4183 f807 | 0f86 ee28 | 0000 448b 
  0x00007e5bdc57bc6c: 4314 458b | 580c 4183 | fb07 0f86 | 9476 0000 | 458b 582c 

  0x00007e5bdc57bc80: ; implicit exception: dispatches to 0x00007e5bdc584da0
  0x00007e5bdc57bc80: 418b 4b08 

  0x00007e5bdc57bc84: ;   {metadata('org/h2/expression/Parameter')}
  0x00007e5bdc57bc84: 4d8b c381 | f9d8 340c | 010f 85c9 | 7e00 004c | 8b5c 2468 | 458b 5b54 | 4585 db0f | 8547 3400 
  0x00007e5bdc57bca4: 0045 8950 | 144c 8b14 | 2445 8b5a | 1c45 8b53 | 1845 8b42 | 0849 8bca 

  0x00007e5bdc57bcbc: ;   {metadata('java/util/Random')}
  0x00007e5bdc57bcbc: 4181 f8e0 | 2d18 000f | 859f 2900 | 0044 8b41 | 1849 8b40 | 104c 8bc8 | 49ba 6de6 | ecde 0500 
  0x00007e5bdc57bcdc: 0000 4d0f | afca 4d8d | 510b 49bb | ffff ffff | ffff 0000 | 4d23 d3f0 | 4d0f b150 | 1041 0f94 
  0x00007e5bdc57bcfc: c345 0fb6 | db45 85db | 0f84 d377 | 0000 448b | 5118 498b | 4210 488b | d849 bb6d | e6ec de05 
  0x00007e5bdc57bd1c: 0000 0049 | 0faf db49 | c1e1 0548 | 83c3 0b4c | 8bdb 49b8 | ffff ffff | ffff 0000 | 4d23 d8f0 
  0x00007e5bdc57bd3c: 4d0f b15a | 100f 94c1 | 0fb6 c949 | 81c1 6001 | 0000 49bb | 0000 00f8 | ffff 1f00 | 4d23 cb85 
  0x00007e5bdc57bd5c: c90f 8482 | 7700 0048 | c1eb 1548 | 81e3 ffff | ff07 4903 | d9c4 e1fb 

  0x00007e5bdc57bd74: ;   {section_word}
  0x00007e5bdc57bd74: 2ac3 c5fb | 5905 c2bf 

  0x00007e5bdc57bd7c: ;   {section_word}
  0x00007e5bdc57bd7c: ffff c5fb | 5905 cabf 

  0x00007e5bdc57bd84: ;   {section_word}
  0x00007e5bdc57bd84: ffff c5fb | 5805 babf | ffff c57b | 2cd8 4181 | fb00 0000 | 800f 8474 | c300 0041 | 83fb 0a0f 
  0x00007e5bdc57bda4: 8337 1900 

  0x00007e5bdc57bda8: ;   {oop(a 'java/lang/String'[10] {0x00000000412202a0})}
  0x00007e5bdc57bda8: 0049 baa0 | 0222 4100 | 0000 0047 | 8b54 9a10 | 498b ca48 | 8b74 2468 | ba0a 0000 

  0x00007e5bdc57bdc4: ;   {optimized virtual_call}
  0x00007e5bdc57bdc4: 0066 90e8 

  0x00007e5bdc57bdc8: ; ImmutableOopMap {[0]=Oop [12]=NarrowOop [16]=Oop [28]=NarrowOop [40]=Oop [48]=Oop [64]=Oop [96]=Oop [104]=Oop [112]=Oop [168]=Oop }
                      ;*invokeinterface setString {reexecute=0 rethrow=0 return_oop=0}
                      ; - org.apache.derbyTesting.system.oe.load.SimpleInsert::orderTable@414 (line 436)
  0x00007e5bdc57bdc8: b492 6eff 

  0x00007e5bdc57bdcc: ;   {other}
  0x00007e5bdc57bdcc: 0f1f 8400 | bc51 0021 | 4c8b 5424 | 6845 8b52 | 1445 8b5a | 0c41 83fb | ff0f 8555 | 7600 0045 
  0x00007e5bdc57bdec: 8b52 1045 | 8b4a 084d 

  0x00007e5bdc57bdf4: ;   {metadata('org/h2/message/TraceSystem')}
  0x00007e5bdc57bdf4: 8bda 4181 | f928 1308 | 010f 85c5 | 2800 0045 | 8b53 1441 | 83fa 040f | 8447 4600 | 0041 83fa 
  0x00007e5bdc57be14: 030f 8dc5 | 4600 004c | 8b54 2468 | 458b 4238 

  0x00007e5bdc57be24: ; implicit exception: dispatches to 0x00007e5bdc585814
  0x00007e5bdc57be24: 458b 582c 

  0x00007e5bdc57be28: ; implicit exception: dispatches to 0x00007e5bdc585860
  0x00007e5bdc57be28: 458b 4308 

  0x00007e5bdc57be2c: ;   {metadata('org/h2/engine/SessionLocal')}
  0x00007e5bdc57be2c: 4d8b d341 | 81f8 40f4 | 0201 0f85 | 0c29 0000 | 458b 9af8 | 0000 0045 

  0x00007e5bdc57be44: ;   {oop(a 'org/h2/engine/SessionLocal$State'{0x0000000040a090b8})}
  0x00007e5bdc57be44: 8b5b 0c41 | 81fb b890 | a040 0f84 | ec46 0000 | 4c8b 5424 | 6845 8962 | 5845 8b5a | 4045 85db 
  0x00007e5bdc57be64: 0f85 2247 | 0000 458b | 5a44 4585 | db0f 8595 | 4700 0045 | 8862 35f0 | 8344 24c0 | 0045 8b52 
  0x00007e5bdc57be84: 3c4c 8b5c | 2468 49c7 | 4320 ffff | ffff 4589 | 6340 4589 | 6344 4585 | d20f 8489 | 1800 004c 
  0x00007e5bdc57bea4: 8994 2480 | 0000 004c | 8b9c 2480 | 0000 0048 | 8d9c 24b0 | 0000 0049 | 8b03 a802 | 0f85 2300 
  0x00007e5bdc57bec4: 0000 4883 | c801 4889 | 03f0 490f | b11b 0f84 | 3700 0000 | 482b c448 | 2507 f0ff | ff48 8903 
  0x00007e5bdc57bee4: e924 0000 | 004c 8bd0 | 4833 c0f0 | 4d0f b17a | 3e48 c703 | 0300 0000 | 7411 4c3b | f875 1549 
  0x00007e5bdc57bf04: ff82 8600 | 0000 4833 | c075 0949 | ff87 6808 | 0000 33c0 | 0f85 fa73 | 0000 4c8b | 5424 6845 
  0x00007e5bdc57bf24: 8b5a 5045 | 8b52 3845 | 85db 0f84 | 2cf2 ffff | 448b 4424 | 0c45 8942 | 4c4d 8bd3 | e922 f2ff 
  0x00007e5bdc57bf44: ;   {no_reloc}
  0x00007e5bdc57bf44: ff41 81f8 | 8000 0000 | 0f83 b276 

  0x00007e5bdc57bf50: ;   {oop(a 'org/h2/value/ValueInteger'[128] {0x0000000040b05c48})}
  0x00007e5bdc57bf50: 0000 49ba | 485c b040 | 0000 0000 | 478b 5c82 | 10e9 e0c0 | ffff 6666 | 0f1f 8400 | 0000 0000 
  0x00007e5bdc57bf70: ; implicit exception: dispatches to 0x00007e5bdc58511c
  0x00007e5bdc57bf70: 4589 604c | 4533 d24d | 8bda 4c8b | 5424 6845 | 895a 48f0 | 8344 24c0 | 0045 8b52 | 604c 8b5c 
  0x00007e5bdc57bf90: 2468 458b | 5b50 458b | 4b08 498b 

  0x00007e5bdc57bf9c: ;   {metadata('org/h2/command/CommandContainer')}
  0x00007e5bdc57bf9c: f341 81f9 | 001e 0a01 | 0f85 8b73 | 0000 498b 

  0x00007e5bdc57bfac: ;   {optimized virtual_call}
  0x00007e5bdc57bfac: d266 90e8 

  0x00007e5bdc57bfb0: ; ImmutableOopMap {[0]=Oop [12]=NarrowOop [16]=Oop [28]=NarrowOop [40]=Oop [48]=Oop [64]=Oop [96]=Oop [104]=Oop [112]=Oop [128]=Oop [168]=Oop }
                      ;*invokeinterface executeUpdate {reexecute=0 rethrow=0 return_oop=1}
                      ; - org.h2.jdbc.JdbcPreparedStatement::executeUpdateInternal@27 (line 209)
                      ; - org.h2.jdbc.JdbcPreparedStatement::executeUpdate@16 (line 169)
                      ; - org.apache.derbyTesting.system.oe.load.SimpleInsert::orderTable@421 (line 437)
  0x00007e5bdc57bfb0: cc90 6eff 

  0x00007e5bdc57bfb4: ;   {other}
  0x00007e5bdc57bfb4: 0f1f 8400 | a453 0022 

  0x00007e5bdc57bfbc: ; implicit exception: dispatches to 0x00007e5bdc584fbc
  0x00007e5bdc57bfbc: 4c8b 5010 | 4c8b 5c24 | 684d 8953 | 2045 8b5b | 3845 8963 | 4c4c 8b54 | 2468 4589 | 6248 f083 
  0x00007e5bdc57bfdc: 4424 c000 | 4c8b 9c24 | 8000 0000 | 488d 8424 | b000 0000 | 4883 3800 | 0f84 7900 | 0000 4d8b 
  0x00007e5bdc57bffc: 1341 f6c2 | 020f 8462 | 0000 0049 | 83ba 8600 | 0000 0074 | 0949 ff8a | 8600 0000 | eb4b 498b 
  0x00007e5bdc57c01c: 8296 0000 | 0049 0b82 | 8e00 0000 | 750a 49c7 | 423e 0000 | 0000 eb3d | 4983 ba9e | 0000 0000 
  0x00007e5bdc57c03c: 7422 4833 | c049 c742 | 3e00 0000 | 00f0 8304 | 2400 4983 | ba9e 0000 | 0000 750d | f04d 0fb1 
  0x00007e5bdc57c05c: 7a3e 7505 | 83c8 01eb | 0ca8 00eb | 084c 8b10 | f04d 0fb1 | 1375 0a49 | ff8f 6808 | 0000 4533 
  0x00007e5bdc57c07c: d20f 851a | 7400 004c | 8b54 2468 | 4d8b 5220 | 4981 faff | ffff 7f0f | 8ff3 4500 | 004d 8b97 
  0x00007e5bdc57c09c: 7007 0000 | 448b 4424 | 5041 ffc0 | 4489 4424 

  0x00007e5bdc57c0ac: ; ImmutableOopMap {[0]=Oop [12]=NarrowOop [16]=Oop [28]=NarrowOop [40]=Oop [48]=Oop [64]=Oop [96]=Oop [104]=Oop [112]=Oop [168]=Oop }
                      ;*goto {reexecute=1 rethrow=0 return_oop=0}
                      ; - (reexecute) org.apache.derbyTesting.system.oe.load.SimpleInsert::orderTable@430 (line 418)
                      ;   {poll}
  0x00007e5bdc57c0ac: 5041 8502 | 448b 5424 | 5044 3b54 | 2448 0f8f | b20e 0000 | 4c8b 5424 | 6845 8b52 | 1445 8b42 
  0x00007e5bdc57c0cc: 0c41 83f8 | ff0f 8520 | 7400 0045 | 8b52 1045 

  0x00007e5bdc57c0dc: ;   {metadata('org/h2/message/TraceSystem')}
  0x00007e5bdc57c0dc: 8b42 0841 | 81f8 2813 | 0801 0f85 | 9816 0000 | 458b 5a14 | 4183 fb04 | 0f84 eb36 | 0000 4183 
  0x00007e5bdc57c0fc: fb03 0f8d | 5837 0000 | 448b 5c24 | 5845 85db | 0f8c 2e28 | 0000 4181 | fb80 0000 | 000f 8379 
  0x00007e5bdc57c11c: ;   {oop(a 'org/h2/value/ValueInteger'[128] {0x0000000040b05c48})}
  0x00007e5bdc57c11c: 7100 0049 | ba48 5cb0 | 4000 0000 | 0047 8b54 | 9a10 4c8b | 5c24 6845 | 8b5b 3845 | 8b4b 2c45 
  0x00007e5bdc57c13c: 8b41 084d 

  0x00007e5bdc57c140: ;   {metadata('org/h2/engine/SessionLocal')}
  0x00007e5bdc57c140: 8bd9 4181 | f840 f402 | 010f 8595 | 1600 0045 | 8b83 f800 | 0000 458b 

  0x00007e5bdc57c158: ;   {oop(a 'org/h2/engine/SessionLocal$State'{0x0000000040a090b8})}
  0x00007e5bdc57c158: 400c 4181 | f8b8 90a0 | 400f 8455 | 3700 004c | 8b5c 2468 | 458b 4350 

  0x00007e5bdc57c170: ; implicit exception: dispatches to 0x00007e5bdc5842b0
  0x00007e5bdc57c170: 458b 4808 

  0x00007e5bdc57c174: ;   {metadata('org/h2/command/CommandContainer')}
  0x00007e5bdc57c174: 4d8b d841 | 81f9 001e | 0a01 0f85 | e816 0000 | 418b 4b24 

  0x00007e5bdc57c188: ; implicit exception: dispatches to 0x00007e5bdc5842f8
  0x00007e5bdc57c188: 8b59 3444 | 8b43 104c | 8bcb 4585 | c00f 8e11 | 2800 0044 | 0fb6 5925 | 4585 db0f | 8587 3700 
  0x00007e5bdc57c1a8: 0045 85c0 | 0f84 eb13 | 0000 448b | 4314 458b | 580c 4585 | db0f 8685 | 7200 0045 | 8b58 1045 
  0x00007e5bdc57c1c8: ;   {metadata('org/h2/expression/Parameter')}
  0x00007e5bdc57c1c8: 8b4b 0841 | 81f9 d834 | 0c01 0f85 | c076 0000 | 4c8b 4424 | 6845 8b40 | 5445 85c0 | 0f85 5e28 
  0x00007e5bdc57c1e8: 0000 4589 | 5314 4c8b | 5424 6845 | 8b5a 1445 | 8b43 0c41 | 83f8 ff0f | 85fa 7200 | 0045 8b5b 
  0x00007e5bdc57c208: 1045 8b53 

  0x00007e5bdc57c20c: ;   {metadata('org/h2/message/TraceSystem')}
  0x00007e5bdc57c20c: 0841 81fa | 2813 0801 | 0f85 4e17 | 0000 458b | 5314 4183 | fa04 0f84 | 7c37 0000 | 4183 fa03 
  0x00007e5bdc57c22c: 0f8d e637 | 0000 448b | 5424 5045 | 85d2 0f8c | e428 0000 | 4181 fa80 | 0000 000f | 8cf9 0f00 
  0x00007e5bdc57c24c: 000f b66c 

  0x00007e5bdc57c250: ;   {oop(a 'org/h2/value/ValueInteger'[256] {0x0000000040b05e58})}
  0x00007e5bdc57c250: 2450 49ba | 585e b040 | 0000 0000 | 458b 54aa | 1045 85d2 | 740f 458b | 5a0c 443b | 5c24 500f 
  0x00007e5bdc57c270: 8482 0000 | 0049 8b87 | 5003 0000 | 4c8b d049 | 83c2 104d | 3b97 5803 | 0000 0f83 | fc25 0000 
  0x00007e5bdc57c290: 4d89 9750 | 0300 004c | 8bd0 4d8b | da49 c1eb | 0649 b800 | 0040 30af | 7100 004d | 03d8 49c1 
  0x00007e5bdc57c2b0: ea03 450f | b603 4983 | e207 458b | ca41 ba01 | 0000 00c4 | 4231 f7d2 | 450b c245 | 8803 48c7 
  0x00007e5bdc57c2d0: 0001 0000 

  0x00007e5bdc57c2d4: ;   {metadata('org/h2/value/ValueInteger')}
  0x00007e5bdc57c2d4: 00c7 4008 | e057 0201 | 448b 5c24 | 5044 8958 | 0c4c 8bd0 

  0x00007e5bdc57c2e8: ;   {oop(a 'org/h2/value/ValueInteger'[256] {0x0000000040b05e58})}
  0x00007e5bdc57c2e8: 49bb 585e | b040 0000 | 0000 4589 | 54ab 104c | 8b5c 2468 | 458b 4338 

  0x00007e5bdc57c300: ; implicit exception: dispatches to 0x00007e5bdc585324
  0x00007e5bdc57c300: 458b 582c 

  0x00007e5bdc57c304: ; implicit exception: dispatches to 0x00007e5bdc585398
  0x00007e5bdc57c304: 458b 4b08 

  0x00007e5bdc57c308: ;   {metadata('org/h2/engine/SessionLocal')}
  0x00007e5bdc57c308: 4181 f940 | f402 010f | 85b3 1600 | 0045 8b9b | f800 0000 

  0x00007e5bdc57c31c: ; implicit exception: dispatches to 0x00007e5bdc5844c0
  0x00007e5bdc57c31c: 458b 5b0c 

  0x00007e5bdc57c320: ;   {oop(a 'org/h2/engine/SessionLocal$State'{0x0000000040a090b8})}
  0x00007e5bdc57c320: 4181 fbb8 | 90a0 400f | 844b 3700 | 004c 8b5c | 2468 458b | 5b50 458b 

  0x00007e5bdc57c338: ;   {metadata('org/h2/command/CommandContainer')}
  0x00007e5bdc57c338: 4b08 4181 | f900 1e0a | 010f 8509 | 1700 0045 | 8b43 2441 | 8b58 3444 | 8b5b 104c | 8bcb 4585 
  0x00007e5bdc57c358: db0f 8e1d | 2800 0045 | 0fb6 4025 | 4585 c00f | 857f 3700 | 0041 83fb | 030f 8ee9 | 3700 0045 
  0x00007e5bdc57c378: 85db 0f8c | 5817 0000 | 4183 fb03 | 0f86 ea17 | 0000 448b | 5b14 458b | 4b0c 4183 | f903 0f86 
  0x00007e5bdc57c398: b470 0000 | 458b 431c 

  0x00007e5bdc57c3a0: ; implicit exception: dispatches to 0x00007e5bdc584628
  0x00007e5bdc57c3a0: 458b 5808 

  0x00007e5bdc57c3a4: ;   {metadata('org/h2/expression/Parameter')}
  0x00007e5bdc57c3a4: 4181 fbd8 | 340c 010f | 856f 7500 | 004c 8b5c | 2468 458b | 5b54 4585 | db0f 8555 | 2800 0045 
  0x00007e5bdc57c3c4: 8950 144c | 8b14 2445 | 8b52 1c45 | 8b5a 1845 | 8b53 0849 

  0x00007e5bdc57c3d8: ;   {metadata('java/util/Random')}
  0x00007e5bdc57c3d8: 8bcb 4181 | fae0 2d18 | 000f 859d | 1800 0044 | 8b59 1849 | 8b43 104c | 8bc8 49ba | 6de6 ecde 
  0x00007e5bdc57c3f8: 0500 0000 | 4d0f afca | 4d8d 510b | 49b8 ffff | ffff ffff | 0000 4d23 | d0f0 4d0f | b153 1041 
  0x00007e5bdc57c418: 0f94 c045 | 0fb6 c045 | 85c0 0f84 | 0f71 0000 | 448b 5118 

  0x00007e5bdc57c42c: ; implicit exception: dispatches to 0x00007e5bdc5846c4
  0x00007e5bdc57c42c: 498b 4210 | 4c8b c049 | bb6d e6ec | de05 0000 | 004d 0faf | c349 c1e1 | 0549 83c0 | 0b4d 8bd8 
  0x00007e5bdc57c44c: 48b9 ffff | ffff ffff | 0000 4c23 | d9f0 4d0f | b15a 1041 | 0f94 c345 | 0fb6 db49 | 81c1 6001 
  0x00007e5bdc57c46c: 0000 48b9 | 0000 00f8 | ffff 1f00 | 4c23 c945 | 85db 0f84 | bb70 0000 | 4c8b 5424 | 6845 8b52 
  0x00007e5bdc57c48c: 1449 c1e8 | 1549 81e0 | ffff ff07 | 4d03 c1c4 | c1fb 2ac0 

  0x00007e5bdc57c4a0: ;   {section_word}
  0x00007e5bdc57c4a0: c5fb 5905 | 98b8 ffff 

  0x00007e5bdc57c4a8: ;   {section_word}
  0x00007e5bdc57c4a8: c5fb 5905 | a8b8 ffff 

  0x00007e5bdc57c4b0: ;   {section_word}
  0x00007e5bdc57c4b0: c5fb 5805 | 90b8 ffff | c57b 2cc0 | 4181 f800 | 0000 800f | 8435 bc00 | 0045 8d58 | 0144 895c 
  0x00007e5bdc57c4d0: 245c 458b | 4a0c 4183 | f9ff 0f85 | 2770 0000 | 458b 5210 

  0x00007e5bdc57c4e4: ; implicit exception: dispatches to 0x00007e5bdc584720
  0x00007e5bdc57c4e4: 418b 4a08 

  0x00007e5bdc57c4e8: ;   {metadata('org/h2/message/TraceSystem')}
  0x00007e5bdc57c4e8: 4d8b da81 | f928 1308 | 010f 85ed | 1700 0045 | 8b53 1441 | 83fa 040f | 8497 3700 | 0041 83fa 
  0x00007e5bdc57c508: 030f 8d01 | 3800 0044 | 8b5c 245c | 4585 db0f | 8cd7 2700 | 0041 81fb | 8000 0000 | 0f8c 420d 
  0x00007e5bdc57c528: 0000 410f 

  0x00007e5bdc57c52c: ;   {oop(a 'org/h2/value/ValueInteger'[256] {0x0000000040b05e58})}
  0x00007e5bdc57c52c: b6eb 49ba | 585e b040 | 0000 0000 | 458b 54aa | 1045 85d2 | 740d 458b | 420c 453b | c30f 8485 
  0x00007e5bdc57c54c: 0000 0049 | 8b87 5003 | 0000 4c8b | d049 83c2 | 104d 3b97 | 5803 0000 | 0f83 3f23 | 0000 4d89 
  0x00007e5bdc57c56c: 9750 0300 | 004c 8bd0 | 4d8b da49 | c1eb 0649 | b800 0040 | 30af 7100 | 004d 03d8 | 49c1 ea03 
  0x00007e5bdc57c58c: 450f b60b | 4983 e207 | 458b d2b9 | 0100 0000 | c462 29f7 | c145 0bc8 | 4588 0b48 | c700 0100 
  0x00007e5bdc57c5ac: ;   {metadata('org/h2/value/ValueInteger')}
  0x00007e5bdc57c5ac: 0000 c740 | 08e0 5702 | 0144 8960 | 0c44 8b54 | 245c 4489 | 500c 4c8b 

  0x00007e5bdc57c5c4: ;   {oop(a 'org/h2/value/ValueInteger'[256] {0x0000000040b05e58})}
  0x00007e5bdc57c5c4: d049 bb58 | 5eb0 4000 | 0000 0045 | 8954 ab10 | 4c8b 5c24 | 6845 8b43 | 3845 8b58 | 2c45 8b43 
  0x00007e5bdc57c5e4: ;   {metadata('org/h2/engine/SessionLocal')}
  0x00007e5bdc57c5e4: 0841 81f8 | 40f4 0201 | 0f85 5217 | 0000 458b | 83f8 0000 | 0045 8b58 

  0x00007e5bdc57c5fc: ;   {oop(a 'org/h2/engine/SessionLocal$State'{0x0000000040a090b8})}
  0x00007e5bdc57c5fc: 0c41 81fb | b890 a040 | 0f84 6637 | 0000 4c8b | 5c24 6845 | 8b43 5045 | 8b48 084d 

  0x00007e5bdc57c618: ;   {metadata('org/h2/command/CommandContainer')}
  0x00007e5bdc57c618: 8bd8 4181 | f900 1e0a | 010f 85a5 | 1700 0041 | 8b4b 248b | 5934 448b | 5b10 4c8b | cb45 85db 
  0x00007e5bdc57c638: 0f8e 2227 | 0000 440f | b641 2545 | 85c0 0f85 | 9837 0000 | 4183 fb04 | 0f8e 0238 | 0000 4585 
  0x00007e5bdc57c658: db0f 8cf5 | 1700 0041 | 83fb 040f | 8687 1800 | 0044 8b43 | 1445 8b58 | 0c41 83fb | 040f 86dd 
  0x00007e5bdc57c678: 6d00 0045 | 8b58 2041 | 8b4b 084d 

  0x00007e5bdc57c684: ;   {metadata('org/h2/expression/Parameter')}
  0x00007e5bdc57c684: 8bc3 81f9 | d834 0c01 | 0f85 1673 | 0000 4c8b | 5c24 6845 | 8b5b 5445 | 85db 0f85 | 5827 0000 
  0x00007e5bdc57c6a4: 4589 5014 | 4c8b 5424 | 6845 8b42 | 1445 8b58 | 0c41 83fb | ff0f 8550 | 6e00 0045 | 8b58 1045 
  0x00007e5bdc57c6c4: 8b43 084d 

  0x00007e5bdc57c6c8: ;   {metadata('org/h2/message/TraceSystem')}
  0x00007e5bdc57c6c8: 8bd3 4181 | f828 1308 | 010f 8529 | 1900 0045 | 8b5a 1441 | 83fb 040f | 84bf 3700 | 0041 83fb 
  0x00007e5bdc57c6e8: 030f 8d29 | 3800 0049 | 8b8f 5003 | 0000 4c8b | d149 83c2 | 104d 3b97 | 5803 0000 | 0f83 6221 
  0x00007e5bdc57c708: 0000 4d89 | 9750 0300 | 004c 8bd1 | 4d8b da49 | c1eb 0649 | b800 0040 | 30af 7100 | 004d 03d8 
  0x00007e5bdc57c728: 49c1 ea03 | 4d8b c345 | 0fb6 1849 | 83e2 0745 | 8bca 41ba | 0100 0000 | c442 31f7 | d245 0bda 
  0x00007e5bdc57c748: 4588 1848 | c701 0100 

  0x00007e5bdc57c750: ;   {metadata('org/h2/value/ValueSmallint')}
  0x00007e5bdc57c750: 0000 c741 | 0850 b103 | 0144 8961 | 0c44 8b5c | 2454 6644 | 8959 0c48 | 898c 2480 

  0x00007e5bdc57c76c: ;   {oop(a 'java/lang/Class'{0x00000000408096a0} = 'org/h2/value/Value')}
  0x00007e5bdc57c76c: 0000 0049 | baa0 9680 | 4000 0000 | 0045 8b4a | 7c45 8b51 | 0c45 8b5a | 084d 8b41 

  0x00007e5bdc57c788: ;   {oop(a 'java/lang/Class'{0x0000000040002768} = 'java/lang/ref/SoftReference')}
  0x00007e5bdc57c788: 2048 b968 | 2700 4000 | 0000 0048 | 8b49 7049 | 8bda 4c3b | c10f 85a4 

  0x00007e5bdc57c7a0: ;   {metadata('org/h2/value/Value'[])}
  0x00007e5bdc57c7a0: 6d00 0041 | 81fb 409a | 0801 0f85 | 8072 0000 | 4889 9c24 | 8800 0000 | 448b 5b0c | 448b 5424 
  0x00007e5bdc57c7c0: 7c45 3bd3 | 0f83 720e | 0000 448b | 4424 7c42 | 8b6c 8310 | 85ed 745b | 4c8b d54c | 8954 2420 
  0x00007e5bdc57c7e0: 498b f266 | 9048 b8ff | ffff ffff 

  0x00007e5bdc57c7ec: ;   {virtual_call}
  0x00007e5bdc57c7ec: ffff ffe8 

  0x00007e5bdc57c7f0: ; ImmutableOopMap {rbp=NarrowOop [0]=Oop [12]=NarrowOop [16]=Oop [28]=NarrowOop [32]=Oop [40]=Oop [48]=Oop [64]=Oop [96]=Oop [104]=Oop [112]=Oop [128]=Oop [136]=Oop [168]=Oop }
                      ;*invokevirtual getValueType {reexecute=0 rethrow=0 return_oop=0}
                      ; - org.h2.value.Value::cache@69 (line 750)
                      ; - org.h2.value.ValueSmallint::get@8 (line 171)
                      ; - org.h2.jdbc.JdbcPreparedStatement::setShort@47 (line 659)
                      ; - org.apache.derbyTesting.system.oe.load.SimpleInsert::orderTable@302 (line 425)
  0x00007e5bdc57c7f0: 8c8b 6eff 

  0x00007e5bdc57c7f4: ;   {other}
  0x00007e5bdc57c7f4: 0f1f 8400 | e45b 0024 | 83f8 0a75 | 3244 8b5d 

  0x00007e5bdc57c804: ;   {metadata('org/h2/value/ValueSmallint')}
  0x00007e5bdc57c804: 0841 81fb | 50b1 0301 | 0f85 bb77 | 0000 4c8b | 5424 204c | 8b9c 2480 | 0000 0045 | 0fbf 430c 
  0x00007e5bdc57c824: 450f bf5a | 0c45 3bc3 | 742a e92c | 6d00 004c | 8b94 2480 | 0000 004d | 8bda 4c8b | 9424 8800 
  0x00007e5bdc57c844: 0000 448b | 4424 7c47 | 895c 8210 | 4c8b 9424 | 8000 0000 | 4c8b 5c24 | 6845 8b4b | 3845 8b41 
  0x00007e5bdc57c864: 2c41 8b48 | 084d 8bd8 

  0x00007e5bdc57c86c: ;   {metadata('org/h2/engine/SessionLocal')}
  0x00007e5bdc57c86c: 81f9 40f4 | 0201 0f85 | e817 0000 | 458b 9bf8 | 0000 0045 

  0x00007e5bdc57c880: ;   {oop(a 'org/h2/engine/SessionLocal$State'{0x0000000040a090b8})}
  0x00007e5bdc57c880: 8b5b 0c41 | 81fb b890 | a040 0f84 | 9837 0000 | 4c8b 5c24 | 6845 8b5b | 5045 8b4b 

  0x00007e5bdc57c89c: ;   {metadata('org/h2/command/CommandContainer')}
  0x00007e5bdc57c89c: 0841 81f9 | 001e 0a01 | 0f85 4e18 | 0000 458b | 4b24 418b | 5934 448b | 4310 4c8b | db45 85c0 
  0x00007e5bdc57c8bc: 0f8e 1626 | 0000 450f | b649 2545 | 85c9 0f85 | e037 0000 | 4183 f805 | 0f8e 5e38 | 0000 4585 
  0x00007e5bdc57c8dc: c00f 8cad | 1800 0041 | 83f8 050f | 863f 1900 | 0044 8b5b | 1445 8b4b | 0c41 83f9 | 050f 8661 
  0x00007e5bdc57c8fc: 6b00 0045 | 8b43 2445 | 8b48 084d 

  0x00007e5bdc57c908: ;   {metadata('org/h2/expression/Parameter')}
  0x00007e5bdc57c908: 8bd8 4181 | f9d8 340c | 010f 85ad | 7100 004c | 8b44 2468 | 458b 4054 | 4585 c00f | 854b 2600 
  0x00007e5bdc57c928: 004c 8b44 | 2468 458b | 4014 4d8b | ca45 894b | 1445 8b50 | 0c41 83fa | ff0f 85d0 | 6b00 0045 
  0x00007e5bdc57c948: 8b50 1045 

  0x00007e5bdc57c94c: ;   {metadata('org/h2/message/TraceSystem')}
  0x00007e5bdc57c94c: 8b42 0841 | 81f8 2813 | 0801 0f85 | 9428 0000 | 458b 5a14 | 4183 fb04 | 0f84 8240 | 0000 4183 
  0x00007e5bdc57c96c: fb03 0f8d | dc40 0000 | 4c8b 5424 | 6845 8b5a | 3845 8b53 | 2c45 8b5a 

  0x00007e5bdc57c984: ;   {metadata('org/h2/engine/SessionLocal')}
  0x00007e5bdc57c984: 0841 81fb | 40f4 0201 | 0f85 be28 | 0000 458b | 9af8 0000 | 0045 8b53 

  0x00007e5bdc57c99c: ;   {oop(a 'org/h2/engine/SessionLocal$State'{0x0000000040a090b8})}
  0x00007e5bdc57c99c: 0c41 81fa | b890 a040 | 0f84 f240 | 0000 4c8b | 5424 6845 | 8b5a 5045 | 8b43 084d 

  0x00007e5bdc57c9b8: ;   {metadata('org/h2/command/CommandContainer')}
  0x00007e5bdc57c9b8: 8bd3 4181 | f800 1e0a | 010f 8509 | 2900 0045 | 8b4a 2441 | 8b49 3444 | 8b51 104c | 8bd9 4585 
  0x00007e5bdc57c9d8: d20f 8eed | 3d00 0045 | 0fb6 4125 | 4585 c00f | 850f 4100 | 0041 83fa | 060f 8e65 | 4100 0045 
  0x00007e5bdc57c9f8: 85d2 0f8c | 5029 0000 | 4183 fa06 | 0f86 ce29 | 0000 448b | 5914 458b | 530c 4183 | fa06 0f86 
  0x00007e5bdc57ca18: 4c6a 0000 | 458b 5328 

  0x00007e5bdc57ca20: ; implicit exception: dispatches to 0x00007e5bdc585aa4
  0x00007e5bdc57ca20: 458b 4a08 

  0x00007e5bdc57ca24: ;   {metadata('org/h2/expression/Parameter')}
  0x00007e5bdc57ca24: 4d8b da41 | 81f9 d834 | 0c01 0f85 | b071 0000 | 4c8b 5424 | 6845 8b52 | 5445 85d2 | 0f85 0e3e 
  0x00007e5bdc57ca44: ;   {oop(a 'org/h2/value/ValueNull'{0x0000000040a08e30})}
  0x00007e5bdc57ca44: 0000 41c7 | 4314 308e | a040 4c8b | 5424 6845 | 8b5a 1445 | 8b43 0c41 | 83f8 ff0f | 85ba 6a00 
  0x00007e5bdc57ca64: 0045 8b5b | 1045 8b53 

  0x00007e5bdc57ca6c: ;   {metadata('org/h2/message/TraceSystem')}
  0x00007e5bdc57ca6c: 0841 81fa | 2813 0801 | 0f85 4e2a | 0000 458b | 5314 4183 | fa04 0f84 | 2041 0000 | 4183 fa03 
  0x00007e5bdc57ca8c: 0f8d 7a41 | 0000 4c8b | 5424 6845 | 8b42 3845 | 8b50 2c45 

  0x00007e5bdc57caa0: ;   {metadata('org/h2/engine/SessionLocal')}
  0x00007e5bdc57caa0: 8b42 0841 | 81f8 40f4 | 0201 0f85 | 782a 0000 | 458b 92f8 | 0000 0045 

  0x00007e5bdc57cab8: ;   {oop(a 'org/h2/engine/SessionLocal$State'{0x0000000040a090b8})}
  0x00007e5bdc57cab8: 8b52 0c41 | 81fa b890 | a040 0f84 | 9041 0000 | 4c8b 5424 | 6845 8b52 | 5045 8b42 

  0x00007e5bdc57cad4: ;   {metadata('org/h2/command/CommandContainer')}
  0x00007e5bdc57cad4: 0841 81f8 | 001e 0a01 | 0f85 c62a | 0000 458b | 4224 418b | 5834 448b | 5b10 4c8b | d345 85db 
  0x00007e5bdc57caf4: 0f8e 063e | 0000 450f | b648 2545 | 85c9 0f85 | b041 0000 | 4183 fb0a | 0f8e 0642 | 0000 4585 
  0x00007e5bdc57cb14: db0f 8c0d | 2b00 0041 | 83fb 0a0f | 868b 2b00 | 0044 8b53 | 1445 8b42 | 0c41 83f8 | 0a0f 8639 
  0x00007e5bdc57cb34: 6900 0045 | 8b5a 3845 

  0x00007e5bdc57cb3c: ;   {metadata('org/h2/expression/Parameter')}
  0x00007e5bdc57cb3c: 8b53 0841 | 81fa d834 | 0c01 0f85 | 1871 0000 | 4c8b 5424 | 6845 8b52 | 5445 85d2 | 0f85 2a3e 
  0x00007e5bdc57cb5c: ;   {oop(a 'org/h2/value/ValueNull'{0x0000000040a08e30})}
  0x00007e5bdc57cb5c: 0000 41c7 | 4314 308e | a040 4c8b | 1424 458b | 521c 4585 | d20f 8465 | 2600 0049 | 8bf2 ba01 
  0x00007e5bdc57cb7c: 0000 00b9 | 3f42 0f00 | 41b8 0200 

  0x00007e5bdc57cb88: ;   {optimized virtual_call}
  0x00007e5bdc57cb88: 0000 90e8 

  0x00007e5bdc57cb8c: ; ImmutableOopMap {[0]=Oop [12]=NarrowOop [16]=Oop [28]=NarrowOop [40]=Oop [48]=Oop [64]=Oop [96]=Oop [104]=Oop [112]=Oop [168]=Oop }
                      ;*invokevirtual randomDecimalString {reexecute=0 rethrow=0 return_oop=1}
                      ; - org.apache.derbyTesting.system.oe.load.SimpleInsert::orderTable@385 (line 433)
  0x00007e5bdc57cb8c: f084 6eff 

  0x00007e5bdc57cb90: ;   {other}
  0x00007e5bdc57cb90: 0f1f 8400 | 805f 0025 | 488b 7424 | 68ba 0900 | 0000 488b 

  0x00007e5bdc57cba4: ;   {optimized virtual_call}
  0x00007e5bdc57cba4: c866 90e8 

  0x00007e5bdc57cba8: ; ImmutableOopMap {[0]=Oop [12]=NarrowOop [16]=Oop [28]=NarrowOop [40]=Oop [48]=Oop [64]=Oop [96]=Oop [104]=Oop [112]=Oop [168]=Oop }
                      ;*invokeinterface setString {reexecute=0 rethrow=0 return_oop=0}
                      ; - org.apache.derbyTesting.system.oe.load.SimpleInsert::orderTable@388 (line 433)
  0x00007e5bdc57cba8: d484 6eff 

  0x00007e5bdc57cbac: ;   {other}
  0x00007e5bdc57cbac: 0f1f 8400 | 9c5f 0026 | 4c8b 5424 | 6845 8b42 | 1445 8b58 | 0c41 83fb | ff0f 855c | 6900 0045 
  0x00007e5bdc57cbcc: 8b58 1045 | 8b43 084d 

  0x00007e5bdc57cbd4: ;   {metadata('org/h2/message/TraceSystem')}
  0x00007e5bdc57cbd4: 8bd3 4181 | f828 1308 | 010f 8569 | 1700 0045 | 8b5a 1441 | 83fb 040f | 8493 3500 | 0041 83fb 
  0x00007e5bdc57cbf4: 030f 8ded 

  0x00007e5bdc57cbf8: ;   {oop(a 'org/h2/value/ValueInteger'[128] {0x0000000040b05c48})}
  0x00007e5bdc57cbf8: 3500 0049 | ba48 5cb0 | 4000 0000 | 0045 8b52 | 244c 8b5c | 2468 458b | 5b38 458b | 4b2c 418b 
  0x00007e5bdc57cc18: 4908 4d8b 

  0x00007e5bdc57cc1c: ;   {metadata('org/h2/engine/SessionLocal')}
  0x00007e5bdc57cc1c: d981 f940 | f402 010f | 8583 1700 | 0045 8b9b | f800 0000 

  0x00007e5bdc57cc30: ; implicit exception: dispatches to 0x00007e5bdc584c38
  0x00007e5bdc57cc30: 458b 5b0c 

  0x00007e5bdc57cc34: ;   {oop(a 'org/h2/engine/SessionLocal$State'{0x0000000040a090b8})}
  0x00007e5bdc57cc34: 4181 fbb8 | 90a0 400f | 84f3 3500 | 004c 8b5c | 2468 458b | 5b50 458b 

  0x00007e5bdc57cc4c: ;   {metadata('org/h2/command/CommandContainer')}
  0x00007e5bdc57cc4c: 4b08 4181 | f900 1e0a | 010f 85d9 | 1700 0045 | 8b5b 2441 | 8b5b 3444 | 8b43 104c | 8bcb 4585 
  0x00007e5bdc57cc6c: c00f 8edd | 2300 0045 | 0fb6 5b25 | 4585 db0f | 8527 3600 | 0041 83f8 | 070f 8e91 | 3600 0045 
  0x00007e5bdc57cc8c: 85c0 0f8c | 2818 0000 | 4183 f807 | 0f86 ba18 | 0000 448b | 5b14 458b | 4b0c 4183 | f907 0f86 
  0x00007e5bdc57ccac: c867 0000 | 458b 432c 

  0x00007e5bdc57ccb4: ; implicit exception: dispatches to 0x00007e5bdc584da0
  0x00007e5bdc57ccb4: 458b 5808 

  0x00007e5bdc57ccb8: ;   {metadata('org/h2/expression/Parameter')}
  0x00007e5bdc57ccb8: 4181 fbd8 | 340c 010f | 8597 6e00 | 004c 8b5c | 2468 458b | 5b54 4585 | db0f 8515 | 2400 0045 
  0x00007e5bdc57ccd8: 8950 144c | 8b14 2445 | 8b52 1c45 | 8b5a 1845 | 8b53 0849 

  0x00007e5bdc57ccec: ;   {metadata('java/util/Random')}
  0x00007e5bdc57ccec: 8bcb 4181 | fae0 2d18 | 000f 856d | 1900 0044 | 8b41 1849 | 8b40 104c | 8bc8 49ba | 6de6 ecde 
  0x00007e5bdc57cd0c: 0500 0000 | 4d0f afca | 4d8d 510b | 49bb ffff | ffff ffff | 0000 4d23 | d3f0 4d0f | b150 1041 
  0x00007e5bdc57cd2c: 0f94 c345 | 0fb6 db45 | 85db 0f84 | 1368 0000 | 448b 5118 

  0x00007e5bdc57cd40: ; implicit exception: dispatches to 0x00007e5bdc584e3c
  0x00007e5bdc57cd40: 498b 4210 | 488b d849 | bb6d e6ec | de05 0000 | 0049 0faf | db49 c1e1 | 0548 83c3 | 0b4c 8bdb 
  0x00007e5bdc57cd60: 49b8 ffff | ffff ffff | 0000 4d23 | d8f0 4d0f | b15a 100f | 94c1 0fb6 | c949 81c1 | 6001 0000 
  0x00007e5bdc57cd80: 49bb 0000 | 00f8 ffff | 1f00 4d23 | cb85 c90f | 84c2 6700 | 0048 c1eb | 1548 81e3 | ffff ff07 
  0x00007e5bdc57cda0: 4903 d9c4 | e1fb 2ac3 

  0x00007e5bdc57cda8: ;   {section_word}
  0x00007e5bdc57cda8: c5fb 5905 | 90af ffff 

  0x00007e5bdc57cdb0: ;   {section_word}
  0x00007e5bdc57cdb0: c5fb 5905 | 98af ffff 

  0x00007e5bdc57cdb8: ;   {section_word}
  0x00007e5bdc57cdb8: c5fb 5805 | 88af ffff | c57b 2cd8 | 4181 fb00 | 0000 800f | 8418 b300 | 0041 83fb | 0a0f 8305 
  0x00007e5bdc57cdd8: ;   {oop(a 'java/lang/String'[10] {0x00000000412202a0})}
  0x00007e5bdc57cdd8: 0900 0049 | baa0 0222 | 4100 0000 | 0047 8b5c | 9a10 498b | cb48 8b74 | 2468 ba0a 

  0x00007e5bdc57cdf4: ;   {optimized virtual_call}
  0x00007e5bdc57cdf4: 0000 00e8 

  0x00007e5bdc57cdf8: ; ImmutableOopMap {[0]=Oop [12]=NarrowOop [16]=Oop [28]=NarrowOop [40]=Oop [48]=Oop [64]=Oop [96]=Oop [104]=Oop [112]=Oop [168]=Oop }
                      ;*invokeinterface setString {reexecute=0 rethrow=0 return_oop=0}
                      ; - org.apache.derbyTesting.system.oe.load.SimpleInsert::orderTable@414 (line 436)
  0x00007e5bdc57cdf8: 8482 6eff 

  0x00007e5bdc57cdfc: ;   {other}
  0x00007e5bdc57cdfc: 0f1f 8400 | ec61 0027 | 4c8b 5424 | 6845 8b42 | 1445 8b58 | 0c41 83fb | ff0f 8514 | 6700 0045 
  0x00007e5bdc57ce1c: 8b58 1045 

  0x00007e5bdc57ce20: ;   {metadata('org/h2/message/TraceSystem')}
  0x00007e5bdc57ce20: 8b53 0841 | 81fa 2813 | 0801 0f85 | 9818 0000 | 458b 5314 | 4183 fa04 | 0f84 1a36 | 0000 4183 
  0x00007e5bdc57ce40: fa03 0f8d | 9836 0000 | 4c8b 5424 | 6845 8b42 | 3845 8b58 | 2c45 8b4b | 084d 8bd3 

  0x00007e5bdc57ce5c: ;   {metadata('org/h2/engine/SessionLocal')}
  0x00007e5bdc57ce5c: 4181 f940 | f402 010f | 85df 1800 | 0045 8b92 | f800 0000 

  0x00007e5bdc57ce70: ; implicit exception: dispatches to 0x00007e5bdc584ee0
  0x00007e5bdc57ce70: 458b 5a0c 

  0x00007e5bdc57ce74: ;   {oop(a 'org/h2/engine/SessionLocal$State'{0x0000000040a090b8})}
  0x00007e5bdc57ce74: 4181 fbb8 | 90a0 400f | 84bf 3600 | 004c 8b54 | 2468 4589 | 6258 458b | 5a40 4585 | db0f 85f5 
  0x00007e5bdc57ce94: 3600 0045 | 8b5a 4445 | 85db 0f85 | 6837 0000 | 4588 6235 | f083 4424 | c000 458b | 5a3c 49c7 
  0x00007e5bdc57ceb4: 4220 ffff | ffff 4589 | 6240 4589 | 6244 4585 | db0f 8461 | 0800 004d | 8bd3 4c89 | 9424 8000 
  0x00007e5bdc57ced4: 0000 4c8b | 9c24 8000 | 0000 488d | 9c24 b000 | 0000 498b | 03a8 020f | 8523 0000 | 0048 83c8 
  0x00007e5bdc57cef4: 0148 8903 | f049 0fb1 | 1b0f 8437 | 0000 0048 | 2bc4 4825 | 07f0 ffff | 4889 03e9 | 2400 0000 
  0x00007e5bdc57cf14: 4c8b d048 | 33c0 f04d | 0fb1 7a3e | 48c7 0303 | 0000 0074 | 114c 3bf8 | 7515 49ff | 8286 0000 
  0x00007e5bdc57cf34: 0048 33c0 | 7509 49ff | 8768 0800 | 0033 c00f | 8537 6500 | 004c 8b54 | 2468 458b | 5250 4c8b 
  0x00007e5bdc57cf54: 5c24 6845 | 8b43 3845 | 85d2 0f84 | 0cf0 ffff | 448b 5c24 | 0c45 8958 | 4ce9 05f0 

  0x00007e5bdc57cf70: ;   {no_reloc}
  0x00007e5bdc57cf70: ffff 4c8b | 5424 6045 | 8b5a 14e9 | b4af ffff | 4181 fb80 | 0000 000f | 83d8 6300 

  0x00007e5bdc57cf8c: ;   {oop(a 'org/h2/value/ValueInteger'[128] {0x0000000040b05c48})}
  0x00007e5bdc57cf8c: 0049 ba48 | 5cb0 4000 | 0000 0047 | 8b54 9a10 | e950 e5ff | ff41 81fa | 8000 0000 | 0f83 1264 
  0x00007e5bdc57cfac: 0000 4d63 

  0x00007e5bdc57cfb0: ;   {oop(a 'org/h2/value/ValueInteger'[128] {0x0000000040b05c48})}
  0x00007e5bdc57cfb0: d049 bb48 | 5cb0 4000 | 0000 0047 | 8b54 9314 | e90c e8ff | ff45 8b5a 

  0x00007e5bdc57cfc8: ;   {metadata('org/h2/jdbc/JdbcConnection')}
  0x00007e5bdc57cfc8: 0841 81fb | 5827 0201 | 0f85 0e67 | 0000 4c89 | 5424 484c | 8b5c 2448 | 488d 9c24 | b000 0000 
  0x00007e5bdc57cfe8: 498b 03a8 | 020f 8523 | 0000 0048 | 83c8 0148 | 8903 f049 | 0fb1 1b0f | 8437 0000 | 0048 2bc4 
  0x00007e5bdc57d008: 4825 07f0 | ffff 4889 | 03e9 2400 | 0000 4c8b | d048 33c0 | f04d 0fb1 | 7a3e 48c7 | 0303 0000 
  0x00007e5bdc57d028: 0074 114c | 3bf8 7515 | 49ff 8286 | 0000 0048 | 33c0 7509 | 49ff 8768 | 0800 0033 | c00f 85c9 
  0x00007e5bdc57d048: ;   {oop(""{0x000000004121ced8})}
  0x00007e5bdc57d048: 6600 0048 | bad8 ce21 | 4100 0000 | 0048 8b74 

  0x00007e5bdc57d058: ;   {optimized virtual_call}
  0x00007e5bdc57d058: 2448 90e8 

  0x00007e5bdc57d05c: ; ImmutableOopMap {[0]=Oop [12]=NarrowOop [16]=Oop [28]=NarrowOop [40]=Oop [48]=Oop [64]=Oop [72]=Oop [96]=Oop [104]=Oop [112]=Oop }
                      ;*invokevirtual debugCodeCall {reexecute=0 rethrow=0 return_oop=0}
                      ; - org.h2.jdbc.JdbcConnection::commit@3 (line 440)
                      ; - org.apache.derbyTesting.system.oe.load.SimpleInsert::orderTable@472 (line 444)
  0x00007e5bdc57d05c: c02e 4ff8 

  0x00007e5bdc57d060: ;   {other}
  0x00007e5bdc57d060: 0f1f 8400 | 5064 0028 | 488b 7424 

  0x00007e5bdc57d06c: ;   {optimized virtual_call}
  0x00007e5bdc57d06c: 4866 90e8 

  0x00007e5bdc57d070: ; ImmutableOopMap {[0]=Oop [12]=NarrowOop [16]=Oop [28]=NarrowOop [40]=Oop [48]=Oop [64]=Oop [72]=Oop [96]=Oop [104]=Oop [112]=Oop }
                      ;*invokevirtual checkClosed {reexecute=0 rethrow=0 return_oop=0}
                      ; - org.h2.jdbc.JdbcConnection::commit@7 (line 441)
                      ; - org.apache.derbyTesting.system.oe.load.SimpleInsert::orderTable@472 (line 444)
  0x00007e5bdc57d070: 0c6f 48f8 

  0x00007e5bdc57d074: ;   {other}
  0x00007e5bdc57d074: 0f1f 8400 | 6464 0029 

  0x00007e5bdc57d07c: ;   {oop(a 'java/lang/Class'{0x000000004081aa28} = 'org/h2/engine/SysProperties')}
  0x00007e5bdc57d07c: 49ba 28aa | 8140 0000 | 0000 450f | b692 0001 | 0000 4585 | d20f 84de | 0200 0048 | 8b74 2448 
  0x00007e5bdc57d09c: ;   {optimized virtual_call}
  0x00007e5bdc57d09c: 6666 90e8 

  0x00007e5bdc57d0a0: ; ImmutableOopMap {[0]=Oop [12]=NarrowOop [16]=Oop [28]=NarrowOop [40]=Oop [48]=Oop [64]=Oop [72]=Oop [96]=Oop [104]=Oop [112]=Oop }
                      ;*invokevirtual getAutoCommit {reexecute=0 rethrow=0 return_oop=0}
                      ; - org.h2.jdbc.JdbcConnection::commit@17 (line 443)
                      ; - org.apache.derbyTesting.system.oe.load.SimpleInsert::orderTable@472 (line 444)
  0x00007e5bdc57d0a0: dc7f 6eff 

  0x00007e5bdc57d0a4: ;   {other}
  0x00007e5bdc57d0a4: 0f1f 8400 | 9464 002a | 85c0 0f84 | c102 0000 | be23 6001 

  0x00007e5bdc57d0b8: ;   {oop("8q¢EÈ°TEÈ°TE"{0x0000000045a006d8})}
  0x00007e5bdc57d0b8: 0048 bad8 | 06a0 4500 

  0x00007e5bdc57d0c0: ;   {static_call}
  0x00007e5bdc57d0c0: 0000 00e8 

  0x00007e5bdc57d0c4: ; ImmutableOopMap {[0]=Oop [16]=Oop [40]=Oop [48]=Oop [64]=Oop [72]=Oop }
                      ;*invokestatic get {reexecute=0 rethrow=0 return_oop=1}
                      ; - org.h2.jdbc.JdbcConnection::commit@27 (line 444)
                      ; - org.apache.derbyTesting.system.oe.load.SimpleInsert::orderTable@472 (line 444)
  0x00007e5bdc57d0c4: b885 6eff 

  0x00007e5bdc57d0c8: ;   {other}
  0x00007e5bdc57d0c8: 0f1f 8400 | b864 002b | 4885 c00f | 84bf 6600 | 0048 8bd0 | 488b 7424 

  0x00007e5bdc57d0e0: ;   {optimized virtual_call}
  0x00007e5bdc57d0e0: 4866 90e8 

  0x00007e5bdc57d0e4: ; ImmutableOopMap {[0]=Oop [16]=Oop [40]=Oop [48]=Oop [64]=Oop [72]=Oop }
                      ;*invokevirtual logAndConvert {reexecute=0 rethrow=0 return_oop=1}
                      ; - org.h2.jdbc.JdbcConnection::commit@62 (line 449)
                      ; - org.apache.derbyTesting.system.oe.load.SimpleInsert::orderTable@472 (line 444)
  0x00007e5bdc57d0e4: 987f 6eff 

  0x00007e5bdc57d0e8: ;   {other}
  0x00007e5bdc57d0e8: 0f1f 8400 | d864 002c | 488b d848 | 85c0 0f84 | 6866 0000 | 4c8b 5c24 | 4848 8d84 | 24b0 0000 
  0x00007e5bdc57d108: 0048 8338 | 000f 8479 | 0000 004d | 8b13 41f6 | c202 0f84 | 6200 0000 | 4983 ba86 | 0000 0000 
  0x00007e5bdc57d128: 7409 49ff | 8a86 0000 | 00eb 4b49 | 8b82 9600 | 0000 490b | 828e 0000 | 0075 0a49 | c742 3e00 
  0x00007e5bdc57d148: 0000 00eb | 3d49 83ba | 9e00 0000 | 0074 2248 | 33c0 49c7 | 423e 0000 | 0000 f083 | 0424 0049 
  0x00007e5bdc57d168: 83ba 9e00 | 0000 0075 | 0df0 4d0f | b17a 3e75 | 0583 c801 | eb0c a800 | eb08 4c8b | 10f0 4d0f 
  0x00007e5bdc57d188: b113 750a | 49ff 8f68 | 0800 0045 | 33d2 0f85 | 4c66 0000 | 488b f3eb | 0e4c 8bd0 | eb03 4c8b 
  0x00007e5bdc57d1a8: d049 8bda | 488b f348 | 81c4 c000 

  0x00007e5bdc57d1b4: ;   {runtime_call _rethrow_Java}
  0x00007e5bdc57d1b4: 0000 5de9 | c452 7aff | 458b da45 

  0x00007e5bdc57d1c0: ;   {metadata('org/h2/jdbc/JdbcConnection')}
  0x00007e5bdc57d1c0: 8b52 0841 | 81fa 5827 | 0201 0f85 | 6165 0000 

  0x00007e5bdc57d1d0: ;   {optimized virtual_call}
  0x00007e5bdc57d1d0: 498b f3e8 

  0x00007e5bdc57d1d4: ; ImmutableOopMap {[16]=Oop [48]=Oop [64]=Oop [104]=Oop [112]=Oop }
                      ;*invokeinterface commit {reexecute=0 rethrow=0 return_oop=0}
                      ; - org.apache.derbyTesting.system.oe.load.SimpleInsert::orderTable@487 (line 448)
  0x00007e5bdc57d1d4: a87e 6eff 

  0x00007e5bdc57d1d8: ;   {other}
  0x00007e5bdc57d1d8: 0f1f 8400 | c865 002d | 488b 7424 

  0x00007e5bdc57d1e4: ;   {optimized virtual_call}
  0x00007e5bdc57d1e4: 6866 90e8 

  0x00007e5bdc57d1e8: ; ImmutableOopMap {[16]=Oop [48]=Oop [112]=Oop }
                      ;*invokeinterface close {reexecute=0 rethrow=0 return_oop=0}
                      ; - org.apache.derbyTesting.system.oe.load.SimpleInsert::orderTable@494 (line 450)
  0x00007e5bdc57d1e8: 947e 6eff 

  0x00007e5bdc57d1ec: ;   {other}
  0x00007e5bdc57d1ec: 0f1f 8400 | dc65 002e | 488b 7424 

  0x00007e5bdc57d1f8: ;   {optimized virtual_call}
  0x00007e5bdc57d1f8: 7066 90e8 

  0x00007e5bdc57d1fc: ; ImmutableOopMap {[48]=Oop }
                      ;*invokeinterface close {reexecute=0 rethrow=0 return_oop=0}
                      ; - org.apache.derbyTesting.system.oe.load.SimpleInsert::orderTable@500 (line 451)
  0x00007e5bdc57d1fc: 807e 6eff 

  0x00007e5bdc57d200: ;   {other}
  0x00007e5bdc57d200: 0f1f 8400 | f065 002f | 4c8b 5424 | 3045 8b5a 

  0x00007e5bdc57d210: ;   {metadata('org/h2/jdbc/JdbcPreparedStatement')}
  0x00007e5bdc57d210: 0841 81fb | 00a0 0d01 | 0f85 3265 | 0000 488b 

  0x00007e5bdc57d220: ;   {optimized virtual_call}
  0x00007e5bdc57d220: 7424 30e8 

  0x00007e5bdc57d224: ; ImmutableOopMap {}
                      ;*invokeinterface close {reexecute=0 rethrow=0 return_oop=0}
                      ; - org.apache.derbyTesting.system.oe.load.SimpleInsert::orderTable@507 (line 452)
  0x00007e5bdc57d224: 587e 6eff 

  0x00007e5bdc57d228: ;   {other}
  0x00007e5bdc57d228: 0f1f 8400 | 1866 0030 | 4881 c4c0 | 0000 005d 

  0x00007e5bdc57d238: ;   {poll_return}
  0x00007e5bdc57d238: 493b a768 | 0700 000f | 878e ae00 | 00c3 4181 | fa80 0000 | 000f 8312 

  0x00007e5bdc57d250: ;   {oop(a 'org/h2/value/ValueInteger'[128] {0x0000000040b05c48})}
  0x00007e5bdc57d250: 6100 0049 | ba48 5cb0 | 4000 0000 | 0044 8b44 | 2450 478b | 5482 10e9 | 8bf0 ffff | 4181 fb80 
  0x00007e5bdc57d270: 0000 000f | 8347 6100 | 004d 63d0 

  0x00007e5bdc57d27c: ;   {oop(a 'org/h2/value/ValueInteger'[128] {0x0000000040b05c48})}
  0x00007e5bdc57d27c: 49bb 485c | b040 0000 | 0000 478b | 5493 14e9 | 44f3 ffff 

  0x00007e5bdc57d290: ;   {metadata('org/h2/value/ValueSmallint')}
  0x00007e5bdc57d290: 48be 50b1 | 0394 ad71 

  0x00007e5bdc57d298: ;   {runtime_call _new_instance_Java}
  0x00007e5bdc57d298: 0000 90e8 

  0x00007e5bdc57d29c: ; ImmutableOopMap {[0]=Oop [12]=NarrowOop [16]=Oop [28]=NarrowOop [40]=Oop [48]=Oop [64]=Oop [96]=Oop [104]=Oop [112]=Oop [168]=Oop }
                      ;*new {reexecute=0 rethrow=0 return_oop=1}
                      ; - org.h2.value.ValueSmallint::get@0 (line 171)
                      ; - org.h2.jdbc.JdbcPreparedStatement::setShort@47 (line 659)
                      ; - org.apache.derbyTesting.system.oe.load.SimpleInsert::orderTable@302 (line 425)
  0x00007e5bdc57d29c: 6015 7aff 

  0x00007e5bdc57d2a0: ;   {other}
  0x00007e5bdc57d2a0: 0f1f 8400 | 9066 0031 | e958 c7ff 

  0x00007e5bdc57d2ac: ;   {metadata('org/h2/value/ValueInteger')}
  0x00007e5bdc57d2ac: ff48 bee0 | 5702 94ad 

  0x00007e5bdc57d2b4: ;   {runtime_call _new_instance_Java}
  0x00007e5bdc57d2b4: 7100 00e8 

  0x00007e5bdc57d2b8: ; ImmutableOopMap {[0]=Oop [12]=NarrowOop [16]=Oop [28]=NarrowOop [40]=Oop [48]=Oop [64]=Oop [96]=Oop [104]=Oop [112]=Oop [168]=Oop }
                      ;*new {reexecute=0 rethrow=0 return_oop=1}
                      ; - org.h2.value.ValueInteger::get@39 (line 66)
                      ; - org.h2.jdbc.JdbcPreparedStatement::setInt@47 (line 359)
                      ; - org.apache.derbyTesting.system.oe.load.SimpleInsert::orderTable@263 (line 420)
  0x00007e5bdc57d2b8: 4415 7aff 

  0x00007e5bdc57d2bc: ;   {other}
  0x00007e5bdc57d2bc: 0f1f 8400 | ac66 0032 | e9eb c0ff 

  0x00007e5bdc57d2c8: ;   {metadata('org/h2/value/ValueInteger')}
  0x00007e5bdc57d2c8: ff48 bee0 | 5702 94ad 

  0x00007e5bdc57d2d0: ;   {runtime_call _new_instance_Java}
  0x00007e5bdc57d2d0: 7100 00e8 

  0x00007e5bdc57d2d4: ; ImmutableOopMap {[0]=Oop [12]=NarrowOop [16]=Oop [28]=NarrowOop [40]=Oop [48]=Oop [64]=Oop [96]=Oop [104]=Oop [112]=Oop [168]=Oop }
                      ;*new {reexecute=0 rethrow=0 return_oop=1}
                      ; - org.h2.value.ValueInteger::get@39 (line 66)
                      ; - org.h2.jdbc.JdbcPreparedStatement::setInt@47 (line 359)
                      ; - org.apache.derbyTesting.system.oe.load.SimpleInsert::orderTable@273 (line 421)
  0x00007e5bdc57d2d4: 2815 7aff 

  0x00007e5bdc57d2d8: ;   {other}
  0x00007e5bdc57d2d8: 0f1f 8400 | c866 0033 | e99c c2ff 

  0x00007e5bdc57d2e4: ;   {metadata('org/h2/value/ValueInteger')}
  0x00007e5bdc57d2e4: ff48 bee0 | 5702 94ad 

  0x00007e5bdc57d2ec: ;   {runtime_call _new_instance_Java}
  0x00007e5bdc57d2ec: 7100 00e8 

  0x00007e5bdc57d2f0: ; ImmutableOopMap {[0]=Oop [12]=NarrowOop [16]=Oop [28]=NarrowOop [40]=Oop [48]=Oop [64]=Oop [96]=Oop [104]=Oop [112]=Oop [168]=Oop }
                      ;*new {reexecute=0 rethrow=0 return_oop=1}
                      ; - org.h2.value.ValueInteger::get@39 (line 66)
                      ; - org.h2.jdbc.JdbcPreparedStatement::setInt@47 (line 359)
                      ; - org.apache.derbyTesting.system.oe.load.SimpleInsert::orderTable@292 (line 424)
  0x00007e5bdc57d2f0: 0c15 7aff 

  0x00007e5bdc57d2f4: ;   {other}
  0x00007e5bdc57d2f4: 0f1f 8400 | e466 0034 | e967 c5ff 

  0x00007e5bdc57d300: ;   {metadata('org/h2/value/ValueSmallint')}
  0x00007e5bdc57d300: ff48 be50 | b103 94ad 

  0x00007e5bdc57d308: ;   {runtime_call _new_instance_Java}
  0x00007e5bdc57d308: 7100 00e8 

  0x00007e5bdc57d30c: ; ImmutableOopMap {[0]=Oop [12]=NarrowOop [16]=Oop [28]=NarrowOop [40]=Oop [48]=Oop [64]=Oop [96]=Oop [104]=Oop [112]=Oop [168]=Oop }
                      ;*new {reexecute=0 rethrow=0 return_oop=1}
                      ; - org.h2.value.ValueSmallint::get@0 (line 171)
                      ; - org.h2.jdbc.JdbcPreparedStatement::setShort@47 (line 659)
                      ; - org.apache.derbyTesting.system.oe.load.SimpleInsert::orderTable@302 (line 425)
  0x00007e5bdc57d30c: f014 7aff 

  0x00007e5bdc57d310: ;   {other}
  0x00007e5bdc57d310: 0f1f 8400 | 0067 0035 | 488b c8e9 | 3ed5 ffff 

  0x00007e5bdc57d320: ;   {metadata('org/h2/value/ValueInteger')}
  0x00007e5bdc57d320: 48be e057 | 0294 ad71 

  0x00007e5bdc57d328: ;   {runtime_call _new_instance_Java}
  0x00007e5bdc57d328: 0000 90e8 

  0x00007e5bdc57d32c: ; ImmutableOopMap {[0]=Oop [12]=NarrowOop [16]=Oop [28]=NarrowOop [40]=Oop [48]=Oop [64]=Oop [96]=Oop [104]=Oop [112]=Oop [168]=Oop }
                      ;*new {reexecute=0 rethrow=0 return_oop=1}
                      ; - org.h2.value.ValueInteger::get@39 (line 66)
                      ; - org.h2.jdbc.JdbcPreparedStatement::setInt@47 (line 359)
                      ; - org.apache.derbyTesting.system.oe.load.SimpleInsert::orderTable@263 (line 420)
  0x00007e5bdc57d32c: d014 7aff 

  0x00007e5bdc57d330: ;   {other}
  0x00007e5bdc57d330: 0f1f 8400 | 2067 0036 | e9d6 ceff 

  0x00007e5bdc57d33c: ;   {metadata('org/h2/value/ValueInteger')}
  0x00007e5bdc57d33c: ff48 bee0 | 5702 94ad 

  0x00007e5bdc57d344: ;   {runtime_call _new_instance_Java}
  0x00007e5bdc57d344: 7100 00e8 

  0x00007e5bdc57d348: ; ImmutableOopMap {[0]=Oop [12]=NarrowOop [16]=Oop [28]=NarrowOop [40]=Oop [48]=Oop [64]=Oop [96]=Oop [104]=Oop [112]=Oop [168]=Oop }
                      ;*new {reexecute=0 rethrow=0 return_oop=1}
                      ; - org.h2.value.ValueInteger::get@39 (line 66)
                      ; - org.h2.jdbc.JdbcPreparedStatement::setInt@47 (line 359)
                      ; - org.apache.derbyTesting.system.oe.load.SimpleInsert::orderTable@273 (line 421)
  0x00007e5bdc57d348: b414 7aff 

  0x00007e5bdc57d34c: ;   {other}
  0x00007e5bdc57d34c: 0f1f 8400 | 3c67 0037 | e98b d0ff 

  0x00007e5bdc57d358: ;   {metadata('org/h2/value/ValueInteger')}
  0x00007e5bdc57d358: ff48 bee0 | 5702 94ad 

  0x00007e5bdc57d360: ;   {runtime_call _new_instance_Java}
  0x00007e5bdc57d360: 7100 00e8 

  0x00007e5bdc57d364: ; ImmutableOopMap {[0]=Oop [12]=NarrowOop [16]=Oop [28]=NarrowOop [40]=Oop [48]=Oop [64]=Oop [96]=Oop [104]=Oop [112]=Oop [168]=Oop }
                      ;*new {reexecute=0 rethrow=0 return_oop=1}
                      ; - org.h2.value.ValueInteger::get@39 (line 66)
                      ; - org.h2.jdbc.JdbcPreparedStatement::setInt@47 (line 359)
                      ; - org.apache.derbyTesting.system.oe.load.SimpleInsert::orderTable@292 (line 424)
  0x00007e5bdc57d364: 9814 7aff 

  0x00007e5bdc57d368: ;   {other}
  0x00007e5bdc57d368: 0f1f 8400 | 5867 0038 | e94c d3ff | ff4c 8b54 | 2448 458b | 5a30 498b 

  0x00007e5bdc57d380: ;   {oop(""{0x00000000412027f0})}
  0x00007e5bdc57d380: cb48 baf0 | 2720 4100 | 0000 0049 

  0x00007e5bdc57d38c: ;   {optimized virtual_call}
  0x00007e5bdc57d38c: 8bf2 90e8 

  0x00007e5bdc57d390: ; ImmutableOopMap {[0]=Oop [12]=NarrowOop [16]=Oop [28]=NarrowOop [40]=Oop [48]=Oop [64]=Oop [72]=Oop [96]=Oop [104]=Oop [112]=Oop }
                      ;*invokespecial prepareCommand {reexecute=0 rethrow=0 return_oop=1}
                      ; - org.h2.jdbc.JdbcConnection::commit@39 (line 446)
                      ; - org.apache.derbyTesting.system.oe.load.SimpleInsert::orderTable@472 (line 444)
  0x00007e5bdc57d390: 28b1 0000 

  0x00007e5bdc57d394: ;   {other}
  0x00007e5bdc57d394: 0f1f 8400 | 8467 0039 | 4c8b c04c | 8b5c 2448 | 4589 4330 

  0x00007e5bdc57d3a8: ; implicit exception: dispatches to 0x00007e5bdc587cbc
  0x00007e5bdc57d3a8: 448b 4008 

  0x00007e5bdc57d3ac: ;   {metadata('org/h2/command/Command')}
  0x00007e5bdc57d3ac: 49bb 9017 | 0a94 ad71 | 0000 49b9 | 0000 0093 | ad71 0000 | 4d03 c84d | 8b41 384d | 3bc3 0f85 
  0x00007e5bdc57d3cc: 4064 0000 | 488b f033 

  0x00007e5bdc57d3d4: ;   {optimized virtual_call}
  0x00007e5bdc57d3d4: d266 90e8 

  0x00007e5bdc57d3d8: ; ImmutableOopMap {[0]=Oop [12]=NarrowOop [16]=Oop [28]=NarrowOop [40]=Oop [48]=Oop [64]=Oop [72]=Oop [96]=Oop [104]=Oop [112]=Oop }
                      ;*invokeinterface executeUpdate {reexecute=0 rethrow=0 return_oop=1}
                      ; - org.h2.jdbc.JdbcConnection::commit@50 (line 447)
                      ; - org.apache.derbyTesting.system.oe.load.SimpleInsert::orderTable@472 (line 444)
  0x00007e5bdc57d3d8: 6448 fdff 

  0x00007e5bdc57d3dc: ;   {other}
  0x00007e5bdc57d3dc: 0f1f 8400 | cc67 003a | 4c8b 5c24 | 4848 8d84 | 24b0 0000 | 0048 8338 | 000f 8479 | 0000 004d 
  0x00007e5bdc57d3fc: 8b13 41f6 | c202 0f84 | 6200 0000 | 4983 ba86 | 0000 0000 | 7409 49ff | 8a86 0000 | 00eb 4b49 
  0x00007e5bdc57d41c: 8b82 9600 | 0000 490b | 828e 0000 | 0075 0a49 | c742 3e00 | 0000 00eb | 3d49 83ba | 9e00 0000 
  0x00007e5bdc57d43c: 0074 2248 | 33c0 49c7 | 423e 0000 | 0000 f083 | 0424 0049 | 83ba 9e00 | 0000 0075 | 0df0 4d0f 
  0x00007e5bdc57d45c: b17a 3e75 | 0583 c801 | eb0c a800 | eb08 4c8b | 10f0 4d0f | b113 750a | 49ff 8f68 | 0800 0045 
  0x00007e5bdc57d47c: 33d2 0f85 | ec63 0000 | 4c8b 1424 | 458b 5a18 | 458b d3e9 | 79af ffff 

  0x00007e5bdc57d494: ;   {metadata('java/sql/Timestamp')}
  0x00007e5bdc57d494: 48be 7891 | 0294 ad71 

  0x00007e5bdc57d49c: ;   {runtime_call _new_instance_Java}
  0x00007e5bdc57d49c: 0000 90e8 

  0x00007e5bdc57d4a0: ; ImmutableOopMap {[0]=Oop [12]=NarrowOop [16]=Oop [28]=NarrowOop [40]=Oop [48]=Oop [64]=Oop [96]=Oop [104]=Oop [112]=Oop }
                      ;*new {reexecute=0 rethrow=0 return_oop=1}
                      ; - org.apache.derbyTesting.system.oe.load.SimpleInsert::orderTable@100 (line 396)
  0x00007e5bdc57d4a0: 5c13 7aff 

  0x00007e5bdc57d4a4: ;   {other}
  0x00007e5bdc57d4a4: 0f1f 8400 | 9468 003b | e9c0 b3ff 

  0x00007e5bdc57d4b0: ;   {metadata('org/h2/value/ValueInteger')}
  0x00007e5bdc57d4b0: ff48 bee0 | 5702 94ad 

  0x00007e5bdc57d4b8: ;   {runtime_call _new_instance_Java}
  0x00007e5bdc57d4b8: 7100 00e8 

  0x00007e5bdc57d4bc: ; ImmutableOopMap {[0]=Oop [12]=NarrowOop [16]=Oop [28]=NarrowOop [40]=Oop [48]=Oop [64]=Oop [96]=Oop [104]=Oop [112]=Oop }
                      ;*new {reexecute=0 rethrow=0 return_oop=1}
                      ; - org.h2.value.ValueInteger::get@39 (line 66)
                      ; - org.h2.jdbc.JdbcPreparedStatement::setInt@47 (line 359)
                      ; - org.apache.derbyTesting.system.oe.load.SimpleInsert::orderTable@81 (line 393)
  0x00007e5bdc57d4bc: 4013 7aff 

  0x00007e5bdc57d4c0: ;   {other}
  0x00007e5bdc57d4c0: 0f1f 8400 | b068 003c | e94f b0ff 

  0x00007e5bdc57d4cc: ;   {metadata('org/h2/value/ValueInteger')}
  0x00007e5bdc57d4cc: ff48 bee0 | 5702 94ad 

  0x00007e5bdc57d4d4: ;   {runtime_call _new_instance_Java}
  0x00007e5bdc57d4d4: 7100 00e8 

  0x00007e5bdc57d4d8: ; ImmutableOopMap {[0]=Oop [12]=NarrowOop [16]=Oop [28]=NarrowOop [40]=Oop [48]=Oop [64]=Oop [96]=Oop [104]=Oop [112]=Oop }
                      ;*new {reexecute=0 rethrow=0 return_oop=1}
                      ; - org.h2.value.ValueInteger::get@39 (line 66)
                      ; - org.h2.jdbc.JdbcPreparedStatement::setInt@47 (line 359)
                      ; - org.apache.derbyTesting.system.oe.load.SimpleInsert::orderTable@95 (line 394)
  0x00007e5bdc57d4d8: 2413 7aff 

  0x00007e5bdc57d4dc: ;   {other}
  0x00007e5bdc57d4dc: 0f1f 8400 | cc68 003d | e926 b2ff 

  0x00007e5bdc57d4e8: ;   {metadata('org/h2/value/ValueSmallint')}
  0x00007e5bdc57d4e8: ff48 be50 | b103 94ad 

  0x00007e5bdc57d4f0: ;   {runtime_call _new_instance_Java}
  0x00007e5bdc57d4f0: 7100 00e8 

  0x00007e5bdc57d4f4: ; ImmutableOopMap {[0]=Oop [12]=NarrowOop [16]=Oop [28]=NarrowOop [40]=Oop [48]=Oop [64]=Oop [96]=Oop [104]=Oop [112]=Oop [168]=Oop }
                      ;*new {reexecute=0 rethrow=0 return_oop=1}
                      ; - org.h2.value.ValueSmallint::get@0 (line 171)
                      ; - org.h2.jdbc.JdbcPreparedStatement::setShort@47 (line 659)
                      ; - org.apache.derbyTesting.system.oe.load.SimpleInsert::orderTable@147 (line 402)
  0x00007e5bdc57d4f4: 0813 7aff 

  0x00007e5bdc57d4f8: ;   {other}
  0x00007e5bdc57d4f8: 0f1f 8400 | e868 003e | 488b c8e9 | 00b7 ffff 

  0x00007e5bdc57d508: ;   {metadata('org/h2/value/ValueSmallint')}
  0x00007e5bdc57d508: 48be 50b1 | 0394 ad71 

  0x00007e5bdc57d510: ;   {runtime_call _new_instance_Java}
  0x00007e5bdc57d510: 0000 90e8 

  0x00007e5bdc57d514: ; ImmutableOopMap {[0]=Oop [12]=NarrowOop [16]=Oop [28]=NarrowOop [40]=Oop [48]=Oop [64]=Oop [96]=Oop [104]=Oop [112]=Oop [168]=Oop }
                      ;*new {reexecute=0 rethrow=0 return_oop=1}
                      ; - org.h2.value.ValueSmallint::get@0 (line 171)
                      ; - org.h2.jdbc.JdbcPreparedStatement::setShort@47 (line 659)
                      ; - org.apache.derbyTesting.system.oe.load.SimpleInsert::orderTable@157 (line 403)
  0x00007e5bdc57d514: e812 7aff 

  0x00007e5bdc57d518: ;   {other}
  0x00007e5bdc57d518: 0f1f 8400 | 0869 003f | 488b c8e9 | 56b9 ffff 

  0x00007e5bdc57d528: ;   {metadata('org/h2/value/ValueInteger')}
  0x00007e5bdc57d528: 48be e057 | 0294 ad71 

  0x00007e5bdc57d530: ;   {runtime_call _new_instance_Java}
  0x00007e5bdc57d530: 0000 90e8 

  0x00007e5bdc57d534: ; ImmutableOopMap {[0]=Oop [12]=NarrowOop [16]=Oop [28]=NarrowOop [40]=Oop [48]=Oop [64]=Oop [96]=Oop [104]=Oop [112]=Oop }
                      ;*new {reexecute=0 rethrow=0 return_oop=1}
                      ; - org.h2.value.ValueInteger::get@39 (line 66)
                      ; - org.h2.jdbc.JdbcPreparedStatement::setInt@47 (line 359)
                      ; - org.apache.derbyTesting.system.oe.load.SimpleInsert::orderTable@446 (line 440)
  0x00007e5bdc57d534: c812 7aff 

  0x00007e5bdc57d538: ;   {other}
  0x00007e5bdc57d538: 0f1f 8400 | 2869 0040 | e9e1 aaff 

  0x00007e5bdc57d544: ;   {metadata('org/h2/value/ValueSmallint')}
  0x00007e5bdc57d544: ff48 be50 | b103 94ad 

  0x00007e5bdc57d54c: ;   {runtime_call _new_instance_Java}
  0x00007e5bdc57d54c: 7100 00e8 

  0x00007e5bdc57d550: ; ImmutableOopMap {[0]=Oop [12]=NarrowOop [16]=Oop [28]=NarrowOop [40]=Oop [48]=Oop [64]=Oop [96]=Oop [104]=Oop [112]=Oop [168]=Oop }
                      ;*new {reexecute=0 rethrow=0 return_oop=1}
                      ; - org.h2.value.ValueSmallint::get@0 (line 171)
                      ; - org.h2.jdbc.JdbcPreparedStatement::setShort@47 (line 659)
                      ; - org.apache.derbyTesting.system.oe.load.SimpleInsert::orderTable@302 (line 425)
  0x00007e5bdc57d550: ac12 7aff 

  0x00007e5bdc57d554: ;   {other}
  0x00007e5bdc57d554: 0f1f 8400 | 4469 0041 | 488b c8e9 | eee3 ffff 

  0x00007e5bdc57d564: ;   {metadata('org/h2/value/ValueInteger')}
  0x00007e5bdc57d564: 48be e057 | 0294 ad71 

  0x00007e5bdc57d56c: ;   {runtime_call _new_instance_Java}
  0x00007e5bdc57d56c: 0000 90e8 

  0x00007e5bdc57d570: ; ImmutableOopMap {[0]=Oop [12]=NarrowOop [16]=Oop [28]=NarrowOop [40]=Oop [48]=Oop [64]=Oop [96]=Oop [104]=Oop [112]=Oop [168]=Oop }
                      ;*new {reexecute=0 rethrow=0 return_oop=1}
                      ; - org.h2.value.ValueInteger::get@39 (line 66)
                      ; - org.h2.jdbc.JdbcPreparedStatement::setInt@47 (line 359)
                      ; - org.apache.derbyTesting.system.oe.load.SimpleInsert::orderTable@273 (line 421)
  0x00007e5bdc57d570: 8c12 7aff 

  0x00007e5bdc57d574: ;   {other}
  0x00007e5bdc57d574: 0f1f 8400 | 6469 0042 | e955 dfff 

  0x00007e5bdc57d580: ;   {metadata('org/h2/value/ValueInteger')}
  0x00007e5bdc57d580: ff48 bee0 | 5702 94ad 

  0x00007e5bdc57d588: ;   {runtime_call _new_instance_Java}
  0x00007e5bdc57d588: 7100 00e8 

  0x00007e5bdc57d58c: ; ImmutableOopMap {[0]=Oop [12]=NarrowOop [16]=Oop [28]=NarrowOop [40]=Oop [48]=Oop [64]=Oop [96]=Oop [104]=Oop [112]=Oop [168]=Oop }
                      ;*new {reexecute=0 rethrow=0 return_oop=1}
                      ; - org.h2.value.ValueInteger::get@39 (line 66)
                      ; - org.h2.jdbc.JdbcPreparedStatement::setInt@47 (line 359)
                      ; - org.apache.derbyTesting.system.oe.load.SimpleInsert::orderTable@292 (line 424)
  0x00007e5bdc57d58c: 7012 7aff 

  0x00007e5bdc57d590: ;   {other}
  0x00007e5bdc57d590: 0f1f 8400 | 8069 0043 | e919 e2ff | ffbe e4ff | ffff 488b | 2c24 4889 | 4424 f88b | 4424 5489 
  0x00007e5bdc57d5b0: 0424 488b | 4424 f848 | 8944 24f8 | 8b44 2438 | 8944 2404 | 488b 4424 | f848 ff74 | 2410 488f 
  0x00007e5bdc57d5d0: 4424 0848 | ff74 2430 | 488f 4424 | 1848 ff74 | 2428 488f | 4424 2048 | 8944 24f8 | 8b44 2458 
  0x00007e5bdc57d5f0: 8944 2428 | 488b 4424 | f848 8944 | 24f8 8b44 | 2448 8944 | 242c 488b | 4424 f848 | 8944 24f8 
  0x00007e5bdc57d610: 8b44 2450 | 8944 2438 | 488b 4424 | f844 8954 | 243c 4c89 | 4c24 5044 | 8944 2458 

  0x00007e5bdc57d62c: ;   {runtime_call UncommonTrapBlob}
  0x00007e5bdc57d62c: 6666 90e8 

  0x00007e5bdc57d630: ; ImmutableOopMap {rbp=Oop [8]=Oop [24]=Oop [32]=Oop [60]=NarrowOop [80]=Oop [104]=Oop [168]=Oop }
                      ;*invokestatic checkIndex {reexecute=0 rethrow=0 return_oop=0}
                      ; - java.util.Objects::checkIndex@3 (line 385)
                      ; - java.util.ArrayList::get@5 (line 427)
                      ; - org.h2.jdbc.JdbcPreparedStatement::setParameter@43 (line 1398)
                      ; - org.h2.jdbc.JdbcPreparedStatement::setInt@50 (line 359)
                      ; - org.apache.derbyTesting.system.oe.load.SimpleInsert::orderTable@263 (line 420)
  0x00007e5bdc57d630: cccc 6eff 

  0x00007e5bdc57d634: ;   {other}
  0x00007e5bdc57d634: 0f1f 8400 | 246a 0044 | bee4 ffff | ff48 8b2c | 2448 8944 | 24f8 8b44 | 2454 8904 | 2448 8b44 
  0x00007e5bdc57d654: 24f8 4889 | 4424 f88b | 4424 3889 | 4424 0448 | 8b44 24f8 | 48ff 7424 | 1048 8f44 | 2408 48ff 
  0x00007e5bdc57d674: 7424 3048 | 8f44 2418 | 48ff 7424 | 2848 8f44 | 2420 4889 | 4424 f88b | 4424 5889 | 4424 2848 
  0x00007e5bdc57d694: 8b44 24f8 | 4889 4424 | f88b 4424 | 4889 4424 | 2c48 8b44 | 24f8 4889 | 4424 f88b | 4424 5089 
  0x00007e5bdc57d6b4: 4424 3848 | 8b44 24f8 | 48ff 7424 | 6848 8f44 | 2440 48ff | 7424 6848 | 8f44 2448 

  0x00007e5bdc57d6d0: ;   {runtime_call UncommonTrapBlob}
  0x00007e5bdc57d6d0: 6666 90e8 

  0x00007e5bdc57d6d4: ; ImmutableOopMap {rbp=Oop [8]=Oop [24]=Oop [32]=Oop [64]=Oop [72]=Oop [128]=Oop [136]=Oop [168]=Oop }
                      ;*aaload {reexecute=0 rethrow=0 return_oop=0}
                      ; - org.h2.value.Value::cache@59 (line 748)
                      ; - org.h2.value.ValueSmallint::get@8 (line 171)
                      ; - org.h2.jdbc.JdbcPreparedStatement::setShort@47 (line 659)
                      ; - org.apache.derbyTesting.system.oe.load.SimpleInsert::orderTable@302 (line 425)
  0x00007e5bdc57d6d4: 28cc 6eff 

  0x00007e5bdc57d6d8: ;   {other}
  0x00007e5bdc57d6d8: 0f1f 8400 | c86a 0045 | bee4 ffff | ff48 8b2c | 2448 8944 | 24f8 8b44 | 2438 8944 | 2404 488b 
  0x00007e5bdc57d6f8: 4424 f848 | ff74 2410 | 488f 4424 | 0848 ff74 | 2430 488f | 4424 1848 | ff74 2428 | 488f 4424 
  0x00007e5bdc57d718: 2044 895c 

  0x00007e5bdc57d71c: ;   {runtime_call UncommonTrapBlob}
  0x00007e5bdc57d71c: 243c 90e8 

  0x00007e5bdc57d720: ; ImmutableOopMap {rbp=Oop [8]=Oop [24]=Oop [32]=Oop [104]=Oop [168]=Oop }
                      ;*aaload {reexecute=0 rethrow=0 return_oop=0}
                      ; - org.apache.derbyTesting.system.oe.util.OERandom::randomAString24@10 (line 453)
                      ; - org.apache.derbyTesting.system.oe.load.SimpleInsert::orderTable@411 (line 436)
  0x00007e5bdc57d720: dccb 6eff 

  0x00007e5bdc57d724: ;   {other}
  0x00007e5bdc57d724: 0f1f 8400 | 146b 0046 | bef6 ffff | ff48 8b2c | 2448 8944 | 24f8 8b44 | 2438 8944 | 2404 488b 
  0x00007e5bdc57d744: 4424 f848 | ff74 2410 | 488f 4424 | 0848 ff74 | 2430 488f | 4424 1848 | ff74 2428 | 488f 4424 
  0x00007e5bdc57d764: 2048 8944 | 24f8 8b44 | 2448 8944 | 242c 488b 

  0x00007e5bdc57d774: ;   {runtime_call UncommonTrapBlob}
  0x00007e5bdc57d774: 4424 f8e8 

  0x00007e5bdc57d778: ; ImmutableOopMap {rbp=Oop [8]=Oop [24]=Oop [32]=Oop [104]=Oop [168]=Oop }
                      ;*monitorenter {reexecute=0 rethrow=0 return_oop=0}
                      ; - org.h2.jdbc.JdbcPreparedStatement::executeUpdateInternal@10 (line 206)
                      ; - org.h2.jdbc.JdbcPreparedStatement::executeUpdate@16 (line 169)
                      ; - org.apache.derbyTesting.system.oe.load.SimpleInsert::orderTable@421 (line 437)
  0x00007e5bdc57d778: 84cb 6eff 

  0x00007e5bdc57d77c: ;   {other}
  0x00007e5bdc57d77c: 0f1f 8400 | 6c6b 0047 | bede ffff | ff48 8b2c | 2448 8944 | 24f8 8b44 | 2438 8944 | 2404 488b 
  0x00007e5bdc57d79c: 4424 f848 | ff74 2410 | 488f 4424 | 0848 ff74 | 2430 488f | 4424 1848 | ff74 2428 | 488f 4424 
  0x00007e5bdc57d7bc: 2048 8944 | 24f8 8b44 | 2448 8944 | 242c 488b | 4424 f84c | 8954 2448 

  0x00007e5bdc57d7d4: ;   {runtime_call UncommonTrapBlob}
  0x00007e5bdc57d7d4: 6666 90e8 

  0x00007e5bdc57d7d8: ; ImmutableOopMap {rbp=Oop [8]=Oop [24]=Oop [32]=Oop [72]=Oop [104]=Oop [168]=Oop }
                      ;*invokeinterface isEnabled {reexecute=0 rethrow=0 return_oop=0}
                      ; - org.h2.message.Trace::isEnabled@13 (line 142)
                      ; - org.h2.message.Trace::isDebugEnabled@2 (line 162)
                      ; - org.h2.message.TraceObject::isDebugEnabled@4 (line 163)
                      ; - org.h2.jdbc.JdbcPreparedStatement::setInt@1 (line 356)
                      ; - org.apache.derbyTesting.system.oe.load.SimpleInsert::orderTable@263 (line 420)
  0x00007e5bdc57d7d8: 24cb 6eff 

  0x00007e5bdc57d7dc: ;   {other}
  0x00007e5bdc57d7dc: 0f1f 8400 | cc6b 0048 | bede ffff | ff48 8b2c | 2448 8944 | 24f8 8b44 | 2454 8904 | 2448 8b44 
  0x00007e5bdc57d7fc: 24f8 4889 | 4424 f88b | 4424 3889 | 4424 0448 | 8b44 24f8 | 48ff 7424 | 1048 8f44 | 2408 48ff 
  0x00007e5bdc57d81c: 7424 3048 | 8f44 2418 | 48ff 7424 | 2848 8f44 | 2420 4889 | 4424 f88b | 4424 4889 | 4424 2c48 
  0x00007e5bdc57d83c: 8b44 24f8 | 4889 4424 | f88b 4424 | 5089 4424 | 3848 8b44 | 24f8 4489 | 5424 3c4c | 895c 2450 
  0x00007e5bdc57d85c: ;   {runtime_call UncommonTrapBlob}
  0x00007e5bdc57d85c: 6666 90e8 

  0x00007e5bdc57d860: ; ImmutableOopMap {rbp=Oop [8]=Oop [24]=Oop [32]=Oop [60]=NarrowOop [80]=Oop [104]=Oop [168]=Oop }
                      ;*invokevirtual isClosed {reexecute=0 rethrow=0 return_oop=0}
                      ; - org.h2.jdbc.JdbcConnection::checkClosed@17 (line 1374)
                      ; - org.h2.jdbc.JdbcStatement::checkClosed@17 (line 1273)
                      ; - org.h2.jdbc.JdbcPreparedStatement::setParameter@1 (line 1391)
                      ; - org.h2.jdbc.JdbcPreparedStatement::setInt@50 (line 359)
                      ; - org.apache.derbyTesting.system.oe.load.SimpleInsert::orderTable@263 (line 420)
  0x00007e5bdc57d860: 9cca 6eff 

  0x00007e5bdc57d864: ;   {other}
  0x00007e5bdc57d864: 0f1f 8400 | 546c 0049 | bede ffff | ff48 8b2c | 2448 8944 | 24f8 8b44 | 2454 8904 | 2448 8b44 
  0x00007e5bdc57d884: 24f8 4889 | 4424 f88b | 4424 3889 | 4424 0448 | 8b44 24f8 | 48ff 7424 | 1048 8f44 | 2408 48ff 
  0x00007e5bdc57d8a4: 7424 3048 | 8f44 2418 | 48ff 7424 | 2848 8f44 | 2420 4889 | 4424 f88b | 4424 4889 | 4424 2c48 
  0x00007e5bdc57d8c4: 8b44 24f8 | 4889 4424 | f88b 4424 | 5089 4424 | 3848 8b44 | 24f8 4489 | 5424 3c4c | 895c 2450 
  0x00007e5bdc57d8e4: ;   {runtime_call UncommonTrapBlob}
  0x00007e5bdc57d8e4: 6666 90e8 

  0x00007e5bdc57d8e8: ; ImmutableOopMap {rbp=Oop [8]=Oop [24]=Oop [32]=Oop [60]=NarrowOop [80]=Oop [104]=Oop [168]=Oop }
                      ;*invokeinterface getParameters {reexecute=0 rethrow=0 return_oop=0}
                      ; - org.h2.jdbc.JdbcPreparedStatement::setParameter@11 (line 1393)
                      ; - org.h2.jdbc.JdbcPreparedStatement::setInt@50 (line 359)
                      ; - org.apache.derbyTesting.system.oe.load.SimpleInsert::orderTable@263 (line 420)
  0x00007e5bdc57d8e8: 14ca 6eff 

  0x00007e5bdc57d8ec: ;   {other}
  0x00007e5bdc57d8ec: 0f1f 8400 | dc6c 004a | 498b e8eb | 0349 8beb | bee4 ffff | ff48 8944 | 24f8 8b44 | 2454 8944 
  0x00007e5bdc57d90c: 2408 488b | 4424 f848 | 8944 24f8 | 8b44 2438 | 8944 240c | 488b 4424 | f848 ff74 | 2430 488f 
  0x00007e5bdc57d92c: 4424 2048 | 8944 24f8 | 8b44 2448 | 8944 2434 | 488b 4424 | f848 8944 | 24f8 8b44 | 2450 8944 
  0x00007e5bdc57d94c: 2440 488b | 4424 f844 | 8954 2444 

  0x00007e5bdc57d958: ;   {runtime_call UncommonTrapBlob}
  0x00007e5bdc57d958: 6666 90e8 

  0x00007e5bdc57d95c: ; ImmutableOopMap {rbp=Oop [0]=Oop [16]=Oop [32]=Oop [40]=Oop [68]=NarrowOop [104]=Oop [168]=Oop }
                      ;*aaload {reexecute=0 rethrow=0 return_oop=0}
                      ; - java.util.ArrayList::elementData@5 (line 411)
                      ; - java.util.ArrayList::get@11 (line 428)
                      ; - org.h2.jdbc.JdbcPreparedStatement::setParameter@43 (line 1398)
                      ; - org.h2.jdbc.JdbcPreparedStatement::setInt@50 (line 359)
                      ; - org.apache.derbyTesting.system.oe.load.SimpleInsert::orderTable@263 (line 420)
  0x00007e5bdc57d95c: a0c9 6eff 

  0x00007e5bdc57d960: ;   {other}
  0x00007e5bdc57d960: 0f1f 8400 | 506d 004b | bede ffff | ff48 8b2c | 2448 8944 | 24f8 8b44 | 2438 8944 | 2404 488b 
  0x00007e5bdc57d980: 4424 f848 | ff74 2410 | 488f 4424 | 0848 ff74 | 2430 488f | 4424 1848 | ff74 2428 | 488f 4424 
  0x00007e5bdc57d9a0: 2048 8944 | 24f8 8b44 | 2448 8944 | 242c 488b | 4424 f84c | 895c 2448 

  0x00007e5bdc57d9b8: ;   {runtime_call UncommonTrapBlob}
  0x00007e5bdc57d9b8: 6666 90e8 

  0x00007e5bdc57d9bc: ; ImmutableOopMap {rbp=Oop [8]=Oop [24]=Oop [32]=Oop [72]=Oop [104]=Oop [168]=Oop }
                      ;*invokeinterface isEnabled {reexecute=0 rethrow=0 return_oop=0}
                      ; - org.h2.message.Trace::isEnabled@13 (line 142)
                      ; - org.h2.message.Trace::isDebugEnabled@2 (line 162)
                      ; - org.h2.message.TraceObject::isDebugEnabled@4 (line 163)
                      ; - org.h2.jdbc.JdbcPreparedStatement::setInt@1 (line 356)
                      ; - org.apache.derbyTesting.system.oe.load.SimpleInsert::orderTable@273 (line 421)
  0x00007e5bdc57d9bc: 40c9 6eff 

  0x00007e5bdc57d9c0: ;   {other}
  0x00007e5bdc57d9c0: 0f1f 8400 | b06d 004c | bede ffff | ff48 8b2c | 2448 8944 | 24f8 8b44 | 2454 8904 | 2448 8b44 
  0x00007e5bdc57d9e0: 24f8 4889 | 4424 f88b | 4424 3889 | 4424 0448 | 8b44 24f8 | 48ff 7424 | 1048 8f44 | 2408 48ff 
  0x00007e5bdc57da00: 7424 3048 | 8f44 2418 | 48ff 7424 | 2848 8f44 | 2420 4889 | 4424 f88b | 4424 4889 | 4424 2c48 
  0x00007e5bdc57da20: 8b44 24f8 | 4889 4424 | f88b 4424 | 5089 4424 | 3848 8b44 | 24f8 4489 | 5424 3c4c | 895c 2450 
  0x00007e5bdc57da40: ;   {runtime_call UncommonTrapBlob}
  0x00007e5bdc57da40: 6666 90e8 

  0x00007e5bdc57da44: ; ImmutableOopMap {rbp=Oop [8]=Oop [24]=Oop [32]=Oop [60]=NarrowOop [80]=Oop [104]=Oop [168]=Oop }
                      ;*invokevirtual isClosed {reexecute=0 rethrow=0 return_oop=0}
                      ; - org.h2.jdbc.JdbcConnection::checkClosed@17 (line 1374)
                      ; - org.h2.jdbc.JdbcStatement::checkClosed@17 (line 1273)
                      ; - org.h2.jdbc.JdbcPreparedStatement::setParameter@1 (line 1391)
                      ; - org.h2.jdbc.JdbcPreparedStatement::setInt@50 (line 359)
                      ; - org.apache.derbyTesting.system.oe.load.SimpleInsert::orderTable@273 (line 421)
  0x00007e5bdc57da44: b8c8 6eff 

  0x00007e5bdc57da48: ;   {other}
  0x00007e5bdc57da48: 0f1f 8400 | 386e 004d | bede ffff | ff48 8b2c | 2448 8944 | 24f8 8b44 | 2454 8904 | 2448 8b44 
  0x00007e5bdc57da68: 24f8 4889 | 4424 f88b | 4424 3889 | 4424 0448 | 8b44 24f8 | 48ff 7424 | 1048 8f44 | 2408 48ff 
  0x00007e5bdc57da88: 7424 3048 | 8f44 2418 | 48ff 7424 | 2848 8f44 | 2420 4889 | 4424 f88b | 4424 4889 | 4424 2c48 
  0x00007e5bdc57daa8: 8b44 24f8 | 4889 4424 | f88b 4424 | 5089 4424 | 3848 8b44 | 24f8 4489 | 5424 3c4c | 895c 2450 
  0x00007e5bdc57dac8: ;   {runtime_call UncommonTrapBlob}
  0x00007e5bdc57dac8: 6666 90e8 

  0x00007e5bdc57dacc: ; ImmutableOopMap {rbp=Oop [8]=Oop [24]=Oop [32]=Oop [60]=NarrowOop [80]=Oop [104]=Oop [168]=Oop }
                      ;*invokeinterface getParameters {reexecute=0 rethrow=0 return_oop=0}
                      ; - org.h2.jdbc.JdbcPreparedStatement::setParameter@11 (line 1393)
                      ; - org.h2.jdbc.JdbcPreparedStatement::setInt@50 (line 359)
                      ; - org.apache.derbyTesting.system.oe.load.SimpleInsert::orderTable@273 (line 421)
  0x00007e5bdc57dacc: 30c8 6eff 

  0x00007e5bdc57dad0: ;   {other}
  0x00007e5bdc57dad0: 0f1f 8400 | c06e 004e | becc ffff | ff48 8b2c | 2448 8944 | 24f8 8b44 | 2454 8904 | 2448 8b44 
  0x00007e5bdc57daf0: 24f8 4889 | 4424 f88b | 4424 3889 | 4424 0448 | 8b44 24f8 | 48ff 7424 | 1048 8f44 | 2408 48ff 
  0x00007e5bdc57db10: 7424 3048 | 8f44 2418 | 48ff 7424 | 2848 8f44 | 2420 4889 | 4424 f88b | 4424 5889 | 4424 2848 
  0x00007e5bdc57db30: 8b44 24f8 | 4889 4424 | f88b 4424 | 4889 4424 | 2c48 8b44 | 24f8 4889 | 4424 f88b | 4424 5089 
  0x00007e5bdc57db50: 4424 3848 | 8b44 24f8 | 4489 5424 | 3c4c 894c | 2450 4489 

  0x00007e5bdc57db64: ;   {runtime_call UncommonTrapBlob}
  0x00007e5bdc57db64: 5c24 58e8 

  0x00007e5bdc57db68: ; ImmutableOopMap {rbp=Oop [8]=Oop [24]=Oop [32]=Oop [60]=NarrowOop [80]=Oop [104]=Oop [168]=Oop }
                      ;*invokestatic checkIndex {reexecute=0 rethrow=0 return_oop=0}
                      ; - java.util.Objects::checkIndex@3 (line 385)
                      ; - java.util.ArrayList::get@5 (line 427)
                      ; - org.h2.jdbc.JdbcPreparedStatement::setParameter@43 (line 1398)
                      ; - org.h2.jdbc.JdbcPreparedStatement::setInt@50 (line 359)
                      ; - org.apache.derbyTesting.system.oe.load.SimpleInsert::orderTable@273 (line 421)
  0x00007e5bdc57db68: 94c7 6eff 

  0x00007e5bdc57db6c: ;   {other}
  0x00007e5bdc57db6c: 0f1f 8400 | 5c6f 004f | bee4 ffff | ff48 8b2c | 2448 8944 | 24f8 8b44 | 2454 8904 | 2448 8b44 
  0x00007e5bdc57db8c: 24f8 4889 | 4424 f88b | 4424 3889 | 4424 0448 | 8b44 24f8 | 48ff 7424 | 1048 8f44 | 2408 48ff 
  0x00007e5bdc57dbac: 7424 3048 | 8f44 2418 | 48ff 7424 | 2848 8f44 | 2420 4889 | 4424 f88b | 4424 5889 | 4424 2848 
  0x00007e5bdc57dbcc: 8b44 24f8 | 4889 4424 | f88b 4424 | 4889 4424 | 2c48 8b44 | 24f8 4889 | 4424 f88b | 4424 5089 
  0x00007e5bdc57dbec: 4424 3848 | 8b44 24f8 | 4489 5424 | 3c4c 894c | 2450 4489 

  0x00007e5bdc57dc00: ;   {runtime_call UncommonTrapBlob}
  0x00007e5bdc57dc00: 5c24 58e8 

  0x00007e5bdc57dc04: ; ImmutableOopMap {rbp=Oop [8]=Oop [24]=Oop [32]=Oop [60]=NarrowOop [80]=Oop [104]=Oop [168]=Oop }
                      ;*invokestatic checkIndex {reexecute=0 rethrow=0 return_oop=0}
                      ; - java.util.Objects::checkIndex@3 (line 385)
                      ; - java.util.ArrayList::get@5 (line 427)
                      ; - org.h2.jdbc.JdbcPreparedStatement::setParameter@43 (line 1398)
                      ; - org.h2.jdbc.JdbcPreparedStatement::setInt@50 (line 359)
                      ; - org.apache.derbyTesting.system.oe.load.SimpleInsert::orderTable@273 (line 421)
  0x00007e5bdc57dc04: f8c6 6eff 

  0x00007e5bdc57dc08: ;   {other}
  0x00007e5bdc57dc08: 0f1f 8400 | f86f 0050 | 498b e8eb | 0349 8beb | bee4 ffff | ff48 8944 | 24f8 8b44 | 2454 8944 
  0x00007e5bdc57dc28: 2408 488b | 4424 f848 | 8944 24f8 | 8b44 2438 | 8944 240c | 488b 4424 | f848 ff74 | 2430 488f 
  0x00007e5bdc57dc48: 4424 2048 | 8944 24f8 | 8b44 2448 | 8944 2434 | 488b 4424 | f848 8944 | 24f8 8b44 | 2450 8944 
  0x00007e5bdc57dc68: 2440 488b | 4424 f844 | 8954 2444 

  0x00007e5bdc57dc74: ;   {runtime_call UncommonTrapBlob}
  0x00007e5bdc57dc74: 6666 90e8 

  0x00007e5bdc57dc78: ; ImmutableOopMap {rbp=Oop [0]=Oop [16]=Oop [32]=Oop [40]=Oop [68]=NarrowOop [104]=Oop [168]=Oop }
                      ;*aaload {reexecute=0 rethrow=0 return_oop=0}
                      ; - java.util.ArrayList::elementData@5 (line 411)
                      ; - java.util.ArrayList::get@11 (line 428)
                      ; - org.h2.jdbc.JdbcPreparedStatement::setParameter@43 (line 1398)
                      ; - org.h2.jdbc.JdbcPreparedStatement::setInt@50 (line 359)
                      ; - org.apache.derbyTesting.system.oe.load.SimpleInsert::orderTable@273 (line 421)
  0x00007e5bdc57dc78: 84c6 6eff 

  0x00007e5bdc57dc7c: ;   {other}
  0x00007e5bdc57dc7c: 0f1f 8400 | 6c70 0051 | bede ffff | ff48 8b2c | 2448 8944 | 24f8 8b44 | 2438 8944 | 2404 488b 
  0x00007e5bdc57dc9c: 4424 f848 | ff74 2410 | 488f 4424 | 0848 ff74 | 2430 488f | 4424 1848 | ff74 2428 | 488f 4424 
  0x00007e5bdc57dcbc: 2048 8944 | 24f8 8b44 | 2448 8944 | 242c 488b | 4424 f848 | 894c 2448 

  0x00007e5bdc57dcd4: ;   {runtime_call UncommonTrapBlob}
  0x00007e5bdc57dcd4: 6666 90e8 

  0x00007e5bdc57dcd8: ; ImmutableOopMap {rbp=Oop [8]=Oop [24]=Oop [32]=Oop [72]=Oop [104]=Oop [168]=Oop }
                      ;*invokevirtual nextDouble {reexecute=0 rethrow=0 return_oop=0}
                      ; - org.apache.derbyTesting.system.oe.util.OERandom::randomInt@4 (line 124)
                      ; - org.apache.derbyTesting.system.oe.load.SimpleInsert::orderTable@289 (line 424)
  0x00007e5bdc57dcd8: 24c6 6eff 

  0x00007e5bdc57dcdc: ;   {other}
  0x00007e5bdc57dcdc: 0f1f 8400 | cc70 0052 | bede ffff | ff48 8b2c | 2448 8944 | 24f8 8b44 | 2438 8944 | 2404 488b 
  0x00007e5bdc57dcfc: 4424 f848 | ff74 2410 | 488f 4424 | 0848 ff74 | 2430 488f | 4424 1848 | ff74 2428 | 488f 4424 
  0x00007e5bdc57dd1c: 2048 8944 | 24f8 8b44 | 2448 8944 | 242c 488b | 4424 f84c | 895c 2448 

  0x00007e5bdc57dd34: ;   {runtime_call UncommonTrapBlob}
  0x00007e5bdc57dd34: 6666 90e8 

  0x00007e5bdc57dd38: ; ImmutableOopMap {rbp=Oop [8]=Oop [24]=Oop [32]=Oop [72]=Oop [104]=Oop [168]=Oop }
                      ;*invokeinterface isEnabled {reexecute=0 rethrow=0 return_oop=0}
                      ; - org.h2.message.Trace::isEnabled@13 (line 142)
                      ; - org.h2.message.Trace::isDebugEnabled@2 (line 162)
                      ; - org.h2.message.TraceObject::isDebugEnabled@4 (line 163)
                      ; - org.h2.jdbc.JdbcPreparedStatement::setInt@1 (line 356)
                      ; - org.apache.derbyTesting.system.oe.load.SimpleInsert::orderTable@292 (line 424)
  0x00007e5bdc57dd38: c4c5 6eff 

  0x00007e5bdc57dd3c: ;   {other}
  0x00007e5bdc57dd3c: 0f1f 8400 | 2c71 0053 | bede ffff | ff48 8b2c | 2448 8944 | 24f8 8b44 | 2454 8904 | 2448 8b44 
  0x00007e5bdc57dd5c: 24f8 4889 | 4424 f88b | 4424 3889 | 4424 0448 | 8b44 24f8 | 48ff 7424 | 1048 8f44 | 2408 48ff 
  0x00007e5bdc57dd7c: 7424 3048 | 8f44 2418 | 48ff 7424 | 2848 8f44 | 2420 4889 | 4424 f88b | 4424 4889 | 4424 2c48 
  0x00007e5bdc57dd9c: 8b44 24f8 | 4889 4424 | f88b 4424 | 5089 4424 | 3848 8b44 | 24f8 4489 | 5424 3c4c | 895c 2450 
  0x00007e5bdc57ddbc: ;   {runtime_call UncommonTrapBlob}
  0x00007e5bdc57ddbc: 6666 90e8 

  0x00007e5bdc57ddc0: ; ImmutableOopMap {rbp=Oop [8]=Oop [24]=Oop [32]=Oop [60]=NarrowOop [80]=Oop [104]=Oop [168]=Oop }
                      ;*invokevirtual isClosed {reexecute=0 rethrow=0 return_oop=0}
                      ; - org.h2.jdbc.JdbcConnection::checkClosed@17 (line 1374)
                      ; - org.h2.jdbc.JdbcStatement::checkClosed@17 (line 1273)
                      ; - org.h2.jdbc.JdbcPreparedStatement::setParameter@1 (line 1391)
                      ; - org.h2.jdbc.JdbcPreparedStatement::setInt@50 (line 359)
                      ; - org.apache.derbyTesting.system.oe.load.SimpleInsert::orderTable@292 (line 424)
  0x00007e5bdc57ddc0: 3cc5 6eff 

  0x00007e5bdc57ddc4: ;   {other}
  0x00007e5bdc57ddc4: 0f1f 8400 | b471 0054 | bede ffff | ff48 8b2c | 2448 8944 | 24f8 8b44 | 2454 8904 | 2448 8b44 
  0x00007e5bdc57dde4: 24f8 4889 | 4424 f88b | 4424 3889 | 4424 0448 | 8b44 24f8 | 48ff 7424 | 1048 8f44 | 2408 48ff 
  0x00007e5bdc57de04: 7424 3048 | 8f44 2418 | 48ff 7424 | 2848 8f44 | 2420 4889 | 4424 f88b | 4424 4889 | 4424 2c48 
  0x00007e5bdc57de24: 8b44 24f8 | 4889 4424 | f88b 4424 | 5089 4424 | 3848 8b44 | 24f8 4489 | 5424 3c4c | 895c 2450 
  0x00007e5bdc57de44: ;   {runtime_call UncommonTrapBlob}
  0x00007e5bdc57de44: 6666 90e8 

  0x00007e5bdc57de48: ; ImmutableOopMap {rbp=Oop [8]=Oop [24]=Oop [32]=Oop [60]=NarrowOop [80]=Oop [104]=Oop [168]=Oop }
                      ;*invokeinterface getParameters {reexecute=0 rethrow=0 return_oop=0}
                      ; - org.h2.jdbc.JdbcPreparedStatement::setParameter@11 (line 1393)
                      ; - org.h2.jdbc.JdbcPreparedStatement::setInt@50 (line 359)
                      ; - org.apache.derbyTesting.system.oe.load.SimpleInsert::orderTable@292 (line 424)
  0x00007e5bdc57de48: b4c4 6eff 

  0x00007e5bdc57de4c: ;   {other}
  0x00007e5bdc57de4c: 0f1f 8400 | 3c72 0055 | becc ffff | ff48 8b2c | 2448 8944 | 24f8 8b44 | 2454 8904 | 2448 8b44 
  0x00007e5bdc57de6c: 24f8 4889 | 4424 f88b | 4424 3889 | 4424 0448 | 8b44 24f8 | 48ff 7424 | 1048 8f44 | 2408 48ff 
  0x00007e5bdc57de8c: 7424 3048 | 8f44 2418 | 48ff 7424 | 2848 8f44 | 2420 4889 | 4424 f88b | 4424 5889 | 4424 2848 
  0x00007e5bdc57deac: 8b44 24f8 | 4889 4424 | f88b 4424 | 4889 4424 | 2c48 8b44 | 24f8 4889 | 4424 f88b | 4424 5089 
  0x00007e5bdc57decc: 4424 3848 | 8b44 24f8 | 4489 5424 | 3c4c 894c | 2450 4489 

  0x00007e5bdc57dee0: ;   {runtime_call UncommonTrapBlob}
  0x00007e5bdc57dee0: 5c24 58e8 

  0x00007e5bdc57dee4: ; ImmutableOopMap {rbp=Oop [8]=Oop [24]=Oop [32]=Oop [60]=NarrowOop [80]=Oop [104]=Oop [168]=Oop }
                      ;*invokestatic checkIndex {reexecute=0 rethrow=0 return_oop=0}
                      ; - java.util.Objects::checkIndex@3 (line 385)
                      ; - java.util.ArrayList::get@5 (line 427)
                      ; - org.h2.jdbc.JdbcPreparedStatement::setParameter@43 (line 1398)
                      ; - org.h2.jdbc.JdbcPreparedStatement::setInt@50 (line 359)
                      ; - org.apache.derbyTesting.system.oe.load.SimpleInsert::orderTable@292 (line 424)
  0x00007e5bdc57dee4: 18c4 6eff 

  0x00007e5bdc57dee8: ;   {other}
  0x00007e5bdc57dee8: 0f1f 8400 | d872 0056 | bee4 ffff | ff48 8b2c | 2448 8944 | 24f8 8b44 | 2454 8904 | 2448 8b44 
  0x00007e5bdc57df08: 24f8 4889 | 4424 f88b | 4424 3889 | 4424 0448 | 8b44 24f8 | 48ff 7424 | 1048 8f44 | 2408 48ff 
  0x00007e5bdc57df28: 7424 3048 | 8f44 2418 | 48ff 7424 | 2848 8f44 | 2420 4889 | 4424 f88b | 4424 5889 | 4424 2848 
  0x00007e5bdc57df48: 8b44 24f8 | 4889 4424 | f88b 4424 | 4889 4424 | 2c48 8b44 | 24f8 4889 | 4424 f88b | 4424 5089 
  0x00007e5bdc57df68: 4424 3848 | 8b44 24f8 | 4489 5424 | 3c4c 894c | 2450 4489 

  0x00007e5bdc57df7c: ;   {runtime_call UncommonTrapBlob}
  0x00007e5bdc57df7c: 5c24 58e8 

  0x00007e5bdc57df80: ; ImmutableOopMap {rbp=Oop [8]=Oop [24]=Oop [32]=Oop [60]=NarrowOop [80]=Oop [104]=Oop [168]=Oop }
                      ;*invokestatic checkIndex {reexecute=0 rethrow=0 return_oop=0}
                      ; - java.util.Objects::checkIndex@3 (line 385)
                      ; - java.util.ArrayList::get@5 (line 427)
                      ; - org.h2.jdbc.JdbcPreparedStatement::setParameter@43 (line 1398)
                      ; - org.h2.jdbc.JdbcPreparedStatement::setInt@50 (line 359)
                      ; - org.apache.derbyTesting.system.oe.load.SimpleInsert::orderTable@292 (line 424)
  0x00007e5bdc57df80: 7cc3 6eff 

  0x00007e5bdc57df84: ;   {other}
  0x00007e5bdc57df84: 0f1f 8400 | 7473 0057 | 498b ebeb | 0349 8beb | bee4 ffff | ff48 8944 | 24f8 8b44 | 2454 8944 
  0x00007e5bdc57dfa4: 2408 488b | 4424 f848 | 8944 24f8 | 8b44 2438 | 8944 240c | 488b 4424 | f848 ff74 | 2430 488f 
  0x00007e5bdc57dfc4: 4424 2048 | 8944 24f8 | 8b44 2448 | 8944 2434 | 488b 4424 | f848 8944 | 24f8 8b44 | 2450 8944 
  0x00007e5bdc57dfe4: 2440 488b | 4424 f844 | 8954 2444 

  0x00007e5bdc57dff0: ;   {runtime_call UncommonTrapBlob}
  0x00007e5bdc57dff0: 6666 90e8 

  0x00007e5bdc57dff4: ; ImmutableOopMap {rbp=Oop [0]=Oop [16]=Oop [32]=Oop [40]=Oop [68]=NarrowOop [104]=Oop [168]=Oop }
                      ;*aaload {reexecute=0 rethrow=0 return_oop=0}
                      ; - java.util.ArrayList::elementData@5 (line 411)
                      ; - java.util.ArrayList::get@11 (line 428)
                      ; - org.h2.jdbc.JdbcPreparedStatement::setParameter@43 (line 1398)
                      ; - org.h2.jdbc.JdbcPreparedStatement::setInt@50 (line 359)
                      ; - org.apache.derbyTesting.system.oe.load.SimpleInsert::orderTable@292 (line 424)
  0x00007e5bdc57dff4: 08c3 6eff 

  0x00007e5bdc57dff8: ;   {other}
  0x00007e5bdc57dff8: 0f1f 8400 | e873 0058 | bede ffff | ff48 8b2c | 2448 8944 | 24f8 8b44 | 2438 8944 | 2404 488b 
  0x00007e5bdc57e018: 4424 f848 | ff74 2410 | 488f 4424 | 0848 ff74 | 2430 488f | 4424 1848 | ff74 2428 | 488f 4424 
  0x00007e5bdc57e038: 2048 8944 | 24f8 8b44 | 2448 8944 | 242c 488b | 4424 f84c | 8954 2448 

  0x00007e5bdc57e050: ;   {runtime_call UncommonTrapBlob}
  0x00007e5bdc57e050: 6666 90e8 

  0x00007e5bdc57e054: ; ImmutableOopMap {rbp=Oop [8]=Oop [24]=Oop [32]=Oop [72]=Oop [104]=Oop [168]=Oop }
                      ;*invokeinterface isEnabled {reexecute=0 rethrow=0 return_oop=0}
                      ; - org.h2.message.Trace::isEnabled@13 (line 142)
                      ; - org.h2.message.Trace::isDebugEnabled@2 (line 162)
                      ; - org.h2.message.TraceObject::isDebugEnabled@4 (line 163)
                      ; - org.h2.jdbc.JdbcPreparedStatement::setShort@1 (line 656)
                      ; - org.apache.derbyTesting.system.oe.load.SimpleInsert::orderTable@302 (line 425)
  0x00007e5bdc57e054: a8c2 6eff 

  0x00007e5bdc57e058: ;   {other}
  0x00007e5bdc57e058: 0f1f 8400 | 4874 0059 | bede ffff | ff48 8b2c | 2448 8944 | 24f8 8b44 | 2454 8904 | 2448 8b44 
  0x00007e5bdc57e078: 24f8 4889 | 4424 f88b | 4424 3889 | 4424 0448 | 8b44 24f8 | 48ff 7424 | 1048 8f44 | 2408 48ff 
  0x00007e5bdc57e098: 7424 3048 | 8f44 2418 | 48ff 7424 | 2848 8f44 | 2420 4889 | 4424 f88b | 4424 5889 | 4424 2848 
  0x00007e5bdc57e0b8: 8b44 24f8 | 4889 4424 | f88b 4424 | 4889 4424 | 2c48 8b44 | 24f8 4889 | 4424 f88b | 4424 5089 
  0x00007e5bdc57e0d8: 4424 3848 | 8b44 24f8 | 4c89 5424 | 504c 895c 

  0x00007e5bdc57e0e8: ;   {runtime_call UncommonTrapBlob}
  0x00007e5bdc57e0e8: 2458 90e8 

  0x00007e5bdc57e0ec: ; ImmutableOopMap {rbp=Oop [8]=Oop [24]=Oop [32]=Oop [80]=Oop [88]=Oop [104]=Oop [168]=Oop }
                      ;*invokevirtual isClosed {reexecute=0 rethrow=0 return_oop=0}
                      ; - org.h2.jdbc.JdbcConnection::checkClosed@17 (line 1374)
                      ; - org.h2.jdbc.JdbcStatement::checkClosed@17 (line 1273)
                      ; - org.h2.jdbc.JdbcPreparedStatement::setParameter@1 (line 1391)
                      ; - org.h2.jdbc.JdbcPreparedStatement::setShort@50 (line 659)
                      ; - org.apache.derbyTesting.system.oe.load.SimpleInsert::orderTable@302 (line 425)
  0x00007e5bdc57e0ec: 10c2 6eff 

  0x00007e5bdc57e0f0: ;   {other}
  0x00007e5bdc57e0f0: 0f1f 8400 | e074 005a | bede ffff | ff48 8b2c | 2448 8944 | 24f8 8b44 | 2454 8904 | 2448 8b44 
  0x00007e5bdc57e110: 24f8 4889 | 4424 f88b | 4424 3889 | 4424 0448 | 8b44 24f8 | 48ff 7424 | 1048 8f44 | 2408 48ff 
  0x00007e5bdc57e130: 7424 3048 | 8f44 2418 | 48ff 7424 | 2848 8f44 | 2420 4889 | 4424 f88b | 4424 5889 | 4424 2848 
  0x00007e5bdc57e150: 8b44 24f8 | 4889 4424 | f88b 4424 | 4889 4424 | 2c48 8b44 | 24f8 4889 | 4424 f88b | 4424 5089 
  0x00007e5bdc57e170: 4424 3848 | 8b44 24f8 | 4c89 5424 | 504c 895c 

  0x00007e5bdc57e180: ;   {runtime_call UncommonTrapBlob}
  0x00007e5bdc57e180: 2458 90e8 

  0x00007e5bdc57e184: ; ImmutableOopMap {rbp=Oop [8]=Oop [24]=Oop [32]=Oop [80]=Oop [88]=Oop [104]=Oop [168]=Oop }
                      ;*invokeinterface getParameters {reexecute=0 rethrow=0 return_oop=0}
                      ; - org.h2.jdbc.JdbcPreparedStatement::setParameter@11 (line 1393)
                      ; - org.h2.jdbc.JdbcPreparedStatement::setShort@50 (line 659)
                      ; - org.apache.derbyTesting.system.oe.load.SimpleInsert::orderTable@302 (line 425)
  0x00007e5bdc57e184: 78c1 6eff 

  0x00007e5bdc57e188: ;   {other}
  0x00007e5bdc57e188: 0f1f 8400 | 7875 005b | becc ffff | ff48 8b2c | 2448 8944 | 24f8 8b44 | 2454 8904 | 2448 8b44 
  0x00007e5bdc57e1a8: 24f8 4889 | 4424 f88b | 4424 3889 | 4424 0448 | 8b44 24f8 | 48ff 7424 | 1048 8f44 | 2408 48ff 
  0x00007e5bdc57e1c8: 7424 3048 | 8f44 2418 | 48ff 7424 | 2848 8f44 | 2420 4889 | 4424 f88b | 4424 5889 | 4424 2848 
  0x00007e5bdc57e1e8: 8b44 24f8 | 4889 4424 | f88b 4424 | 4889 4424 | 2c48 8b44 | 24f8 4889 | 4424 f88b | 4424 5089 
  0x00007e5bdc57e208: 4424 3848 | 8b44 24f8 | 4c89 5424 | 504c 895c | 2458 4489 

  0x00007e5bdc57e21c: ;   {runtime_call UncommonTrapBlob}
  0x00007e5bdc57e21c: 4424 3ce8 

  0x00007e5bdc57e220: ; ImmutableOopMap {rbp=Oop [8]=Oop [24]=Oop [32]=Oop [80]=Oop [88]=Oop [104]=Oop [168]=Oop }
                      ;*invokestatic checkIndex {reexecute=0 rethrow=0 return_oop=0}
                      ; - java.util.Objects::checkIndex@3 (line 385)
                      ; - java.util.ArrayList::get@5 (line 427)
                      ; - org.h2.jdbc.JdbcPreparedStatement::setParameter@43 (line 1398)
                      ; - org.h2.jdbc.JdbcPreparedStatement::setShort@50 (line 659)
                      ; - org.apache.derbyTesting.system.oe.load.SimpleInsert::orderTable@302 (line 425)
  0x00007e5bdc57e220: dcc0 6eff 

  0x00007e5bdc57e224: ;   {other}
  0x00007e5bdc57e224: 0f1f 8400 | 1476 005c | bee4 ffff | ff48 8b2c | 2448 8944 | 24f8 8b44 | 2454 8904 | 2448 8b44 
  0x00007e5bdc57e244: 24f8 4889 | 4424 f88b | 4424 3889 | 4424 0448 | 8b44 24f8 | 48ff 7424 | 1048 8f44 | 2408 48ff 
  0x00007e5bdc57e264: 7424 3048 | 8f44 2418 | 48ff 7424 | 2848 8f44 | 2420 4889 | 4424 f88b | 4424 5889 | 4424 2848 
  0x00007e5bdc57e284: 8b44 24f8 | 4889 4424 | f88b 4424 | 4889 4424 | 2c48 8b44 | 24f8 4889 | 4424 f88b | 4424 5089 
  0x00007e5bdc57e2a4: 4424 3848 | 8b44 24f8 | 4c89 5424 | 504c 895c | 2458 4489 

  0x00007e5bdc57e2b8: ;   {runtime_call UncommonTrapBlob}
  0x00007e5bdc57e2b8: 4424 3ce8 

  0x00007e5bdc57e2bc: ; ImmutableOopMap {rbp=Oop [8]=Oop [24]=Oop [32]=Oop [80]=Oop [88]=Oop [104]=Oop [168]=Oop }
                      ;*invokestatic checkIndex {reexecute=0 rethrow=0 return_oop=0}
                      ; - java.util.Objects::checkIndex@3 (line 385)
                      ; - java.util.ArrayList::get@5 (line 427)
                      ; - org.h2.jdbc.JdbcPreparedStatement::setParameter@43 (line 1398)
                      ; - org.h2.jdbc.JdbcPreparedStatement::setShort@50 (line 659)
                      ; - org.apache.derbyTesting.system.oe.load.SimpleInsert::orderTable@302 (line 425)
  0x00007e5bdc57e2bc: 40c0 6eff 

  0x00007e5bdc57e2c0: ;   {other}
  0x00007e5bdc57e2c0: 0f1f 8400 | b076 005d | 498b ebeb | 0349 8beb | bee4 ffff | ff48 8944 | 24f8 8b44 | 2454 8944 
  0x00007e5bdc57e2e0: 2408 488b | 4424 f848 | 8944 24f8 | 8b44 2438 | 8944 240c | 488b 4424 | f848 ff74 | 2430 488f 
  0x00007e5bdc57e300: 4424 2048 | 8944 24f8 | 8b44 2458 | 8944 2430 | 488b 4424 | f848 8944 | 24f8 8b44 | 2448 8944 
  0x00007e5bdc57e320: 2434 488b | 4424 f848 | 8944 24f8 | 8b44 2450 | 8944 2440 | 488b 4424 | f84c 8954 

  0x00007e5bdc57e33c: ;   {runtime_call UncommonTrapBlob}
  0x00007e5bdc57e33c: 2458 90e8 

  0x00007e5bdc57e340: ; ImmutableOopMap {rbp=Oop [0]=Oop [16]=Oop [32]=Oop [40]=Oop [88]=Oop [104]=Oop [168]=Oop }
                      ;*aaload {reexecute=0 rethrow=0 return_oop=0}
                      ; - java.util.ArrayList::elementData@5 (line 411)
                      ; - java.util.ArrayList::get@11 (line 428)
                      ; - org.h2.jdbc.JdbcPreparedStatement::setParameter@43 (line 1398)
                      ; - org.h2.jdbc.JdbcPreparedStatement::setShort@50 (line 659)
                      ; - org.apache.derbyTesting.system.oe.load.SimpleInsert::orderTable@302 (line 425)
  0x00007e5bdc57e340: bcbf 6eff 

  0x00007e5bdc57e344: ;   {other}
  0x00007e5bdc57e344: 0f1f 8400 | 3477 005e | bede ffff | ff48 8b2c | 2448 8944 | 24f8 8b44 | 2438 8944 | 2404 488b 
  0x00007e5bdc57e364: 4424 f848 | ff74 2410 | 488f 4424 | 0848 ff74 | 2430 488f | 4424 1848 | ff74 2428 | 488f 4424 
  0x00007e5bdc57e384: 2048 8944 | 24f8 8b44 | 2448 8944 | 242c 488b | 4424 f84c | 8954 2448 

  0x00007e5bdc57e39c: ;   {runtime_call UncommonTrapBlob}
  0x00007e5bdc57e39c: 6666 90e8 

  0x00007e5bdc57e3a0: ; ImmutableOopMap {rbp=Oop [8]=Oop [24]=Oop [32]=Oop [72]=Oop [104]=Oop [168]=Oop }
                      ;*invokeinterface isEnabled {reexecute=0 rethrow=0 return_oop=0}
                      ; - org.h2.message.Trace::isEnabled@13 (line 142)
                      ; - org.h2.message.Trace::isDebugEnabled@2 (line 162)
                      ; - org.h2.message.TraceObject::isDebugEnabled@4 (line 163)
                      ; - org.h2.jdbc.JdbcPreparedStatement::setInt@1 (line 356)
                      ; - org.apache.derbyTesting.system.oe.load.SimpleInsert::orderTable@398 (line 435)
  0x00007e5bdc57e3a0: 5cbf 6eff 

  0x00007e5bdc57e3a4: ;   {other}
  0x00007e5bdc57e3a4: 0f1f 8400 | 9477 005f | bede ffff | ff48 8b2c | 2448 8944 | 24f8 8b44 | 2454 8904 | 2448 8b44 
  0x00007e5bdc57e3c4: 24f8 4889 | 4424 f88b | 4424 3889 | 4424 0448 | 8b44 24f8 | 48ff 7424 | 1048 8f44 | 2408 48ff 
  0x00007e5bdc57e3e4: 7424 3048 | 8f44 2418 | 48ff 7424 | 2848 8f44 | 2420 4889 | 4424 f88b | 4424 4889 | 4424 2c48 
  0x00007e5bdc57e404: 8b44 24f8 | 4889 4424 | f88b 4424 | 5089 4424 | 3848 8b44 | 24f8 4489 | 5424 3c4c | 895c 2450 
  0x00007e5bdc57e424: ;   {runtime_call UncommonTrapBlob}
  0x00007e5bdc57e424: 6666 90e8 

  0x00007e5bdc57e428: ; ImmutableOopMap {rbp=Oop [8]=Oop [24]=Oop [32]=Oop [60]=NarrowOop [80]=Oop [104]=Oop [168]=Oop }
                      ;*invokevirtual isClosed {reexecute=0 rethrow=0 return_oop=0}
                      ; - org.h2.jdbc.JdbcConnection::checkClosed@17 (line 1374)
                      ; - org.h2.jdbc.JdbcStatement::checkClosed@17 (line 1273)
                      ; - org.h2.jdbc.JdbcPreparedStatement::setParameter@1 (line 1391)
                      ; - org.h2.jdbc.JdbcPreparedStatement::setInt@50 (line 359)
                      ; - org.apache.derbyTesting.system.oe.load.SimpleInsert::orderTable@398 (line 435)
  0x00007e5bdc57e428: d4be 6eff 

  0x00007e5bdc57e42c: ;   {other}
  0x00007e5bdc57e42c: 0f1f 8400 | 1c78 0060 | bede ffff | ff48 8b2c | 2448 8944 | 24f8 8b44 | 2454 8904 | 2448 8b44 
  0x00007e5bdc57e44c: 24f8 4889 | 4424 f88b | 4424 3889 | 4424 0448 | 8b44 24f8 | 48ff 7424 | 1048 8f44 | 2408 48ff 
  0x00007e5bdc57e46c: 7424 3048 | 8f44 2418 | 48ff 7424 | 2848 8f44 | 2420 4889 | 4424 f88b | 4424 4889 | 4424 2c48 
  0x00007e5bdc57e48c: 8b44 24f8 | 4889 4424 | f88b 4424 | 5089 4424 | 3848 8b44 | 24f8 4489 | 5424 3c4c | 895c 2450 
  0x00007e5bdc57e4ac: ;   {runtime_call UncommonTrapBlob}
  0x00007e5bdc57e4ac: 6666 90e8 

  0x00007e5bdc57e4b0: ; ImmutableOopMap {rbp=Oop [8]=Oop [24]=Oop [32]=Oop [60]=NarrowOop [80]=Oop [104]=Oop [168]=Oop }
                      ;*invokeinterface getParameters {reexecute=0 rethrow=0 return_oop=0}
                      ; - org.h2.jdbc.JdbcPreparedStatement::setParameter@11 (line 1393)
                      ; - org.h2.jdbc.JdbcPreparedStatement::setInt@50 (line 359)
                      ; - org.apache.derbyTesting.system.oe.load.SimpleInsert::orderTable@398 (line 435)
  0x00007e5bdc57e4b0: 4cbe 6eff 

  0x00007e5bdc57e4b4: ;   {other}
  0x00007e5bdc57e4b4: 0f1f 8400 | a478 0061 | becc ffff | ff48 8b2c | 2448 8944 | 24f8 8b44 | 2454 8904 | 2448 8b44 
  0x00007e5bdc57e4d4: 24f8 4889 | 4424 f88b | 4424 3889 | 4424 0448 | 8b44 24f8 | 48ff 7424 | 1048 8f44 | 2408 48ff 
  0x00007e5bdc57e4f4: 7424 3048 | 8f44 2418 | 48ff 7424 | 2848 8f44 | 2420 4889 | 4424 f88b | 4424 5889 | 4424 2848 
  0x00007e5bdc57e514: 8b44 24f8 | 4889 4424 | f88b 4424 | 4889 4424 | 2c48 8b44 | 24f8 4889 | 4424 f88b | 4424 5089 
  0x00007e5bdc57e534: 4424 3848 | 8b44 24f8 | 4489 5424 | 3c4c 894c | 2450 4489 

  0x00007e5bdc57e548: ;   {runtime_call UncommonTrapBlob}
  0x00007e5bdc57e548: 4424 58e8 

  0x00007e5bdc57e54c: ; ImmutableOopMap {rbp=Oop [8]=Oop [24]=Oop [32]=Oop [60]=NarrowOop [80]=Oop [104]=Oop [168]=Oop }
                      ;*invokestatic checkIndex {reexecute=0 rethrow=0 return_oop=0}
                      ; - java.util.Objects::checkIndex@3 (line 385)
                      ; - java.util.ArrayList::get@5 (line 427)
                      ; - org.h2.jdbc.JdbcPreparedStatement::setParameter@43 (line 1398)
                      ; - org.h2.jdbc.JdbcPreparedStatement::setInt@50 (line 359)
                      ; - org.apache.derbyTesting.system.oe.load.SimpleInsert::orderTable@398 (line 435)
  0x00007e5bdc57e54c: b0bd 6eff 

  0x00007e5bdc57e550: ;   {other}
  0x00007e5bdc57e550: 0f1f 8400 | 4079 0062 | bee4 ffff | ff48 8b2c | 2448 8944 | 24f8 8b44 | 2454 8904 | 2448 8b44 
  0x00007e5bdc57e570: 24f8 4889 | 4424 f88b | 4424 3889 | 4424 0448 | 8b44 24f8 | 48ff 7424 | 1048 8f44 | 2408 48ff 
  0x00007e5bdc57e590: 7424 3048 | 8f44 2418 | 48ff 7424 | 2848 8f44 | 2420 4889 | 4424 f88b | 4424 5889 | 4424 2848 
  0x00007e5bdc57e5b0: 8b44 24f8 | 4889 4424 | f88b 4424 | 4889 4424 | 2c48 8b44 | 24f8 4889 | 4424 f88b | 4424 5089 
  0x00007e5bdc57e5d0: 4424 3848 | 8b44 24f8 | 4489 5424 | 3c4c 894c | 2450 4489 

  0x00007e5bdc57e5e4: ;   {runtime_call UncommonTrapBlob}
  0x00007e5bdc57e5e4: 4424 58e8 

  0x00007e5bdc57e5e8: ; ImmutableOopMap {rbp=Oop [8]=Oop [24]=Oop [32]=Oop [60]=NarrowOop [80]=Oop [104]=Oop [168]=Oop }
                      ;*invokestatic checkIndex {reexecute=0 rethrow=0 return_oop=0}
                      ; - java.util.Objects::checkIndex@3 (line 385)
                      ; - java.util.ArrayList::get@5 (line 427)
                      ; - org.h2.jdbc.JdbcPreparedStatement::setParameter@43 (line 1398)
                      ; - org.h2.jdbc.JdbcPreparedStatement::setInt@50 (line 359)
                      ; - org.apache.derbyTesting.system.oe.load.SimpleInsert::orderTable@398 (line 435)
  0x00007e5bdc57e5e8: 14bd 6eff 

  0x00007e5bdc57e5ec: ;   {other}
  0x00007e5bdc57e5ec: 0f1f 8400 | dc79 0063 | 498b e8eb | 0349 8beb | bee4 ffff | ff48 8944 | 24f8 8b44 | 2454 8944 
  0x00007e5bdc57e60c: 2408 488b | 4424 f848 | 8944 24f8 | 8b44 2438 | 8944 240c | 488b 4424 | f848 ff74 | 2430 488f 
  0x00007e5bdc57e62c: 4424 2048 | 8944 24f8 | 8b44 2448 | 8944 2434 | 488b 4424 | f848 8944 | 24f8 8b44 | 2450 8944 
  0x00007e5bdc57e64c: 2440 488b | 4424 f844 | 8954 2444 

  0x00007e5bdc57e658: ;   {runtime_call UncommonTrapBlob}
  0x00007e5bdc57e658: 6666 90e8 

  0x00007e5bdc57e65c: ; ImmutableOopMap {rbp=Oop [0]=Oop [16]=Oop [32]=Oop [40]=Oop [68]=NarrowOop [104]=Oop [168]=Oop }
                      ;*aaload {reexecute=0 rethrow=0 return_oop=0}
                      ; - java.util.ArrayList::elementData@5 (line 411)
                      ; - java.util.ArrayList::get@11 (line 428)
                      ; - org.h2.jdbc.JdbcPreparedStatement::setParameter@43 (line 1398)
                      ; - org.h2.jdbc.JdbcPreparedStatement::setInt@50 (line 359)
                      ; - org.apache.derbyTesting.system.oe.load.SimpleInsert::orderTable@398 (line 435)
  0x00007e5bdc57e65c: a0bc 6eff 

  0x00007e5bdc57e660: ;   {other}
  0x00007e5bdc57e660: 0f1f 8400 | 507a 0064 | bede ffff | ff48 8b2c | 2448 8944 | 24f8 8b44 | 2438 8944 | 2404 488b 
  0x00007e5bdc57e680: 4424 f848 | ff74 2410 | 488f 4424 | 0848 ff74 | 2430 488f | 4424 1848 | ff74 2428 | 488f 4424 
  0x00007e5bdc57e6a0: 2048 8944 | 24f8 8b44 | 2448 8944 | 242c 488b | 4424 f848 | 894c 2448 

  0x00007e5bdc57e6b8: ;   {runtime_call UncommonTrapBlob}
  0x00007e5bdc57e6b8: 6666 90e8 

  0x00007e5bdc57e6bc: ; ImmutableOopMap {rbp=Oop [8]=Oop [24]=Oop [32]=Oop [72]=Oop [104]=Oop [168]=Oop }
                      ;*invokevirtual nextDouble {reexecute=0 rethrow=0 return_oop=0}
                      ; - org.apache.derbyTesting.system.oe.util.OERandom::randomInt@4 (line 124)
                      ; - org.apache.derbyTesting.system.oe.util.OERandom::randomAString24@7 (line 453)
                      ; - org.apache.derbyTesting.system.oe.load.SimpleInsert::orderTable@411 (line 436)
  0x00007e5bdc57e6bc: 40bc 6eff 

  0x00007e5bdc57e6c0: ;   {other}
  0x00007e5bdc57e6c0: 0f1f 8400 | b07a 0065 | bede ffff | ff48 8b2c | 2448 8944 | 24f8 8b44 | 2454 8904 | 2448 8b44 
  0x00007e5bdc57e6e0: 24f8 4889 | 4424 f88b | 4424 3889 | 4424 0448 | 8b44 24f8 | 48ff 7424 | 1048 8f44 | 2408 48ff 
  0x00007e5bdc57e700: 7424 3048 | 8f44 2418 | 48ff 7424 | 2848 8f44 | 2420 4889 | 4424 f88b | 4424 4889 | 4424 2c48 
  0x00007e5bdc57e720: 8b44 24f8 | 4889 4424 | f88b 4424 | 5089 4424 | 3848 8b44 | 24f8 4c89 

  0x00007e5bdc57e738: ;   {runtime_call UncommonTrapBlob}
  0x00007e5bdc57e738: 5c24 50e8 

  0x00007e5bdc57e73c: ; ImmutableOopMap {rbp=Oop [8]=Oop [24]=Oop [32]=Oop [80]=Oop [104]=Oop [168]=Oop }
                      ;*invokeinterface isEnabled {reexecute=0 rethrow=0 return_oop=0}
                      ; - org.h2.message.Trace::isEnabled@13 (line 142)
                      ; - org.h2.message.Trace::isDebugEnabled@2 (line 162)
                      ; - org.h2.message.TraceObject::debugCodeCall@4 (line 198)
                      ; - org.h2.jdbc.JdbcPreparedStatement::executeUpdate@3 (line 166)
                      ; - org.apache.derbyTesting.system.oe.load.SimpleInsert::orderTable@421 (line 437)
  0x00007e5bdc57e73c: c0bb 6eff 

  0x00007e5bdc57e740: ;   {other}
  0x00007e5bdc57e740: 0f1f 8400 | 307b 0066 | bede ffff | ff48 8b2c | 2448 8944 | 24f8 8b44 | 2438 8944 | 2404 488b 
  0x00007e5bdc57e760: 4424 f848 | ff74 2410 | 488f 4424 | 0848 ff74 | 2430 488f | 4424 1848 | ff74 2428 | 488f 4424 
  0x00007e5bdc57e780: 2048 8944 | 24f8 8b44 | 2448 8944 | 242c 488b | 4424 f84c | 8954 2448 

  0x00007e5bdc57e798: ;   {runtime_call UncommonTrapBlob}
  0x00007e5bdc57e798: 6666 90e8 

  0x00007e5bdc57e79c: ; ImmutableOopMap {rbp=Oop [8]=Oop [24]=Oop [32]=Oop [72]=Oop [104]=Oop [168]=Oop }
                      ;*invokevirtual isClosed {reexecute=0 rethrow=0 return_oop=0}
                      ; - org.h2.jdbc.JdbcConnection::checkClosed@17 (line 1374)
                      ; - org.h2.jdbc.JdbcStatement::checkClosed@17 (line 1273)
                      ; - org.h2.jdbc.JdbcPreparedStatement::executeUpdate@7 (line 167)
                      ; - org.apache.derbyTesting.system.oe.load.SimpleInsert::orderTable@421 (line 437)
  0x00007e5bdc57e79c: 60bb 6eff 

  0x00007e5bdc57e7a0: ;   {other}
  0x00007e5bdc57e7a0: 0f1f 8400 | 907b 0067 | 498b f348 | 8d94 24b0 

  0x00007e5bdc57e7b0: ;   {runtime_call _complete_monitor_locking_Java}
  0x00007e5bdc57e7b0: 0000 00e8 

  0x00007e5bdc57e7b4: ; ImmutableOopMap {[0]=Oop [12]=NarrowOop [16]=Oop [28]=NarrowOop [40]=Oop [48]=Oop [64]=Oop [96]=Oop [104]=Oop [112]=Oop [128]=Oop [168]=Oop }
                      ;*monitorenter {reexecute=0 rethrow=0 return_oop=0}
                      ; - org.h2.jdbc.JdbcPreparedStatement::executeUpdateInternal@10 (line 206)
                      ; - org.h2.jdbc.JdbcPreparedStatement::executeUpdate@16 (line 169)
                      ; - org.apache.derbyTesting.system.oe.load.SimpleInsert::orderTable@421 (line 437)
  0x00007e5bdc57e7b4: c833 7aff 

  0x00007e5bdc57e7b8: ;   {other}
  0x00007e5bdc57e7b8: 0f1f 8400 | a87b 0068 | e901 b8ff | ff48 8bee | bede ffff | ff48 8944 | 24f8 8b44 | 2454 8944 
  0x00007e5bdc57e7d8: 2408 488b | 4424 f848 | 8944 24f8 | 8b44 2438 | 8944 240c | 488b 4424 | f848 ff74 | 2430 488f 
  0x00007e5bdc57e7f8: 4424 2048 | 8944 24f8 | 8b44 2458 | 8944 2430 | 488b 4424 | f848 8944 | 24f8 8b44 | 2448 8944 
  0x00007e5bdc57e818: 2434 488b | 4424 f848 | 8944 24f8 | 8b44 2450 | 8944 2440 | 488b 4424 | f844 8954 

  0x00007e5bdc57e834: ;   {runtime_call UncommonTrapBlob}
  0x00007e5bdc57e834: 2444 90e8 

  0x00007e5bdc57e838: ; ImmutableOopMap {rbp=Oop [0]=Oop [16]=Oop [32]=Oop [40]=Oop [68]=NarrowOop [104]=Oop [128]=Oop [168]=Oop }
                      ;*invokeinterface executeUpdate {reexecute=0 rethrow=0 return_oop=0}
                      ; - org.h2.jdbc.JdbcPreparedStatement::executeUpdateInternal@27 (line 209)
                      ; - org.h2.jdbc.JdbcPreparedStatement::executeUpdate@16 (line 169)
                      ; - org.apache.derbyTesting.system.oe.load.SimpleInsert::orderTable@421 (line 437)
  0x00007e5bdc57e838: c4ba 6eff 

  0x00007e5bdc57e83c: ;   {other}
  0x00007e5bdc57e83c: 0f1f 8400 | 2c7c 0069 | 498b fb48 | 8db4 24b0 | 0000 0049 | 8bd7 49ba | a089 fef3 | 5b7e 0000 
  0x00007e5bdc57e85c: ;   {other}
  0x00007e5bdc57e85c: 41ff d20f | 1f84 0000 | 0000 00e9 | 27aa ffff 

  0x00007e5bdc57e86c: ;   {metadata('org/h2/value/ValueSmallint')}
  0x00007e5bdc57e86c: 48be 50b1 | 0394 ad71 

  0x00007e5bdc57e874: ;   {runtime_call _new_instance_Java}
  0x00007e5bdc57e874: 0000 90e8 

  0x00007e5bdc57e878: ; ImmutableOopMap {[0]=Oop [12]=NarrowOop [16]=Oop [28]=NarrowOop [40]=Oop [48]=Oop [64]=Oop [96]=Oop [104]=Oop [112]=Oop [168]=Oop }
                      ;*new {reexecute=0 rethrow=0 return_oop=1}
                      ; - org.h2.value.ValueSmallint::get@0 (line 171)
                      ; - org.h2.jdbc.JdbcPreparedStatement::setShort@47 (line 659)
                      ; - org.apache.derbyTesting.system.oe.load.SimpleInsert::orderTable@302 (line 425)
  0x00007e5bdc57e878: 84ff 79ff 

  0x00007e5bdc57e87c: ;   {other}
  0x00007e5bdc57e87c: 0f1f 8400 | 6c7c 006a | 488b c8e9 | d1de ffff 

  0x00007e5bdc57e88c: ;   {metadata('org/h2/value/ValueInteger')}
  0x00007e5bdc57e88c: 48be e057 | 0294 ad71 

  0x00007e5bdc57e894: ;   {runtime_call _new_instance_Java}
  0x00007e5bdc57e894: 0000 90e8 

  0x00007e5bdc57e898: ; ImmutableOopMap {[0]=Oop [12]=NarrowOop [16]=Oop [28]=NarrowOop [40]=Oop [48]=Oop [64]=Oop [96]=Oop [104]=Oop [112]=Oop [168]=Oop }
                      ;*new {reexecute=0 rethrow=0 return_oop=1}
                      ; - org.h2.value.ValueInteger::get@39 (line 66)
                      ; - org.h2.jdbc.JdbcPreparedStatement::setInt@47 (line 359)
                      ; - org.apache.derbyTesting.system.oe.load.SimpleInsert::orderTable@273 (line 421)
  0x00007e5bdc57e898: 64ff 79ff 

  0x00007e5bdc57e89c: ;   {other}
  0x00007e5bdc57e89c: 0f1f 8400 | 8c7c 006b | e933 daff 

  0x00007e5bdc57e8a8: ;   {metadata('org/h2/value/ValueInteger')}
  0x00007e5bdc57e8a8: ff48 bee0 | 5702 94ad 

  0x00007e5bdc57e8b0: ;   {runtime_call _new_instance_Java}
  0x00007e5bdc57e8b0: 7100 00e8 

  0x00007e5bdc57e8b4: ; ImmutableOopMap {[0]=Oop [12]=NarrowOop [16]=Oop [28]=NarrowOop [40]=Oop [48]=Oop [64]=Oop [96]=Oop [104]=Oop [112]=Oop [168]=Oop }
                      ;*new {reexecute=0 rethrow=0 return_oop=1}
                      ; - org.h2.value.ValueInteger::get@39 (line 66)
                      ; - org.h2.jdbc.JdbcPreparedStatement::setInt@47 (line 359)
                      ; - org.apache.derbyTesting.system.oe.load.SimpleInsert::orderTable@292 (line 424)
  0x00007e5bdc57e8b4: 48ff 79ff 

  0x00007e5bdc57e8b8: ;   {other}
  0x00007e5bdc57e8b8: 0f1f 8400 | a87c 006c | e9f4 dcff | ff45 33c9 | 4c8b d5e9 | 5b95 ffff | 4533 dbe9 | 7095 ffff 
  0x00007e5bdc57e8d8: 33db e981 | 95ff ff49 | 8beb eb03 | 498b eabe | 45ff ffff | 4889 4424 | f88b 4424 | 3889 4424 
  0x00007e5bdc57e8f8: 0c48 8b44 | 24f8 48ff | 7424 3048 | 8f44 2420 | 4889 4424 | f88b 4424 | 4889 4424 | 3448 8b44 
  0x00007e5bdc57e918: 24f8 4889 | 4424 f88b | 4424 5089 | 4424 4048 | 8b44 24f8 | 4489 4424 

  0x00007e5bdc57e930: ;   {runtime_call UncommonTrapBlob}
  0x00007e5bdc57e930: 5066 90e8 

  0x00007e5bdc57e934: ; ImmutableOopMap {rbp=Oop [0]=Oop [16]=Oop [32]=Oop [40]=Oop [104]=Oop [168]=Oop }
                      ;*if_icmpne {reexecute=1 rethrow=0 return_oop=0}
                      ; - (reexecute) org.h2.message.Trace::isEnabled@5 (line 141)
                      ; - org.h2.message.Trace::isDebugEnabled@2 (line 162)
                      ; - org.h2.message.TraceObject::isDebugEnabled@4 (line 163)
                      ; - org.h2.jdbc.JdbcPreparedStatement::setInt@1 (line 356)
                      ; - org.apache.derbyTesting.system.oe.load.SimpleInsert::orderTable@263 (line 420)
  0x00007e5bdc57e934: c8b9 6eff 

  0x00007e5bdc57e938: ;   {other}
  0x00007e5bdc57e938: 0f1f 8400 | 287d 006d | be45 ffff | ff48 8b2c | 2448 8944 | 24f8 8b44 | 2438 8944 | 2404 488b 
  0x00007e5bdc57e958: 4424 f848 | ff74 2410 | 488f 4424 | 0848 ff74 | 2430 488f | 4424 1848 | ff74 2428 | 488f 4424 
  0x00007e5bdc57e978: 2048 8944 | 24f8 8b44 | 2448 8944 | 242c 488b | 4424 f848 | 8944 24f8 | 8b44 2450 | 8944 2438 
  0x00007e5bdc57e998: 488b 4424 

  0x00007e5bdc57e99c: ;   {runtime_call UncommonTrapBlob}
  0x00007e5bdc57e99c: f866 90e8 

  0x00007e5bdc57e9a0: ; ImmutableOopMap {rbp=Oop [8]=Oop [24]=Oop [32]=Oop [104]=Oop [168]=Oop }
                      ;*iflt {reexecute=1 rethrow=0 return_oop=0}
                      ; - (reexecute) org.h2.value.ValueInteger::get@1 (line 61)
                      ; - org.h2.jdbc.JdbcPreparedStatement::setInt@47 (line 359)
                      ; - org.apache.derbyTesting.system.oe.load.SimpleInsert::orderTable@263 (line 420)
  0x00007e5bdc57e9a0: 5cb9 6eff 

  0x00007e5bdc57e9a4: ;   {other}
  0x00007e5bdc57e9a4: 0f1f 8400 | 947d 006e | be45 ffff | ff48 8b2c | 2448 8944 | 24f8 8b44 | 2454 8904 | 2448 8b44 
  0x00007e5bdc57e9c4: 24f8 4889 | 4424 f88b | 4424 3889 | 4424 0448 | 8b44 24f8 | 48ff 7424 | 1048 8f44 | 2408 48ff 
  0x00007e5bdc57e9e4: 7424 3048 | 8f44 2418 | 48ff 7424 | 2848 8f44 | 2420 4889 | 4424 f88b | 4424 5889 | 4424 2848 
  0x00007e5bdc57ea04: 8b44 24f8 | 4889 4424 | f88b 4424 | 4889 4424 | 2c48 8b44 | 24f8 4889 | 4424 f88b | 4424 5089 
  0x00007e5bdc57ea24: 4424 3848 | 8b44 24f8 | 4489 5424 | 3c4c 894c | 2450 4489 

  0x00007e5bdc57ea38: ;   {runtime_call UncommonTrapBlob}
  0x00007e5bdc57ea38: 4424 58e8 

  0x00007e5bdc57ea3c: ; ImmutableOopMap {rbp=Oop [8]=Oop [24]=Oop [32]=Oop [60]=NarrowOop [80]=Oop [104]=Oop [168]=Oop }
                      ;*ifle {reexecute=1 rethrow=0 return_oop=0}
                      ; - (reexecute) org.h2.command.CommandContainer::getParameters@12 (line 121)
                      ; - org.h2.jdbc.JdbcPreparedStatement::setParameter@11 (line 1393)
                      ; - org.h2.jdbc.JdbcPreparedStatement::setInt@50 (line 359)
                      ; - org.apache.derbyTesting.system.oe.load.SimpleInsert::orderTable@263 (line 420)
  0x00007e5bdc57ea3c: c0b8 6eff 

  0x00007e5bdc57ea40: ;   {other}
  0x00007e5bdc57ea40: 0f1f 8400 | 307e 006f | be45 ffff | ff48 8b2c | 2448 8944 | 24f8 8b44 | 2438 8944 | 2404 488b 
  0x00007e5bdc57ea60: 4424 f848 | ff74 2410 | 488f 4424 | 0848 ff74 | 2430 488f | 4424 1848 | ff74 2428 | 488f 4424 
  0x00007e5bdc57ea80: 2048 8944 | 24f8 8b44 | 2448 8944 | 242c 488b | 4424 f848 | 8944 24f8 | 8b44 2450 | 8944 2438 
  0x00007e5bdc57eaa0: 488b 4424 | f84c 895c | 2448 4489 | 5424 3c44 | 8944 2450 

  0x00007e5bdc57eab4: ;   {runtime_call UncommonTrapBlob}
  0x00007e5bdc57eab4: 6666 90e8 

  0x00007e5bdc57eab8: ; ImmutableOopMap {rbp=Oop [8]=Oop [24]=Oop [32]=Oop [60]=NarrowOop [72]=Oop [80]=NarrowOop [104]=Oop [168]=Oop }
                      ;*ifnonnull {reexecute=1 rethrow=0 return_oop=0}
                      ; - (reexecute) org.h2.jdbc.JdbcPreparedStatement::setParameter@58 (line 1400)
                      ; - org.h2.jdbc.JdbcPreparedStatement::setInt@50 (line 359)
                      ; - org.apache.derbyTesting.system.oe.load.SimpleInsert::orderTable@263 (line 420)
  0x00007e5bdc57eab8: 44b8 6eff 

  0x00007e5bdc57eabc: ;   {other}
  0x00007e5bdc57eabc: 0f1f 8400 | ac7e 0070 | 498b ebeb | 0349 8bea | be45 ffff | ff48 8944 | 24f8 8b44 | 2438 8944 
  0x00007e5bdc57eadc: 240c 488b | 4424 f848 | ff74 2430 | 488f 4424 | 2048 8944 | 24f8 8b44 | 2448 8944 | 2434 488b 
  0x00007e5bdc57eafc: 4424 f848 | 8944 24f8 | 8b44 2450 | 8944 2444 | 488b 4424 | f844 8944 

  0x00007e5bdc57eb14: ;   {runtime_call UncommonTrapBlob}
  0x00007e5bdc57eb14: 2450 90e8 

  0x00007e5bdc57eb18: ; ImmutableOopMap {rbp=Oop [0]=Oop [16]=Oop [32]=Oop [40]=Oop [104]=Oop [168]=Oop }
                      ;*if_icmpne {reexecute=1 rethrow=0 return_oop=0}
                      ; - (reexecute) org.h2.message.Trace::isEnabled@5 (line 141)
                      ; - org.h2.message.Trace::isDebugEnabled@2 (line 162)
                      ; - org.h2.message.TraceObject::isDebugEnabled@4 (line 163)
                      ; - org.h2.jdbc.JdbcPreparedStatement::setInt@1 (line 356)
                      ; - org.apache.derbyTesting.system.oe.load.SimpleInsert::orderTable@273 (line 421)
  0x00007e5bdc57eb18: e4b7 6eff 

  0x00007e5bdc57eb1c: ;   {other}
  0x00007e5bdc57eb1c: 0f1f 8400 | 0c7f 0071 | be45 ffff | ff48 8b2c | 2448 8944 | 24f8 8b44 | 2438 8944 | 2404 488b 
  0x00007e5bdc57eb3c: 4424 f848 | ff74 2410 | 488f 4424 | 0848 ff74 | 2430 488f | 4424 1848 | ff74 2428 | 488f 4424 
  0x00007e5bdc57eb5c: 2048 8944 | 24f8 8b44 | 2448 8944 | 242c 488b 

  0x00007e5bdc57eb6c: ;   {runtime_call UncommonTrapBlob}
  0x00007e5bdc57eb6c: 4424 f8e8 

  0x00007e5bdc57eb70: ; ImmutableOopMap {rbp=Oop [8]=Oop [24]=Oop [32]=Oop [104]=Oop [168]=Oop }
                      ;*iflt {reexecute=1 rethrow=0 return_oop=0}
                      ; - (reexecute) org.h2.value.ValueInteger::get@1 (line 61)
                      ; - org.h2.jdbc.JdbcPreparedStatement::setInt@47 (line 359)
                      ; - org.apache.derbyTesting.system.oe.load.SimpleInsert::orderTable@273 (line 421)
  0x00007e5bdc57eb70: 8cb7 6eff 

  0x00007e5bdc57eb74: ;   {other}
  0x00007e5bdc57eb74: 0f1f 8400 | 647f 0072 | be45 ffff | ff48 8b2c | 2448 8944 | 24f8 8b44 | 2454 8904 | 2448 8b44 
  0x00007e5bdc57eb94: 24f8 4889 | 4424 f88b | 4424 3889 | 4424 0448 | 8b44 24f8 | 48ff 7424 | 1048 8f44 | 2408 48ff 
  0x00007e5bdc57ebb4: 7424 3048 | 8f44 2418 | 48ff 7424 | 2848 8f44 | 2420 4889 | 4424 f88b | 4424 5889 | 4424 2848 
  0x00007e5bdc57ebd4: 8b44 24f8 | 4889 4424 | f88b 4424 | 4889 4424 | 2c48 8b44 | 24f8 4889 | 4424 f88b | 4424 5089 
  0x00007e5bdc57ebf4: 4424 3848 | 8b44 24f8 | 4489 5424 | 3c4c 894c | 2450 4489 

  0x00007e5bdc57ec08: ;   {runtime_call UncommonTrapBlob}
  0x00007e5bdc57ec08: 5c24 58e8 

  0x00007e5bdc57ec0c: ; ImmutableOopMap {rbp=Oop [8]=Oop [24]=Oop [32]=Oop [60]=NarrowOop [80]=Oop [104]=Oop [168]=Oop }
                      ;*ifle {reexecute=1 rethrow=0 return_oop=0}
                      ; - (reexecute) org.h2.command.CommandContainer::getParameters@12 (line 121)
                      ; - org.h2.jdbc.JdbcPreparedStatement::setParameter@11 (line 1393)
                      ; - org.h2.jdbc.JdbcPreparedStatement::setInt@50 (line 359)
                      ; - org.apache.derbyTesting.system.oe.load.SimpleInsert::orderTable@273 (line 421)
  0x00007e5bdc57ec0c: f0b6 6eff 

  0x00007e5bdc57ec10: ;   {other}
  0x00007e5bdc57ec10: 0f1f 8400 | 0080 0073 | be45 ffff | ff48 8b2c | 2448 8944 | 24f8 8b44 | 2438 8944 | 2404 488b 
  0x00007e5bdc57ec30: 4424 f848 | ff74 2410 | 488f 4424 | 0848 ff74 | 2430 488f | 4424 1848 | ff74 2428 | 488f 4424 
  0x00007e5bdc57ec50: 2048 8944 | 24f8 8b44 | 2448 8944 | 242c 488b | 4424 f848 | 8944 24f8 | 8b44 2450 | 8944 2438 
  0x00007e5bdc57ec70: 488b 4424 | f84c 8944 | 2448 4489 | 5424 3c44 | 895c 2450 

  0x00007e5bdc57ec84: ;   {runtime_call UncommonTrapBlob}
  0x00007e5bdc57ec84: 6666 90e8 

  0x00007e5bdc57ec88: ; ImmutableOopMap {rbp=Oop [8]=Oop [24]=Oop [32]=Oop [60]=NarrowOop [72]=Oop [80]=NarrowOop [104]=Oop [168]=Oop }
                      ;*ifnonnull {reexecute=1 rethrow=0 return_oop=0}
                      ; - (reexecute) org.h2.jdbc.JdbcPreparedStatement::setParameter@58 (line 1400)
                      ; - org.h2.jdbc.JdbcPreparedStatement::setInt@50 (line 359)
                      ; - org.apache.derbyTesting.system.oe.load.SimpleInsert::orderTable@273 (line 421)
  0x00007e5bdc57ec88: 74b6 6eff 

  0x00007e5bdc57ec8c: ;   {other}
  0x00007e5bdc57ec8c: 0f1f 8400 | 7c80 0074 | 498b ebeb | 0349 8bea | be45 ffff | ff48 8944 | 24f8 8b44 | 2438 8944 
  0x00007e5bdc57ecac: 240c 488b | 4424 f848 | ff74 2430 | 488f 4424 | 2048 8944 | 24f8 8b44 | 2448 8944 | 2434 488b 
  0x00007e5bdc57eccc: 4424 f848 | 8944 24f8 | 8b44 2450 | 8944 2440 | 488b 4424 | f844 894c 

  0x00007e5bdc57ece4: ;   {runtime_call UncommonTrapBlob}
  0x00007e5bdc57ece4: 2450 90e8 

  0x00007e5bdc57ece8: ; ImmutableOopMap {rbp=Oop [0]=Oop [16]=Oop [32]=Oop [40]=Oop [104]=Oop [168]=Oop }
                      ;*if_icmpne {reexecute=1 rethrow=0 return_oop=0}
                      ; - (reexecute) org.h2.message.Trace::isEnabled@5 (line 141)
                      ; - org.h2.message.Trace::isDebugEnabled@2 (line 162)
                      ; - org.h2.message.TraceObject::isDebugEnabled@4 (line 163)
                      ; - org.h2.jdbc.JdbcPreparedStatement::setInt@1 (line 356)
                      ; - org.apache.derbyTesting.system.oe.load.SimpleInsert::orderTable@292 (line 424)
  0x00007e5bdc57ece8: 14b6 6eff 

  0x00007e5bdc57ecec: ;   {other}
  0x00007e5bdc57ecec: 0f1f 8400 | dc80 0075 | be45 ffff | ff48 8b2c | 2448 8944 | 24f8 8b44 | 2438 8944 | 2404 488b 
  0x00007e5bdc57ed0c: 4424 f848 | ff74 2410 | 488f 4424 | 0848 ff74 | 2430 488f | 4424 1848 | ff74 2428 | 488f 4424 
  0x00007e5bdc57ed2c: 2048 8944 | 24f8 8b44 | 2448 8944 | 242c 488b | 4424 f848 | 8944 24f8 | 8b44 2450 | 8944 2438 
  0x00007e5bdc57ed4c: 488b 4424 

  0x00007e5bdc57ed50: ;   {runtime_call UncommonTrapBlob}
  0x00007e5bdc57ed50: f866 90e8 

  0x00007e5bdc57ed54: ; ImmutableOopMap {rbp=Oop [8]=Oop [24]=Oop [32]=Oop [104]=Oop [168]=Oop }
                      ;*iflt {reexecute=1 rethrow=0 return_oop=0}
                      ; - (reexecute) org.h2.value.ValueInteger::get@1 (line 61)
                      ; - org.h2.jdbc.JdbcPreparedStatement::setInt@47 (line 359)
                      ; - org.apache.derbyTesting.system.oe.load.SimpleInsert::orderTable@292 (line 424)
  0x00007e5bdc57ed54: a8b5 6eff 

  0x00007e5bdc57ed58: ;   {other}
  0x00007e5bdc57ed58: 0f1f 8400 | 4881 0076 | be45 ffff | ff48 8b2c | 2448 8944 | 24f8 8b44 | 2454 8904 | 2448 8b44 
  0x00007e5bdc57ed78: 24f8 4889 | 4424 f88b | 4424 3889 | 4424 0448 | 8b44 24f8 | 48ff 7424 | 1048 8f44 | 2408 48ff 
  0x00007e5bdc57ed98: 7424 3048 | 8f44 2418 | 48ff 7424 | 2848 8f44 | 2420 4889 | 4424 f88b | 4424 5889 | 4424 2848 
  0x00007e5bdc57edb8: 8b44 24f8 | 4889 4424 | f88b 4424 | 4889 4424 | 2c48 8b44 | 24f8 4889 | 4424 f88b | 4424 5089 
  0x00007e5bdc57edd8: 4424 3848 | 8b44 24f8 | 4489 5424 | 3c4c 894c | 2450 4489 

  0x00007e5bdc57edec: ;   {runtime_call UncommonTrapBlob}
  0x00007e5bdc57edec: 5c24 58e8 

  0x00007e5bdc57edf0: ; ImmutableOopMap {rbp=Oop [8]=Oop [24]=Oop [32]=Oop [60]=NarrowOop [80]=Oop [104]=Oop [168]=Oop }
                      ;*ifle {reexecute=1 rethrow=0 return_oop=0}
                      ; - (reexecute) org.h2.command.CommandContainer::getParameters@12 (line 121)
                      ; - org.h2.jdbc.JdbcPreparedStatement::setParameter@11 (line 1393)
                      ; - org.h2.jdbc.JdbcPreparedStatement::setInt@50 (line 359)
                      ; - org.apache.derbyTesting.system.oe.load.SimpleInsert::orderTable@292 (line 424)
  0x00007e5bdc57edf0: 0cb5 6eff 

  0x00007e5bdc57edf4: ;   {other}
  0x00007e5bdc57edf4: 0f1f 8400 | e481 0077 | be45 ffff | ff48 8b2c | 2448 8944 | 24f8 8b44 | 2438 8944 | 2404 488b 
  0x00007e5bdc57ee14: 4424 f848 | ff74 2410 | 488f 4424 | 0848 ff74 | 2430 488f | 4424 1848 | ff74 2428 | 488f 4424 
  0x00007e5bdc57ee34: 2048 8944 | 24f8 8b44 | 2448 8944 | 242c 488b | 4424 f848 | 8944 24f8 | 8b44 2450 | 8944 2438 
  0x00007e5bdc57ee54: 488b 4424 | f84c 8944 | 2448 4489 | 5424 3c44 | 895c 2450 

  0x00007e5bdc57ee68: ;   {runtime_call UncommonTrapBlob}
  0x00007e5bdc57ee68: 6666 90e8 

  0x00007e5bdc57ee6c: ; ImmutableOopMap {rbp=Oop [8]=Oop [24]=Oop [32]=Oop [60]=NarrowOop [72]=Oop [80]=NarrowOop [104]=Oop [168]=Oop }
                      ;*ifnonnull {reexecute=1 rethrow=0 return_oop=0}
                      ; - (reexecute) org.h2.jdbc.JdbcPreparedStatement::setParameter@58 (line 1400)
                      ; - org.h2.jdbc.JdbcPreparedStatement::setInt@50 (line 359)
                      ; - org.apache.derbyTesting.system.oe.load.SimpleInsert::orderTable@292 (line 424)
  0x00007e5bdc57ee6c: 90b4 6eff 

  0x00007e5bdc57ee70: ;   {other}
  0x00007e5bdc57ee70: 0f1f 8400 | 6082 0078 | 498b eaeb | 0349 8bea | be45 ffff | ff48 8944 | 24f8 8b44 | 2438 8944 
  0x00007e5bdc57ee90: 240c 488b | 4424 f848 | ff74 2430 | 488f 4424 | 2048 8944 | 24f8 8b44 | 2448 8944 | 2434 488b 
  0x00007e5bdc57eeb0: 4424 f848 | 8944 24f8 | 8b44 2450 | 8944 2440 | 488b 4424 | f844 895c 

  0x00007e5bdc57eec8: ;   {runtime_call UncommonTrapBlob}
  0x00007e5bdc57eec8: 2450 90e8 

  0x00007e5bdc57eecc: ; ImmutableOopMap {rbp=Oop [0]=Oop [16]=Oop [32]=Oop [40]=Oop [104]=Oop [168]=Oop }
                      ;*if_icmpne {reexecute=1 rethrow=0 return_oop=0}
                      ; - (reexecute) org.h2.message.Trace::isEnabled@5 (line 141)
                      ; - org.h2.message.Trace::isDebugEnabled@2 (line 162)
                      ; - org.h2.message.TraceObject::isDebugEnabled@4 (line 163)
                      ; - org.h2.jdbc.JdbcPreparedStatement::setShort@1 (line 656)
                      ; - org.apache.derbyTesting.system.oe.load.SimpleInsert::orderTable@302 (line 425)
  0x00007e5bdc57eecc: 30b4 6eff 

  0x00007e5bdc57eed0: ;   {other}
  0x00007e5bdc57eed0: 0f1f 8400 | c082 0079 | be45 ffff | ff48 8b2c | 2448 8944 | 24f8 8b44 | 2454 8904 | 2448 8b44 
  0x00007e5bdc57eef0: 24f8 4889 | 4424 f88b | 4424 3889 | 4424 0448 | 8b44 24f8 | 48ff 7424 | 1048 8f44 | 2408 48ff 
  0x00007e5bdc57ef10: 7424 3048 | 8f44 2418 | 48ff 7424 | 2848 8f44 | 2420 4889 | 4424 f88b | 4424 5889 | 4424 2848 
  0x00007e5bdc57ef30: 8b44 24f8 | 4889 4424 | f88b 4424 | 4889 4424 | 2c48 8b44 | 24f8 4889 | 4424 f88b | 4424 5089 
  0x00007e5bdc57ef50: 4424 3848 | 8b44 24f8 | 4c89 5424 | 504c 895c | 2458 4489 

  0x00007e5bdc57ef64: ;   {runtime_call UncommonTrapBlob}
  0x00007e5bdc57ef64: 4424 3ce8 

  0x00007e5bdc57ef68: ; ImmutableOopMap {rbp=Oop [8]=Oop [24]=Oop [32]=Oop [80]=Oop [88]=Oop [104]=Oop [168]=Oop }
                      ;*ifle {reexecute=1 rethrow=0 return_oop=0}
                      ; - (reexecute) org.h2.command.CommandContainer::getParameters@12 (line 121)
                      ; - org.h2.jdbc.JdbcPreparedStatement::setParameter@11 (line 1393)
                      ; - org.h2.jdbc.JdbcPreparedStatement::setShort@50 (line 659)
                      ; - org.apache.derbyTesting.system.oe.load.SimpleInsert::orderTable@302 (line 425)
  0x00007e5bdc57ef68: 94b3 6eff 

  0x00007e5bdc57ef6c: ;   {other}
  0x00007e5bdc57ef6c: 0f1f 8400 | 5c83 007a | be45 ffff | ff48 8b2c | 2448 8944 | 24f8 8b44 | 2454 8904 | 2448 8b44 
  0x00007e5bdc57ef8c: 24f8 4889 | 4424 f88b | 4424 3889 | 4424 0448 | 8b44 24f8 | 48ff 7424 | 1048 8f44 | 2408 48ff 
  0x00007e5bdc57efac: 7424 3048 | 8f44 2418 | 48ff 7424 | 2848 8f44 | 2420 4889 | 4424 f88b | 4424 4889 | 4424 2c48 
  0x00007e5bdc57efcc: 8b44 24f8 | 4889 4424 | f88b 4424 | 5089 4424 | 3848 8b44 | 24f8 4c89 | 5c24 484c | 8954 2450 
  0x00007e5bdc57efec: 4489 4424 

  0x00007e5bdc57eff0: ;   {runtime_call UncommonTrapBlob}
  0x00007e5bdc57eff0: 3c66 90e8 

  0x00007e5bdc57eff4: ; ImmutableOopMap {rbp=Oop [8]=Oop [24]=Oop [32]=Oop [60]=NarrowOop [72]=Oop [80]=Oop [104]=Oop [168]=Oop }
                      ;*ifnonnull {reexecute=1 rethrow=0 return_oop=0}
                      ; - (reexecute) org.h2.jdbc.JdbcPreparedStatement::setParameter@58 (line 1400)
                      ; - org.h2.jdbc.JdbcPreparedStatement::setShort@50 (line 659)
                      ; - org.apache.derbyTesting.system.oe.load.SimpleInsert::orderTable@302 (line 425)
  0x00007e5bdc57eff4: 08b3 6eff 

  0x00007e5bdc57eff8: ;   {other}
  0x00007e5bdc57eff8: 0f1f 8400 | e883 007b | 498b eaeb | 0349 8be8 | be45 ffff | ff48 8944 | 24f8 8b44 | 2438 8944 
  0x00007e5bdc57f018: 240c 488b | 4424 f848 | ff74 2430 | 488f 4424 | 2048 8944 | 24f8 8b44 | 2448 8944 | 2434 488b 
  0x00007e5bdc57f038: 4424 f844 | 895c 2444 

  0x00007e5bdc57f040: ;   {runtime_call UncommonTrapBlob}
  0x00007e5bdc57f040: 6666 90e8 

  0x00007e5bdc57f044: ; ImmutableOopMap {rbp=Oop [0]=Oop [16]=Oop [32]=Oop [40]=Oop [104]=Oop [168]=Oop }
                      ;*if_icmpne {reexecute=1 rethrow=0 return_oop=0}
                      ; - (reexecute) org.h2.message.Trace::isEnabled@5 (line 141)
                      ; - org.h2.message.Trace::isDebugEnabled@2 (line 162)
                      ; - org.h2.message.TraceObject::isDebugEnabled@4 (line 163)
                      ; - org.h2.jdbc.JdbcPreparedStatement::setInt@1 (line 356)
                      ; - org.apache.derbyTesting.system.oe.load.SimpleInsert::orderTable@398 (line 435)
  0x00007e5bdc57f044: b8b2 6eff 

  0x00007e5bdc57f048: ;   {other}
  0x00007e5bdc57f048: 0f1f 8400 | 3884 007c | be45 ffff | ff48 8b2c | 2448 8944 | 24f8 8b44 | 2454 8904 | 2448 8b44 
  0x00007e5bdc57f068: 24f8 4889 | 4424 f88b | 4424 3889 | 4424 0448 | 8b44 24f8 | 48ff 7424 | 1048 8f44 | 2408 48ff 
  0x00007e5bdc57f088: 7424 3048 | 8f44 2418 | 48ff 7424 | 2848 8f44 | 2420 4889 | 4424 f88b | 4424 5889 | 4424 2848 
  0x00007e5bdc57f0a8: 8b44 24f8 | 4889 4424 | f88b 4424 | 4889 4424 | 2c48 8b44 | 24f8 4889 | 4424 f88b | 4424 5089 
  0x00007e5bdc57f0c8: 4424 3848 | 8b44 24f8 | 4489 5424 | 3c4c 894c | 2450 4489 

  0x00007e5bdc57f0dc: ;   {runtime_call UncommonTrapBlob}
  0x00007e5bdc57f0dc: 4424 58e8 

  0x00007e5bdc57f0e0: ; ImmutableOopMap {rbp=Oop [8]=Oop [24]=Oop [32]=Oop [60]=NarrowOop [80]=Oop [104]=Oop [168]=Oop }
                      ;*ifle {reexecute=1 rethrow=0 return_oop=0}
                      ; - (reexecute) org.h2.command.CommandContainer::getParameters@12 (line 121)
                      ; - org.h2.jdbc.JdbcPreparedStatement::setParameter@11 (line 1393)
                      ; - org.h2.jdbc.JdbcPreparedStatement::setInt@50 (line 359)
                      ; - org.apache.derbyTesting.system.oe.load.SimpleInsert::orderTable@398 (line 435)
  0x00007e5bdc57f0e0: 1cb2 6eff 

  0x00007e5bdc57f0e4: ;   {other}
  0x00007e5bdc57f0e4: 0f1f 8400 | d484 007d | be45 ffff | ff48 8b2c | 2448 8944 | 24f8 8b44 | 2438 8944 | 2404 488b 
  0x00007e5bdc57f104: 4424 f848 | ff74 2410 | 488f 4424 | 0848 ff74 | 2430 488f | 4424 1848 | ff74 2428 | 488f 4424 
  0x00007e5bdc57f124: 2048 8944 | 24f8 8b44 | 2448 8944 | 242c 488b | 4424 f848 | 8944 24f8 | 8b44 2450 | 8944 2438 
  0x00007e5bdc57f144: 488b 4424 | f84c 8944 | 2448 4489 | 5424 3c44 | 895c 2450 

  0x00007e5bdc57f158: ;   {runtime_call UncommonTrapBlob}
  0x00007e5bdc57f158: 6666 90e8 

  0x00007e5bdc57f15c: ; ImmutableOopMap {rbp=Oop [8]=Oop [24]=Oop [32]=Oop [60]=NarrowOop [72]=Oop [80]=NarrowOop [104]=Oop [168]=Oop }
                      ;*ifnonnull {reexecute=1 rethrow=0 return_oop=0}
                      ; - (reexecute) org.h2.jdbc.JdbcPreparedStatement::setParameter@58 (line 1400)
                      ; - org.h2.jdbc.JdbcPreparedStatement::setInt@50 (line 359)
                      ; - org.apache.derbyTesting.system.oe.load.SimpleInsert::orderTable@398 (line 435)
  0x00007e5bdc57f15c: a0b1 6eff 

  0x00007e5bdc57f160: ;   {other}
  0x00007e5bdc57f160: 0f1f 8400 | 5085 007e | 498b eaeb | 0349 8be8 | be45 ffff | ff48 8944 | 24f8 8b44 | 2454 8944 
  0x00007e5bdc57f180: 2408 488b | 4424 f848 | 8944 24f8 | 8b44 2438 | 8944 240c | 488b 4424 | f848 ff74 | 2430 488f 
  0x00007e5bdc57f1a0: 4424 2048 | 8944 24f8 | 8b44 2448 | 8944 2434 | 488b 4424 | f848 8944 | 24f8 8b44 | 2450 8944 
  0x00007e5bdc57f1c0: 2440 488b | 4424 f844 | 895c 2444 

  0x00007e5bdc57f1cc: ;   {runtime_call UncommonTrapBlob}
  0x00007e5bdc57f1cc: 6666 90e8 

  0x00007e5bdc57f1d0: ; ImmutableOopMap {rbp=Oop [0]=Oop [16]=Oop [32]=Oop [40]=Oop [104]=Oop [168]=Oop }
                      ;*if_icmpne {reexecute=1 rethrow=0 return_oop=0}
                      ; - (reexecute) org.h2.message.Trace::isEnabled@5 (line 141)
                      ; - org.h2.message.Trace::isDebugEnabled@2 (line 162)
                      ; - org.h2.message.TraceObject::debugCodeCall@4 (line 198)
                      ; - org.h2.jdbc.JdbcPreparedStatement::executeUpdate@3 (line 166)
                      ; - org.apache.derbyTesting.system.oe.load.SimpleInsert::orderTable@421 (line 437)
  0x00007e5bdc57f1d0: 2cb1 6eff 

  0x00007e5bdc57f1d4: ;   {other}
  0x00007e5bdc57f1d4: 0f1f 8400 | c485 007f | bef6 ffff 

  0x00007e5bdc57f1e0: ;   {runtime_call UncommonTrapBlob}
  0x00007e5bdc57f1e0: ff66 90e8 

  0x00007e5bdc57f1e4: ; ImmutableOopMap {}
                      ;*invokevirtual randomDecimalString {reexecute=0 rethrow=0 return_oop=0}
                      ; - org.apache.derbyTesting.system.oe.load.SimpleInsert::orderTable@385 (line 433)
  0x00007e5bdc57f1e4: 18b1 6eff 

  0x00007e5bdc57f1e8: ;   {other}
  0x00007e5bdc57f1e8: 0f1f 8400 | d885 0080 | bede ffff | ff48 8b2c | 2448 8944 | 24f8 8b44 | 2438 8944 | 2404 488b 
  0x00007e5bdc57f208: 4424 f848 | ff74 2410 | 488f 4424 | 0848 ff74 | 2430 488f | 4424 1848 | ff74 2428 | 488f 4424 
  0x00007e5bdc57f228: 2048 8944 | 24f8 8b44 | 2448 8944 | 242c 488b | 4424 f84c | 8954 2448 

  0x00007e5bdc57f240: ;   {runtime_call UncommonTrapBlob}
  0x00007e5bdc57f240: 6666 90e8 

  0x00007e5bdc57f244: ; ImmutableOopMap {rbp=Oop [8]=Oop [24]=Oop [32]=Oop [72]=Oop [104]=Oop [168]=Oop }
                      ;*invokeinterface isEnabled {reexecute=0 rethrow=0 return_oop=0}
                      ; - org.h2.message.Trace::isEnabled@13 (line 142)
                      ; - org.h2.message.Trace::isDebugEnabled@2 (line 162)
                      ; - org.h2.message.TraceObject::isDebugEnabled@4 (line 163)
                      ; - org.h2.jdbc.JdbcPreparedStatement::setNull@1 (line 337)
                      ; - org.apache.derbyTesting.system.oe.load.SimpleInsert::orderTable@357 (line 431)
  0x00007e5bdc57f244: b8b0 6eff 

  0x00007e5bdc57f248: ;   {other}
  0x00007e5bdc57f248: 0f1f 8400 | 3886 0081 | bede ffff | ff48 8b2c | 2448 8944 | 24f8 8b44 | 2454 8904 | 2448 8b44 
  0x00007e5bdc57f268: 24f8 4889 | 4424 f88b | 4424 3889 | 4424 0448 | 8b44 24f8 | 48ff 7424 | 1048 8f44 | 2408 48ff 
  0x00007e5bdc57f288: 7424 3048 | 8f44 2418 | 48ff 7424 | 2848 8f44 | 2420 4889 | 4424 f88b | 4424 4889 | 4424 2c48 
  0x00007e5bdc57f2a8: 8b44 24f8 | 4889 4424 | f88b 4424 | 5089 4424 | 3848 8b44 | 24f8 4c89 

  0x00007e5bdc57f2c0: ;   {runtime_call UncommonTrapBlob}
  0x00007e5bdc57f2c0: 5424 50e8 

  0x00007e5bdc57f2c4: ; ImmutableOopMap {rbp=Oop [8]=Oop [24]=Oop [32]=Oop [80]=Oop [104]=Oop [168]=Oop }
                      ;*invokevirtual isClosed {reexecute=0 rethrow=0 return_oop=0}
                      ; - org.h2.jdbc.JdbcConnection::checkClosed@17 (line 1374)
                      ; - org.h2.jdbc.JdbcStatement::checkClosed@17 (line 1273)
                      ; - org.h2.jdbc.JdbcPreparedStatement::setParameter@1 (line 1391)
                      ; - org.h2.jdbc.JdbcPreparedStatement::setNull@49 (line 340)
                      ; - org.apache.derbyTesting.system.oe.load.SimpleInsert::orderTable@357 (line 431)
  0x00007e5bdc57f2c4: 38b0 6eff 

  0x00007e5bdc57f2c8: ;   {other}
  0x00007e5bdc57f2c8: 0f1f 8400 | b886 0082 | bede ffff | ff48 8b2c | 2448 8944 | 24f8 8b44 | 2454 8904 | 2448 8b44 
  0x00007e5bdc57f2e8: 24f8 4889 | 4424 f88b | 4424 3889 | 4424 0448 | 8b44 24f8 | 48ff 7424 | 1048 8f44 | 2408 48ff 
  0x00007e5bdc57f308: 7424 3048 | 8f44 2418 | 48ff 7424 | 2848 8f44 | 2420 4889 | 4424 f88b | 4424 4889 | 4424 2c48 
  0x00007e5bdc57f328: 8b44 24f8 | 4889 4424 | f88b 4424 | 5089 4424 | 3848 8b44 | 24f8 4c89 

  0x00007e5bdc57f340: ;   {runtime_call UncommonTrapBlob}
  0x00007e5bdc57f340: 5424 50e8 

  0x00007e5bdc57f344: ; ImmutableOopMap {rbp=Oop [8]=Oop [24]=Oop [32]=Oop [80]=Oop [104]=Oop [168]=Oop }
                      ;*invokeinterface getParameters {reexecute=0 rethrow=0 return_oop=0}
                      ; - org.h2.jdbc.JdbcPreparedStatement::setParameter@11 (line 1393)
                      ; - org.h2.jdbc.JdbcPreparedStatement::setNull@49 (line 340)
                      ; - org.apache.derbyTesting.system.oe.load.SimpleInsert::orderTable@357 (line 431)
  0x00007e5bdc57f344: b8af 6eff 

  0x00007e5bdc57f348: ;   {other}
  0x00007e5bdc57f348: 0f1f 8400 | 3887 0083 | becc ffff | ff48 8b2c | 2448 8944 | 24f8 8b44 | 2454 8904 | 2448 8b44 
  0x00007e5bdc57f368: 24f8 4889 | 4424 f88b | 4424 3889 | 4424 0448 | 8b44 24f8 | 48ff 7424 | 1048 8f44 | 2408 48ff 
  0x00007e5bdc57f388: 7424 3048 | 8f44 2418 | 48ff 7424 | 2848 8f44 | 2420 4889 | 4424 f88b | 4424 4889 | 4424 2c48 
  0x00007e5bdc57f3a8: 8b44 24f8 | 4889 4424 | f88b 4424 | 5089 4424 | 3848 8b44 | 24f8 4c89 | 5c24 5044 | 8954 243c 
  0x00007e5bdc57f3c8: ;   {runtime_call UncommonTrapBlob}
  0x00007e5bdc57f3c8: 6666 90e8 

  0x00007e5bdc57f3cc: ; ImmutableOopMap {rbp=Oop [8]=Oop [24]=Oop [32]=Oop [80]=Oop [104]=Oop [168]=Oop }
                      ;*invokestatic checkIndex {reexecute=0 rethrow=0 return_oop=0}
                      ; - java.util.Objects::checkIndex@3 (line 385)
                      ; - java.util.ArrayList::get@5 (line 427)
                      ; - org.h2.jdbc.JdbcPreparedStatement::setParameter@43 (line 1398)
                      ; - org.h2.jdbc.JdbcPreparedStatement::setNull@49 (line 340)
                      ; - org.apache.derbyTesting.system.oe.load.SimpleInsert::orderTable@357 (line 431)
  0x00007e5bdc57f3cc: 30af 6eff 

  0x00007e5bdc57f3d0: ;   {other}
  0x00007e5bdc57f3d0: 0f1f 8400 | c087 0084 | bee4 ffff | ff48 8b2c | 2448 8944 | 24f8 8b44 | 2454 8904 | 2448 8b44 
  0x00007e5bdc57f3f0: 24f8 4889 | 4424 f88b | 4424 3889 | 4424 0448 | 8b44 24f8 | 48ff 7424 | 1048 8f44 | 2408 48ff 
  0x00007e5bdc57f410: 7424 3048 | 8f44 2418 | 48ff 7424 | 2848 8f44 | 2420 4889 | 4424 f88b | 4424 4889 | 4424 2c48 
  0x00007e5bdc57f430: 8b44 24f8 | 4889 4424 | f88b 4424 | 5089 4424 | 3848 8b44 | 24f8 4c89 | 5c24 5044 | 8954 243c 
  0x00007e5bdc57f450: ;   {runtime_call UncommonTrapBlob}
  0x00007e5bdc57f450: 6666 90e8 

  0x00007e5bdc57f454: ; ImmutableOopMap {rbp=Oop [8]=Oop [24]=Oop [32]=Oop [80]=Oop [104]=Oop [168]=Oop }
                      ;*invokestatic checkIndex {reexecute=0 rethrow=0 return_oop=0}
                      ; - java.util.Objects::checkIndex@3 (line 385)
                      ; - java.util.ArrayList::get@5 (line 427)
                      ; - org.h2.jdbc.JdbcPreparedStatement::setParameter@43 (line 1398)
                      ; - org.h2.jdbc.JdbcPreparedStatement::setNull@49 (line 340)
                      ; - org.apache.derbyTesting.system.oe.load.SimpleInsert::orderTable@357 (line 431)
  0x00007e5bdc57f454: a8ae 6eff 

  0x00007e5bdc57f458: ;   {other}
  0x00007e5bdc57f458: 0f1f 8400 | 4888 0085 | 498b ebbe | e4ff ffff | 4889 4424 | f88b 4424 | 5489 4424 | 0848 8b44 
  0x00007e5bdc57f478: 24f8 4889 | 4424 f88b | 4424 3889 | 4424 0c48 | 8b44 24f8 | 48ff 7424 | 3048 8f44 | 2420 4889 
  0x00007e5bdc57f498: 4424 f88b | 4424 4889 | 4424 3448 | 8b44 24f8 | 4889 4424 | f88b 4424 | 5089 4424 | 4048 8b44 
  0x00007e5bdc57f4b8: ;   {runtime_call UncommonTrapBlob}
  0x00007e5bdc57f4b8: 24f8 90e8 

  0x00007e5bdc57f4bc: ; ImmutableOopMap {rbp=Oop [0]=Oop [16]=Oop [32]=Oop [40]=Oop [104]=Oop [168]=Oop }
                      ;*aaload {reexecute=0 rethrow=0 return_oop=0}
                      ; - java.util.ArrayList::elementData@5 (line 411)
                      ; - java.util.ArrayList::get@11 (line 428)
                      ; - org.h2.jdbc.JdbcPreparedStatement::setParameter@43 (line 1398)
                      ; - org.h2.jdbc.JdbcPreparedStatement::setNull@49 (line 340)
                      ; - org.apache.derbyTesting.system.oe.load.SimpleInsert::orderTable@357 (line 431)
  0x00007e5bdc57f4bc: 40ae 6eff 

  0x00007e5bdc57f4c0: ;   {other}
  0x00007e5bdc57f4c0: 0f1f 8400 | b088 0086 | bede ffff | ff48 8b2c | 2448 8944 | 24f8 8b44 | 2438 8944 | 2404 488b 
  0x00007e5bdc57f4e0: 4424 f848 | ff74 2410 | 488f 4424 | 0848 ff74 | 2430 488f | 4424 1848 | ff74 2428 | 488f 4424 
  0x00007e5bdc57f500: 2048 8944 | 24f8 8b44 | 2448 8944 | 242c 488b | 4424 f84c | 895c 2448 

  0x00007e5bdc57f518: ;   {runtime_call UncommonTrapBlob}
  0x00007e5bdc57f518: 6666 90e8 

  0x00007e5bdc57f51c: ; ImmutableOopMap {rbp=Oop [8]=Oop [24]=Oop [32]=Oop [72]=Oop [104]=Oop [168]=Oop }
                      ;*invokeinterface isEnabled {reexecute=0 rethrow=0 return_oop=0}
                      ; - org.h2.message.Trace::isEnabled@13 (line 142)
                      ; - org.h2.message.Trace::isDebugEnabled@2 (line 162)
                      ; - org.h2.message.TraceObject::isDebugEnabled@4 (line 163)
                      ; - org.h2.jdbc.JdbcPreparedStatement::setNull@1 (line 337)
                      ; - org.apache.derbyTesting.system.oe.load.SimpleInsert::orderTable@368 (line 432)
  0x00007e5bdc57f51c: e0ad 6eff 

  0x00007e5bdc57f520: ;   {other}
  0x00007e5bdc57f520: 0f1f 8400 | 1089 0087 | bede ffff | ff48 8b2c | 2448 8944 | 24f8 8b44 | 2454 8904 | 2448 8b44 
  0x00007e5bdc57f540: 24f8 4889 | 4424 f88b | 4424 3889 | 4424 0448 | 8b44 24f8 | 48ff 7424 | 1048 8f44 | 2408 48ff 
  0x00007e5bdc57f560: 7424 3048 | 8f44 2418 | 48ff 7424 | 2848 8f44 | 2420 4889 | 4424 f88b | 4424 4889 | 4424 2c48 
  0x00007e5bdc57f580: 8b44 24f8 | 4889 4424 | f88b 4424 | 5089 4424 | 3848 8b44 | 24f8 4c89 

  0x00007e5bdc57f598: ;   {runtime_call UncommonTrapBlob}
  0x00007e5bdc57f598: 5424 50e8 

  0x00007e5bdc57f59c: ; ImmutableOopMap {rbp=Oop [8]=Oop [24]=Oop [32]=Oop [80]=Oop [104]=Oop [168]=Oop }
                      ;*invokevirtual isClosed {reexecute=0 rethrow=0 return_oop=0}
                      ; - org.h2.jdbc.JdbcConnection::checkClosed@17 (line 1374)
                      ; - org.h2.jdbc.JdbcStatement::checkClosed@17 (line 1273)
                      ; - org.h2.jdbc.JdbcPreparedStatement::setParameter@1 (line 1391)
                      ; - org.h2.jdbc.JdbcPreparedStatement::setNull@49 (line 340)
                      ; - org.apache.derbyTesting.system.oe.load.SimpleInsert::orderTable@368 (line 432)
  0x00007e5bdc57f59c: 60ad 6eff 

  0x00007e5bdc57f5a0: ;   {other}
  0x00007e5bdc57f5a0: 0f1f 8400 | 9089 0088 | bede ffff | ff48 8b2c | 2448 8944 | 24f8 8b44 | 2454 8904 | 2448 8b44 
  0x00007e5bdc57f5c0: 24f8 4889 | 4424 f88b | 4424 3889 | 4424 0448 | 8b44 24f8 | 48ff 7424 | 1048 8f44 | 2408 48ff 
  0x00007e5bdc57f5e0: 7424 3048 | 8f44 2418 | 48ff 7424 | 2848 8f44 | 2420 4889 | 4424 f88b | 4424 4889 | 4424 2c48 
  0x00007e5bdc57f600: 8b44 24f8 | 4889 4424 | f88b 4424 | 5089 4424 | 3848 8b44 | 24f8 4c89 

  0x00007e5bdc57f618: ;   {runtime_call UncommonTrapBlob}
  0x00007e5bdc57f618: 5424 50e8 

  0x00007e5bdc57f61c: ; ImmutableOopMap {rbp=Oop [8]=Oop [24]=Oop [32]=Oop [80]=Oop [104]=Oop [168]=Oop }
                      ;*invokeinterface getParameters {reexecute=0 rethrow=0 return_oop=0}
                      ; - org.h2.jdbc.JdbcPreparedStatement::setParameter@11 (line 1393)
                      ; - org.h2.jdbc.JdbcPreparedStatement::setNull@49 (line 340)
                      ; - org.apache.derbyTesting.system.oe.load.SimpleInsert::orderTable@368 (line 432)
  0x00007e5bdc57f61c: e0ac 6eff 

  0x00007e5bdc57f620: ;   {other}
  0x00007e5bdc57f620: 0f1f 8400 | 108a 0089 | becc ffff | ff48 8b2c | 2448 8944 | 24f8 8b44 | 2454 8904 | 2448 8b44 
  0x00007e5bdc57f640: 24f8 4889 | 4424 f88b | 4424 3889 | 4424 0448 | 8b44 24f8 | 48ff 7424 | 1048 8f44 | 2408 48ff 
  0x00007e5bdc57f660: 7424 3048 | 8f44 2418 | 48ff 7424 | 2848 8f44 | 2420 4889 | 4424 f88b | 4424 4889 | 4424 2c48 
  0x00007e5bdc57f680: 8b44 24f8 | 4889 4424 | f88b 4424 | 5089 4424 | 3848 8b44 | 24f8 4c89 | 5424 5044 | 895c 243c 
  0x00007e5bdc57f6a0: ;   {runtime_call UncommonTrapBlob}
  0x00007e5bdc57f6a0: 6666 90e8 

  0x00007e5bdc57f6a4: ; ImmutableOopMap {rbp=Oop [8]=Oop [24]=Oop [32]=Oop [80]=Oop [104]=Oop [168]=Oop }
                      ;*invokestatic checkIndex {reexecute=0 rethrow=0 return_oop=0}
                      ; - java.util.Objects::checkIndex@3 (line 385)
                      ; - java.util.ArrayList::get@5 (line 427)
                      ; - org.h2.jdbc.JdbcPreparedStatement::setParameter@43 (line 1398)
                      ; - org.h2.jdbc.JdbcPreparedStatement::setNull@49 (line 340)
                      ; - org.apache.derbyTesting.system.oe.load.SimpleInsert::orderTable@368 (line 432)
  0x00007e5bdc57f6a4: 58ac 6eff 

  0x00007e5bdc57f6a8: ;   {other}
  0x00007e5bdc57f6a8: 0f1f 8400 | 988a 008a | bee4 ffff | ff48 8b2c | 2448 8944 | 24f8 8b44 | 2454 8904 | 2448 8b44 
  0x00007e5bdc57f6c8: 24f8 4889 | 4424 f88b | 4424 3889 | 4424 0448 | 8b44 24f8 | 48ff 7424 | 1048 8f44 | 2408 48ff 
  0x00007e5bdc57f6e8: 7424 3048 | 8f44 2418 | 48ff 7424 | 2848 8f44 | 2420 4889 | 4424 f88b | 4424 4889 | 4424 2c48 
  0x00007e5bdc57f708: 8b44 24f8 | 4889 4424 | f88b 4424 | 5089 4424 | 3848 8b44 | 24f8 4c89 | 5424 5044 | 895c 243c 
  0x00007e5bdc57f728: ;   {runtime_call UncommonTrapBlob}
  0x00007e5bdc57f728: 6666 90e8 

  0x00007e5bdc57f72c: ; ImmutableOopMap {rbp=Oop [8]=Oop [24]=Oop [32]=Oop [80]=Oop [104]=Oop [168]=Oop }
                      ;*invokestatic checkIndex {reexecute=0 rethrow=0 return_oop=0}
                      ; - java.util.Objects::checkIndex@3 (line 385)
                      ; - java.util.ArrayList::get@5 (line 427)
                      ; - org.h2.jdbc.JdbcPreparedStatement::setParameter@43 (line 1398)
                      ; - org.h2.jdbc.JdbcPreparedStatement::setNull@49 (line 340)
                      ; - org.apache.derbyTesting.system.oe.load.SimpleInsert::orderTable@368 (line 432)
  0x00007e5bdc57f72c: d0ab 6eff 

  0x00007e5bdc57f730: ;   {other}
  0x00007e5bdc57f730: 0f1f 8400 | 208b 008b | 498b eabe | e4ff ffff | 4889 4424 | f88b 4424 | 5489 4424 | 0848 8b44 
  0x00007e5bdc57f750: 24f8 4889 | 4424 f88b | 4424 3889 | 4424 0c48 | 8b44 24f8 | 48ff 7424 | 3048 8f44 | 2420 4889 
  0x00007e5bdc57f770: 4424 f88b | 4424 4889 | 4424 3448 | 8b44 24f8 | 4889 4424 | f88b 4424 | 5089 4424 | 4048 8b44 
  0x00007e5bdc57f790: ;   {runtime_call UncommonTrapBlob}
  0x00007e5bdc57f790: 24f8 90e8 

  0x00007e5bdc57f794: ; ImmutableOopMap {rbp=Oop [0]=Oop [16]=Oop [32]=Oop [40]=Oop [104]=Oop [168]=Oop }
                      ;*aaload {reexecute=0 rethrow=0 return_oop=0}
                      ; - java.util.ArrayList::elementData@5 (line 411)
                      ; - java.util.ArrayList::get@11 (line 428)
                      ; - org.h2.jdbc.JdbcPreparedStatement::setParameter@43 (line 1398)
                      ; - org.h2.jdbc.JdbcPreparedStatement::setNull@49 (line 340)
                      ; - org.apache.derbyTesting.system.oe.load.SimpleInsert::orderTable@368 (line 432)
  0x00007e5bdc57f794: 68ab 6eff 

  0x00007e5bdc57f798: ;   {other}
  0x00007e5bdc57f798: 0f1f 8400 | 888b 008c | 498b f348 | 8d94 24b0 

  0x00007e5bdc57f7a8: ;   {runtime_call _complete_monitor_locking_Java}
  0x00007e5bdc57f7a8: 0000 00e8 

  0x00007e5bdc57f7ac: ; ImmutableOopMap {[0]=Oop [12]=NarrowOop [16]=Oop [28]=NarrowOop [40]=Oop [48]=Oop [64]=Oop [96]=Oop [104]=Oop [112]=Oop [128]=Oop [168]=Oop }
                      ;*monitorenter {reexecute=0 rethrow=0 return_oop=0}
                      ; - org.h2.jdbc.JdbcPreparedStatement::executeUpdateInternal@10 (line 206)
                      ; - org.h2.jdbc.JdbcPreparedStatement::executeUpdate@16 (line 169)
                      ; - org.apache.derbyTesting.system.oe.load.SimpleInsert::orderTable@421 (line 437)
  0x00007e5bdc57f7ac: d023 7aff 

  0x00007e5bdc57f7b0: ;   {other}
  0x00007e5bdc57f7b0: 0f1f 8400 | a08b 008d | e988 b8ff | ff49 8bfb | 488d b424 | b000 0000 | 498b d749 | baa0 89fe 
  0x00007e5bdc57f7d0: f35b 7e00 | 0041 ffd2 

  0x00007e5bdc57f7d8: ;   {other}
  0x00007e5bdc57f7d8: 0f1f 8400 | 0000 0000 | e911 a9ff | ffbe 45ff | ffff 488b | 2c24 4889 | 4424 f88b | 4424 3889 
  0x00007e5bdc57f7f8: 4424 0448 | 8b44 24f8 | 48ff 7424 | 1048 8f44 | 2408 48ff | 7424 3048 | 8f44 2418 | 48ff 7424 
  0x00007e5bdc57f818: 2848 8f44 | 2420 4889 | 4424 f88b | 4424 4889 | 4424 2c48 | 8b44 24f8 | 4889 4424 | f88b 4424 
  0x00007e5bdc57f838: 5089 4424 | 3848 8b44 | 24f8 4c89 | 5424 4844 | 895c 2450 

  0x00007e5bdc57f84c: ;   {runtime_call UncommonTrapBlob}
  0x00007e5bdc57f84c: 6666 90e8 

  0x00007e5bdc57f850: ; ImmutableOopMap {rbp=Oop [8]=Oop [24]=Oop [32]=Oop [72]=Oop [104]=Oop [168]=Oop }
                      ;*if_icmpne {reexecute=1 rethrow=0 return_oop=0}
                      ; - (reexecute) org.h2.message.TraceSystem::isEnabled@5 (line 154)
                      ; - org.h2.message.Trace::isEnabled@13 (line 142)
                      ; - org.h2.message.Trace::isDebugEnabled@2 (line 162)
                      ; - org.h2.message.TraceObject::isDebugEnabled@4 (line 163)
                      ; - org.h2.jdbc.JdbcPreparedStatement::setInt@1 (line 356)
                      ; - org.apache.derbyTesting.system.oe.load.SimpleInsert::orderTable@263 (line 420)
  0x00007e5bdc57f850: acaa 6eff 

  0x00007e5bdc57f854: ;   {other}
  0x00007e5bdc57f854: 0f1f 8400 | 448c 008e | be45 ffff | ff48 8b2c | 2448 8944 | 24f8 8b44 | 2438 8944 | 2404 488b 
  0x00007e5bdc57f874: 4424 f848 | ff74 2410 | 488f 4424 | 0848 ff74 | 2430 488f | 4424 1848 | ff74 2428 | 488f 4424 
  0x00007e5bdc57f894: 2048 8944 | 24f8 8b44 | 2448 8944 | 242c 488b | 4424 f844 | 895c 2448 

  0x00007e5bdc57f8ac: ;   {runtime_call UncommonTrapBlob}
  0x00007e5bdc57f8ac: 6666 90e8 

  0x00007e5bdc57f8b0: ; ImmutableOopMap {rbp=Oop [8]=Oop [24]=Oop [32]=Oop [104]=Oop [168]=Oop }
                      ;*if_icmpgt {reexecute=1 rethrow=0 return_oop=0}
                      ; - (reexecute) org.h2.message.TraceSystem::isEnabled@24 (line 157)
                      ; - org.h2.message.Trace::isEnabled@13 (line 142)
                      ; - org.h2.message.Trace::isDebugEnabled@2 (line 162)
                      ; - org.h2.message.TraceObject::isDebugEnabled@4 (line 163)
                      ; - org.h2.jdbc.JdbcPreparedStatement::setInt@1 (line 356)
                      ; - org.apache.derbyTesting.system.oe.load.SimpleInsert::orderTable@263 (line 420)
  0x00007e5bdc57f8b0: 4caa 6eff 

  0x00007e5bdc57f8b4: ;   {other}
  0x00007e5bdc57f8b4: 0f1f 8400 | a48c 008f | be45 ffff | ff48 8b2c | 2448 8944 | 24f8 8b44 | 2438 8944 | 2404 488b 
  0x00007e5bdc57f8d4: 4424 f848 | ff74 2410 | 488f 4424 | 0848 ff74 | 2430 488f | 4424 1848 | ff74 2428 | 488f 4424 
  0x00007e5bdc57f8f4: 2048 8944 | 24f8 8b44 | 2448 8944 | 242c 488b | 4424 f848 | 8944 24f8 | 8b44 2450 | 8944 2438 
  0x00007e5bdc57f914: 488b 4424 | f844 8954 | 243c 4489 

  0x00007e5bdc57f920: ;   {runtime_call UncommonTrapBlob}
  0x00007e5bdc57f920: 4424 50e8 

  0x00007e5bdc57f924: ; ImmutableOopMap {rbp=Oop [8]=Oop [24]=Oop [32]=Oop [60]=NarrowOop [80]=NarrowOop [104]=Oop [168]=Oop }
                      ;*if_acmpne {reexecute=1 rethrow=0 return_oop=0}
                      ; - (reexecute) org.h2.engine.SessionLocal::isClosed@10 (line 1178)
                      ; - org.h2.jdbc.JdbcConnection::checkClosed@17 (line 1374)
                      ; - org.h2.jdbc.JdbcStatement::checkClosed@17 (line 1273)
                      ; - org.h2.jdbc.JdbcPreparedStatement::setParameter@1 (line 1391)
                      ; - org.h2.jdbc.JdbcPreparedStatement::setInt@50 (line 359)
                      ; - org.apache.derbyTesting.system.oe.load.SimpleInsert::orderTable@263 (line 420)
  0x00007e5bdc57f924: d8a9 6eff 

  0x00007e5bdc57f928: ;   {other}
  0x00007e5bdc57f928: 0f1f 8400 | 188d 0090 | be45 ffff | ff48 8b2c | 2448 8944 | 24f8 8b44 | 2438 8944 | 2404 488b 
  0x00007e5bdc57f948: 4424 f848 | ff74 2410 | 488f 4424 | 0848 ff74 | 2430 488f | 4424 1848 | ff74 2428 | 488f 4424 
  0x00007e5bdc57f968: 2048 8944 | 24f8 8b44 | 2448 8944 | 242c 488b | 4424 f848 | 8944 24f8 | 8b44 2450 | 8944 2438 
  0x00007e5bdc57f988: 488b 4424 | f844 8954 | 243c 4489 

  0x00007e5bdc57f994: ;   {runtime_call UncommonTrapBlob}
  0x00007e5bdc57f994: 5c24 50e8 

  0x00007e5bdc57f998: ; ImmutableOopMap {rbp=Oop [8]=Oop [24]=Oop [32]=Oop [60]=NarrowOop [104]=Oop [168]=Oop }
                      ;*ifeq {reexecute=1 rethrow=0 return_oop=0}
                      ; - (reexecute) org.h2.command.CommandContainer::getParameters@22 (line 121)
                      ; - org.h2.jdbc.JdbcPreparedStatement::setParameter@11 (line 1393)
                      ; - org.h2.jdbc.JdbcPreparedStatement::setInt@50 (line 359)
                      ; - org.apache.derbyTesting.system.oe.load.SimpleInsert::orderTable@263 (line 420)
  0x00007e5bdc57f998: 64a9 6eff 

  0x00007e5bdc57f99c: ;   {other}
  0x00007e5bdc57f99c: 0f1f 8400 | 8c8d 0091 | be45 ffff | ff48 8b2c | 2448 8944 | 24f8 8b44 | 2438 8944 | 2404 488b 
  0x00007e5bdc57f9bc: 4424 f848 | ff74 2410 | 488f 4424 | 0848 ff74 | 2430 488f | 4424 1848 | ff74 2428 | 488f 4424 
  0x00007e5bdc57f9dc: 2048 8944 | 24f8 8b44 | 2448 8944 | 242c 488b | 4424 f848 | 8944 24f8 | 8b44 2450 | 8944 243c 
  0x00007e5bdc57f9fc: 488b 4424 | f84c 895c | 2448 4489 

  0x00007e5bdc57fa08: ;   {runtime_call UncommonTrapBlob}
  0x00007e5bdc57fa08: 5424 50e8 

  0x00007e5bdc57fa0c: ; ImmutableOopMap {rbp=Oop [8]=Oop [24]=Oop [32]=Oop [72]=Oop [104]=Oop [168]=Oop }
                      ;*if_icmpne {reexecute=1 rethrow=0 return_oop=0}
                      ; - (reexecute) org.h2.message.TraceSystem::isEnabled@5 (line 154)
                      ; - org.h2.message.Trace::isEnabled@13 (line 142)
                      ; - org.h2.message.Trace::isDebugEnabled@2 (line 162)
                      ; - org.h2.message.TraceObject::isDebugEnabled@4 (line 163)
                      ; - org.h2.jdbc.JdbcPreparedStatement::setInt@1 (line 356)
                      ; - org.apache.derbyTesting.system.oe.load.SimpleInsert::orderTable@273 (line 421)
  0x00007e5bdc57fa0c: f0a8 6eff 

  0x00007e5bdc57fa10: ;   {other}
  0x00007e5bdc57fa10: 0f1f 8400 | 008e 0092 | be45 ffff | ff48 8b2c | 2448 8944 | 24f8 8b44 | 2438 8944 | 2404 488b 
  0x00007e5bdc57fa30: 4424 f848 | ff74 2410 | 488f 4424 | 0848 ff74 | 2430 488f | 4424 1848 | ff74 2428 | 488f 4424 
  0x00007e5bdc57fa50: 2048 8944 | 24f8 8b44 | 2448 8944 | 242c 488b | 4424 f844 | 8954 2448 

  0x00007e5bdc57fa68: ;   {runtime_call UncommonTrapBlob}
  0x00007e5bdc57fa68: 6666 90e8 

  0x00007e5bdc57fa6c: ; ImmutableOopMap {rbp=Oop [8]=Oop [24]=Oop [32]=Oop [104]=Oop [168]=Oop }
                      ;*if_icmpgt {reexecute=1 rethrow=0 return_oop=0}
                      ; - (reexecute) org.h2.message.TraceSystem::isEnabled@24 (line 157)
                      ; - org.h2.message.Trace::isEnabled@13 (line 142)
                      ; - org.h2.message.Trace::isDebugEnabled@2 (line 162)
                      ; - org.h2.message.TraceObject::isDebugEnabled@4 (line 163)
                      ; - org.h2.jdbc.JdbcPreparedStatement::setInt@1 (line 356)
                      ; - org.apache.derbyTesting.system.oe.load.SimpleInsert::orderTable@273 (line 421)
  0x00007e5bdc57fa6c: 90a8 6eff 

  0x00007e5bdc57fa70: ;   {other}
  0x00007e5bdc57fa70: 0f1f 8400 | 608e 0093 | be45 ffff | ff48 8b2c | 2448 8944 | 24f8 8b44 | 2438 8944 | 2404 488b 
  0x00007e5bdc57fa90: 4424 f848 | ff74 2410 | 488f 4424 | 0848 ff74 | 2430 488f | 4424 1848 | ff74 2428 | 488f 4424 
  0x00007e5bdc57fab0: 2048 8944 | 24f8 8b44 | 2448 8944 | 242c 488b | 4424 f848 | 8944 24f8 | 8b44 2450 | 8944 2438 
  0x00007e5bdc57fad0: 488b 4424 | f844 8954 | 243c 4489 

  0x00007e5bdc57fadc: ;   {runtime_call UncommonTrapBlob}
  0x00007e5bdc57fadc: 5c24 50e8 

  0x00007e5bdc57fae0: ; ImmutableOopMap {rbp=Oop [8]=Oop [24]=Oop [32]=Oop [60]=NarrowOop [80]=NarrowOop [104]=Oop [168]=Oop }
                      ;*if_acmpne {reexecute=1 rethrow=0 return_oop=0}
                      ; - (reexecute) org.h2.engine.SessionLocal::isClosed@10 (line 1178)
                      ; - org.h2.jdbc.JdbcConnection::checkClosed@17 (line 1374)
                      ; - org.h2.jdbc.JdbcStatement::checkClosed@17 (line 1273)
                      ; - org.h2.jdbc.JdbcPreparedStatement::setParameter@1 (line 1391)
                      ; - org.h2.jdbc.JdbcPreparedStatement::setInt@50 (line 359)
                      ; - org.apache.derbyTesting.system.oe.load.SimpleInsert::orderTable@273 (line 421)
  0x00007e5bdc57fae0: 1ca8 6eff 

  0x00007e5bdc57fae4: ;   {other}
  0x00007e5bdc57fae4: 0f1f 8400 | d48e 0094 | be45 ffff | ff48 8b2c | 2448 8944 | 24f8 8b44 | 2438 8944 | 2404 488b 
  0x00007e5bdc57fb04: 4424 f848 | ff74 2410 | 488f 4424 | 0848 ff74 | 2430 488f | 4424 1848 | ff74 2428 | 488f 4424 
  0x00007e5bdc57fb24: 2048 8944 | 24f8 8b44 | 2448 8944 | 242c 488b | 4424 f848 | 8944 24f8 | 8b44 2450 | 8944 2438 
  0x00007e5bdc57fb44: 488b 4424 | f844 8954 | 243c 4489 

  0x00007e5bdc57fb50: ;   {runtime_call UncommonTrapBlob}
  0x00007e5bdc57fb50: 4424 50e8 

  0x00007e5bdc57fb54: ; ImmutableOopMap {rbp=Oop [8]=Oop [24]=Oop [32]=Oop [60]=NarrowOop [104]=Oop [168]=Oop }
                      ;*ifeq {reexecute=1 rethrow=0 return_oop=0}
                      ; - (reexecute) org.h2.command.CommandContainer::getParameters@22 (line 121)
                      ; - org.h2.jdbc.JdbcPreparedStatement::setParameter@11 (line 1393)
                      ; - org.h2.jdbc.JdbcPreparedStatement::setInt@50 (line 359)
                      ; - org.apache.derbyTesting.system.oe.load.SimpleInsert::orderTable@273 (line 421)
  0x00007e5bdc57fb54: a8a7 6eff 

  0x00007e5bdc57fb58: ;   {other}
  0x00007e5bdc57fb58: 0f1f 8400 | 488f 0095 | be45 ffff | ff48 8b2c | 2448 8944 | 24f8 8b44 | 2438 8944 | 2404 488b 
  0x00007e5bdc57fb78: 4424 f848 | ff74 2410 | 488f 4424 | 0848 ff74 | 2430 488f | 4424 1848 | ff74 2428 | 488f 4424 
  0x00007e5bdc57fb98: 2044 895c 

  0x00007e5bdc57fb9c: ;   {runtime_call UncommonTrapBlob}
  0x00007e5bdc57fb9c: 243c 90e8 

  0x00007e5bdc57fba0: ; ImmutableOopMap {rbp=Oop [8]=Oop [24]=Oop [32]=Oop [104]=Oop [168]=Oop }
                      ;*if_icmplt {reexecute=1 rethrow=0 return_oop=0}
                      ; - (reexecute) org.h2.jdbc.JdbcPreparedStatement::setParameter@26 (line 1394)
                      ; - org.h2.jdbc.JdbcPreparedStatement::setInt@50 (line 359)
                      ; - org.apache.derbyTesting.system.oe.load.SimpleInsert::orderTable@273 (line 421)
  0x00007e5bdc57fba0: 5ca7 6eff 

  0x00007e5bdc57fba4: ;   {other}
  0x00007e5bdc57fba4: 0f1f 8400 | 948f 0096 | 498b eaeb | 0349 8beb | be45 ffff | ff48 8944 | 24f8 8b44 | 2454 8944 
  0x00007e5bdc57fbc4: 2408 488b | 4424 f848 | 8944 24f8 | 8b44 2438 | 8944 240c | 488b 4424 | f848 ff74 | 2430 488f 
  0x00007e5bdc57fbe4: 4424 2048 | 8944 24f8 | 8b44 2448 | 8944 2434 | 488b 4424 | f848 8944 | 24f8 8b44 | 2450 8944 
  0x00007e5bdc57fc04: 2440 488b | 4424 f848 | 894c 2450 | 4489 4424 

  0x00007e5bdc57fc14: ;   {runtime_call UncommonTrapBlob}
  0x00007e5bdc57fc14: 4466 90e8 

  0x00007e5bdc57fc18: ; ImmutableOopMap {rbp=Oop [0]=Oop [16]=Oop [32]=Oop [40]=Oop [80]=Oop [104]=Oop [168]=Oop }
                      ;*ifeq {reexecute=1 rethrow=0 return_oop=0}
                      ; - (reexecute) java.util.Random::next@35 (line 444)
                      ; - java.util.Random::nextDouble@3 (line 698)
                      ; - org.apache.derbyTesting.system.oe.util.OERandom::randomInt@4 (line 124)
                      ; - org.apache.derbyTesting.system.oe.load.SimpleInsert::orderTable@289 (line 424)
  0x00007e5bdc57fc18: e4a6 6eff 

  0x00007e5bdc57fc1c: ;   {other}
  0x00007e5bdc57fc1c: 0f1f 8400 | 0c90 0097 | 498b eaeb | 0349 8bea | be45 ffff | ff48 8944 | 24f8 8b44 | 2454 8944 
  0x00007e5bdc57fc3c: 2408 488b | 4424 f848 | 8944 24f8 | 8b44 2438 | 8944 240c | 488b 4424 | f848 ff74 | 2430 488f 
  0x00007e5bdc57fc5c: 4424 2048 | 8944 24f8 | 8b44 2448 | 8944 2434 | 488b 4424 | f848 8944 | 24f8 8b44 | 2450 8944 
  0x00007e5bdc57fc7c: 2440 488b | 4424 f84c | 894c 2450 | 4489 5c24 

  0x00007e5bdc57fc8c: ;   {runtime_call UncommonTrapBlob}
  0x00007e5bdc57fc8c: 4466 90e8 

  0x00007e5bdc57fc90: ; ImmutableOopMap {rbp=Oop [0]=Oop [16]=Oop [32]=Oop [40]=Oop [104]=Oop [168]=Oop }
                      ;*ifeq {reexecute=1 rethrow=0 return_oop=0}
                      ; - (reexecute) java.util.Random::next@35 (line 444)
                      ; - java.util.Random::nextDouble@13 (line 698)
                      ; - org.apache.derbyTesting.system.oe.util.OERandom::randomInt@4 (line 124)
                      ; - org.apache.derbyTesting.system.oe.load.SimpleInsert::orderTable@289 (line 424)
  0x00007e5bdc57fc90: 6ca6 6eff 

  0x00007e5bdc57fc94: ;   {other}
  0x00007e5bdc57fc94: 0f1f 8400 | 8490 0098 | be45 ffff | ff48 8b2c | 2448 8944 | 24f8 8b44 | 2438 8944 | 2404 488b 
  0x00007e5bdc57fcb4: 4424 f848 | ff74 2410 | 488f 4424 | 0848 ff74 | 2430 488f | 4424 1848 | ff74 2428 | 488f 4424 
  0x00007e5bdc57fcd4: 2048 8944 | 24f8 8b44 | 2448 8944 | 242c 488b | 4424 f848 | 8944 24f8 | 8b44 2450 | 8944 2438 
  0x00007e5bdc57fcf4: 488b 4424 | f84c 895c | 2448 4489 

  0x00007e5bdc57fd00: ;   {runtime_call UncommonTrapBlob}
  0x00007e5bdc57fd00: 5424 50e8 

  0x00007e5bdc57fd04: ; ImmutableOopMap {rbp=Oop [8]=Oop [24]=Oop [32]=Oop [72]=Oop [104]=Oop [168]=Oop }
                      ;*if_icmpne {reexecute=1 rethrow=0 return_oop=0}
                      ; - (reexecute) org.h2.message.TraceSystem::isEnabled@5 (line 154)
                      ; - org.h2.message.Trace::isEnabled@13 (line 142)
                      ; - org.h2.message.Trace::isDebugEnabled@2 (line 162)
                      ; - org.h2.message.TraceObject::isDebugEnabled@4 (line 163)
                      ; - org.h2.jdbc.JdbcPreparedStatement::setInt@1 (line 356)
                      ; - org.apache.derbyTesting.system.oe.load.SimpleInsert::orderTable@292 (line 424)
  0x00007e5bdc57fd04: f8a5 6eff 

  0x00007e5bdc57fd08: ;   {other}
  0x00007e5bdc57fd08: 0f1f 8400 | f890 0099 | be45 ffff | ff48 8b2c | 2448 8944 | 24f8 8b44 | 2438 8944 | 2404 488b 
  0x00007e5bdc57fd28: 4424 f848 | ff74 2410 | 488f 4424 | 0848 ff74 | 2430 488f | 4424 1848 | ff74 2428 | 488f 4424 
  0x00007e5bdc57fd48: 2048 8944 | 24f8 8b44 | 2448 8944 | 242c 488b | 4424 f844 | 8954 2448 

  0x00007e5bdc57fd60: ;   {runtime_call UncommonTrapBlob}
  0x00007e5bdc57fd60: 6666 90e8 

  0x00007e5bdc57fd64: ; ImmutableOopMap {rbp=Oop [8]=Oop [24]=Oop [32]=Oop [104]=Oop [168]=Oop }
                      ;*if_icmpgt {reexecute=1 rethrow=0 return_oop=0}
                      ; - (reexecute) org.h2.message.TraceSystem::isEnabled@24 (line 157)
                      ; - org.h2.message.Trace::isEnabled@13 (line 142)
                      ; - org.h2.message.Trace::isDebugEnabled@2 (line 162)
                      ; - org.h2.message.TraceObject::isDebugEnabled@4 (line 163)
                      ; - org.h2.jdbc.JdbcPreparedStatement::setInt@1 (line 356)
                      ; - org.apache.derbyTesting.system.oe.load.SimpleInsert::orderTable@292 (line 424)
  0x00007e5bdc57fd64: 98a5 6eff 

  0x00007e5bdc57fd68: ;   {other}
  0x00007e5bdc57fd68: 0f1f 8400 | 5891 009a | be45 ffff | ff48 8b2c | 2448 8944 | 24f8 8b44 | 2438 8944 | 2404 488b 
  0x00007e5bdc57fd88: 4424 f848 | ff74 2410 | 488f 4424 | 0848 ff74 | 2430 488f | 4424 1848 | ff74 2428 | 488f 4424 
  0x00007e5bdc57fda8: 2048 8944 | 24f8 8b44 | 2448 8944 | 242c 488b | 4424 f848 | 8944 24f8 | 8b44 2450 | 8944 2438 
  0x00007e5bdc57fdc8: 488b 4424 | f844 8954 | 243c 4489 

  0x00007e5bdc57fdd4: ;   {runtime_call UncommonTrapBlob}
  0x00007e5bdc57fdd4: 5c24 50e8 

  0x00007e5bdc57fdd8: ; ImmutableOopMap {rbp=Oop [8]=Oop [24]=Oop [32]=Oop [60]=NarrowOop [80]=NarrowOop [104]=Oop [168]=Oop }
                      ;*if_acmpne {reexecute=1 rethrow=0 return_oop=0}
                      ; - (reexecute) org.h2.engine.SessionLocal::isClosed@10 (line 1178)
                      ; - org.h2.jdbc.JdbcConnection::checkClosed@17 (line 1374)
                      ; - org.h2.jdbc.JdbcStatement::checkClosed@17 (line 1273)
                      ; - org.h2.jdbc.JdbcPreparedStatement::setParameter@1 (line 1391)
                      ; - org.h2.jdbc.JdbcPreparedStatement::setInt@50 (line 359)
                      ; - org.apache.derbyTesting.system.oe.load.SimpleInsert::orderTable@292 (line 424)
  0x00007e5bdc57fdd8: 24a5 6eff 

  0x00007e5bdc57fddc: ;   {other}
  0x00007e5bdc57fddc: 0f1f 8400 | cc91 009b | be45 ffff | ff48 8b2c | 2448 8944 | 24f8 8b44 | 2438 8944 | 2404 488b 
  0x00007e5bdc57fdfc: 4424 f848 | ff74 2410 | 488f 4424 | 0848 ff74 | 2430 488f | 4424 1848 | ff74 2428 | 488f 4424 
  0x00007e5bdc57fe1c: 2048 8944 | 24f8 8b44 | 2448 8944 | 242c 488b | 4424 f848 | 8944 24f8 | 8b44 2450 | 8944 2438 
  0x00007e5bdc57fe3c: 488b 4424 | f844 8954 | 243c 4489 

  0x00007e5bdc57fe48: ;   {runtime_call UncommonTrapBlob}
  0x00007e5bdc57fe48: 4424 50e8 

  0x00007e5bdc57fe4c: ; ImmutableOopMap {rbp=Oop [8]=Oop [24]=Oop [32]=Oop [60]=NarrowOop [104]=Oop [168]=Oop }
                      ;*ifeq {reexecute=1 rethrow=0 return_oop=0}
                      ; - (reexecute) org.h2.command.CommandContainer::getParameters@22 (line 121)
                      ; - org.h2.jdbc.JdbcPreparedStatement::setParameter@11 (line 1393)
                      ; - org.h2.jdbc.JdbcPreparedStatement::setInt@50 (line 359)
                      ; - org.apache.derbyTesting.system.oe.load.SimpleInsert::orderTable@292 (line 424)
  0x00007e5bdc57fe4c: b0a4 6eff 

  0x00007e5bdc57fe50: ;   {other}
  0x00007e5bdc57fe50: 0f1f 8400 | 4092 009c | be45 ffff | ff48 8b2c | 2448 8944 | 24f8 8b44 | 2438 8944 | 2404 488b 
  0x00007e5bdc57fe70: 4424 f848 | ff74 2410 | 488f 4424 | 0848 ff74 | 2430 488f | 4424 1848 | ff74 2428 | 488f 4424 
  0x00007e5bdc57fe90: 2044 895c 

  0x00007e5bdc57fe94: ;   {runtime_call UncommonTrapBlob}
  0x00007e5bdc57fe94: 243c 90e8 

  0x00007e5bdc57fe98: ; ImmutableOopMap {rbp=Oop [8]=Oop [24]=Oop [32]=Oop [104]=Oop [168]=Oop }
                      ;*if_icmplt {reexecute=1 rethrow=0 return_oop=0}
                      ; - (reexecute) org.h2.jdbc.JdbcPreparedStatement::setParameter@26 (line 1394)
                      ; - org.h2.jdbc.JdbcPreparedStatement::setInt@50 (line 359)
                      ; - org.apache.derbyTesting.system.oe.load.SimpleInsert::orderTable@292 (line 424)
  0x00007e5bdc57fe98: 64a4 6eff 

  0x00007e5bdc57fe9c: ;   {other}
  0x00007e5bdc57fe9c: 0f1f 8400 | 8c92 009d | be45 ffff | ff48 8b2c | 2448 8944 | 24f8 8b44 | 2438 8944 | 2404 488b 
  0x00007e5bdc57febc: 4424 f848 | ff74 2410 | 488f 4424 | 0848 ff74 | 2430 488f | 4424 1848 | ff74 2428 | 488f 4424 
  0x00007e5bdc57fedc: 2048 8944 | 24f8 8b44 | 2448 8944 | 242c 488b | 4424 f848 | 8944 24f8 | 8b44 2450 | 8944 2438 
  0x00007e5bdc57fefc: 488b 4424 | f84c 8954 | 2448 4489 

  0x00007e5bdc57ff08: ;   {runtime_call UncommonTrapBlob}
  0x00007e5bdc57ff08: 5c24 50e8 

  0x00007e5bdc57ff0c: ; ImmutableOopMap {rbp=Oop [8]=Oop [24]=Oop [32]=Oop [72]=Oop [104]=Oop [168]=Oop }
                      ;*if_icmpne {reexecute=1 rethrow=0 return_oop=0}
                      ; - (reexecute) org.h2.message.TraceSystem::isEnabled@5 (line 154)
                      ; - org.h2.message.Trace::isEnabled@13 (line 142)
                      ; - org.h2.message.Trace::isDebugEnabled@2 (line 162)
                      ; - org.h2.message.TraceObject::isDebugEnabled@4 (line 163)
                      ; - org.h2.jdbc.JdbcPreparedStatement::setShort@1 (line 656)
                      ; - org.apache.derbyTesting.system.oe.load.SimpleInsert::orderTable@302 (line 425)
  0x00007e5bdc57ff0c: f0a3 6eff 

  0x00007e5bdc57ff10: ;   {other}
  0x00007e5bdc57ff10: 0f1f 8400 | 0093 009e | be45 ffff | ff48 8b2c | 2448 8944 | 24f8 8b44 | 2438 8944 | 2404 488b 
  0x00007e5bdc57ff30: 4424 f848 | ff74 2410 | 488f 4424 | 0848 ff74 | 2430 488f | 4424 1848 | ff74 2428 | 488f 4424 
  0x00007e5bdc57ff50: 2048 8944 | 24f8 8b44 | 2448 8944 | 242c 488b | 4424 f844 | 895c 2448 

  0x00007e5bdc57ff68: ;   {runtime_call UncommonTrapBlob}
  0x00007e5bdc57ff68: 6666 90e8 

  0x00007e5bdc57ff6c: ; ImmutableOopMap {rbp=Oop [8]=Oop [24]=Oop [32]=Oop [104]=Oop [168]=Oop }
                      ;*if_icmpgt {reexecute=1 rethrow=0 return_oop=0}
                      ; - (reexecute) org.h2.message.TraceSystem::isEnabled@24 (line 157)
                      ; - org.h2.message.Trace::isEnabled@13 (line 142)
                      ; - org.h2.message.Trace::isDebugEnabled@2 (line 162)
                      ; - org.h2.message.TraceObject::isDebugEnabled@4 (line 163)
                      ; - org.h2.jdbc.JdbcPreparedStatement::setShort@1 (line 656)
                      ; - org.apache.derbyTesting.system.oe.load.SimpleInsert::orderTable@302 (line 425)
  0x00007e5bdc57ff6c: 90a3 6eff 

  0x00007e5bdc57ff70: ;   {other}
  0x00007e5bdc57ff70: 0f1f 8400 | 6093 009f | 4d8b d1eb | 034d 8bd1 | 4c3b c1bd | ffff ffff | 7c08 400f | 95c5 400f 
  0x00007e5bdc57ff90: b6ed be45 | ffff ff48 | 8944 24f8 | 8b44 2454 | 8944 2408 | 488b 4424 | f848 8944 | 24f8 8b44 
  0x00007e5bdc57ffb0: 2438 8944 | 240c 488b | 4424 f848 | ff74 2430 | 488f 4424 | 2048 8944 | 24f8 8b44 | 2458 8944 
  0x00007e5bdc57ffd0: 2430 488b | 4424 f848 | 8944 24f8 | 8b44 2448 | 8944 2434 | 488b 4424 | f848 8944 | 24f8 8b44 
  0x00007e5bdc57fff0: 2450 8944 | 2440 488b | 4424 f848 | ff74 2468 | 488f 4424 | 4848 ff74 | 2468 488f | 4424 5048 
  0x00007e5bdc580010: 895c 2460 | 4c89 5424 

  0x00007e5bdc580018: ;   {runtime_call UncommonTrapBlob}
  0x00007e5bdc580018: 6866 90e8 

  0x00007e5bdc58001c: ; ImmutableOopMap {[0]=Oop [16]=Oop [32]=Oop [40]=Oop [72]=Oop [80]=Oop [96]=Oop [104]=Oop [128]=Oop [168]=Oop }
                      ;*ifeq {reexecute=1 rethrow=0 return_oop=0}
                      ; - (reexecute) java.lang.ref.SoftReference::get@17 (line 114)
                      ; - org.h2.value.Value::cache@20 (line 743)
                      ; - org.h2.value.ValueSmallint::get@8 (line 171)
                      ; - org.h2.jdbc.JdbcPreparedStatement::setShort@47 (line 659)
                      ; - org.apache.derbyTesting.system.oe.load.SimpleInsert::orderTable@302 (line 425)
  0x00007e5bdc58001c: e0a2 6eff 

  0x00007e5bdc580020: ;   {other}
  0x00007e5bdc580020: 0f1f 8400 | 1094 00a0 | be45 ffff | ff48 8b2c | 2448 8944 | 24f8 8b44 | 2454 8904 | 2448 8b44 
  0x00007e5bdc580040: 24f8 4889 | 4424 f88b | 4424 3889 | 4424 0448 | 8b44 24f8 | 48ff 7424 | 1048 8f44 | 2408 48ff 
  0x00007e5bdc580060: 7424 3048 | 8f44 2418 | 48ff 7424 | 2848 8f44 | 2420 4889 | 4424 f88b | 4424 4889 | 4424 2c48 
  0x00007e5bdc580080: 8b44 24f8 | 4889 4424 | f88b 4424 | 5089 4424 | 3848 8b44 | 24f8 4c89 | 5424 5044 | 895c 243c 
  0x00007e5bdc5800a0: ;   {runtime_call UncommonTrapBlob}
  0x00007e5bdc5800a0: 6666 90e8 

  0x00007e5bdc5800a4: ; ImmutableOopMap {rbp=Oop [8]=Oop [24]=Oop [32]=Oop [60]=NarrowOop [80]=Oop [104]=Oop [168]=Oop }
                      ;*if_acmpne {reexecute=1 rethrow=0 return_oop=0}
                      ; - (reexecute) org.h2.engine.SessionLocal::isClosed@10 (line 1178)
                      ; - org.h2.jdbc.JdbcConnection::checkClosed@17 (line 1374)
                      ; - org.h2.jdbc.JdbcStatement::checkClosed@17 (line 1273)
                      ; - org.h2.jdbc.JdbcPreparedStatement::setParameter@1 (line 1391)
                      ; - org.h2.jdbc.JdbcPreparedStatement::setShort@50 (line 659)
                      ; - org.apache.derbyTesting.system.oe.load.SimpleInsert::orderTable@302 (line 425)
  0x00007e5bdc5800a4: 58a2 6eff 

  0x00007e5bdc5800a8: ;   {other}
  0x00007e5bdc5800a8: 0f1f 8400 | 9894 00a1 | be45 ffff | ff48 8b2c | 2448 8944 | 24f8 8b44 | 2454 8904 | 2448 8b44 
  0x00007e5bdc5800c8: 24f8 4889 | 4424 f88b | 4424 3889 | 4424 0448 | 8b44 24f8 | 48ff 7424 | 1048 8f44 | 2408 48ff 
  0x00007e5bdc5800e8: 7424 3048 | 8f44 2418 | 48ff 7424 | 2848 8f44 | 2420 4889 | 4424 f88b | 4424 4889 | 4424 2c48 
  0x00007e5bdc580108: 8b44 24f8 | 4889 4424 | f88b 4424 | 5089 4424 | 3848 8b44 | 24f8 4c89 | 5424 5044 | 894c 243c 
  0x00007e5bdc580128: ;   {runtime_call UncommonTrapBlob}
  0x00007e5bdc580128: 6666 90e8 

  0x00007e5bdc58012c: ; ImmutableOopMap {rbp=Oop [8]=Oop [24]=Oop [32]=Oop [80]=Oop [104]=Oop [168]=Oop }
                      ;*ifeq {reexecute=1 rethrow=0 return_oop=0}
                      ; - (reexecute) org.h2.command.CommandContainer::getParameters@22 (line 121)
                      ; - org.h2.jdbc.JdbcPreparedStatement::setParameter@11 (line 1393)
                      ; - org.h2.jdbc.JdbcPreparedStatement::setShort@50 (line 659)
                      ; - org.apache.derbyTesting.system.oe.load.SimpleInsert::orderTable@302 (line 425)
  0x00007e5bdc58012c: d0a1 6eff 

  0x00007e5bdc580130: ;   {other}
  0x00007e5bdc580130: 0f1f 8400 | 2095 00a2 | be45 ffff | ff48 8b2c | 2448 8944 | 24f8 8b44 | 2438 8944 | 2404 488b 
  0x00007e5bdc580150: 4424 f848 | ff74 2410 | 488f 4424 | 0848 ff74 | 2430 488f | 4424 1848 | ff74 2428 | 488f 4424 
  0x00007e5bdc580170: 2044 8944 

  0x00007e5bdc580174: ;   {runtime_call UncommonTrapBlob}
  0x00007e5bdc580174: 243c 90e8 

  0x00007e5bdc580178: ; ImmutableOopMap {rbp=Oop [8]=Oop [24]=Oop [32]=Oop [104]=Oop [168]=Oop }
                      ;*if_icmplt {reexecute=1 rethrow=0 return_oop=0}
                      ; - (reexecute) org.h2.jdbc.JdbcPreparedStatement::setParameter@26 (line 1394)
                      ; - org.h2.jdbc.JdbcPreparedStatement::setShort@50 (line 659)
                      ; - org.apache.derbyTesting.system.oe.load.SimpleInsert::orderTable@302 (line 425)
  0x00007e5bdc580178: 84a1 6eff 

  0x00007e5bdc58017c: ;   {other}
  0x00007e5bdc58017c: 0f1f 8400 | 6c95 00a3 | be45 ffff | ff48 8b2c | 2448 8944 | 24f8 8b44 | 2438 8944 | 2404 488b 
  0x00007e5bdc58019c: 4424 f848 | ff74 2410 | 488f 4424 | 0848 ff74 | 2430 488f | 4424 1848 | ff74 2428 | 488f 4424 
  0x00007e5bdc5801bc: 2048 8944 | 24f8 8b44 | 2448 8944 | 242c 488b | 4424 f84c | 8954 2448 | 4489 5c24 

  0x00007e5bdc5801d8: ;   {runtime_call UncommonTrapBlob}
  0x00007e5bdc5801d8: 3c66 90e8 

  0x00007e5bdc5801dc: ; ImmutableOopMap {rbp=Oop [8]=Oop [24]=Oop [32]=Oop [72]=Oop [104]=Oop [168]=Oop }
                      ;*if_icmpne {reexecute=1 rethrow=0 return_oop=0}
                      ; - (reexecute) org.h2.message.TraceSystem::isEnabled@5 (line 154)
                      ; - org.h2.message.Trace::isEnabled@13 (line 142)
                      ; - org.h2.message.Trace::isDebugEnabled@2 (line 162)
                      ; - org.h2.message.TraceObject::isDebugEnabled@4 (line 163)
                      ; - org.h2.jdbc.JdbcPreparedStatement::setInt@1 (line 356)
                      ; - org.apache.derbyTesting.system.oe.load.SimpleInsert::orderTable@398 (line 435)
  0x00007e5bdc5801dc: 20a1 6eff 

  0x00007e5bdc5801e0: ;   {other}
  0x00007e5bdc5801e0: 0f1f 8400 | d095 00a4 | be45 ffff | ff48 8b2c | 2448 8944 | 24f8 8b44 | 2438 8944 | 2404 488b 
  0x00007e5bdc580200: 4424 f848 | ff74 2410 | 488f 4424 | 0848 ff74 | 2430 488f | 4424 1848 | ff74 2428 | 488f 4424 
  0x00007e5bdc580220: 2044 895c 

  0x00007e5bdc580224: ;   {runtime_call UncommonTrapBlob}
  0x00007e5bdc580224: 243c 90e8 

  0x00007e5bdc580228: ; ImmutableOopMap {rbp=Oop [8]=Oop [24]=Oop [32]=Oop [104]=Oop [168]=Oop }
                      ;*if_icmpgt {reexecute=1 rethrow=0 return_oop=0}
                      ; - (reexecute) org.h2.message.TraceSystem::isEnabled@24 (line 157)
                      ; - org.h2.message.Trace::isEnabled@13 (line 142)
                      ; - org.h2.message.Trace::isDebugEnabled@2 (line 162)
                      ; - org.h2.message.TraceObject::isDebugEnabled@4 (line 163)
                      ; - org.h2.jdbc.JdbcPreparedStatement::setInt@1 (line 356)
                      ; - org.apache.derbyTesting.system.oe.load.SimpleInsert::orderTable@398 (line 435)
  0x00007e5bdc580228: d4a0 6eff 

  0x00007e5bdc58022c: ;   {other}
  0x00007e5bdc58022c: 0f1f 8400 | 1c96 00a5 | be45 ffff | ff48 8b2c | 2448 8944 | 24f8 8b44 | 2438 8944 | 2404 488b 
  0x00007e5bdc58024c: 4424 f848 | ff74 2410 | 488f 4424 | 0848 ff74 | 2430 488f | 4424 1848 | ff74 2428 | 488f 4424 
  0x00007e5bdc58026c: 2048 8944 | 24f8 8b44 | 2448 8944 | 242c 488b | 4424 f848 | 8944 24f8 | 8b44 2450 | 8944 2438 
  0x00007e5bdc58028c: 488b 4424 | f844 8954 | 243c 4489 

  0x00007e5bdc580298: ;   {runtime_call UncommonTrapBlob}
  0x00007e5bdc580298: 5c24 50e8 

  0x00007e5bdc58029c: ; ImmutableOopMap {rbp=Oop [8]=Oop [24]=Oop [32]=Oop [60]=NarrowOop [80]=NarrowOop [104]=Oop [168]=Oop }
                      ;*if_acmpne {reexecute=1 rethrow=0 return_oop=0}
                      ; - (reexecute) org.h2.engine.SessionLocal::isClosed@10 (line 1178)
                      ; - org.h2.jdbc.JdbcConnection::checkClosed@17 (line 1374)
                      ; - org.h2.jdbc.JdbcStatement::checkClosed@17 (line 1273)
                      ; - org.h2.jdbc.JdbcPreparedStatement::setParameter@1 (line 1391)
                      ; - org.h2.jdbc.JdbcPreparedStatement::setInt@50 (line 359)
                      ; - org.apache.derbyTesting.system.oe.load.SimpleInsert::orderTable@398 (line 435)
  0x00007e5bdc58029c: 60a0 6eff 

  0x00007e5bdc5802a0: ;   {other}
  0x00007e5bdc5802a0: 0f1f 8400 | 9096 00a6 | be45 ffff | ff48 8b2c | 2448 8944 | 24f8 8b44 | 2438 8944 | 2404 488b 
  0x00007e5bdc5802c0: 4424 f848 | ff74 2410 | 488f 4424 | 0848 ff74 | 2430 488f | 4424 1848 | ff74 2428 | 488f 4424 
  0x00007e5bdc5802e0: 2048 8944 | 24f8 8b44 | 2448 8944 | 242c 488b | 4424 f848 | 8944 24f8 | 8b44 2450 | 8944 2438 
  0x00007e5bdc580300: 488b 4424 | f844 8954 | 243c 4489 

  0x00007e5bdc58030c: ;   {runtime_call UncommonTrapBlob}
  0x00007e5bdc58030c: 5c24 50e8 

  0x00007e5bdc580310: ; ImmutableOopMap {rbp=Oop [8]=Oop [24]=Oop [32]=Oop [60]=NarrowOop [104]=Oop [168]=Oop }
                      ;*ifeq {reexecute=1 rethrow=0 return_oop=0}
                      ; - (reexecute) org.h2.command.CommandContainer::getParameters@22 (line 121)
                      ; - org.h2.jdbc.JdbcPreparedStatement::setParameter@11 (line 1393)
                      ; - org.h2.jdbc.JdbcPreparedStatement::setInt@50 (line 359)
                      ; - org.apache.derbyTesting.system.oe.load.SimpleInsert::orderTable@398 (line 435)
  0x00007e5bdc580310: ec9f 6eff 

  0x00007e5bdc580314: ;   {other}
  0x00007e5bdc580314: 0f1f 8400 | 0497 00a7 | be45 ffff | ff48 8b2c | 2448 8944 | 24f8 8b44 | 2438 8944 | 2404 488b 
  0x00007e5bdc580334: 4424 f848 | ff74 2410 | 488f 4424 | 0848 ff74 | 2430 488f | 4424 1848 | ff74 2428 | 488f 4424 
  0x00007e5bdc580354: 2044 8944 

  0x00007e5bdc580358: ;   {runtime_call UncommonTrapBlob}
  0x00007e5bdc580358: 243c 90e8 

  0x00007e5bdc58035c: ; ImmutableOopMap {rbp=Oop [8]=Oop [24]=Oop [32]=Oop [104]=Oop [168]=Oop }
                      ;*if_icmplt {reexecute=1 rethrow=0 return_oop=0}
                      ; - (reexecute) org.h2.jdbc.JdbcPreparedStatement::setParameter@26 (line 1394)
                      ; - org.h2.jdbc.JdbcPreparedStatement::setInt@50 (line 359)
                      ; - org.apache.derbyTesting.system.oe.load.SimpleInsert::orderTable@398 (line 435)
  0x00007e5bdc58035c: a09f 6eff 

  0x00007e5bdc580360: ;   {other}
  0x00007e5bdc580360: 0f1f 8400 | 5097 00a8 | 498b eaeb | 0349 8be8 | be45 ffff | ff48 8944 | 24f8 8b44 | 2454 8944 
  0x00007e5bdc580380: 2408 488b | 4424 f848 | 8944 24f8 | 8b44 2438 | 8944 240c | 488b 4424 | f848 ff74 | 2430 488f 
  0x00007e5bdc5803a0: 4424 2048 | 8944 24f8 | 8b44 2448 | 8944 2434 | 488b 4424 | f848 8944 | 24f8 8b44 | 2450 8944 
  0x00007e5bdc5803c0: 2440 488b | 4424 f848 | 894c 2450 | 4489 5c24 

  0x00007e5bdc5803d0: ;   {runtime_call UncommonTrapBlob}
  0x00007e5bdc5803d0: 4466 90e8 

  0x00007e5bdc5803d4: ; ImmutableOopMap {rbp=Oop [0]=Oop [16]=Oop [32]=Oop [40]=Oop [80]=Oop [104]=Oop [168]=Oop }
                      ;*ifeq {reexecute=1 rethrow=0 return_oop=0}
                      ; - (reexecute) java.util.Random::next@35 (line 444)
                      ; - java.util.Random::nextDouble@3 (line 698)
                      ; - org.apache.derbyTesting.system.oe.util.OERandom::randomInt@4 (line 124)
                      ; - org.apache.derbyTesting.system.oe.util.OERandom::randomAString24@7 (line 453)
                      ; - org.apache.derbyTesting.system.oe.load.SimpleInsert::orderTable@411 (line 436)
  0x00007e5bdc5803d4: 289f 6eff 

  0x00007e5bdc5803d8: ;   {other}
  0x00007e5bdc5803d8: 0f1f 8400 | c897 00a9 | 498b ebeb | 0349 8bea | be45 ffff | ff48 8944 | 24f8 8b44 | 2454 8944 
  0x00007e5bdc5803f8: 2408 488b | 4424 f848 | 8944 24f8 | 8b44 2438 | 8944 240c | 488b 4424 | f848 ff74 | 2430 488f 
  0x00007e5bdc580418: 4424 2048 | 8944 24f8 | 8b44 2448 | 8944 2434 | 488b 4424 | f848 8944 | 24f8 8b44 | 2450 8944 
  0x00007e5bdc580438: 2440 488b | 4424 f84c | 894c 2450 | 894c 2444 

  0x00007e5bdc580448: ;   {runtime_call UncommonTrapBlob}
  0x00007e5bdc580448: 6666 90e8 

  0x00007e5bdc58044c: ; ImmutableOopMap {rbp=Oop [0]=Oop [16]=Oop [32]=Oop [40]=Oop [104]=Oop [168]=Oop }
                      ;*ifeq {reexecute=1 rethrow=0 return_oop=0}
                      ; - (reexecute) java.util.Random::next@35 (line 444)
                      ; - java.util.Random::nextDouble@13 (line 698)
                      ; - org.apache.derbyTesting.system.oe.util.OERandom::randomInt@4 (line 124)
                      ; - org.apache.derbyTesting.system.oe.util.OERandom::randomAString24@7 (line 453)
                      ; - org.apache.derbyTesting.system.oe.load.SimpleInsert::orderTable@411 (line 436)
  0x00007e5bdc58044c: b09e 6eff 

  0x00007e5bdc580450: ;   {other}
  0x00007e5bdc580450: 0f1f 8400 | 4098 00aa | be45 ffff | ff48 8b2c | 2448 8944 | 24f8 8b44 | 2454 8904 | 2448 8b44 
  0x00007e5bdc580470: 24f8 4889 | 4424 f88b | 4424 3889 | 4424 0448 | 8b44 24f8 | 48ff 7424 | 1048 8f44 | 2408 48ff 
  0x00007e5bdc580490: 7424 3048 | 8f44 2418 | 48ff 7424 | 2848 8f44 | 2420 4889 | 4424 f88b | 4424 4889 | 4424 2c48 
  0x00007e5bdc5804b0: 8b44 24f8 | 4889 4424 | f88b 4424 | 5089 4424 | 3848 8b44 | 24f8 4c89 | 5c24 5044 | 8954 243c 
  0x00007e5bdc5804d0: ;   {runtime_call UncommonTrapBlob}
  0x00007e5bdc5804d0: 6666 90e8 

  0x00007e5bdc5804d4: ; ImmutableOopMap {rbp=Oop [8]=Oop [24]=Oop [32]=Oop [80]=Oop [104]=Oop [168]=Oop }
                      ;*if_icmpne {reexecute=1 rethrow=0 return_oop=0}
                      ; - (reexecute) org.h2.message.TraceSystem::isEnabled@5 (line 154)
                      ; - org.h2.message.Trace::isEnabled@13 (line 142)
                      ; - org.h2.message.Trace::isDebugEnabled@2 (line 162)
                      ; - org.h2.message.TraceObject::debugCodeCall@4 (line 198)
                      ; - org.h2.jdbc.JdbcPreparedStatement::executeUpdate@3 (line 166)
                      ; - org.apache.derbyTesting.system.oe.load.SimpleInsert::orderTable@421 (line 437)
  0x00007e5bdc5804d4: 289e 6eff 

  0x00007e5bdc5804d8: ;   {other}
  0x00007e5bdc5804d8: 0f1f 8400 | c898 00ab | be45 ffff | ff48 8b2c | 2448 8944 | 24f8 8b44 | 2438 8944 | 2404 488b 
  0x00007e5bdc5804f8: 4424 f848 | ff74 2410 | 488f 4424 | 0848 ff74 | 2430 488f | 4424 1848 | ff74 2428 | 488f 4424 
  0x00007e5bdc580518: 2048 8944 | 24f8 8b44 | 2448 8944 | 242c 488b | 4424 f844 | 8954 243c 

  0x00007e5bdc580530: ;   {runtime_call UncommonTrapBlob}
  0x00007e5bdc580530: 6666 90e8 

  0x00007e5bdc580534: ; ImmutableOopMap {rbp=Oop [8]=Oop [24]=Oop [32]=Oop [104]=Oop [168]=Oop }
                      ;*if_icmpgt {reexecute=1 rethrow=0 return_oop=0}
                      ; - (reexecute) org.h2.message.TraceSystem::isEnabled@24 (line 157)
                      ; - org.h2.message.Trace::isEnabled@13 (line 142)
                      ; - org.h2.message.Trace::isDebugEnabled@2 (line 162)
                      ; - org.h2.message.TraceObject::debugCodeCall@4 (line 198)
                      ; - org.h2.jdbc.JdbcPreparedStatement::executeUpdate@3 (line 166)
                      ; - org.apache.derbyTesting.system.oe.load.SimpleInsert::orderTable@421 (line 437)
  0x00007e5bdc580534: c89d 6eff 

  0x00007e5bdc580538: ;   {other}
  0x00007e5bdc580538: 0f1f 8400 | 2899 00ac | be45 ffff | ff48 8b2c | 2448 8944 | 24f8 8b44 | 2438 8944 | 2404 488b 
  0x00007e5bdc580558: 4424 f848 | ff74 2410 | 488f 4424 | 0848 ff74 | 2430 488f | 4424 1848 | ff74 2428 | 488f 4424 
  0x00007e5bdc580578: 2044 895c 

  0x00007e5bdc58057c: ;   {runtime_call UncommonTrapBlob}
  0x00007e5bdc58057c: 243c 90e8 

  0x00007e5bdc580580: ; ImmutableOopMap {rbp=Oop [8]=Oop [24]=Oop [32]=Oop [60]=NarrowOop [104]=Oop [168]=Oop }
                      ;*if_acmpne {reexecute=1 rethrow=0 return_oop=0}
                      ; - (reexecute) org.h2.engine.SessionLocal::isClosed@10 (line 1178)
                      ; - org.h2.jdbc.JdbcConnection::checkClosed@17 (line 1374)
                      ; - org.h2.jdbc.JdbcStatement::checkClosed@17 (line 1273)
                      ; - org.h2.jdbc.JdbcPreparedStatement::executeUpdate@7 (line 167)
                      ; - org.apache.derbyTesting.system.oe.load.SimpleInsert::orderTable@421 (line 437)
  0x00007e5bdc580580: 7c9d 6eff 

  0x00007e5bdc580584: ;   {other}
  0x00007e5bdc580584: 0f1f 8400 | 7499 00ad | be45 ffff | ff48 8b2c | 2448 8944 | 24f8 8b44 | 2454 8904 | 2448 8b44 
  0x00007e5bdc5805a4: 24f8 4889 | 4424 f88b | 4424 3889 | 4424 0448 | 8b44 24f8 | 48ff 7424 | 1048 8f44 | 2408 48ff 
  0x00007e5bdc5805c4: 7424 3048 | 8f44 2418 | 48ff 7424 | 2848 8f44 | 2420 4889 | 4424 f88b | 4424 4889 | 4424 2c48 
  0x00007e5bdc5805e4: 8b44 24f8 | 4889 4424 | f88b 4424 | 5089 4424 | 3848 8b44 | 24f8 4489 

  0x00007e5bdc5805fc: ;   {runtime_call UncommonTrapBlob}
  0x00007e5bdc5805fc: 5c24 3ce8 

  0x00007e5bdc580600: ; ImmutableOopMap {rbp=Oop [8]=Oop [24]=Oop [32]=Oop [60]=NarrowOop [104]=Oop [168]=Oop }
                      ;*ifnull {reexecute=1 rethrow=0 return_oop=0}
                      ; - (reexecute) org.h2.jdbc.JdbcStatement::closeOldResultSet@4 (line 1282)
                      ; - org.h2.jdbc.JdbcPreparedStatement::executeUpdateInternal@1 (line 205)
                      ; - org.h2.jdbc.JdbcPreparedStatement::executeUpdate@16 (line 169)
                      ; - org.apache.derbyTesting.system.oe.load.SimpleInsert::orderTable@421 (line 437)
  0x00007e5bdc580600: fc9c 6eff 

  0x00007e5bdc580604: ;   {other}
  0x00007e5bdc580604: 0f1f 8400 | f499 00ae | be45 ffff | ff48 8b2c | 2448 8944 | 24f8 8b44 | 2454 8904 | 2448 8b44 
  0x00007e5bdc580624: 24f8 4889 | 4424 f88b | 4424 3889 | 4424 0448 | 8b44 24f8 | 48ff 7424 | 1048 8f44 | 2408 48ff 
  0x00007e5bdc580644: 7424 3048 | 8f44 2418 | 48ff 7424 | 2848 8f44 | 2420 4889 | 4424 f88b | 4424 4889 | 4424 2c48 
  0x00007e5bdc580664: 8b44 24f8 | 4889 4424 | f88b 4424 | 5089 4424 | 3848 8b44 | 24f8 4489 

  0x00007e5bdc58067c: ;   {runtime_call UncommonTrapBlob}
  0x00007e5bdc58067c: 5c24 3ce8 

  0x00007e5bdc580680: ; ImmutableOopMap {rbp=Oop [8]=Oop [24]=Oop [32]=Oop [60]=NarrowOop [104]=Oop [168]=Oop }
                      ;*ifnull {reexecute=1 rethrow=0 return_oop=0}
                      ; - (reexecute) org.h2.jdbc.JdbcStatement::closeOldResultSet@19 (line 1285)
                      ; - org.h2.jdbc.JdbcPreparedStatement::executeUpdateInternal@1 (line 205)
                      ; - org.h2.jdbc.JdbcPreparedStatement::executeUpdate@16 (line 169)
                      ; - org.apache.derbyTesting.system.oe.load.SimpleInsert::orderTable@421 (line 437)
  0x00007e5bdc580680: 7c9c 6eff 

  0x00007e5bdc580684: ;   {other}
  0x00007e5bdc580684: 0f1f 8400 | 749a 00af | 41bb ffff | ff7f 4d3b | d3bd ffff | ffff 7c08 | 400f 95c5 | 400f b6ed 
  0x00007e5bdc5806a4: be45 ffff | ff48 8944 | 24f8 8b44 | 2438 8944 | 240c 488b | 4424 f848 | ff74 2430 | 488f 4424 
  0x00007e5bdc5806c4: 2048 8944 | 24f8 8b44 | 2448 8944 | 2434 488b 

  0x00007e5bdc5806d4: ;   {runtime_call UncommonTrapBlob}
  0x00007e5bdc5806d4: 4424 f8e8 

  0x00007e5bdc5806d8: ; ImmutableOopMap {[0]=Oop [16]=Oop [32]=Oop [40]=Oop [104]=Oop [168]=Oop }
                      ;*ifgt {reexecute=1 rethrow=0 return_oop=0}
                      ; - (reexecute) org.h2.jdbc.JdbcPreparedStatement::executeUpdate@25 (line 170)
                      ; - org.apache.derbyTesting.system.oe.load.SimpleInsert::orderTable@421 (line 437)
  0x00007e5bdc5806d8: 249c 6eff 

  0x00007e5bdc5806dc: ;   {other}
  0x00007e5bdc5806dc: 0f1f 8400 | cc9a 00b0 | 488b 6c24 | 20eb 0548 | 8b6c 2420 | be45 ffff | ff48 8944 | 24f8 8b44 
  0x00007e5bdc5806fc: 2454 8944 | 2408 488b | 4424 f848 | 8944 24f8 | 8b44 2438 | 8944 240c | 488b 4424 | f848 ff74 
  0x00007e5bdc58071c: 2430 488f | 4424 2048 | 8944 24f8 | 8b44 2458 | 8944 2430 | 488b 4424 | f848 8944 | 24f8 8b44 
  0x00007e5bdc58073c: 2448 8944 | 2434 488b | 4424 f848 | 8944 24f8 | 8b44 2450 | 8944 2440 | 488b 4424 | f848 ff74 
  0x00007e5bdc58075c: 2468 488f | 4424 4848 | ff74 2468 | 488f 4424 | 5044 8944 | 2468 4489 

  0x00007e5bdc580774: ;   {runtime_call UncommonTrapBlob}
  0x00007e5bdc580774: 5c24 6ce8 

  0x00007e5bdc580778: ; ImmutableOopMap {rbp=Oop [0]=Oop [16]=Oop [32]=Oop [40]=Oop [72]=Oop [80]=Oop [128]=Oop [136]=Oop [168]=Oop }
                      ;*if_icmpne {reexecute=1 rethrow=0 return_oop=0}
                      ; - (reexecute) org.h2.value.ValueSmallint::equals@18 (line 176)
                      ; - org.h2.value.Value::cache@82 (line 750)
                      ; - org.h2.value.ValueSmallint::get@8 (line 171)
                      ; - org.h2.jdbc.JdbcPreparedStatement::setShort@47 (line 659)
                      ; - org.apache.derbyTesting.system.oe.load.SimpleInsert::orderTable@302 (line 425)
  0x00007e5bdc580778: 849b 6eff 

  0x00007e5bdc58077c: ;   {other}
  0x00007e5bdc58077c: 0f1f 8400 | 6c9b 00b1 | 498b e8be | 45ff ffff | 4889 4424 | f88b 4424 | 3889 4424 | 0c48 8b44 
  0x00007e5bdc58079c: 24f8 48ff | 7424 3048 | 8f44 2420 | 4889 4424 | f88b 4424 | 4889 4424 | 3448 8b44 | 24f8 4489 
  0x00007e5bdc5807bc: ;   {runtime_call UncommonTrapBlob}
  0x00007e5bdc5807bc: 5424 44e8 

  0x00007e5bdc5807c0: ; ImmutableOopMap {rbp=Oop [0]=Oop [16]=Oop [32]=Oop [40]=Oop [104]=Oop [168]=Oop }
                      ;*if_icmpne {reexecute=1 rethrow=0 return_oop=0}
                      ; - (reexecute) org.h2.message.Trace::isEnabled@5 (line 141)
                      ; - org.h2.message.Trace::isDebugEnabled@2 (line 162)
                      ; - org.h2.message.TraceObject::isDebugEnabled@4 (line 163)
                      ; - org.h2.jdbc.JdbcPreparedStatement::setNull@1 (line 337)
                      ; - org.apache.derbyTesting.system.oe.load.SimpleInsert::orderTable@357 (line 431)
  0x00007e5bdc5807c0: 3c9b 6eff 

  0x00007e5bdc5807c4: ;   {other}
  0x00007e5bdc5807c4: 0f1f 8400 | b49b 00b2 | be45 ffff | ff48 8b2c | 2448 8944 | 24f8 8b44 | 2454 8904 | 2448 8b44 
  0x00007e5bdc5807e4: 24f8 4889 | 4424 f88b | 4424 3889 | 4424 0448 | 8b44 24f8 | 48ff 7424 | 1048 8f44 | 2408 48ff 
  0x00007e5bdc580804: 7424 3048 | 8f44 2418 | 48ff 7424 | 2848 8f44 | 2420 4889 | 4424 f88b | 4424 4889 | 4424 2c48 
  0x00007e5bdc580824: 8b44 24f8 | 4889 4424 | f88b 4424 | 5089 4424 | 3848 8b44 | 24f8 4c89 | 5c24 5044 | 8954 243c 
  0x00007e5bdc580844: ;   {runtime_call UncommonTrapBlob}
  0x00007e5bdc580844: 6666 90e8 

  0x00007e5bdc580848: ; ImmutableOopMap {rbp=Oop [8]=Oop [24]=Oop [32]=Oop [80]=Oop [104]=Oop [168]=Oop }
                      ;*ifle {reexecute=1 rethrow=0 return_oop=0}
                      ; - (reexecute) org.h2.command.CommandContainer::getParameters@12 (line 121)
                      ; - org.h2.jdbc.JdbcPreparedStatement::setParameter@11 (line 1393)
                      ; - org.h2.jdbc.JdbcPreparedStatement::setNull@49 (line 340)
                      ; - org.apache.derbyTesting.system.oe.load.SimpleInsert::orderTable@357 (line 431)
  0x00007e5bdc580848: b49a 6eff 

  0x00007e5bdc58084c: ;   {other}
  0x00007e5bdc58084c: 0f1f 8400 | 3c9c 00b3 | be45 ffff | ff48 8b2c | 2448 8944 | 24f8 8b44 | 2438 8944 | 2404 488b 
  0x00007e5bdc58086c: 4424 f848 | ff74 2410 | 488f 4424 | 0848 ff74 | 2430 488f | 4424 1848 | ff74 2428 | 488f 4424 
  0x00007e5bdc58088c: 2048 8944 | 24f8 8b44 | 2448 8944 | 242c 488b | 4424 f84c | 895c 2448 | 4489 5424 

  0x00007e5bdc5808a8: ;   {runtime_call UncommonTrapBlob}
  0x00007e5bdc5808a8: 3c66 90e8 

  0x00007e5bdc5808ac: ; ImmutableOopMap {rbp=Oop [8]=Oop [24]=Oop [32]=Oop [60]=NarrowOop [72]=Oop [104]=Oop [168]=Oop }
                      ;*ifnonnull {reexecute=1 rethrow=0 return_oop=0}
                      ; - (reexecute) org.h2.jdbc.JdbcPreparedStatement::setParameter@58 (line 1400)
                      ; - org.h2.jdbc.JdbcPreparedStatement::setNull@49 (line 340)
                      ; - org.apache.derbyTesting.system.oe.load.SimpleInsert::orderTable@357 (line 431)
  0x00007e5bdc5808ac: 509a 6eff 

  0x00007e5bdc5808b0: ;   {other}
  0x00007e5bdc5808b0: 0f1f 8400 | a09c 00b4 | 498b ebbe | 45ff ffff | 4889 4424 | f88b 4424 | 3889 4424 | 0c48 8b44 
  0x00007e5bdc5808d0: 24f8 48ff | 7424 3048 | 8f44 2420 | 4889 4424 | f88b 4424 | 4889 4424 | 3448 8b44 | 24f8 4489 
  0x00007e5bdc5808f0: ;   {runtime_call UncommonTrapBlob}
  0x00007e5bdc5808f0: 4424 44e8 

  0x00007e5bdc5808f4: ; ImmutableOopMap {rbp=Oop [0]=Oop [16]=Oop [32]=Oop [40]=Oop [104]=Oop [168]=Oop }
                      ;*if_icmpne {reexecute=1 rethrow=0 return_oop=0}
                      ; - (reexecute) org.h2.message.Trace::isEnabled@5 (line 141)
                      ; - org.h2.message.Trace::isDebugEnabled@2 (line 162)
                      ; - org.h2.message.TraceObject::isDebugEnabled@4 (line 163)
                      ; - org.h2.jdbc.JdbcPreparedStatement::setNull@1 (line 337)
                      ; - org.apache.derbyTesting.system.oe.load.SimpleInsert::orderTable@368 (line 432)
  0x00007e5bdc5808f4: 089a 6eff 

  0x00007e5bdc5808f8: ;   {other}
  0x00007e5bdc5808f8: 0f1f 8400 | e89c 00b5 | be45 ffff | ff48 8b2c | 2448 8944 | 24f8 8b44 | 2454 8904 | 2448 8b44 
  0x00007e5bdc580918: 24f8 4889 | 4424 f88b | 4424 3889 | 4424 0448 | 8b44 24f8 | 48ff 7424 | 1048 8f44 | 2408 48ff 
  0x00007e5bdc580938: 7424 3048 | 8f44 2418 | 48ff 7424 | 2848 8f44 | 2420 4889 | 4424 f88b | 4424 4889 | 4424 2c48 
  0x00007e5bdc580958: 8b44 24f8 | 4889 4424 | f88b 4424 | 5089 4424 | 3848 8b44 | 24f8 4c89 | 5424 5044 | 895c 243c 
  0x00007e5bdc580978: ;   {runtime_call UncommonTrapBlob}
  0x00007e5bdc580978: 6666 90e8 

  0x00007e5bdc58097c: ; ImmutableOopMap {rbp=Oop [8]=Oop [24]=Oop [32]=Oop [80]=Oop [104]=Oop [168]=Oop }
                      ;*ifle {reexecute=1 rethrow=0 return_oop=0}
                      ; - (reexecute) org.h2.command.CommandContainer::getParameters@12 (line 121)
                      ; - org.h2.jdbc.JdbcPreparedStatement::setParameter@11 (line 1393)
                      ; - org.h2.jdbc.JdbcPreparedStatement::setNull@49 (line 340)
                      ; - org.apache.derbyTesting.system.oe.load.SimpleInsert::orderTable@368 (line 432)
  0x00007e5bdc58097c: 8099 6eff 

  0x00007e5bdc580980: ;   {other}
  0x00007e5bdc580980: 0f1f 8400 | 709d 00b6 | be45 ffff | ff48 8b2c | 2448 8944 | 24f8 8b44 | 2438 8944 | 2404 488b 
  0x00007e5bdc5809a0: 4424 f848 | ff74 2410 | 488f 4424 | 0848 ff74 | 2430 488f | 4424 1848 | ff74 2428 | 488f 4424 
  0x00007e5bdc5809c0: 2048 8944 | 24f8 8b44 | 2448 8944 | 242c 488b | 4424 f84c | 895c 2448 | 4489 5424 

  0x00007e5bdc5809dc: ;   {runtime_call UncommonTrapBlob}
  0x00007e5bdc5809dc: 3c66 90e8 

  0x00007e5bdc5809e0: ; ImmutableOopMap {rbp=Oop [8]=Oop [24]=Oop [32]=Oop [60]=NarrowOop [72]=Oop [104]=Oop [168]=Oop }
                      ;*ifnonnull {reexecute=1 rethrow=0 return_oop=0}
                      ; - (reexecute) org.h2.jdbc.JdbcPreparedStatement::setParameter@58 (line 1400)
                      ; - org.h2.jdbc.JdbcPreparedStatement::setNull@49 (line 340)
                      ; - org.apache.derbyTesting.system.oe.load.SimpleInsert::orderTable@368 (line 432)
  0x00007e5bdc5809e0: 1c99 6eff 

  0x00007e5bdc5809e4: ;   {other}
  0x00007e5bdc5809e4: 0f1f 8400 | d49d 00b7 | be45 ffff | ff48 8b2c | 2448 8944 | 24f8 8b44 | 2438 8944 | 2404 488b 
  0x00007e5bdc580a04: 4424 f848 | ff74 2410 | 488f 4424 | 0848 ff74 | 2430 488f | 4424 1848 | ff74 2428 | 488f 4424 
  0x00007e5bdc580a24: 2048 8944 | 24f8 8b44 | 2448 8944 | 242c 488b | 4424 f84c | 8954 2448 | 4489 5c24 

  0x00007e5bdc580a40: ;   {runtime_call UncommonTrapBlob}
  0x00007e5bdc580a40: 3c66 90e8 

  0x00007e5bdc580a44: ; ImmutableOopMap {rbp=Oop [8]=Oop [24]=Oop [32]=Oop [72]=Oop [104]=Oop [168]=Oop }
                      ;*if_icmpne {reexecute=1 rethrow=0 return_oop=0}
                      ; - (reexecute) org.h2.message.TraceSystem::isEnabled@5 (line 154)
                      ; - org.h2.message.Trace::isEnabled@13 (line 142)
                      ; - org.h2.message.Trace::isDebugEnabled@2 (line 162)
                      ; - org.h2.message.TraceObject::isDebugEnabled@4 (line 163)
                      ; - org.h2.jdbc.JdbcPreparedStatement::setNull@1 (line 337)
                      ; - org.apache.derbyTesting.system.oe.load.SimpleInsert::orderTable@357 (line 431)
  0x00007e5bdc580a44: b898 6eff 

  0x00007e5bdc580a48: ;   {other}
  0x00007e5bdc580a48: 0f1f 8400 | 389e 00b8 | be45 ffff | ff48 8b2c | 2448 8944 | 24f8 8b44 | 2438 8944 | 2404 488b 
  0x00007e5bdc580a68: 4424 f848 | ff74 2410 | 488f 4424 | 0848 ff74 | 2430 488f | 4424 1848 | ff74 2428 | 488f 4424 
  0x00007e5bdc580a88: 2044 895c 

  0x00007e5bdc580a8c: ;   {runtime_call UncommonTrapBlob}
  0x00007e5bdc580a8c: 243c 90e8 

  0x00007e5bdc580a90: ; ImmutableOopMap {rbp=Oop [8]=Oop [24]=Oop [32]=Oop [104]=Oop [168]=Oop }
                      ;*if_icmpgt {reexecute=1 rethrow=0 return_oop=0}
                      ; - (reexecute) org.h2.message.TraceSystem::isEnabled@24 (line 157)
                      ; - org.h2.message.Trace::isEnabled@13 (line 142)
                      ; - org.h2.message.Trace::isDebugEnabled@2 (line 162)
                      ; - org.h2.message.TraceObject::isDebugEnabled@4 (line 163)
                      ; - org.h2.jdbc.JdbcPreparedStatement::setNull@1 (line 337)
                      ; - org.apache.derbyTesting.system.oe.load.SimpleInsert::orderTable@357 (line 431)
  0x00007e5bdc580a90: 6c98 6eff 

  0x00007e5bdc580a94: ;   {other}
  0x00007e5bdc580a94: 0f1f 8400 | 849e 00b9 | be45 ffff | ff48 8b2c | 2448 8944 | 24f8 8b44 | 2438 8944 | 2404 488b 
  0x00007e5bdc580ab4: 4424 f848 | ff74 2410 | 488f 4424 | 0848 ff74 | 2430 488f | 4424 1848 | ff74 2428 | 488f 4424 
  0x00007e5bdc580ad4: 2048 8944 | 24f8 8b44 | 2448 8944 | 242c 488b | 4424 f844 | 8954 243c 

  0x00007e5bdc580aec: ;   {runtime_call UncommonTrapBlob}
  0x00007e5bdc580aec: 6666 90e8 

  0x00007e5bdc580af0: ; ImmutableOopMap {rbp=Oop [8]=Oop [24]=Oop [32]=Oop [60]=NarrowOop [104]=Oop [168]=Oop }
                      ;*if_acmpne {reexecute=1 rethrow=0 return_oop=0}
                      ; - (reexecute) org.h2.engine.SessionLocal::isClosed@10 (line 1178)
                      ; - org.h2.jdbc.JdbcConnection::checkClosed@17 (line 1374)
                      ; - org.h2.jdbc.JdbcStatement::checkClosed@17 (line 1273)
                      ; - org.h2.jdbc.JdbcPreparedStatement::setParameter@1 (line 1391)
                      ; - org.h2.jdbc.JdbcPreparedStatement::setNull@49 (line 340)
                      ; - org.apache.derbyTesting.system.oe.load.SimpleInsert::orderTable@357 (line 431)
  0x00007e5bdc580af0: 0c98 6eff 

  0x00007e5bdc580af4: ;   {other}
  0x00007e5bdc580af4: 0f1f 8400 | e49e 00ba | be45 ffff | ff48 8b2c | 2448 8944 | 24f8 8b44 | 2438 8944 | 2404 488b 
  0x00007e5bdc580b14: 4424 f848 | ff74 2410 | 488f 4424 | 0848 ff74 | 2430 488f | 4424 1848 | ff74 2428 | 488f 4424 
  0x00007e5bdc580b34: 2048 8944 | 24f8 8b44 | 2448 8944 | 242c 488b | 4424 f844 | 8944 243c 

  0x00007e5bdc580b4c: ;   {runtime_call UncommonTrapBlob}
  0x00007e5bdc580b4c: 6666 90e8 

  0x00007e5bdc580b50: ; ImmutableOopMap {rbp=Oop [8]=Oop [24]=Oop [32]=Oop [104]=Oop [168]=Oop }
                      ;*ifeq {reexecute=1 rethrow=0 return_oop=0}
                      ; - (reexecute) org.h2.command.CommandContainer::getParameters@22 (line 121)
                      ; - org.h2.jdbc.JdbcPreparedStatement::setParameter@11 (line 1393)
                      ; - org.h2.jdbc.JdbcPreparedStatement::setNull@49 (line 340)
                      ; - org.apache.derbyTesting.system.oe.load.SimpleInsert::orderTable@357 (line 431)
  0x00007e5bdc580b50: ac97 6eff 

  0x00007e5bdc580b54: ;   {other}
  0x00007e5bdc580b54: 0f1f 8400 | 449f 00bb | be45 ffff | ff48 8b2c | 2448 8944 | 24f8 8b44 | 2438 8944 | 2404 488b 
  0x00007e5bdc580b74: 4424 f848 | ff74 2410 | 488f 4424 | 0848 ff74 | 2430 488f | 4424 1848 | ff74 2428 | 488f 4424 
  0x00007e5bdc580b94: 2044 8954 

  0x00007e5bdc580b98: ;   {runtime_call UncommonTrapBlob}
  0x00007e5bdc580b98: 243c 90e8 

  0x00007e5bdc580b9c: ; ImmutableOopMap {rbp=Oop [8]=Oop [24]=Oop [32]=Oop [104]=Oop [168]=Oop }
                      ;*if_icmplt {reexecute=1 rethrow=0 return_oop=0}
                      ; - (reexecute) org.h2.jdbc.JdbcPreparedStatement::setParameter@26 (line 1394)
                      ; - org.h2.jdbc.JdbcPreparedStatement::setNull@49 (line 340)
                      ; - org.apache.derbyTesting.system.oe.load.SimpleInsert::orderTable@357 (line 431)
  0x00007e5bdc580b9c: 6097 6eff 

  0x00007e5bdc580ba0: ;   {other}
  0x00007e5bdc580ba0: 0f1f 8400 | 909f 00bc | be45 ffff | ff48 8b2c | 2448 8944 | 24f8 8b44 | 2438 8944 | 2404 488b 
  0x00007e5bdc580bc0: 4424 f848 | ff74 2410 | 488f 4424 | 0848 ff74 | 2430 488f | 4424 1848 | ff74 2428 | 488f 4424 
  0x00007e5bdc580be0: 2048 8944 | 24f8 8b44 | 2448 8944 | 242c 488b | 4424 f84c | 895c 2448 | 4489 5424 

  0x00007e5bdc580bfc: ;   {runtime_call UncommonTrapBlob}
  0x00007e5bdc580bfc: 3c66 90e8 

  0x00007e5bdc580c00: ; ImmutableOopMap {rbp=Oop [8]=Oop [24]=Oop [32]=Oop [72]=Oop [104]=Oop [168]=Oop }
                      ;*if_icmpne {reexecute=1 rethrow=0 return_oop=0}
                      ; - (reexecute) org.h2.message.TraceSystem::isEnabled@5 (line 154)
                      ; - org.h2.message.Trace::isEnabled@13 (line 142)
                      ; - org.h2.message.Trace::isDebugEnabled@2 (line 162)
                      ; - org.h2.message.TraceObject::isDebugEnabled@4 (line 163)
                      ; - org.h2.jdbc.JdbcPreparedStatement::setNull@1 (line 337)
                      ; - org.apache.derbyTesting.system.oe.load.SimpleInsert::orderTable@368 (line 432)
  0x00007e5bdc580c00: fc96 6eff 

  0x00007e5bdc580c04: ;   {other}
  0x00007e5bdc580c04: 0f1f 8400 | f49f 00bd | be45 ffff | ff48 8b2c | 2448 8944 | 24f8 8b44 | 2438 8944 | 2404 488b 
  0x00007e5bdc580c24: 4424 f848 | ff74 2410 | 488f 4424 | 0848 ff74 | 2430 488f | 4424 1848 | ff74 2428 | 488f 4424 
  0x00007e5bdc580c44: 2044 8954 

  0x00007e5bdc580c48: ;   {runtime_call UncommonTrapBlob}
  0x00007e5bdc580c48: 243c 90e8 

  0x00007e5bdc580c4c: ; ImmutableOopMap {rbp=Oop [8]=Oop [24]=Oop [32]=Oop [104]=Oop [168]=Oop }
                      ;*if_icmpgt {reexecute=1 rethrow=0 return_oop=0}
                      ; - (reexecute) org.h2.message.TraceSystem::isEnabled@24 (line 157)
                      ; - org.h2.message.Trace::isEnabled@13 (line 142)
                      ; - org.h2.message.Trace::isDebugEnabled@2 (line 162)
                      ; - org.h2.message.TraceObject::isDebugEnabled@4 (line 163)
                      ; - org.h2.jdbc.JdbcPreparedStatement::setNull@1 (line 337)
                      ; - org.apache.derbyTesting.system.oe.load.SimpleInsert::orderTable@368 (line 432)
  0x00007e5bdc580c4c: b096 6eff 

  0x00007e5bdc580c50: ;   {other}
  0x00007e5bdc580c50: 0f1f 8400 | 40a0 00be | be45 ffff | ff48 8b2c | 2448 8944 | 24f8 8b44 | 2438 8944 | 2404 488b 
  0x00007e5bdc580c70: 4424 f848 | ff74 2410 | 488f 4424 | 0848 ff74 | 2430 488f | 4424 1848 | ff74 2428 | 488f 4424 
  0x00007e5bdc580c90: 2048 8944 | 24f8 8b44 | 2448 8944 | 242c 488b | 4424 f844 | 8954 243c 

  0x00007e5bdc580ca8: ;   {runtime_call UncommonTrapBlob}
  0x00007e5bdc580ca8: 6666 90e8 

  0x00007e5bdc580cac: ; ImmutableOopMap {rbp=Oop [8]=Oop [24]=Oop [32]=Oop [60]=NarrowOop [104]=Oop [168]=Oop }
                      ;*if_acmpne {reexecute=1 rethrow=0 return_oop=0}
                      ; - (reexecute) org.h2.engine.SessionLocal::isClosed@10 (line 1178)
                      ; - org.h2.jdbc.JdbcConnection::checkClosed@17 (line 1374)
                      ; - org.h2.jdbc.JdbcStatement::checkClosed@17 (line 1273)
                      ; - org.h2.jdbc.JdbcPreparedStatement::setParameter@1 (line 1391)
                      ; - org.h2.jdbc.JdbcPreparedStatement::setNull@49 (line 340)
                      ; - org.apache.derbyTesting.system.oe.load.SimpleInsert::orderTable@368 (line 432)
  0x00007e5bdc580cac: 5096 6eff 

  0x00007e5bdc580cb0: ;   {other}
  0x00007e5bdc580cb0: 0f1f 8400 | a0a0 00bf | be45 ffff | ff48 8b2c | 2448 8944 | 24f8 8b44 | 2438 8944 | 2404 488b 
  0x00007e5bdc580cd0: 4424 f848 | ff74 2410 | 488f 4424 | 0848 ff74 | 2430 488f | 4424 1848 | ff74 2428 | 488f 4424 
  0x00007e5bdc580cf0: 2048 8944 | 24f8 8b44 | 2448 8944 | 242c 488b | 4424 f844 | 894c 243c 

  0x00007e5bdc580d08: ;   {runtime_call UncommonTrapBlob}
  0x00007e5bdc580d08: 6666 90e8 

  0x00007e5bdc580d0c: ; ImmutableOopMap {rbp=Oop [8]=Oop [24]=Oop [32]=Oop [104]=Oop [168]=Oop }
                      ;*ifeq {reexecute=1 rethrow=0 return_oop=0}
                      ; - (reexecute) org.h2.command.CommandContainer::getParameters@22 (line 121)
                      ; - org.h2.jdbc.JdbcPreparedStatement::setParameter@11 (line 1393)
                      ; - org.h2.jdbc.JdbcPreparedStatement::setNull@49 (line 340)
                      ; - org.apache.derbyTesting.system.oe.load.SimpleInsert::orderTable@368 (line 432)
  0x00007e5bdc580d0c: f095 6eff 

  0x00007e5bdc580d10: ;   {other}
  0x00007e5bdc580d10: 0f1f 8400 | 00a1 00c0 | be45 ffff | ff48 8b2c | 2448 8944 | 24f8 8b44 | 2438 8944 | 2404 488b 
  0x00007e5bdc580d30: 4424 f848 | ff74 2410 | 488f 4424 | 0848 ff74 | 2430 488f | 4424 1848 | ff74 2428 | 488f 4424 
  0x00007e5bdc580d50: 2044 895c 

  0x00007e5bdc580d54: ;   {runtime_call UncommonTrapBlob}
  0x00007e5bdc580d54: 243c 90e8 

  0x00007e5bdc580d58: ; ImmutableOopMap {rbp=Oop [8]=Oop [24]=Oop [32]=Oop [104]=Oop [168]=Oop }
                      ;*if_icmplt {reexecute=1 rethrow=0 return_oop=0}
                      ; - (reexecute) org.h2.jdbc.JdbcPreparedStatement::setParameter@26 (line 1394)
                      ; - org.h2.jdbc.JdbcPreparedStatement::setNull@49 (line 340)
                      ; - org.apache.derbyTesting.system.oe.load.SimpleInsert::orderTable@368 (line 432)
  0x00007e5bdc580d58: a495 6eff 

  0x00007e5bdc580d5c: ;   {other}
  0x00007e5bdc580d5c: 0f1f 8400 | 4ca1 00c1 | bee4 ffff | ff48 8b2c | 2448 8944 | 24f8 8b44 | 2438 8944 | 2404 488b 
  0x00007e5bdc580d7c: 4424 f848 | ff74 2430 | 488f 4424 | 0848 ff74 | 2428 488f | 4424 1048 | 8944 24f8 | 8b44 243c 
  0x00007e5bdc580d9c: 8944 2418 | 488b 4424 | f848 ff74 | 2440 488f | 4424 2844 | 895c 241c | 4489 4c24 | 4044 8954 
  0x00007e5bdc580dbc: ;   {runtime_call UncommonTrapBlob}
  0x00007e5bdc580dbc: 2444 90e8 

  0x00007e5bdc580dc0: ; ImmutableOopMap {rbp=Oop [8]=Oop [16]=Oop [28]=NarrowOop [40]=Oop [64]=NarrowOop [112]=Oop }
                      ;*invokestatic checkIndex {reexecute=0 rethrow=0 return_oop=0}
                      ; - java.util.Objects::checkIndex@3 (line 385)
                      ; - java.util.ArrayList::get@5 (line 427)
                      ; - org.h2.jdbc.JdbcPreparedStatement::setParameter@43 (line 1398)
                      ; - org.h2.jdbc.JdbcPreparedStatement::setInt@50 (line 359)
                      ; - org.apache.derbyTesting.system.oe.load.SimpleInsert::orderTable@81 (line 393)
  0x00007e5bdc580dc0: 3c95 6eff 

  0x00007e5bdc580dc4: ;   {other}
  0x00007e5bdc580dc4: 0f1f 8400 | b4a1 00c2 | bee4 ffff | ff48 8b2c | 2448 8944 | 24f8 8b44 | 2438 8944 | 2404 488b 
  0x00007e5bdc580de4: 4424 f848 | ff74 2430 | 488f 4424 | 0848 8944 | 24f8 8b44 | 243c 8944 | 2418 488b | 4424 f848 
  0x00007e5bdc580e04: ff74 2428 | 488f 4424 

  0x00007e5bdc580e0c: ;   {runtime_call UncommonTrapBlob}
  0x00007e5bdc580e0c: 2066 90e8 

  0x00007e5bdc580e10: ; ImmutableOopMap {rbp=Oop [8]=Oop [32]=Oop [64]=Oop [112]=Oop }
                      ;*iaload {reexecute=0 rethrow=0 return_oop=0}
                      ; - org.apache.derbyTesting.system.oe.load.SimpleInsert::orderTable@94 (line 394)
  0x00007e5bdc580e10: ec94 6eff 

  0x00007e5bdc580e14: ;   {other}
  0x00007e5bdc580e14: 0f1f 8400 | 04a2 00c3 | bef6 ffff 

  0x00007e5bdc580e20: ;   {runtime_call UncommonTrapBlob}
  0x00007e5bdc580e20: ff66 90e8 

  0x00007e5bdc580e24: ; ImmutableOopMap {}
                      ;*invokevirtual randomInt {reexecute=0 rethrow=0 return_oop=0}
                      ; - org.apache.derbyTesting.system.oe.load.SimpleInsert::orderTable@190 (line 409)
  0x00007e5bdc580e24: d894 6eff 

  0x00007e5bdc580e28: ;   {other}
  0x00007e5bdc580e28: 0f1f 8400 | 18a2 00c4 | bede ffff | ff48 8944 | 24f8 8b44 | 2438 8944 | 240c 488b | 4424 f848 
  0x00007e5bdc580e48: ff74 2430 | 488f 4424 | 1048 ff74 | 2428 488f | 4424 1848 | 8944 24f8 | 8b44 243c | 8944 2420 
  0x00007e5bdc580e68: 488b 4424 

  0x00007e5bdc580e6c: ;   {runtime_call UncommonTrapBlob}
  0x00007e5bdc580e6c: f866 90e8 

  0x00007e5bdc580e70: ; ImmutableOopMap {rbp=NarrowOop [0]=Oop [16]=Oop [24]=Oop [64]=Oop [112]=Oop }
                      ;*invokeinterface isEnabled {reexecute=0 rethrow=0 return_oop=0}
                      ; - org.h2.message.Trace::isEnabled@13 (line 142)
                      ; - org.h2.message.Trace::isDebugEnabled@2 (line 162)
                      ; - org.h2.message.TraceObject::isDebugEnabled@4 (line 163)
                      ; - org.h2.jdbc.JdbcPreparedStatement::setInt@1 (line 356)
                      ; - org.apache.derbyTesting.system.oe.load.SimpleInsert::orderTable@81 (line 393)
  0x00007e5bdc580e70: 8c94 6eff 

  0x00007e5bdc580e74: ;   {other}
  0x00007e5bdc580e74: 0f1f 8400 | 64a2 00c5 | bede ffff | ff48 8944 | 24f8 8b44 | 2438 8944 | 240c 488b | 4424 f848 
  0x00007e5bdc580e94: ff74 2430 | 488f 4424 | 1048 ff74 | 2428 488f | 4424 1848 | 8944 24f8 | 8b44 243c | 8944 2420 
  0x00007e5bdc580eb4: 488b 4424 | f848 ff74 | 2440 488f | 4424 3044 | 895c 2424 

  0x00007e5bdc580ec8: ;   {runtime_call UncommonTrapBlob}
  0x00007e5bdc580ec8: 6666 90e8 

  0x00007e5bdc580ecc: ; ImmutableOopMap {rbp=NarrowOop [0]=Oop [16]=Oop [24]=Oop [36]=NarrowOop [48]=Oop [112]=Oop }
                      ;*invokevirtual isClosed {reexecute=0 rethrow=0 return_oop=0}
                      ; - org.h2.jdbc.JdbcConnection::checkClosed@17 (line 1374)
                      ; - org.h2.jdbc.JdbcStatement::checkClosed@17 (line 1273)
                      ; - org.h2.jdbc.JdbcPreparedStatement::setParameter@1 (line 1391)
                      ; - org.h2.jdbc.JdbcPreparedStatement::setInt@50 (line 359)
                      ; - org.apache.derbyTesting.system.oe.load.SimpleInsert::orderTable@81 (line 393)
  0x00007e5bdc580ecc: 3094 6eff 

  0x00007e5bdc580ed0: ;   {other}
  0x00007e5bdc580ed0: 0f1f 8400 | c0a2 00c6 | bede ffff | ff48 8944 | 24f8 8b44 | 2438 8944 | 240c 488b | 4424 f848 
  0x00007e5bdc580ef0: ff74 2430 | 488f 4424 | 1048 ff74 | 2428 488f | 4424 1848 | 8944 24f8 | 8b44 243c | 8944 2420 
  0x00007e5bdc580f10: 488b 4424 | f848 ff74 | 2440 488f | 4424 3044 | 895c 2424 

  0x00007e5bdc580f24: ;   {runtime_call UncommonTrapBlob}
  0x00007e5bdc580f24: 6666 90e8 

  0x00007e5bdc580f28: ; ImmutableOopMap {rbp=NarrowOop [0]=Oop [16]=Oop [24]=Oop [36]=NarrowOop [48]=Oop [112]=Oop }
                      ;*invokeinterface getParameters {reexecute=0 rethrow=0 return_oop=0}
                      ; - org.h2.jdbc.JdbcPreparedStatement::setParameter@11 (line 1393)
                      ; - org.h2.jdbc.JdbcPreparedStatement::setInt@50 (line 359)
                      ; - org.apache.derbyTesting.system.oe.load.SimpleInsert::orderTable@81 (line 393)
  0x00007e5bdc580f28: d493 6eff 

  0x00007e5bdc580f2c: ;   {other}
  0x00007e5bdc580f2c: 0f1f 8400 | 1ca3 00c7 | bee4 ffff | ff48 8944 | 24f8 8b44 | 2438 8944 | 240c 488b | 4424 f848 
  0x00007e5bdc580f4c: ff74 2430 | 488f 4424 | 1048 ff74 | 2428 488f | 4424 1848 | 8944 24f8 | 8b44 243c | 8944 2420 
  0x00007e5bdc580f6c: 488b 4424 | f848 ff74 | 2440 488f | 4424 3044 | 895c 2424 

  0x00007e5bdc580f80: ;   {runtime_call UncommonTrapBlob}
  0x00007e5bdc580f80: 6666 90e8 

  0x00007e5bdc580f84: ; ImmutableOopMap {rbp=NarrowOop [0]=Oop [16]=Oop [24]=Oop [36]=NarrowOop [48]=Oop [112]=Oop }
                      ;*aaload {reexecute=0 rethrow=0 return_oop=0}
                      ; - java.util.ArrayList::elementData@5 (line 411)
                      ; - java.util.ArrayList::get@11 (line 428)
                      ; - org.h2.jdbc.JdbcPreparedStatement::setParameter@43 (line 1398)
                      ; - org.h2.jdbc.JdbcPreparedStatement::setInt@50 (line 359)
                      ; - org.apache.derbyTesting.system.oe.load.SimpleInsert::orderTable@81 (line 393)
  0x00007e5bdc580f84: 7893 6eff 

  0x00007e5bdc580f88: ;   {other}
  0x00007e5bdc580f88: 0f1f 8400 | 78a3 00c8 | bede ffff | ff48 8944 | 24f8 8b44 | 2438 8944 | 240c 488b | 4424 f848 
  0x00007e5bdc580fa8: ff74 2430 | 488f 4424 | 1048 ff74 | 2428 488f | 4424 1848 | 8944 24f8 | 8b44 243c | 8944 2420 
  0x00007e5bdc580fc8: 488b 4424 

  0x00007e5bdc580fcc: ;   {runtime_call UncommonTrapBlob}
  0x00007e5bdc580fcc: f866 90e8 

  0x00007e5bdc580fd0: ; ImmutableOopMap {rbp=NarrowOop [0]=Oop [16]=Oop [24]=Oop [64]=Oop [112]=Oop }
                      ;*invokeinterface isEnabled {reexecute=0 rethrow=0 return_oop=0}
                      ; - org.h2.message.Trace::isEnabled@13 (line 142)
                      ; - org.h2.message.Trace::isDebugEnabled@2 (line 162)
                      ; - org.h2.message.TraceObject::isDebugEnabled@4 (line 163)
                      ; - org.h2.jdbc.JdbcPreparedStatement::setInt@1 (line 356)
                      ; - org.apache.derbyTesting.system.oe.load.SimpleInsert::orderTable@95 (line 394)
  0x00007e5bdc580fd0: 2c93 6eff 

  0x00007e5bdc580fd4: ;   {other}
  0x00007e5bdc580fd4: 0f1f 8400 | c4a3 00c9 | bede ffff | ff48 8944 | 24f8 8b44 | 2438 8944 | 240c 488b | 4424 f848 
  0x00007e5bdc580ff4: ff74 2430 | 488f 4424 | 1048 ff74 | 2428 488f | 4424 1848 | 8944 24f8 | 8b44 243c | 8944 2420 
  0x00007e5bdc581014: 488b 4424 | f848 ff74 | 2440 488f | 4424 3044 | 895c 2424 

  0x00007e5bdc581028: ;   {runtime_call UncommonTrapBlob}
  0x00007e5bdc581028: 6666 90e8 

  0x00007e5bdc58102c: ; ImmutableOopMap {rbp=NarrowOop [0]=Oop [16]=Oop [24]=Oop [36]=NarrowOop [48]=Oop [112]=Oop }
                      ;*invokevirtual isClosed {reexecute=0 rethrow=0 return_oop=0}
                      ; - org.h2.jdbc.JdbcConnection::checkClosed@17 (line 1374)
                      ; - org.h2.jdbc.JdbcStatement::checkClosed@17 (line 1273)
                      ; - org.h2.jdbc.JdbcPreparedStatement::setParameter@1 (line 1391)
                      ; - org.h2.jdbc.JdbcPreparedStatement::setInt@50 (line 359)
                      ; - org.apache.derbyTesting.system.oe.load.SimpleInsert::orderTable@95 (line 394)
  0x00007e5bdc58102c: d092 6eff 

  0x00007e5bdc581030: ;   {other}
  0x00007e5bdc581030: 0f1f 8400 | 20a4 00ca | bede ffff | ff48 8944 | 24f8 8b44 | 2438 8944 | 240c 488b | 4424 f848 
  0x00007e5bdc581050: ff74 2430 | 488f 4424 | 1048 ff74 | 2428 488f | 4424 1848 | 8944 24f8 | 8b44 243c | 8944 2420 
  0x00007e5bdc581070: 488b 4424 | f848 ff74 | 2440 488f | 4424 3044 | 895c 2424 

  0x00007e5bdc581084: ;   {runtime_call UncommonTrapBlob}
  0x00007e5bdc581084: 6666 90e8 

  0x00007e5bdc581088: ; ImmutableOopMap {rbp=NarrowOop [0]=Oop [16]=Oop [24]=Oop [36]=NarrowOop [48]=Oop [112]=Oop }
                      ;*invokeinterface getParameters {reexecute=0 rethrow=0 return_oop=0}
                      ; - org.h2.jdbc.JdbcPreparedStatement::setParameter@11 (line 1393)
                      ; - org.h2.jdbc.JdbcPreparedStatement::setInt@50 (line 359)
                      ; - org.apache.derbyTesting.system.oe.load.SimpleInsert::orderTable@95 (line 394)
  0x00007e5bdc581088: 7492 6eff 

  0x00007e5bdc58108c: ;   {other}
  0x00007e5bdc58108c: 0f1f 8400 | 7ca4 00cb | becc ffff | ff48 8b2c | 2448 8944 | 24f8 8b44 | 2438 8944 | 2404 488b 
  0x00007e5bdc5810ac: 4424 f848 | ff74 2430 | 488f 4424 | 0848 ff74 | 2428 488f | 4424 1048 | 8944 24f8 | 8b44 243c 
  0x00007e5bdc5810cc: 8944 2418 | 488b 4424 | f848 ff74 | 2440 488f | 4424 2844 | 895c 241c | 4489 4424 | 4044 894c 
  0x00007e5bdc5810ec: ;   {runtime_call UncommonTrapBlob}
  0x00007e5bdc5810ec: 2444 90e8 

  0x00007e5bdc5810f0: ; ImmutableOopMap {rbp=Oop [8]=Oop [16]=Oop [28]=NarrowOop [40]=Oop [64]=NarrowOop [112]=Oop }
                      ;*invokestatic checkIndex {reexecute=0 rethrow=0 return_oop=0}
                      ; - java.util.Objects::checkIndex@3 (line 385)
                      ; - java.util.ArrayList::get@5 (line 427)
                      ; - org.h2.jdbc.JdbcPreparedStatement::setParameter@43 (line 1398)
                      ; - org.h2.jdbc.JdbcPreparedStatement::setInt@50 (line 359)
                      ; - org.apache.derbyTesting.system.oe.load.SimpleInsert::orderTable@95 (line 394)
  0x00007e5bdc5810f0: 0c92 6eff 

  0x00007e5bdc5810f4: ;   {other}
  0x00007e5bdc5810f4: 0f1f 8400 | e4a4 00cc | bee4 ffff | ff48 8b2c | 2448 8944 | 24f8 8b44 | 2438 8944 | 2404 488b 
  0x00007e5bdc581114: 4424 f848 | ff74 2430 | 488f 4424 | 0848 ff74 | 2428 488f | 4424 1048 | 8944 24f8 | 8b44 243c 
  0x00007e5bdc581134: 8944 2418 | 488b 4424 | f848 ff74 | 2440 488f | 4424 2844 | 895c 241c | 4489 4424 | 4044 894c 
  0x00007e5bdc581154: ;   {runtime_call UncommonTrapBlob}
  0x00007e5bdc581154: 2444 90e8 

  0x00007e5bdc581158: ; ImmutableOopMap {rbp=Oop [8]=Oop [16]=Oop [28]=NarrowOop [40]=Oop [64]=NarrowOop [112]=Oop }
                      ;*invokestatic checkIndex {reexecute=0 rethrow=0 return_oop=0}
                      ; - java.util.Objects::checkIndex@3 (line 385)
                      ; - java.util.ArrayList::get@5 (line 427)
                      ; - org.h2.jdbc.JdbcPreparedStatement::setParameter@43 (line 1398)
                      ; - org.h2.jdbc.JdbcPreparedStatement::setInt@50 (line 359)
                      ; - org.apache.derbyTesting.system.oe.load.SimpleInsert::orderTable@95 (line 394)
  0x00007e5bdc581158: a491 6eff 

  0x00007e5bdc58115c: ;   {other}
  0x00007e5bdc58115c: 0f1f 8400 | 4ca5 00cd | bee4 ffff | ff48 8944 | 24f8 8b44 | 2438 8944 | 240c 488b | 4424 f848 
  0x00007e5bdc58117c: ff74 2430 | 488f 4424 | 1048 ff74 | 2428 488f | 4424 1848 | 8944 24f8 | 8b44 243c | 8944 2420 
  0x00007e5bdc58119c: 488b 4424 | f848 ff74 | 2440 488f | 4424 3044 | 895c 2424 

  0x00007e5bdc5811b0: ;   {runtime_call UncommonTrapBlob}
  0x00007e5bdc5811b0: 6666 90e8 

  0x00007e5bdc5811b4: ; ImmutableOopMap {rbp=NarrowOop [0]=Oop [16]=Oop [24]=Oop [36]=NarrowOop [48]=Oop [112]=Oop }
                      ;*aaload {reexecute=0 rethrow=0 return_oop=0}
                      ; - java.util.ArrayList::elementData@5 (line 411)
                      ; - java.util.ArrayList::get@11 (line 428)
                      ; - org.h2.jdbc.JdbcPreparedStatement::setParameter@43 (line 1398)
                      ; - org.h2.jdbc.JdbcPreparedStatement::setInt@50 (line 359)
                      ; - org.apache.derbyTesting.system.oe.load.SimpleInsert::orderTable@95 (line 394)
  0x00007e5bdc5811b4: 4891 6eff 

  0x00007e5bdc5811b8: ;   {other}
  0x00007e5bdc5811b8: 0f1f 8400 | a8a5 00ce | bede ffff | ff48 8b2c | 2448 ff74 | 2428 488f 

  0x00007e5bdc5811d0: ;   {runtime_call UncommonTrapBlob}
  0x00007e5bdc5811d0: 4424 18e8 

  0x00007e5bdc5811d4: ; ImmutableOopMap {rbp=Oop [24]=Oop [48]=Oop [104]=Oop [112]=Oop [168]=Oop }
                      ;*invokeinterface setShort {reexecute=0 rethrow=0 return_oop=0}
                      ; - org.apache.derbyTesting.system.oe.load.SimpleInsert::orderTable@234 (line 416)
  0x00007e5bdc5811d4: 2891 6eff 

  0x00007e5bdc5811d8: ;   {other}
  0x00007e5bdc5811d8: 0f1f 8400 | c8a5 00cf | bee4 ffff | ff48 8b2c | 2448 8944 | 24f8 8b44 | 2454 8904 | 2448 8b44 
  0x00007e5bdc5811f8: 24f8 4889 | 4424 f88b | 4424 3889 | 4424 0448 | 8b44 24f8 | 48ff 7424 | 3048 8f44 | 2408 48ff 
  0x00007e5bdc581218: 7424 2848 | 8f44 2410 | 4889 4424 | f88b 4424 | 3c89 4424 | 1848 8b44 | 24f8 48ff | 7424 4048 
  0x00007e5bdc581238: 8f44 2430 | 4889 4424 | f88b 4424 | 4889 4424 | 1c48 8b44 | 24f8 48ff | 7424 5848 | 8f44 2450 
  0x00007e5bdc581258: 4c89 5424 

  0x00007e5bdc58125c: ;   {runtime_call UncommonTrapBlob}
  0x00007e5bdc58125c: 6066 90e8 

  0x00007e5bdc581260: ; ImmutableOopMap {rbp=Oop [8]=Oop [16]=Oop [48]=Oop [80]=Oop [96]=Oop [112]=Oop [128]=Oop [168]=Oop }
                      ;*aaload {reexecute=0 rethrow=0 return_oop=0}
                      ; - org.h2.value.Value::cache@59 (line 748)
                      ; - org.h2.value.ValueSmallint::get@8 (line 171)
                      ; - org.h2.jdbc.JdbcPreparedStatement::setShort@47 (line 659)
                      ; - org.apache.derbyTesting.system.oe.load.SimpleInsert::orderTable@147 (line 402)
  0x00007e5bdc581260: 9c90 6eff 

  0x00007e5bdc581264: ;   {other}
  0x00007e5bdc581264: 0f1f 8400 | 54a6 00d0 | bee4 ffff | ff48 8b2c | 2448 8944 | 24f8 8b44 | 2438 8944 | 2404 488b 
  0x00007e5bdc581284: 4424 f848 | ff74 2430 | 488f 4424 | 0848 ff74 | 2428 488f | 4424 1048 | 8944 24f8 | 8b44 243c 
  0x00007e5bdc5812a4: 8944 2418 | 488b 4424 | f848 ff74 | 2440 488f 

  0x00007e5bdc5812b4: ;   {runtime_call UncommonTrapBlob}
  0x00007e5bdc5812b4: 4424 30e8 

  0x00007e5bdc5812b8: ; ImmutableOopMap {rbp=Oop [8]=Oop [16]=Oop [48]=Oop [72]=Oop [88]=Oop [112]=Oop [168]=Oop }
                      ;*aaload {reexecute=0 rethrow=0 return_oop=0}
                      ; - org.h2.value.Value::cache@59 (line 748)
                      ; - org.h2.value.ValueSmallint::get@8 (line 171)
                      ; - org.h2.jdbc.JdbcPreparedStatement::setShort@47 (line 659)
                      ; - org.apache.derbyTesting.system.oe.load.SimpleInsert::orderTable@157 (line 403)
  0x00007e5bdc5812b8: 4490 6eff 

  0x00007e5bdc5812bc: ;   {other}
  0x00007e5bdc5812bc: 0f1f 8400 | aca6 00d1 | bede ffff | ff48 8944 | 24f8 8b44 | 2438 8944 | 240c 488b | 4424 f848 
  0x00007e5bdc5812dc: ff74 2430 | 488f 4424 | 1048 ff74 | 2428 488f | 4424 1848 | 8944 24f8 | 8b44 243c | 8944 2420 
  0x00007e5bdc5812fc: 488b 4424 

  0x00007e5bdc581300: ;   {runtime_call UncommonTrapBlob}
  0x00007e5bdc581300: f866 90e8 

  0x00007e5bdc581304: ; ImmutableOopMap {rbp=NarrowOop [0]=Oop [16]=Oop [24]=Oop [64]=Oop [112]=Oop [168]=Oop }
                      ;*invokevirtual nextDouble {reexecute=0 rethrow=0 return_oop=0}
                      ; - org.apache.derbyTesting.system.oe.util.OERandom::randomInt@4 (line 124)
                      ; - org.apache.derbyTesting.system.oe.load.SimpleInsert::orderTable@136 (line 401)
  0x00007e5bdc581304: f88f 6eff 

  0x00007e5bdc581308: ;   {other}
  0x00007e5bdc581308: 0f1f 8400 | f8a6 00d2 | bede ffff | ff48 8944 | 24f8 8b44 | 2438 8944 | 240c 488b | 4424 f848 
  0x00007e5bdc581328: ff74 2430 | 488f 4424 | 1048 ff74 | 2428 488f | 4424 1848 | 8944 24f8 | 8b44 243c | 8944 2420 
  0x00007e5bdc581348: 488b 4424 | f848 ff74 | 2440 488f 

  0x00007e5bdc581354: ;   {runtime_call UncommonTrapBlob}
  0x00007e5bdc581354: 4424 38e8 

  0x00007e5bdc581358: ; ImmutableOopMap {rbp=NarrowOop [0]=Oop [16]=Oop [24]=Oop [56]=Oop [112]=Oop [168]=Oop }
                      ;*invokeinterface isEnabled {reexecute=0 rethrow=0 return_oop=0}
                      ; - org.h2.message.Trace::isEnabled@13 (line 142)
                      ; - org.h2.message.Trace::isDebugEnabled@2 (line 162)
                      ; - org.h2.message.TraceObject::isDebugEnabled@4 (line 163)
                      ; - org.h2.jdbc.JdbcPreparedStatement::setShort@1 (line 656)
                      ; - org.apache.derbyTesting.system.oe.load.SimpleInsert::orderTable@147 (line 402)
  0x00007e5bdc581358: a48f 6eff 

  0x00007e5bdc58135c: ;   {other}
  0x00007e5bdc58135c: 0f1f 8400 | 4ca7 00d3 | bede ffff | ff48 8944 | 24f8 8b44 | 2454 8944 | 2408 488b | 4424 f848 
  0x00007e5bdc58137c: 8944 24f8 | 8b44 2438 | 8944 240c | 488b 4424 | f848 ff74 | 2430 488f | 4424 1048 | ff74 2428 
  0x00007e5bdc58139c: 488f 4424 | 1848 8944 | 24f8 8b44 | 243c 8944 | 2420 488b | 4424 f848 | ff74 2440 | 488f 4424 
  0x00007e5bdc5813bc: 3848 8944 | 24f8 8b44 | 2448 8944 | 2424 488b | 4424 f84c | 895c 2450 

  0x00007e5bdc5813d4: ;   {runtime_call UncommonTrapBlob}
  0x00007e5bdc5813d4: 6666 90e8 

  0x00007e5bdc5813d8: ; ImmutableOopMap {rbp=NarrowOop [0]=Oop [16]=Oop [24]=Oop [56]=Oop [80]=Oop [112]=Oop [168]=Oop }
                      ;*invokevirtual isClosed {reexecute=0 rethrow=0 return_oop=0}
                      ; - org.h2.jdbc.JdbcConnection::checkClosed@17 (line 1374)
                      ; - org.h2.jdbc.JdbcStatement::checkClosed@17 (line 1273)
                      ; - org.h2.jdbc.JdbcPreparedStatement::setParameter@1 (line 1391)
                      ; - org.h2.jdbc.JdbcPreparedStatement::setShort@50 (line 659)
                      ; - org.apache.derbyTesting.system.oe.load.SimpleInsert::orderTable@147 (line 402)
  0x00007e5bdc5813d8: 248f 6eff 

  0x00007e5bdc5813dc: ;   {other}
  0x00007e5bdc5813dc: 0f1f 8400 | cca7 00d4 | bede ffff | ff48 8944 | 24f8 8b44 | 2454 8944 | 2408 488b | 4424 f848 
  0x00007e5bdc5813fc: 8944 24f8 | 8b44 2438 | 8944 240c | 488b 4424 | f848 ff74 | 2430 488f | 4424 1048 | ff74 2428 
  0x00007e5bdc58141c: 488f 4424 | 1848 8944 | 24f8 8b44 | 243c 8944 | 2420 488b | 4424 f848 | ff74 2440 | 488f 4424 
  0x00007e5bdc58143c: 3848 8944 | 24f8 8b44 | 2448 8944 | 2424 488b | 4424 f84c | 895c 2450 

  0x00007e5bdc581454: ;   {runtime_call UncommonTrapBlob}
  0x00007e5bdc581454: 6666 90e8 

  0x00007e5bdc581458: ; ImmutableOopMap {rbp=NarrowOop [0]=Oop [16]=Oop [24]=Oop [56]=Oop [80]=Oop [112]=Oop [168]=Oop }
                      ;*invokeinterface getParameters {reexecute=0 rethrow=0 return_oop=0}
                      ; - org.h2.jdbc.JdbcPreparedStatement::setParameter@11 (line 1393)
                      ; - org.h2.jdbc.JdbcPreparedStatement::setShort@50 (line 659)
                      ; - org.apache.derbyTesting.system.oe.load.SimpleInsert::orderTable@147 (line 402)
  0x00007e5bdc581458: a48e 6eff 

  0x00007e5bdc58145c: ;   {other}
  0x00007e5bdc58145c: 0f1f 8400 | 4ca8 00d5 | becc ffff | ff48 8b2c | 2448 8944 | 24f8 8b44 | 2454 8904 | 2448 8b44 
  0x00007e5bdc58147c: 24f8 4889 | 4424 f88b | 4424 3889 | 4424 0448 | 8b44 24f8 | 48ff 7424 | 3048 8f44 | 2408 48ff 
  0x00007e5bdc58149c: 7424 2848 | 8f44 2410 | 4889 4424 | f88b 4424 | 3c89 4424 | 1848 8b44 | 24f8 48ff | 7424 4048 
  0x00007e5bdc5814bc: 8f44 2430 | 4889 4424 | f88b 4424 | 4889 4424 | 1c48 8b44 | 24f8 4c89 | 5c24 4844 | 8944 2450 
  0x00007e5bdc5814dc: 4489 4c24 

  0x00007e5bdc5814e0: ;   {runtime_call UncommonTrapBlob}
  0x00007e5bdc5814e0: 5466 90e8 

  0x00007e5bdc5814e4: ; ImmutableOopMap {rbp=Oop [8]=Oop [16]=Oop [48]=Oop [72]=Oop [80]=NarrowOop [112]=Oop [168]=Oop }
                      ;*invokestatic checkIndex {reexecute=0 rethrow=0 return_oop=0}
                      ; - java.util.Objects::checkIndex@3 (line 385)
                      ; - java.util.ArrayList::get@5 (line 427)
                      ; - org.h2.jdbc.JdbcPreparedStatement::setParameter@43 (line 1398)
                      ; - org.h2.jdbc.JdbcPreparedStatement::setShort@50 (line 659)
                      ; - org.apache.derbyTesting.system.oe.load.SimpleInsert::orderTable@147 (line 402)
  0x00007e5bdc5814e4: 188e 6eff 

  0x00007e5bdc5814e8: ;   {other}
  0x00007e5bdc5814e8: 0f1f 8400 | d8a8 00d6 | bee4 ffff | ff48 8b2c | 2448 8944 | 24f8 8b44 | 2454 8904 | 2448 8b44 
  0x00007e5bdc581508: 24f8 4889 | 4424 f88b | 4424 3889 | 4424 0448 | 8b44 24f8 | 48ff 7424 | 3048 8f44 | 2408 48ff 
  0x00007e5bdc581528: 7424 2848 | 8f44 2410 | 4889 4424 | f88b 4424 | 3c89 4424 | 1848 8b44 | 24f8 48ff | 7424 4048 
  0x00007e5bdc581548: 8f44 2430 | 4889 4424 | f88b 4424 | 4889 4424 | 1c48 8b44 | 24f8 4c89 | 5c24 4844 | 8944 2450 
  0x00007e5bdc581568: 4489 4c24 

  0x00007e5bdc58156c: ;   {runtime_call UncommonTrapBlob}
  0x00007e5bdc58156c: 5466 90e8 

  0x00007e5bdc581570: ; ImmutableOopMap {rbp=Oop [8]=Oop [16]=Oop [48]=Oop [72]=Oop [80]=NarrowOop [112]=Oop [168]=Oop }
                      ;*invokestatic checkIndex {reexecute=0 rethrow=0 return_oop=0}
                      ; - java.util.Objects::checkIndex@3 (line 385)
                      ; - java.util.ArrayList::get@5 (line 427)
                      ; - org.h2.jdbc.JdbcPreparedStatement::setParameter@43 (line 1398)
                      ; - org.h2.jdbc.JdbcPreparedStatement::setShort@50 (line 659)
                      ; - org.apache.derbyTesting.system.oe.load.SimpleInsert::orderTable@147 (line 402)
  0x00007e5bdc581570: 8c8d 6eff 

  0x00007e5bdc581574: ;   {other}
  0x00007e5bdc581574: 0f1f 8400 | 64a9 00d7 | bee4 ffff | ff48 8944 | 24f8 8b44 | 2454 8944 | 2408 488b | 4424 f848 
  0x00007e5bdc581594: 8944 24f8 | 8b44 2438 | 8944 240c | 488b 4424 | f848 ff74 | 2430 488f | 4424 1048 | ff74 2428 
  0x00007e5bdc5815b4: 488f 4424 | 1848 8944 | 24f8 8b44 | 243c 8944 | 2420 488b | 4424 f848 | ff74 2440 | 488f 4424 
  0x00007e5bdc5815d4: 3848 8944 | 24f8 8b44 | 2448 8944 | 2424 488b | 4424 f84c | 895c 2450 

  0x00007e5bdc5815ec: ;   {runtime_call UncommonTrapBlob}
  0x00007e5bdc5815ec: 6666 90e8 

  0x00007e5bdc5815f0: ; ImmutableOopMap {rbp=NarrowOop [0]=Oop [16]=Oop [24]=Oop [56]=Oop [80]=Oop [112]=Oop [168]=Oop }
                      ;*aaload {reexecute=0 rethrow=0 return_oop=0}
                      ; - java.util.ArrayList::elementData@5 (line 411)
                      ; - java.util.ArrayList::get@11 (line 428)
                      ; - org.h2.jdbc.JdbcPreparedStatement::setParameter@43 (line 1398)
                      ; - org.h2.jdbc.JdbcPreparedStatement::setShort@50 (line 659)
                      ; - org.apache.derbyTesting.system.oe.load.SimpleInsert::orderTable@147 (line 402)
  0x00007e5bdc5815f0: 0c8d 6eff 

  0x00007e5bdc5815f4: ;   {other}
  0x00007e5bdc5815f4: 0f1f 8400 | e4a9 00d8 | bede ffff | ff48 8944 | 24f8 8b44 | 2438 8944 | 240c 488b | 4424 f848 
  0x00007e5bdc581614: ff74 2430 | 488f 4424 | 1048 ff74 | 2428 488f | 4424 1848 | 8944 24f8 | 8b44 243c | 8944 2420 
  0x00007e5bdc581634: 488b 4424 | f848 ff74 | 2440 488f 

  0x00007e5bdc581640: ;   {runtime_call UncommonTrapBlob}
  0x00007e5bdc581640: 4424 38e8 

  0x00007e5bdc581644: ; ImmutableOopMap {rbp=NarrowOop [0]=Oop [16]=Oop [24]=Oop [56]=Oop [112]=Oop [168]=Oop }
                      ;*invokeinterface isEnabled {reexecute=0 rethrow=0 return_oop=0}
                      ; - org.h2.message.Trace::isEnabled@13 (line 142)
                      ; - org.h2.message.Trace::isDebugEnabled@2 (line 162)
                      ; - org.h2.message.TraceObject::isDebugEnabled@4 (line 163)
                      ; - org.h2.jdbc.JdbcPreparedStatement::setShort@1 (line 656)
                      ; - org.apache.derbyTesting.system.oe.load.SimpleInsert::orderTable@157 (line 403)
  0x00007e5bdc581644: b88c 6eff 

  0x00007e5bdc581648: ;   {other}
  0x00007e5bdc581648: 0f1f 8400 | 38aa 00d9 | bede ffff | ff48 8944 | 24f8 8b44 | 2454 8944 | 2408 488b | 4424 f848 
  0x00007e5bdc581668: 8944 24f8 | 8b44 2438 | 8944 240c | 488b 4424 | f848 ff74 | 2430 488f | 4424 1048 | ff74 2428 
  0x00007e5bdc581688: 488f 4424 | 1848 8944 | 24f8 8b44 | 243c 8944 | 2420 488b | 4424 f848 | ff74 2440 | 488f 4424 
  0x00007e5bdc5816a8: 384c 8954 

  0x00007e5bdc5816ac: ;   {runtime_call UncommonTrapBlob}
  0x00007e5bdc5816ac: 2450 90e8 

  0x00007e5bdc5816b0: ; ImmutableOopMap {rbp=NarrowOop [0]=Oop [16]=Oop [24]=Oop [56]=Oop [80]=Oop [112]=Oop [168]=Oop }
                      ;*invokevirtual isClosed {reexecute=0 rethrow=0 return_oop=0}
                      ; - org.h2.jdbc.JdbcConnection::checkClosed@17 (line 1374)
                      ; - org.h2.jdbc.JdbcStatement::checkClosed@17 (line 1273)
                      ; - org.h2.jdbc.JdbcPreparedStatement::setParameter@1 (line 1391)
                      ; - org.h2.jdbc.JdbcPreparedStatement::setShort@50 (line 659)
                      ; - org.apache.derbyTesting.system.oe.load.SimpleInsert::orderTable@157 (line 403)
  0x00007e5bdc5816b0: 4c8c 6eff 

  0x00007e5bdc5816b4: ;   {other}
  0x00007e5bdc5816b4: 0f1f 8400 | a4aa 00da | bede ffff | ff48 8944 | 24f8 8b44 | 2454 8944 | 2408 488b | 4424 f848 
  0x00007e5bdc5816d4: 8944 24f8 | 8b44 2438 | 8944 240c | 488b 4424 | f848 ff74 | 2430 488f | 4424 1048 | ff74 2428 
  0x00007e5bdc5816f4: 488f 4424 | 1848 8944 | 24f8 8b44 | 243c 8944 | 2420 488b | 4424 f848 | ff74 2440 | 488f 4424 
  0x00007e5bdc581714: 384c 8954 

  0x00007e5bdc581718: ;   {runtime_call UncommonTrapBlob}
  0x00007e5bdc581718: 2450 90e8 

  0x00007e5bdc58171c: ; ImmutableOopMap {rbp=NarrowOop [0]=Oop [16]=Oop [24]=Oop [56]=Oop [80]=Oop [112]=Oop [168]=Oop }
                      ;*invokeinterface getParameters {reexecute=0 rethrow=0 return_oop=0}
                      ; - org.h2.jdbc.JdbcPreparedStatement::setParameter@11 (line 1393)
                      ; - org.h2.jdbc.JdbcPreparedStatement::setShort@50 (line 659)
                      ; - org.apache.derbyTesting.system.oe.load.SimpleInsert::orderTable@157 (line 403)
  0x00007e5bdc58171c: e08b 6eff 

  0x00007e5bdc581720: ;   {other}
  0x00007e5bdc581720: 0f1f 8400 | 10ab 00db | becc ffff | ff48 8b2c | 2448 8944 | 24f8 8b44 | 2438 8944 | 2404 488b 
  0x00007e5bdc581740: 4424 f848 | ff74 2430 | 488f 4424 | 0848 ff74 | 2428 488f | 4424 1048 | 8944 24f8 | 8b44 243c 
  0x00007e5bdc581760: 8944 2418 | 488b 4424 | f848 ff74 | 2440 488f | 4424 304c | 8954 2448 | 4489 4c24 | 1c89 4c24 
  0x00007e5bdc581780: ;   {runtime_call UncommonTrapBlob}
  0x00007e5bdc581780: 5066 90e8 

  0x00007e5bdc581784: ; ImmutableOopMap {rbp=Oop [8]=Oop [16]=Oop [28]=NarrowOop [48]=Oop [72]=Oop [112]=Oop [168]=Oop }
                      ;*invokestatic checkIndex {reexecute=0 rethrow=0 return_oop=0}
                      ; - java.util.Objects::checkIndex@3 (line 385)
                      ; - java.util.ArrayList::get@5 (line 427)
                      ; - org.h2.jdbc.JdbcPreparedStatement::setParameter@43 (line 1398)
                      ; - org.h2.jdbc.JdbcPreparedStatement::setShort@50 (line 659)
                      ; - org.apache.derbyTesting.system.oe.load.SimpleInsert::orderTable@157 (line 403)
  0x00007e5bdc581784: 788b 6eff 

  0x00007e5bdc581788: ;   {other}
  0x00007e5bdc581788: 0f1f 8400 | 78ab 00dc | bee4 ffff | ff48 8b2c | 2448 8944 | 24f8 8b44 | 2438 8944 | 2404 488b 
  0x00007e5bdc5817a8: 4424 f848 | ff74 2430 | 488f 4424 | 0848 ff74 | 2428 488f | 4424 1048 | 8944 24f8 | 8b44 243c 
  0x00007e5bdc5817c8: 8944 2418 | 488b 4424 | f848 ff74 | 2440 488f | 4424 304c | 8954 2448 | 4489 4c24 | 1c89 4c24 
  0x00007e5bdc5817e8: ;   {runtime_call UncommonTrapBlob}
  0x00007e5bdc5817e8: 5066 90e8 

  0x00007e5bdc5817ec: ; ImmutableOopMap {rbp=Oop [8]=Oop [16]=Oop [28]=NarrowOop [48]=Oop [72]=Oop [112]=Oop [168]=Oop }
                      ;*invokestatic checkIndex {reexecute=0 rethrow=0 return_oop=0}
                      ; - java.util.Objects::checkIndex@3 (line 385)
                      ; - java.util.ArrayList::get@5 (line 427)
                      ; - org.h2.jdbc.JdbcPreparedStatement::setParameter@43 (line 1398)
                      ; - org.h2.jdbc.JdbcPreparedStatement::setShort@50 (line 659)
                      ; - org.apache.derbyTesting.system.oe.load.SimpleInsert::orderTable@157 (line 403)
  0x00007e5bdc5817ec: 108b 6eff 

  0x00007e5bdc5817f0: ;   {other}
  0x00007e5bdc5817f0: 0f1f 8400 | e0ab 00dd | bee4 ffff | ff48 8944 | 24f8 8b44 | 2454 8944 | 2408 488b | 4424 f848 
  0x00007e5bdc581810: 8944 24f8 | 8b44 2438 | 8944 240c | 488b 4424 | f848 ff74 | 2430 488f | 4424 1048 | ff74 2428 
  0x00007e5bdc581830: 488f 4424 | 1848 8944 | 24f8 8b44 | 243c 8944 | 2420 488b | 4424 f848 | ff74 2440 | 488f 4424 
  0x00007e5bdc581850: 384c 8954 

  0x00007e5bdc581854: ;   {runtime_call UncommonTrapBlob}
  0x00007e5bdc581854: 2450 90e8 

  0x00007e5bdc581858: ; ImmutableOopMap {rbp=NarrowOop [0]=Oop [16]=Oop [24]=Oop [56]=Oop [80]=Oop [112]=Oop [168]=Oop }
                      ;*aaload {reexecute=0 rethrow=0 return_oop=0}
                      ; - java.util.ArrayList::elementData@5 (line 411)
                      ; - java.util.ArrayList::get@11 (line 428)
                      ; - org.h2.jdbc.JdbcPreparedStatement::setParameter@43 (line 1398)
                      ; - org.h2.jdbc.JdbcPreparedStatement::setShort@50 (line 659)
                      ; - org.apache.derbyTesting.system.oe.load.SimpleInsert::orderTable@157 (line 403)
  0x00007e5bdc581858: a48a 6eff 

  0x00007e5bdc58185c: ;   {other}
  0x00007e5bdc58185c: 0f1f 8400 | 4cac 00de | be45 ffff | ff48 8944 | 24f8 8b44 | 2438 8944 | 240c 488b | 4424 f848 
  0x00007e5bdc58187c: ff74 2430 | 488f 4424 | 1048 ff74 | 2428 488f | 4424 1848 | 8944 24f8 | 8b44 243c | 8944 2420 
  0x00007e5bdc58189c: 488b 4424 | f848 ff74 | 2440 488f | 4424 3044 | 895c 2440 

  0x00007e5bdc5818b0: ;   {runtime_call UncommonTrapBlob}
  0x00007e5bdc5818b0: 6666 90e8 

  0x00007e5bdc5818b4: ; ImmutableOopMap {[0]=Oop [16]=Oop [24]=Oop [48]=Oop [64]=NarrowOop [112]=Oop }
                      ;*if_icmpne {reexecute=1 rethrow=0 return_oop=0}
                      ; - (reexecute) org.h2.message.Trace::isEnabled@5 (line 141)
                      ; - org.h2.message.Trace::isDebugEnabled@2 (line 162)
                      ; - org.h2.message.TraceObject::isDebugEnabled@4 (line 163)
                      ; - org.h2.jdbc.JdbcPreparedStatement::setInt@1 (line 356)
                      ; - org.apache.derbyTesting.system.oe.load.SimpleInsert::orderTable@81 (line 393)
  0x00007e5bdc5818b4: 488a 6eff 

  0x00007e5bdc5818b8: ;   {other}
  0x00007e5bdc5818b8: 0f1f 8400 | a8ac 00df | be45 ffff | ff48 8b2c | 2448 8944 | 24f8 8b44 | 2438 8944 | 2404 488b 
  0x00007e5bdc5818d8: 4424 f848 | ff74 2430 | 488f 4424 | 0848 ff74 | 2428 488f | 4424 1044 | 895c 241c | 4489 5c24 
  0x00007e5bdc5818f8: 2048 ff74 | 2440 488f 

  0x00007e5bdc581900: ;   {runtime_call UncommonTrapBlob}
  0x00007e5bdc581900: 4424 30e8 

  0x00007e5bdc581904: ; ImmutableOopMap {rbp=Oop [8]=Oop [16]=Oop [48]=Oop [112]=Oop }
                      ;*iflt {reexecute=1 rethrow=0 return_oop=0}
                      ; - (reexecute) org.h2.value.ValueInteger::get@1 (line 61)
                      ; - org.h2.jdbc.JdbcPreparedStatement::setInt@47 (line 359)
                      ; - org.apache.derbyTesting.system.oe.load.SimpleInsert::orderTable@81 (line 393)
  0x00007e5bdc581904: f889 6eff 

  0x00007e5bdc581908: ;   {other}
  0x00007e5bdc581908: 0f1f 8400 | f8ac 00e0 | be45 ffff | ff48 8b2c | 2448 8944 | 24f8 8b44 | 2438 8944 | 2404 488b 
  0x00007e5bdc581928: 4424 f848 | ff74 2430 | 488f 4424 | 0848 ff74 | 2428 488f | 4424 1048 | 8944 24f8 | 8b44 243c 
  0x00007e5bdc581948: 8944 2418 | 488b 4424 | f848 ff74 | 2440 488f | 4424 2844 | 895c 241c | 4489 4c24 | 4044 8954 
  0x00007e5bdc581968: ;   {runtime_call UncommonTrapBlob}
  0x00007e5bdc581968: 2444 90e8 

  0x00007e5bdc58196c: ; ImmutableOopMap {rbp=Oop [8]=Oop [16]=Oop [28]=NarrowOop [40]=Oop [64]=NarrowOop [112]=Oop }
                      ;*ifle {reexecute=1 rethrow=0 return_oop=0}
                      ; - (reexecute) org.h2.command.CommandContainer::getParameters@12 (line 121)
                      ; - org.h2.jdbc.JdbcPreparedStatement::setParameter@11 (line 1393)
                      ; - org.h2.jdbc.JdbcPreparedStatement::setInt@50 (line 359)
                      ; - org.apache.derbyTesting.system.oe.load.SimpleInsert::orderTable@81 (line 393)
  0x00007e5bdc58196c: 9089 6eff 

  0x00007e5bdc581970: ;   {other}
  0x00007e5bdc581970: 0f1f 8400 | 60ad 00e1 | be45 ffff | ff48 8944 | 24f8 8b44 | 2438 8944 | 240c 488b | 4424 f848 
  0x00007e5bdc581990: ff74 2430 | 488f 4424 | 1048 ff74 | 2428 488f | 4424 1848 | 8944 24f8 | 8b44 243c | 8944 2420 
  0x00007e5bdc5819b0: 488b 4424 | f848 ff74 | 2440 488f | 4424 3044 | 895c 2424 | 4489 4c24 

  0x00007e5bdc5819c8: ;   {runtime_call UncommonTrapBlob}
  0x00007e5bdc5819c8: 4066 90e8 

  0x00007e5bdc5819cc: ; ImmutableOopMap {rbp=Oop [0]=Oop [16]=Oop [24]=Oop [36]=NarrowOop [48]=Oop [64]=NarrowOop [112]=Oop }
                      ;*ifnonnull {reexecute=1 rethrow=0 return_oop=0}
                      ; - (reexecute) org.h2.jdbc.JdbcPreparedStatement::setParameter@58 (line 1400)
                      ; - org.h2.jdbc.JdbcPreparedStatement::setInt@50 (line 359)
                      ; - org.apache.derbyTesting.system.oe.load.SimpleInsert::orderTable@81 (line 393)
  0x00007e5bdc5819cc: 3089 6eff 

  0x00007e5bdc5819d0: ;   {other}
  0x00007e5bdc5819d0: 0f1f 8400 | c0ad 00e2 | be45 ffff | ff48 8944 | 24f8 8b44 | 2438 8944 | 240c 488b | 4424 f848 
  0x00007e5bdc5819f0: ff74 2430 | 488f 4424 | 1048 ff74 | 2428 488f | 4424 1848 | 8944 24f8 | 8b44 243c | 8944 2420 
  0x00007e5bdc581a10: 488b 4424 | f848 ff74 | 2440 488f | 4424 3044 | 895c 2440 

  0x00007e5bdc581a24: ;   {runtime_call UncommonTrapBlob}
  0x00007e5bdc581a24: 6666 90e8 

  0x00007e5bdc581a28: ; ImmutableOopMap {[0]=Oop [16]=Oop [24]=Oop [48]=Oop [64]=NarrowOop [112]=Oop }
                      ;*if_icmpne {reexecute=1 rethrow=0 return_oop=0}
                      ; - (reexecute) org.h2.message.Trace::isEnabled@5 (line 141)
                      ; - org.h2.message.Trace::isDebugEnabled@2 (line 162)
                      ; - org.h2.message.TraceObject::isDebugEnabled@4 (line 163)
                      ; - org.h2.jdbc.JdbcPreparedStatement::setInt@1 (line 356)
                      ; - org.apache.derbyTesting.system.oe.load.SimpleInsert::orderTable@95 (line 394)
  0x00007e5bdc581a28: d488 6eff 

  0x00007e5bdc581a2c: ;   {other}
  0x00007e5bdc581a2c: 0f1f 8400 | 1cae 00e3 | be45 ffff | ff48 8b2c | 2448 8944 | 24f8 8b44 | 2438 8944 | 2404 488b 
  0x00007e5bdc581a4c: 4424 f848 | ff74 2430 | 488f 4424 | 0848 ff74 | 2428 488f | 4424 1048 | 8944 24f8 | 8b44 243c 
  0x00007e5bdc581a6c: 8944 2418 | 488b 4424 | f848 ff74 | 2440 488f | 4424 3044 | 895c 2420 

  0x00007e5bdc581a84: ;   {runtime_call UncommonTrapBlob}
  0x00007e5bdc581a84: 6666 90e8 

  0x00007e5bdc581a88: ; ImmutableOopMap {rbp=Oop [8]=Oop [16]=Oop [48]=Oop [112]=Oop }
                      ;*iflt {reexecute=1 rethrow=0 return_oop=0}
                      ; - (reexecute) org.h2.value.ValueInteger::get@1 (line 61)
                      ; - org.h2.jdbc.JdbcPreparedStatement::setInt@47 (line 359)
                      ; - org.apache.derbyTesting.system.oe.load.SimpleInsert::orderTable@95 (line 394)
  0x00007e5bdc581a88: 7488 6eff 

  0x00007e5bdc581a8c: ;   {other}
  0x00007e5bdc581a8c: 0f1f 8400 | 7cae 00e4 | be45 ffff | ff48 8b2c | 2448 8944 | 24f8 8b44 | 2438 8944 | 2404 488b 
  0x00007e5bdc581aac: 4424 f848 | ff74 2430 | 488f 4424 | 0848 ff74 | 2428 488f | 4424 1048 | 8944 24f8 | 8b44 243c 
  0x00007e5bdc581acc: 8944 2418 | 488b 4424 | f848 ff74 | 2440 488f | 4424 2844 | 895c 241c | 4489 4424 | 4044 894c 
  0x00007e5bdc581aec: ;   {runtime_call UncommonTrapBlob}
  0x00007e5bdc581aec: 2444 90e8 

  0x00007e5bdc581af0: ; ImmutableOopMap {rbp=Oop [8]=Oop [16]=Oop [28]=NarrowOop [40]=Oop [64]=NarrowOop [112]=Oop }
                      ;*ifle {reexecute=1 rethrow=0 return_oop=0}
                      ; - (reexecute) org.h2.command.CommandContainer::getParameters@12 (line 121)
                      ; - org.h2.jdbc.JdbcPreparedStatement::setParameter@11 (line 1393)
                      ; - org.h2.jdbc.JdbcPreparedStatement::setInt@50 (line 359)
                      ; - org.apache.derbyTesting.system.oe.load.SimpleInsert::orderTable@95 (line 394)
  0x00007e5bdc581af0: 0c88 6eff 

  0x00007e5bdc581af4: ;   {other}
  0x00007e5bdc581af4: 0f1f 8400 | e4ae 00e5 | be45 ffff | ff48 8944 | 24f8 8b44 | 2438 8944 | 240c 488b | 4424 f848 
  0x00007e5bdc581b14: ff74 2430 | 488f 4424 | 1048 ff74 | 2428 488f | 4424 1848 | 8944 24f8 | 8b44 243c | 8944 2420 
  0x00007e5bdc581b34: 488b 4424 | f848 ff74 | 2440 488f | 4424 3044 | 895c 2424 | 4489 4c24 

  0x00007e5bdc581b4c: ;   {runtime_call UncommonTrapBlob}
  0x00007e5bdc581b4c: 4066 90e8 

  0x00007e5bdc581b50: ; ImmutableOopMap {rbp=Oop [0]=Oop [16]=Oop [24]=Oop [36]=NarrowOop [48]=Oop [64]=NarrowOop [112]=Oop }
                      ;*ifnonnull {reexecute=1 rethrow=0 return_oop=0}
                      ; - (reexecute) org.h2.jdbc.JdbcPreparedStatement::setParameter@58 (line 1400)
                      ; - org.h2.jdbc.JdbcPreparedStatement::setInt@50 (line 359)
                      ; - org.apache.derbyTesting.system.oe.load.SimpleInsert::orderTable@95 (line 394)
  0x00007e5bdc581b50: ac87 6eff 

  0x00007e5bdc581b54: ;   {other}
  0x00007e5bdc581b54: 0f1f 8400 | 44af 00e6 | be45 ffff | ff48 8944 | 24f8 8b44 | 2438 8944 | 240c 488b | 4424 f848 
  0x00007e5bdc581b74: ff74 2430 | 488f 4424 | 1048 ff74 | 2428 488f | 4424 1848 | 8944 24f8 | 8b44 243c | 8944 2420 
  0x00007e5bdc581b94: 488b 4424 | f848 ff74 | 2440 488f | 4424 304c | 8954 2440 

  0x00007e5bdc581ba8: ;   {runtime_call UncommonTrapBlob}
  0x00007e5bdc581ba8: 6666 90e8 

  0x00007e5bdc581bac: ; ImmutableOopMap {[0]=Oop [16]=Oop [24]=Oop [48]=Oop [64]=Oop [112]=Oop }
                      ;*if_icmpne {reexecute=1 rethrow=0 return_oop=0}
                      ; - (reexecute) org.h2.message.TraceSystem::isEnabled@5 (line 154)
                      ; - org.h2.message.Trace::isEnabled@13 (line 142)
                      ; - org.h2.message.Trace::isDebugEnabled@2 (line 162)
                      ; - org.h2.message.TraceObject::isDebugEnabled@4 (line 163)
                      ; - org.h2.jdbc.JdbcPreparedStatement::setInt@1 (line 356)
                      ; - org.apache.derbyTesting.system.oe.load.SimpleInsert::orderTable@81 (line 393)
  0x00007e5bdc581bac: 5087 6eff 

  0x00007e5bdc581bb0: ;   {other}
  0x00007e5bdc581bb0: 0f1f 8400 | a0af 00e7 | be45 ffff | ff48 8944 | 24f8 8b44 | 2438 8944 | 240c 488b | 4424 f848 
  0x00007e5bdc581bd0: ff74 2430 | 488f 4424 | 1048 ff74 | 2428 488f | 4424 1848 | 8944 24f8 | 8b44 243c | 8944 2420 
  0x00007e5bdc581bf0: 488b 4424 

  0x00007e5bdc581bf4: ;   {runtime_call UncommonTrapBlob}
  0x00007e5bdc581bf4: f866 90e8 

  0x00007e5bdc581bf8: ; ImmutableOopMap {[0]=Oop [16]=Oop [24]=Oop [64]=Oop [112]=Oop }
                      ;*if_icmpgt {reexecute=1 rethrow=0 return_oop=0}
                      ; - (reexecute) org.h2.message.TraceSystem::isEnabled@24 (line 157)
                      ; - org.h2.message.Trace::isEnabled@13 (line 142)
                      ; - org.h2.message.Trace::isDebugEnabled@2 (line 162)
                      ; - org.h2.message.TraceObject::isDebugEnabled@4 (line 163)
                      ; - org.h2.jdbc.JdbcPreparedStatement::setInt@1 (line 356)
                      ; - org.apache.derbyTesting.system.oe.load.SimpleInsert::orderTable@81 (line 393)
  0x00007e5bdc581bf8: 0487 6eff 

  0x00007e5bdc581bfc: ;   {other}
  0x00007e5bdc581bfc: 0f1f 8400 | ecaf 00e8 | be45 ffff | ff48 8944 | 24f8 8b44 | 2438 8944 | 240c 488b | 4424 f848 
  0x00007e5bdc581c1c: ff74 2430 | 488f 4424 | 1048 ff74 | 2428 488f | 4424 1848 | 8944 24f8 | 8b44 243c | 8944 2420 
  0x00007e5bdc581c3c: 488b 4424 | f848 ff74 | 2440 488f | 4424 3044 | 895c 2424 

  0x00007e5bdc581c50: ;   {runtime_call UncommonTrapBlob}
  0x00007e5bdc581c50: 6666 90e8 

  0x00007e5bdc581c54: ; ImmutableOopMap {rbp=NarrowOop [0]=Oop [16]=Oop [24]=Oop [36]=NarrowOop [48]=Oop [112]=Oop }
                      ;*if_acmpne {reexecute=1 rethrow=0 return_oop=0}
                      ; - (reexecute) org.h2.engine.SessionLocal::isClosed@10 (line 1178)
                      ; - org.h2.jdbc.JdbcConnection::checkClosed@17 (line 1374)
                      ; - org.h2.jdbc.JdbcStatement::checkClosed@17 (line 1273)
                      ; - org.h2.jdbc.JdbcPreparedStatement::setParameter@1 (line 1391)
                      ; - org.h2.jdbc.JdbcPreparedStatement::setInt@50 (line 359)
                      ; - org.apache.derbyTesting.system.oe.load.SimpleInsert::orderTable@81 (line 393)
  0x00007e5bdc581c54: a886 6eff 

  0x00007e5bdc581c58: ;   {other}
  0x00007e5bdc581c58: 0f1f 8400 | 48b0 00e9 | be45 ffff | ff48 8944 | 24f8 8b44 | 2438 8944 | 240c 488b | 4424 f848 
  0x00007e5bdc581c78: ff74 2430 | 488f 4424 | 1048 ff74 | 2428 488f | 4424 1848 | 8944 24f8 | 8b44 243c | 8944 2420 
  0x00007e5bdc581c98: 488b 4424 | f848 ff74 | 2440 488f | 4424 3044 | 895c 2424 

  0x00007e5bdc581cac: ;   {runtime_call UncommonTrapBlob}
  0x00007e5bdc581cac: 6666 90e8 

  0x00007e5bdc581cb0: ; ImmutableOopMap {[0]=Oop [16]=Oop [24]=Oop [36]=NarrowOop [48]=Oop [112]=Oop }
                      ;*ifeq {reexecute=1 rethrow=0 return_oop=0}
                      ; - (reexecute) org.h2.command.CommandContainer::getParameters@22 (line 121)
                      ; - org.h2.jdbc.JdbcPreparedStatement::setParameter@11 (line 1393)
                      ; - org.h2.jdbc.JdbcPreparedStatement::setInt@50 (line 359)
                      ; - org.apache.derbyTesting.system.oe.load.SimpleInsert::orderTable@81 (line 393)
  0x00007e5bdc581cb0: 4c86 6eff 

  0x00007e5bdc581cb4: ;   {other}
  0x00007e5bdc581cb4: 0f1f 8400 | a4b0 00ea | be45 ffff | ff48 8944 | 24f8 8b44 | 2438 8944 | 240c 488b | 4424 f848 
  0x00007e5bdc581cd4: ff74 2430 | 488f 4424 | 1048 ff74 | 2428 488f | 4424 1848 | 8944 24f8 | 8b44 243c | 8944 2420 
  0x00007e5bdc581cf4: 488b 4424 | f848 ff74 | 2440 488f | 4424 304c | 8954 2440 

  0x00007e5bdc581d08: ;   {runtime_call UncommonTrapBlob}
  0x00007e5bdc581d08: 6666 90e8 

  0x00007e5bdc581d0c: ; ImmutableOopMap {[0]=Oop [16]=Oop [24]=Oop [48]=Oop [64]=Oop [112]=Oop }
                      ;*if_icmpne {reexecute=1 rethrow=0 return_oop=0}
                      ; - (reexecute) org.h2.message.TraceSystem::isEnabled@5 (line 154)
                      ; - org.h2.message.Trace::isEnabled@13 (line 142)
                      ; - org.h2.message.Trace::isDebugEnabled@2 (line 162)
                      ; - org.h2.message.TraceObject::isDebugEnabled@4 (line 163)
                      ; - org.h2.jdbc.JdbcPreparedStatement::setInt@1 (line 356)
                      ; - org.apache.derbyTesting.system.oe.load.SimpleInsert::orderTable@95 (line 394)
  0x00007e5bdc581d0c: f085 6eff 

  0x00007e5bdc581d10: ;   {other}
  0x00007e5bdc581d10: 0f1f 8400 | 00b1 00eb | be45 ffff | ff48 8944 | 24f8 8b44 | 2438 8944 | 240c 488b | 4424 f848 
  0x00007e5bdc581d30: ff74 2430 | 488f 4424 | 1048 ff74 | 2428 488f | 4424 1848 | 8944 24f8 | 8b44 243c | 8944 2420 
  0x00007e5bdc581d50: 488b 4424 

  0x00007e5bdc581d54: ;   {runtime_call UncommonTrapBlob}
  0x00007e5bdc581d54: f866 90e8 

  0x00007e5bdc581d58: ; ImmutableOopMap {[0]=Oop [16]=Oop [24]=Oop [64]=Oop [112]=Oop }
                      ;*if_icmpgt {reexecute=1 rethrow=0 return_oop=0}
                      ; - (reexecute) org.h2.message.TraceSystem::isEnabled@24 (line 157)
                      ; - org.h2.message.Trace::isEnabled@13 (line 142)
                      ; - org.h2.message.Trace::isDebugEnabled@2 (line 162)
                      ; - org.h2.message.TraceObject::isDebugEnabled@4 (line 163)
                      ; - org.h2.jdbc.JdbcPreparedStatement::setInt@1 (line 356)
                      ; - org.apache.derbyTesting.system.oe.load.SimpleInsert::orderTable@95 (line 394)
  0x00007e5bdc581d58: a485 6eff 

  0x00007e5bdc581d5c: ;   {other}
  0x00007e5bdc581d5c: 0f1f 8400 | 4cb1 00ec | be45 ffff | ff48 8944 | 24f8 8b44 | 2438 8944 | 240c 488b | 4424 f848 
  0x00007e5bdc581d7c: ff74 2430 | 488f 4424 | 1048 ff74 | 2428 488f | 4424 1848 | 8944 24f8 | 8b44 243c | 8944 2420 
  0x00007e5bdc581d9c: 488b 4424 | f848 ff74 | 2440 488f | 4424 3044 | 895c 2424 

  0x00007e5bdc581db0: ;   {runtime_call UncommonTrapBlob}
  0x00007e5bdc581db0: 6666 90e8 

  0x00007e5bdc581db4: ; ImmutableOopMap {rbp=NarrowOop [0]=Oop [16]=Oop [24]=Oop [36]=NarrowOop [48]=Oop [112]=Oop }
                      ;*if_acmpne {reexecute=1 rethrow=0 return_oop=0}
                      ; - (reexecute) org.h2.engine.SessionLocal::isClosed@10 (line 1178)
                      ; - org.h2.jdbc.JdbcConnection::checkClosed@17 (line 1374)
                      ; - org.h2.jdbc.JdbcStatement::checkClosed@17 (line 1273)
                      ; - org.h2.jdbc.JdbcPreparedStatement::setParameter@1 (line 1391)
                      ; - org.h2.jdbc.JdbcPreparedStatement::setInt@50 (line 359)
                      ; - org.apache.derbyTesting.system.oe.load.SimpleInsert::orderTable@95 (line 394)
  0x00007e5bdc581db4: 4885 6eff 

  0x00007e5bdc581db8: ;   {other}
  0x00007e5bdc581db8: 0f1f 8400 | a8b1 00ed | be45 ffff | ff48 8944 | 24f8 8b44 | 2438 8944 | 240c 488b | 4424 f848 
  0x00007e5bdc581dd8: ff74 2430 | 488f 4424 | 1048 ff74 | 2428 488f | 4424 1848 | 8944 24f8 | 8b44 243c | 8944 2420 
  0x00007e5bdc581df8: 488b 4424 | f848 ff74 | 2440 488f | 4424 3044 | 895c 2424 

  0x00007e5bdc581e0c: ;   {runtime_call UncommonTrapBlob}
  0x00007e5bdc581e0c: 6666 90e8 

  0x00007e5bdc581e10: ; ImmutableOopMap {[0]=Oop [16]=Oop [24]=Oop [36]=NarrowOop [48]=Oop [112]=Oop }
                      ;*ifeq {reexecute=1 rethrow=0 return_oop=0}
                      ; - (reexecute) org.h2.command.CommandContainer::getParameters@22 (line 121)
                      ; - org.h2.jdbc.JdbcPreparedStatement::setParameter@11 (line 1393)
                      ; - org.h2.jdbc.JdbcPreparedStatement::setInt@50 (line 359)
                      ; - org.apache.derbyTesting.system.oe.load.SimpleInsert::orderTable@95 (line 394)
  0x00007e5bdc581e10: ec84 6eff 

  0x00007e5bdc581e14: ;   {other}
  0x00007e5bdc581e14: 0f1f 8400 | 04b2 00ee | be45 ffff | ff48 8b2c | 2448 ff74 | 2430 488f | 4424 0848 | ff74 2428 
  0x00007e5bdc581e34: 488f 4424 | 1044 894c 

  0x00007e5bdc581e3c: ;   {runtime_call UncommonTrapBlob}
  0x00007e5bdc581e3c: 241c 90e8 

  0x00007e5bdc581e40: ; ImmutableOopMap {rbp=Oop [8]=Oop [16]=Oop [64]=Oop [112]=Oop }
                      ;*if_icmplt {reexecute=1 rethrow=0 return_oop=0}
                      ; - (reexecute) org.h2.jdbc.JdbcPreparedStatement::setParameter@26 (line 1394)
                      ; - org.h2.jdbc.JdbcPreparedStatement::setInt@50 (line 359)
                      ; - org.apache.derbyTesting.system.oe.load.SimpleInsert::orderTable@95 (line 394)
  0x00007e5bdc581e40: bc84 6eff 

  0x00007e5bdc581e44: ;   {other}
  0x00007e5bdc581e44: 0f1f 8400 | 34b2 00ef | be45 ffff | ff48 8944 | 24f8 8b44 | 2438 8944 | 240c 488b | 4424 f848 
  0x00007e5bdc581e64: ff74 2430 | 488f 4424 | 1048 ff74 | 2428 488f | 4424 1848 | 8944 24f8 | 8b44 243c | 8944 2420 
  0x00007e5bdc581e84: 488b 4424 | f84c 8954 | 2430 4c89 

  0x00007e5bdc581e90: ;   {runtime_call UncommonTrapBlob}
  0x00007e5bdc581e90: 4424 48e8 

  0x00007e5bdc581e94: ; ImmutableOopMap {[0]=Oop [16]=Oop [24]=Oop [48]=Oop [64]=Oop [112]=Oop [168]=Oop }
                      ;*ifge {reexecute=1 rethrow=0 return_oop=0}
                      ; - (reexecute) java.sql.Timestamp::<init>@31 (line 114)
                      ; - org.apache.derbyTesting.system.oe.load.SimpleInsert::orderTable@107 (line 396)
  0x00007e5bdc581e94: 6884 6eff 

  0x00007e5bdc581e98: ;   {other}
  0x00007e5bdc581e98: 0f1f 8400 | 88b2 00f0 | be45 ffff | ff48 8944 | 24f8 8b44 | 2438 8944 | 240c 488b | 4424 f848 
  0x00007e5bdc581eb8: ff74 2430 | 488f 4424 | 1048 ff74 | 2428 488f | 4424 1848 | 8944 24f8 | 8b44 243c | 8944 2420 
  0x00007e5bdc581ed8: 488b 4424 | f848 ff74 | 2440 488f | 4424 3844 | 895c 244c 

  0x00007e5bdc581eec: ;   {runtime_call UncommonTrapBlob}
  0x00007e5bdc581eec: 6666 90e8 

  0x00007e5bdc581ef0: ; ImmutableOopMap {[0]=Oop [16]=Oop [24]=Oop [56]=Oop [76]=NarrowOop [112]=Oop [168]=Oop }
                      ;*if_icmpne {reexecute=1 rethrow=0 return_oop=0}
                      ; - (reexecute) org.h2.message.Trace::isEnabled@5 (line 141)
                      ; - org.h2.message.Trace::isDebugEnabled@2 (line 162)
                      ; - org.h2.message.TraceObject::isDebugEnabled@4 (line 163)
                      ; - org.h2.jdbc.JdbcPreparedStatement::setShort@1 (line 656)
                      ; - org.apache.derbyTesting.system.oe.load.SimpleInsert::orderTable@147 (line 402)
  0x00007e5bdc581ef0: 0c84 6eff 

  0x00007e5bdc581ef4: ;   {other}
  0x00007e5bdc581ef4: 0f1f 8400 | e4b2 00f1 | be45 ffff | ff48 8b2c | 2448 8944 | 24f8 8b44 | 2454 8904 | 2448 8b44 
  0x00007e5bdc581f14: 24f8 4889 | 4424 f88b | 4424 3889 | 4424 0448 | 8b44 24f8 | 48ff 7424 | 3048 8f44 | 2408 48ff 
  0x00007e5bdc581f34: 7424 2848 | 8f44 2410 | 4889 4424 | f88b 4424 | 3c89 4424 | 1848 8b44 | 24f8 48ff | 7424 4048 
  0x00007e5bdc581f54: 8f44 2430 | 4889 4424 | f88b 4424 | 4889 4424 | 1c48 8b44 | 24f8 4c89 | 5c24 4844 | 8944 2450 
  0x00007e5bdc581f74: 4489 4c24 

  0x00007e5bdc581f78: ;   {runtime_call UncommonTrapBlob}
  0x00007e5bdc581f78: 5466 90e8 

  0x00007e5bdc581f7c: ; ImmutableOopMap {rbp=Oop [8]=Oop [16]=Oop [48]=Oop [72]=Oop [80]=NarrowOop [112]=Oop [168]=Oop }
                      ;*ifle {reexecute=1 rethrow=0 return_oop=0}
                      ; - (reexecute) org.h2.command.CommandContainer::getParameters@12 (line 121)
                      ; - org.h2.jdbc.JdbcPreparedStatement::setParameter@11 (line 1393)
                      ; - org.h2.jdbc.JdbcPreparedStatement::setShort@50 (line 659)
                      ; - org.apache.derbyTesting.system.oe.load.SimpleInsert::orderTable@147 (line 402)
  0x00007e5bdc581f7c: 8083 6eff 

  0x00007e5bdc581f80: ;   {other}
  0x00007e5bdc581f80: 0f1f 8400 | 70b3 00f2 | be45 ffff | ff48 8b2c | 2448 8944 | 24f8 8b44 | 2438 8944 | 2404 488b 
  0x00007e5bdc581fa0: 4424 f848 | ff74 2430 | 488f 4424 | 0848 ff74 | 2428 488f | 4424 1048 | 8944 24f8 | 8b44 243c 
  0x00007e5bdc581fc0: 8944 2418 | 488b 4424 | f848 ff74 | 2440 488f | 4424 3048 | 8944 24f8 | 8b44 2448 | 8944 241c 
  0x00007e5bdc581fe0: 488b 4424 | f84c 8954 | 2440 4c89 | 5c24 4844 | 8944 2450 

  0x00007e5bdc581ff4: ;   {runtime_call UncommonTrapBlob}
  0x00007e5bdc581ff4: 6666 90e8 

  0x00007e5bdc581ff8: ; ImmutableOopMap {rbp=Oop [8]=Oop [16]=Oop [48]=Oop [64]=Oop [72]=Oop [80]=NarrowOop [112]=Oop [168]=Oop }
                      ;*ifnonnull {reexecute=1 rethrow=0 return_oop=0}
                      ; - (reexecute) org.h2.jdbc.JdbcPreparedStatement::setParameter@58 (line 1400)
                      ; - org.h2.jdbc.JdbcPreparedStatement::setShort@50 (line 659)
                      ; - org.apache.derbyTesting.system.oe.load.SimpleInsert::orderTable@147 (line 402)
  0x00007e5bdc581ff8: 0483 6eff 

  0x00007e5bdc581ffc: ;   {other}
  0x00007e5bdc581ffc: 0f1f 8400 | ecb3 00f3 | be45 ffff | ff48 8944 | 24f8 8b44 | 2438 8944 | 240c 488b | 4424 f848 
  0x00007e5bdc58201c: ff74 2430 | 488f 4424 | 1048 ff74 | 2428 488f | 4424 1848 | 8944 24f8 | 8b44 243c | 8944 2420 
  0x00007e5bdc58203c: 488b 4424 | f848 ff74 | 2440 488f | 4424 3848 | 8944 24f8 | 8b44 2448 | 8944 2424 | 488b 4424 
  0x00007e5bdc58205c: f844 8944 

  0x00007e5bdc582060: ;   {runtime_call UncommonTrapBlob}
  0x00007e5bdc582060: 2448 90e8 

  0x00007e5bdc582064: ; ImmutableOopMap {[0]=Oop [16]=Oop [24]=Oop [56]=Oop [72]=NarrowOop [112]=Oop [168]=Oop }
                      ;*if_icmpne {reexecute=1 rethrow=0 return_oop=0}
                      ; - (reexecute) org.h2.message.Trace::isEnabled@5 (line 141)
                      ; - org.h2.message.Trace::isDebugEnabled@2 (line 162)
                      ; - org.h2.message.TraceObject::isDebugEnabled@4 (line 163)
                      ; - org.h2.jdbc.JdbcPreparedStatement::setShort@1 (line 656)
                      ; - org.apache.derbyTesting.system.oe.load.SimpleInsert::orderTable@157 (line 403)
  0x00007e5bdc582064: 9882 6eff 

  0x00007e5bdc582068: ;   {other}
  0x00007e5bdc582068: 0f1f 8400 | 58b4 00f4 | be45 ffff | ff48 8b2c | 2448 8944 | 24f8 8b44 | 2438 8944 | 2404 488b 
  0x00007e5bdc582088: 4424 f848 | ff74 2430 | 488f 4424 | 0848 ff74 | 2428 488f | 4424 1048 | 8944 24f8 | 8b44 243c 
  0x00007e5bdc5820a8: 8944 2418 | 488b 4424 | f848 ff74 | 2440 488f | 4424 304c | 8954 2448 | 4489 4c24 | 1c89 4c24 
  0x00007e5bdc5820c8: ;   {runtime_call UncommonTrapBlob}
  0x00007e5bdc5820c8: 5066 90e8 

  0x00007e5bdc5820cc: ; ImmutableOopMap {rbp=Oop [8]=Oop [16]=Oop [28]=NarrowOop [48]=Oop [72]=Oop [112]=Oop [168]=Oop }
                      ;*ifle {reexecute=1 rethrow=0 return_oop=0}
                      ; - (reexecute) org.h2.command.CommandContainer::getParameters@12 (line 121)
                      ; - org.h2.jdbc.JdbcPreparedStatement::setParameter@11 (line 1393)
                      ; - org.h2.jdbc.JdbcPreparedStatement::setShort@50 (line 659)
                      ; - org.apache.derbyTesting.system.oe.load.SimpleInsert::orderTable@157 (line 403)
  0x00007e5bdc5820cc: 3082 6eff 

  0x00007e5bdc5820d0: ;   {other}
  0x00007e5bdc5820d0: 0f1f 8400 | c0b4 00f5 | be45 ffff | ff48 8944 | 24f8 8b44 | 2438 8944 | 240c 488b | 4424 f848 
  0x00007e5bdc5820f0: ff74 2430 | 488f 4424 | 1048 ff74 | 2428 488f | 4424 1848 | 8944 24f8 | 8b44 243c | 8944 2420 
  0x00007e5bdc582110: 488b 4424 | f848 ff74 | 2440 488f | 4424 384c | 8954 2448 | 4489 4424 

  0x00007e5bdc582128: ;   {runtime_call UncommonTrapBlob}
  0x00007e5bdc582128: 2466 90e8 

  0x00007e5bdc58212c: ; ImmutableOopMap {rbp=Oop [0]=Oop [16]=Oop [24]=Oop [36]=NarrowOop [56]=Oop [72]=Oop [112]=Oop [168]=Oop }
                      ;*ifnonnull {reexecute=1 rethrow=0 return_oop=0}
                      ; - (reexecute) org.h2.jdbc.JdbcPreparedStatement::setParameter@58 (line 1400)
                      ; - org.h2.jdbc.JdbcPreparedStatement::setShort@50 (line 659)
                      ; - org.apache.derbyTesting.system.oe.load.SimpleInsert::orderTable@157 (line 403)
  0x00007e5bdc58212c: d081 6eff 

  0x00007e5bdc582130: ;   {other}
  0x00007e5bdc582130: 0f1f 8400 | 20b5 00f6 | bee4 ffff | ff48 8b2c | 2448 8944 | 24f8 8b44 | 2438 8944 | 2404 488b 
  0x00007e5bdc582150: 4424 f848 | ff74 2410 | 488f 4424 | 0848 ff74 | 2428 488f | 4424 1048 | ff74 2440 | 488f 4424 
  0x00007e5bdc582170: 2044 895c | 241c 4489 | 4424 4089 

  0x00007e5bdc58217c: ;   {runtime_call UncommonTrapBlob}
  0x00007e5bdc58217c: 4c24 44e8 

  0x00007e5bdc582180: ; ImmutableOopMap {rbp=Oop [8]=Oop [16]=Oop [28]=NarrowOop [32]=Oop [64]=NarrowOop [96]=Oop }
                      ;*invokestatic checkIndex {reexecute=0 rethrow=0 return_oop=0}
                      ; - java.util.Objects::checkIndex@3 (line 385)
                      ; - java.util.ArrayList::get@5 (line 427)
                      ; - org.h2.jdbc.JdbcPreparedStatement::setParameter@43 (line 1398)
                      ; - org.h2.jdbc.JdbcPreparedStatement::setInt@50 (line 359)
                      ; - org.apache.derbyTesting.system.oe.load.SimpleInsert::orderTable@446 (line 440)
  0x00007e5bdc582180: 7c81 6eff 

  0x00007e5bdc582184: ;   {other}
  0x00007e5bdc582184: 0f1f 8400 | 74b5 00f7 | bef6 ffff | ff48 8b2c | 2448 8944 | 24f8 8b44 | 2438 8944 | 2404 488b 
  0x00007e5bdc5821a4: 4424 f848 | ff74 2410 | 488f 4424 | 0848 ff74 | 2428 488f 

  0x00007e5bdc5821b8: ;   {runtime_call UncommonTrapBlob}
  0x00007e5bdc5821b8: 4424 10e8 

  0x00007e5bdc5821bc: ; ImmutableOopMap {rbp=Oop [8]=Oop [16]=Oop [64]=Oop [96]=Oop }
                      ;*monitorenter {reexecute=0 rethrow=0 return_oop=0}
                      ; - org.h2.jdbc.JdbcPreparedStatement::executeUpdateInternal@10 (line 206)
                      ; - org.h2.jdbc.JdbcPreparedStatement::executeUpdate@16 (line 169)
                      ; - org.apache.derbyTesting.system.oe.load.SimpleInsert::orderTable@453 (line 441)
  0x00007e5bdc5821bc: 4081 6eff 

  0x00007e5bdc5821c0: ;   {other}
  0x00007e5bdc5821c0: 0f1f 8400 | b0b5 00f8 | bede ffff | ff48 8944 | 24f8 8b44 | 2438 8944 | 240c 488b | 4424 f848 
  0x00007e5bdc5821e0: ff74 2428 | 488f 4424 

  0x00007e5bdc5821e8: ;   {runtime_call UncommonTrapBlob}
  0x00007e5bdc5821e8: 1866 90e8 

  0x00007e5bdc5821ec: ; ImmutableOopMap {rbp=NarrowOop [0]=Oop [16]=Oop [24]=Oop [64]=Oop [96]=Oop }
                      ;*invokeinterface isEnabled {reexecute=0 rethrow=0 return_oop=0}
                      ; - org.h2.message.Trace::isEnabled@13 (line 142)
                      ; - org.h2.message.Trace::isDebugEnabled@2 (line 162)
                      ; - org.h2.message.TraceObject::isDebugEnabled@4 (line 163)
                      ; - org.h2.jdbc.JdbcPreparedStatement::setInt@1 (line 356)
                      ; - org.apache.derbyTesting.system.oe.load.SimpleInsert::orderTable@446 (line 440)
  0x00007e5bdc5821ec: 1081 6eff 

  0x00007e5bdc5821f0: ;   {other}
  0x00007e5bdc5821f0: 0f1f 8400 | e0b5 00f9 | bede ffff | ff48 8944 | 24f8 8b44 | 2438 8944 | 240c 488b | 4424 f848 
  0x00007e5bdc582210: ff74 2428 | 488f 4424 | 1848 ff74 | 2440 488f | 4424 2844 | 895c 2424 

  0x00007e5bdc582228: ;   {runtime_call UncommonTrapBlob}
  0x00007e5bdc582228: 6666 90e8 

  0x00007e5bdc58222c: ; ImmutableOopMap {rbp=NarrowOop [0]=Oop [16]=Oop [24]=Oop [36]=NarrowOop [40]=Oop [96]=Oop }
                      ;*invokevirtual isClosed {reexecute=0 rethrow=0 return_oop=0}
                      ; - org.h2.jdbc.JdbcConnection::checkClosed@17 (line 1374)
                      ; - org.h2.jdbc.JdbcStatement::checkClosed@17 (line 1273)
                      ; - org.h2.jdbc.JdbcPreparedStatement::setParameter@1 (line 1391)
                      ; - org.h2.jdbc.JdbcPreparedStatement::setInt@50 (line 359)
                      ; - org.apache.derbyTesting.system.oe.load.SimpleInsert::orderTable@446 (line 440)
  0x00007e5bdc58222c: d080 6eff 

  0x00007e5bdc582230: ;   {other}
  0x00007e5bdc582230: 0f1f 8400 | 20b6 00fa | bede ffff | ff48 8944 | 24f8 8b44 | 2438 8944 | 240c 488b | 4424 f848 
  0x00007e5bdc582250: ff74 2428 | 488f 4424 | 1848 ff74 | 2440 488f | 4424 2844 | 895c 2424 

  0x00007e5bdc582268: ;   {runtime_call UncommonTrapBlob}
  0x00007e5bdc582268: 6666 90e8 

  0x00007e5bdc58226c: ; ImmutableOopMap {rbp=NarrowOop [0]=Oop [16]=Oop [24]=Oop [36]=NarrowOop [40]=Oop [96]=Oop }
                      ;*invokeinterface getParameters {reexecute=0 rethrow=0 return_oop=0}
                      ; - org.h2.jdbc.JdbcPreparedStatement::setParameter@11 (line 1393)
                      ; - org.h2.jdbc.JdbcPreparedStatement::setInt@50 (line 359)
                      ; - org.apache.derbyTesting.system.oe.load.SimpleInsert::orderTable@446 (line 440)
  0x00007e5bdc58226c: 9080 6eff 

  0x00007e5bdc582270: ;   {other}
  0x00007e5bdc582270: 0f1f 8400 | 60b6 00fb | bee4 ffff | ff48 8944 | 24f8 8b44 | 2438 8944 | 240c 488b | 4424 f848 
  0x00007e5bdc582290: ff74 2428 | 488f 4424 | 1848 ff74 | 2440 488f | 4424 2844 | 895c 2424 

  0x00007e5bdc5822a8: ;   {runtime_call UncommonTrapBlob}
  0x00007e5bdc5822a8: 6666 90e8 

  0x00007e5bdc5822ac: ; ImmutableOopMap {rbp=NarrowOop [0]=Oop [16]=Oop [24]=Oop [36]=NarrowOop [40]=Oop [96]=Oop }
                      ;*aaload {reexecute=0 rethrow=0 return_oop=0}
                      ; - java.util.ArrayList::elementData@5 (line 411)
                      ; - java.util.ArrayList::get@11 (line 428)
                      ; - org.h2.jdbc.JdbcPreparedStatement::setParameter@43 (line 1398)
                      ; - org.h2.jdbc.JdbcPreparedStatement::setInt@50 (line 359)
                      ; - org.apache.derbyTesting.system.oe.load.SimpleInsert::orderTable@446 (line 440)
  0x00007e5bdc5822ac: 5080 6eff 

  0x00007e5bdc5822b0: ;   {other}
  0x00007e5bdc5822b0: 0f1f 8400 | a0b6 00fc | bede ffff | ff48 8944 | 24f8 8b44 | 2438 8944 | 240c 488b | 4424 f848 
  0x00007e5bdc5822d0: ff74 2428 | 488f 4424 | 1848 ff74 | 2440 488f 

  0x00007e5bdc5822e0: ;   {runtime_call UncommonTrapBlob}
  0x00007e5bdc5822e0: 4424 28e8 

  0x00007e5bdc5822e4: ; ImmutableOopMap {rbp=NarrowOop [0]=Oop [16]=Oop [24]=Oop [40]=Oop [96]=Oop }
                      ;*invokeinterface isEnabled {reexecute=0 rethrow=0 return_oop=0}
                      ; - org.h2.message.Trace::isEnabled@13 (line 142)
                      ; - org.h2.message.Trace::isDebugEnabled@2 (line 162)
                      ; - org.h2.message.TraceObject::debugCodeCall@4 (line 198)
                      ; - org.h2.jdbc.JdbcPreparedStatement::executeUpdate@3 (line 166)
                      ; - org.apache.derbyTesting.system.oe.load.SimpleInsert::orderTable@453 (line 441)
  0x00007e5bdc5822e4: 1880 6eff 

  0x00007e5bdc5822e8: ;   {other}
  0x00007e5bdc5822e8: 0f1f 8400 | d8b6 00fd | bede ffff | ff48 8944 | 24f8 8b44 | 2438 8944 | 240c 488b | 4424 f848 
  0x00007e5bdc582308: ff74 2428 | 488f 4424 

  0x00007e5bdc582310: ;   {runtime_call UncommonTrapBlob}
  0x00007e5bdc582310: 1866 90e8 

  0x00007e5bdc582314: ; ImmutableOopMap {rbp=NarrowOop [0]=Oop [16]=Oop [24]=Oop [64]=Oop [96]=Oop }
                      ;*invokevirtual isClosed {reexecute=0 rethrow=0 return_oop=0}
                      ; - org.h2.jdbc.JdbcConnection::checkClosed@17 (line 1374)
                      ; - org.h2.jdbc.JdbcStatement::checkClosed@17 (line 1273)
                      ; - org.h2.jdbc.JdbcPreparedStatement::executeUpdate@7 (line 167)
                      ; - org.apache.derbyTesting.system.oe.load.SimpleInsert::orderTable@453 (line 441)
  0x00007e5bdc582314: e87f 6eff 

  0x00007e5bdc582318: ;   {other}
  0x00007e5bdc582318: 0f1f 8400 | 08b7 00fe | 498b f348 | 8d94 24b0 

  0x00007e5bdc582328: ;   {runtime_call _complete_monitor_locking_Java}
  0x00007e5bdc582328: 0000 00e8 

  0x00007e5bdc58232c: ; ImmutableOopMap {[0]=Oop [12]=NarrowOop [16]=Oop [28]=NarrowOop [36]=NarrowOop [40]=Oop [48]=Oop [64]=Oop [72]=Oop [96]=Oop [104]=Oop [112]=Oop }
                      ;*monitorenter {reexecute=0 rethrow=0 return_oop=0}
                      ; - org.h2.jdbc.JdbcPreparedStatement::executeUpdateInternal@10 (line 206)
                      ; - org.h2.jdbc.JdbcPreparedStatement::executeUpdate@16 (line 169)
                      ; - org.apache.derbyTesting.system.oe.load.SimpleInsert::orderTable@453 (line 441)
  0x00007e5bdc58232c: 50f8 79ff 

  0x00007e5bdc582330: ;   {other}
  0x00007e5bdc582330: 0f1f 8400 | 20b7 00ff | e90e 5fff | ffbe deff | ffff 4889 | 4424 f88b | 4424 3889 | 4424 0c48 
  0x00007e5bdc582350: 8b44 24f8 | 48ff 7424 | 2848 8f44 | 2418 48ff | 7424 4048 | 8f44 2428 | 4489 4424 

  0x00007e5bdc58236c: ;   {runtime_call UncommonTrapBlob}
  0x00007e5bdc58236c: 4866 90e8 

  0x00007e5bdc582370: ; ImmutableOopMap {rbp=NarrowOop [0]=Oop [16]=Oop [24]=Oop [36]=NarrowOop [40]=Oop [72]=NarrowOop [96]=Oop }
                      ;*invokeinterface executeUpdate {reexecute=0 rethrow=0 return_oop=0}
                      ; - org.h2.jdbc.JdbcPreparedStatement::executeUpdateInternal@27 (line 209)
                      ; - org.h2.jdbc.JdbcPreparedStatement::executeUpdate@16 (line 169)
                      ; - org.apache.derbyTesting.system.oe.load.SimpleInsert::orderTable@453 (line 441)
  0x00007e5bdc582370: 8c7f 6eff 

  0x00007e5bdc582374: ;   {other}
  0x00007e5bdc582374: 0f1f 8400 | 0000 0000 | 498b fb48 | 8db4 24b0 | 0000 0049 | 8bd7 49ba | a089 fef3 | 5b7e 0000 
  0x00007e5bdc582394: ;   {other}
  0x00007e5bdc582394: 41ff d20f | 1f84 0000 | 0000 00e9 | d05f ffff | bede ffff | ff48 8944 | 24f8 8b44 | 2438 8944 
  0x00007e5bdc5823b4: 240c 488b | 4424 f848 | ff74 2430 | 488f 4424 | 1048 ff74 | 2428 488f | 4424 1848 | 8944 24f8 
  0x00007e5bdc5823d4: 8b44 243c | 8944 2420 | 488b 4424 | f848 ff74 | 2440 488f 

  0x00007e5bdc5823e8: ;   {runtime_call UncommonTrapBlob}
  0x00007e5bdc5823e8: 4424 38e8 

  0x00007e5bdc5823ec: ; ImmutableOopMap {rbp=NarrowOop [0]=Oop [16]=Oop [24]=Oop [56]=Oop [112]=Oop [168]=Oop }
                      ;*invokeinterface isEnabled {reexecute=0 rethrow=0 return_oop=0}
                      ; - org.h2.message.Trace::isEnabled@13 (line 142)
                      ; - org.h2.message.Trace::isDebugEnabled@2 (line 162)
                      ; - org.h2.message.TraceObject::isDebugEnabled@4 (line 163)
                      ; - org.h2.jdbc.JdbcPreparedStatement::setNull@1 (line 337)
                      ; - org.apache.derbyTesting.system.oe.load.SimpleInsert::orderTable@169 (line 405)
  0x00007e5bdc5823ec: 107f 6eff 

  0x00007e5bdc5823f0: ;   {other}
  0x00007e5bdc5823f0: 0f1f 8400 | 0000 0000 | bede ffff | ff48 8944 | 24f8 8b44 | 2438 8944 | 240c 488b | 4424 f848 
  0x00007e5bdc582410: ff74 2430 | 488f 4424 | 1048 ff74 | 2428 488f | 4424 1848 | 8944 24f8 | 8b44 243c | 8944 2420 
  0x00007e5bdc582430: 488b 4424 | f848 ff74 | 2440 488f 

  0x00007e5bdc58243c: ;   {runtime_call UncommonTrapBlob}
  0x00007e5bdc58243c: 4424 38e8 

  0x00007e5bdc582440: ; ImmutableOopMap {rbp=NarrowOop [0]=Oop [16]=Oop [24]=Oop [56]=Oop [112]=Oop [168]=Oop }
                      ;*invokevirtual isClosed {reexecute=0 rethrow=0 return_oop=0}
                      ; - org.h2.jdbc.JdbcConnection::checkClosed@17 (line 1374)
                      ; - org.h2.jdbc.JdbcStatement::checkClosed@17 (line 1273)
                      ; - org.h2.jdbc.JdbcPreparedStatement::setParameter@1 (line 1391)
                      ; - org.h2.jdbc.JdbcPreparedStatement::setNull@49 (line 340)
                      ; - org.apache.derbyTesting.system.oe.load.SimpleInsert::orderTable@169 (line 405)
  0x00007e5bdc582440: bc7e 6eff 

  0x00007e5bdc582444: ;   {other}
  0x00007e5bdc582444: 0f1f 8400 | 0000 0000 | bede ffff | ff48 8944 | 24f8 8b44 | 2438 8944 | 240c 488b | 4424 f848 
  0x00007e5bdc582464: ff74 2430 | 488f 4424 | 1048 ff74 | 2428 488f | 4424 1848 | 8944 24f8 | 8b44 243c | 8944 2420 
  0x00007e5bdc582484: 488b 4424 | f848 ff74 | 2440 488f 

  0x00007e5bdc582490: ;   {runtime_call UncommonTrapBlob}
  0x00007e5bdc582490: 4424 38e8 

  0x00007e5bdc582494: ; ImmutableOopMap {rbp=NarrowOop [0]=Oop [16]=Oop [24]=Oop [56]=Oop [112]=Oop [168]=Oop }
                      ;*invokeinterface getParameters {reexecute=0 rethrow=0 return_oop=0}
                      ; - org.h2.jdbc.JdbcPreparedStatement::setParameter@11 (line 1393)
                      ; - org.h2.jdbc.JdbcPreparedStatement::setNull@49 (line 340)
                      ; - org.apache.derbyTesting.system.oe.load.SimpleInsert::orderTable@169 (line 405)
  0x00007e5bdc582494: 687e 6eff 

  0x00007e5bdc582498: ;   {other}
  0x00007e5bdc582498: 0f1f 8400 | 0000 0000 | becc ffff | ff48 8b2c | 2448 8944 | 24f8 8b44 | 2438 8944 | 2404 488b 
  0x00007e5bdc5824b8: 4424 f848 | ff74 2430 | 488f 4424 | 0848 ff74 | 2428 488f | 4424 1048 | 8944 24f8 | 8b44 243c 
  0x00007e5bdc5824d8: 8944 2418 | 488b 4424 | f848 ff74 | 2440 488f | 4424 3044 | 8944 241c | 4489 4c24 

  0x00007e5bdc5824f4: ;   {runtime_call UncommonTrapBlob}
  0x00007e5bdc5824f4: 4866 90e8 

  0x00007e5bdc5824f8: ; ImmutableOopMap {rbp=Oop [8]=Oop [16]=Oop [28]=NarrowOop [48]=Oop [112]=Oop [168]=Oop }
                      ;*invokestatic checkIndex {reexecute=0 rethrow=0 return_oop=0}
                      ; - java.util.Objects::checkIndex@3 (line 385)
                      ; - java.util.ArrayList::get@5 (line 427)
                      ; - org.h2.jdbc.JdbcPreparedStatement::setParameter@43 (line 1398)
                      ; - org.h2.jdbc.JdbcPreparedStatement::setNull@49 (line 340)
                      ; - org.apache.derbyTesting.system.oe.load.SimpleInsert::orderTable@169 (line 405)
  0x00007e5bdc5824f8: 047e 6eff 

  0x00007e5bdc5824fc: ;   {other}
  0x00007e5bdc5824fc: 0f1f 8400 | 0000 0000 | bee4 ffff | ff48 8b2c | 2448 8944 | 24f8 8b44 | 2438 8944 | 2404 488b 
  0x00007e5bdc58251c: 4424 f848 | ff74 2430 | 488f 4424 | 0848 ff74 | 2428 488f | 4424 1048 | 8944 24f8 | 8b44 243c 
  0x00007e5bdc58253c: 8944 2418 | 488b 4424 | f848 ff74 | 2440 488f | 4424 3044 | 8944 241c | 4489 4c24 

  0x00007e5bdc582558: ;   {runtime_call UncommonTrapBlob}
  0x00007e5bdc582558: 4866 90e8 

  0x00007e5bdc58255c: ; ImmutableOopMap {rbp=Oop [8]=Oop [16]=Oop [28]=NarrowOop [48]=Oop [112]=Oop [168]=Oop }
                      ;*invokestatic checkIndex {reexecute=0 rethrow=0 return_oop=0}
                      ; - java.util.Objects::checkIndex@3 (line 385)
                      ; - java.util.ArrayList::get@5 (line 427)
                      ; - org.h2.jdbc.JdbcPreparedStatement::setParameter@43 (line 1398)
                      ; - org.h2.jdbc.JdbcPreparedStatement::setNull@49 (line 340)
                      ; - org.apache.derbyTesting.system.oe.load.SimpleInsert::orderTable@169 (line 405)
  0x00007e5bdc58255c: a07d 6eff 

  0x00007e5bdc582560: ;   {other}
  0x00007e5bdc582560: 0f1f 8400 | 0000 0000 | be45 ffff | ff48 8944 | 24f8 8b44 | 2438 8944 | 240c 488b | 4424 f848 
  0x00007e5bdc582580: ff74 2430 | 488f 4424 | 1048 ff74 | 2428 488f | 4424 1848 | 8944 24f8 | 8b44 243c | 8944 2420 
  0x00007e5bdc5825a0: 488b 4424 | f848 ff74 | 2440 488f | 4424 384c | 8944 2440 | 4489 5424 

  0x00007e5bdc5825b8: ;   {runtime_call UncommonTrapBlob}
  0x00007e5bdc5825b8: 2466 90e8 

  0x00007e5bdc5825bc: ; ImmutableOopMap {[0]=Oop [16]=Oop [24]=Oop [36]=NarrowOop [56]=Oop [64]=Oop [112]=Oop [168]=Oop }
                      ;*ifeq {reexecute=1 rethrow=0 return_oop=0}
                      ; - (reexecute) java.util.Random::next@35 (line 444)
                      ; - java.util.Random::nextDouble@3 (line 698)
                      ; - org.apache.derbyTesting.system.oe.util.OERandom::randomInt@4 (line 124)
                      ; - org.apache.derbyTesting.system.oe.load.SimpleInsert::orderTable@136 (line 401)
  0x00007e5bdc5825bc: 407d 6eff 

  0x00007e5bdc5825c0: ;   {other}
  0x00007e5bdc5825c0: 0f1f 8400 | 0000 0000 | be45 ffff | ff48 8b2c | 2448 8944 | 24f8 8b44 | 2438 8944 | 2404 488b 
  0x00007e5bdc5825e0: 4424 f848 | ff74 2430 | 488f 4424 | 0848 ff74 | 2428 488f | 4424 1048 | 8944 24f8 | 8b44 243c 
  0x00007e5bdc582600: 8944 2418 | 488b 4424 | f848 ff74 | 2440 488f | 4424 304c | 8944 2438 | 4489 5c24 | 1c44 8954 
  0x00007e5bdc582620: ;   {runtime_call UncommonTrapBlob}
  0x00007e5bdc582620: 2440 90e8 

  0x00007e5bdc582624: ; ImmutableOopMap {rbp=Oop [8]=Oop [16]=Oop [28]=NarrowOop [48]=Oop [112]=Oop [168]=Oop }
                      ;*ifeq {reexecute=1 rethrow=0 return_oop=0}
                      ; - (reexecute) java.util.Random::next@35 (line 444)
                      ; - java.util.Random::nextDouble@13 (line 698)
                      ; - org.apache.derbyTesting.system.oe.util.OERandom::randomInt@4 (line 124)
                      ; - org.apache.derbyTesting.system.oe.load.SimpleInsert::orderTable@136 (line 401)
  0x00007e5bdc582624: d87c 6eff 

  0x00007e5bdc582628: ;   {other}
  0x00007e5bdc582628: 0f1f 8400 | 0000 0000 | be45 ffff | ff48 8944 | 24f8 8b44 | 2454 8944 | 2408 488b | 4424 f848 
  0x00007e5bdc582648: 8944 24f8 | 8b44 2438 | 8944 240c | 488b 4424 | f848 ff74 | 2430 488f | 4424 1048 | ff74 2428 
  0x00007e5bdc582668: 488f 4424 | 1848 8944 | 24f8 8b44 | 243c 8944 | 2420 488b | 4424 f848 | ff74 2440 | 488f 4424 
  0x00007e5bdc582688: 384c 8954 

  0x00007e5bdc58268c: ;   {runtime_call UncommonTrapBlob}
  0x00007e5bdc58268c: 2450 90e8 

  0x00007e5bdc582690: ; ImmutableOopMap {[0]=Oop [16]=Oop [24]=Oop [56]=Oop [80]=Oop [112]=Oop [168]=Oop }
                      ;*if_icmpne {reexecute=1 rethrow=0 return_oop=0}
                      ; - (reexecute) org.h2.message.TraceSystem::isEnabled@5 (line 154)
                      ; - org.h2.message.Trace::isEnabled@13 (line 142)
                      ; - org.h2.message.Trace::isDebugEnabled@2 (line 162)
                      ; - org.h2.message.TraceObject::isDebugEnabled@4 (line 163)
                      ; - org.h2.jdbc.JdbcPreparedStatement::setShort@1 (line 656)
                      ; - org.apache.derbyTesting.system.oe.load.SimpleInsert::orderTable@147 (line 402)
  0x00007e5bdc582690: 6c7c 6eff 

  0x00007e5bdc582694: ;   {other}
  0x00007e5bdc582694: 0f1f 8400 | 0000 0000 | be45 ffff | ff48 8944 | 24f8 8b44 | 2438 8944 | 240c 488b | 4424 f848 
  0x00007e5bdc5826b4: ff74 2430 | 488f 4424 | 1048 ff74 | 2428 488f | 4424 1848 | 8944 24f8 | 8b44 243c | 8944 2420 
  0x00007e5bdc5826d4: 488b 4424 | f848 ff74 | 2440 488f 

  0x00007e5bdc5826e0: ;   {runtime_call UncommonTrapBlob}
  0x00007e5bdc5826e0: 4424 38e8 

  0x00007e5bdc5826e4: ; ImmutableOopMap {[0]=Oop [16]=Oop [24]=Oop [56]=Oop [112]=Oop [168]=Oop }
                      ;*if_icmpgt {reexecute=1 rethrow=0 return_oop=0}
                      ; - (reexecute) org.h2.message.TraceSystem::isEnabled@24 (line 157)
                      ; - org.h2.message.Trace::isEnabled@13 (line 142)
                      ; - org.h2.message.Trace::isDebugEnabled@2 (line 162)
                      ; - org.h2.message.TraceObject::isDebugEnabled@4 (line 163)
                      ; - org.h2.jdbc.JdbcPreparedStatement::setShort@1 (line 656)
                      ; - org.apache.derbyTesting.system.oe.load.SimpleInsert::orderTable@147 (line 402)
  0x00007e5bdc5826e4: 187c 6eff 

  0x00007e5bdc5826e8: ;   {other}
  0x00007e5bdc5826e8: 0f1f 8400 | 0000 0000 | 4c3b c1bd | ffff ffff | 7c08 400f | 95c5 400f | b6ed be45 | ffff ff48 
  0x00007e5bdc582708: 8944 24f8 | 8b44 2454 | 8944 2408 | 488b 4424 | f848 8944 | 24f8 8b44 | 2438 8944 | 240c 488b 
  0x00007e5bdc582728: 4424 f848 | ff74 2430 | 488f 4424 | 1048 ff74 | 2428 488f | 4424 1848 | 8944 24f8 | 8b44 243c 
  0x00007e5bdc582748: 8944 2420 | 488b 4424 | f848 ff74 | 2440 488f | 4424 3848 | 8944 24f8 | 8b44 2448 | 8944 2424 
  0x00007e5bdc582768: 488b 4424 | f848 ff74 | 2458 488f | 4424 5044 | 895c 2458 | 4489 5424 | 5c89 5c24 

  0x00007e5bdc582784: ;   {runtime_call UncommonTrapBlob}
  0x00007e5bdc582784: 6066 90e8 

  0x00007e5bdc582788: ; ImmutableOopMap {[0]=Oop [16]=Oop [24]=Oop [56]=Oop [80]=Oop [92]=NarrowOop [96]=NarrowOop [112]=Oop [168]=Oop }
                      ;*ifeq {reexecute=1 rethrow=0 return_oop=0}
                      ; - (reexecute) java.lang.ref.SoftReference::get@17 (line 114)
                      ; - org.h2.value.Value::cache@20 (line 743)
                      ; - org.h2.value.ValueSmallint::get@8 (line 171)
                      ; - org.h2.jdbc.JdbcPreparedStatement::setShort@47 (line 659)
                      ; - org.apache.derbyTesting.system.oe.load.SimpleInsert::orderTable@147 (line 402)
  0x00007e5bdc582788: 747b 6eff 

  0x00007e5bdc58278c: ;   {other}
  0x00007e5bdc58278c: 0f1f 8400 | 0000 0000 | be45 ffff | ff48 8944 | 24f8 8b44 | 2454 8944 | 2408 488b | 4424 f848 
  0x00007e5bdc5827ac: 8944 24f8 | 8b44 2438 | 8944 240c | 488b 4424 | f848 ff74 | 2430 488f | 4424 1048 | ff74 2428 
  0x00007e5bdc5827cc: 488f 4424 | 1848 8944 | 24f8 8b44 | 243c 8944 | 2420 488b | 4424 f848 | ff74 2440 | 488f 4424 
  0x00007e5bdc5827ec: 3848 8944 | 24f8 8b44 | 2448 8944 | 2424 488b | 4424 f84c | 895c 2450 

  0x00007e5bdc582804: ;   {runtime_call UncommonTrapBlob}
  0x00007e5bdc582804: 6666 90e8 

  0x00007e5bdc582808: ; ImmutableOopMap {rbp=NarrowOop [0]=Oop [16]=Oop [24]=Oop [56]=Oop [80]=Oop [112]=Oop [168]=Oop }
                      ;*if_acmpne {reexecute=1 rethrow=0 return_oop=0}
                      ; - (reexecute) org.h2.engine.SessionLocal::isClosed@10 (line 1178)
                      ; - org.h2.jdbc.JdbcConnection::checkClosed@17 (line 1374)
                      ; - org.h2.jdbc.JdbcStatement::checkClosed@17 (line 1273)
                      ; - org.h2.jdbc.JdbcPreparedStatement::setParameter@1 (line 1391)
                      ; - org.h2.jdbc.JdbcPreparedStatement::setShort@50 (line 659)
                      ; - org.apache.derbyTesting.system.oe.load.SimpleInsert::orderTable@147 (line 402)
  0x00007e5bdc582808: f47a 6eff 

  0x00007e5bdc58280c: ;   {other}
  0x00007e5bdc58280c: 0f1f 8400 | 0000 0000 | be45 ffff | ff48 8944 | 24f8 8b44 | 2454 8944 | 2408 488b | 4424 f848 
  0x00007e5bdc58282c: 8944 24f8 | 8b44 2438 | 8944 240c | 488b 4424 | f848 ff74 | 2430 488f | 4424 1048 | ff74 2428 
  0x00007e5bdc58284c: 488f 4424 | 1848 8944 | 24f8 8b44 | 243c 8944 | 2420 488b | 4424 f848 | ff74 2440 | 488f 4424 
  0x00007e5bdc58286c: 3848 8944 | 24f8 8b44 | 2448 8944 | 2424 488b | 4424 f84c | 895c 2450 

  0x00007e5bdc582884: ;   {runtime_call UncommonTrapBlob}
  0x00007e5bdc582884: 6666 90e8 

  0x00007e5bdc582888: ; ImmutableOopMap {[0]=Oop [16]=Oop [24]=Oop [56]=Oop [80]=Oop [112]=Oop [168]=Oop }
                      ;*ifeq {reexecute=1 rethrow=0 return_oop=0}
                      ; - (reexecute) org.h2.command.CommandContainer::getParameters@22 (line 121)
                      ; - org.h2.jdbc.JdbcPreparedStatement::setParameter@11 (line 1393)
                      ; - org.h2.jdbc.JdbcPreparedStatement::setShort@50 (line 659)
                      ; - org.apache.derbyTesting.system.oe.load.SimpleInsert::orderTable@147 (line 402)
  0x00007e5bdc582888: 747a 6eff 

  0x00007e5bdc58288c: ;   {other}
  0x00007e5bdc58288c: 0f1f 8400 | 0000 0000 | be45 ffff | ff48 8b2c | 2448 8944 | 24f8 8b44 | 2438 8944 | 2404 488b 
  0x00007e5bdc5828ac: 4424 f848 | ff74 2430 | 488f 4424 | 0848 ff74 | 2428 488f | 4424 1048 | 8944 24f8 | 8b44 243c 
  0x00007e5bdc5828cc: 8944 2418 | 488b 4424 | f848 ff74 | 2440 488f | 4424 3044 | 894c 2440 

  0x00007e5bdc5828e4: ;   {runtime_call UncommonTrapBlob}
  0x00007e5bdc5828e4: 6666 90e8 

  0x00007e5bdc5828e8: ; ImmutableOopMap {rbp=Oop [8]=Oop [16]=Oop [48]=Oop [112]=Oop [168]=Oop }
                      ;*if_icmplt {reexecute=1 rethrow=0 return_oop=0}
                      ; - (reexecute) org.h2.jdbc.JdbcPreparedStatement::setParameter@26 (line 1394)
                      ; - org.h2.jdbc.JdbcPreparedStatement::setShort@50 (line 659)
                      ; - org.apache.derbyTesting.system.oe.load.SimpleInsert::orderTable@147 (line 402)
  0x00007e5bdc5828e8: 147a 6eff 

  0x00007e5bdc5828ec: ;   {other}
  0x00007e5bdc5828ec: 0f1f 8400 | 0000 0000 | be45 ffff | ff48 8944 | 24f8 8b44 | 2438 8944 | 240c 488b | 4424 f848 
  0x00007e5bdc58290c: ff74 2430 | 488f 4424 | 1048 ff74 | 2428 488f | 4424 1848 | 8944 24f8 | 8b44 243c | 8944 2420 
  0x00007e5bdc58292c: 488b 4424 | f848 ff74 | 2440 488f | 4424 3848 | 8944 24f8 | 8b44 2448 | 8944 2424 | 488b 4424 
  0x00007e5bdc58294c: f84c 8954 

  0x00007e5bdc582950: ;   {runtime_call UncommonTrapBlob}
  0x00007e5bdc582950: 2448 90e8 

  0x00007e5bdc582954: ; ImmutableOopMap {[0]=Oop [16]=Oop [24]=Oop [56]=Oop [72]=Oop [112]=Oop [168]=Oop }
                      ;*if_icmpne {reexecute=1 rethrow=0 return_oop=0}
                      ; - (reexecute) org.h2.message.TraceSystem::isEnabled@5 (line 154)
                      ; - org.h2.message.Trace::isEnabled@13 (line 142)
                      ; - org.h2.message.Trace::isDebugEnabled@2 (line 162)
                      ; - org.h2.message.TraceObject::isDebugEnabled@4 (line 163)
                      ; - org.h2.jdbc.JdbcPreparedStatement::setShort@1 (line 656)
                      ; - org.apache.derbyTesting.system.oe.load.SimpleInsert::orderTable@157 (line 403)
  0x00007e5bdc582954: a879 6eff 

  0x00007e5bdc582958: ;   {other}
  0x00007e5bdc582958: 0f1f 8400 | 0000 0000 | be45 ffff | ff48 8944 | 24f8 8b44 | 2438 8944 | 240c 488b | 4424 f848 
  0x00007e5bdc582978: ff74 2430 | 488f 4424 | 1048 ff74 | 2428 488f | 4424 1848 | 8944 24f8 | 8b44 243c | 8944 2420 
  0x00007e5bdc582998: 488b 4424 | f848 ff74 | 2440 488f 

  0x00007e5bdc5829a4: ;   {runtime_call UncommonTrapBlob}
  0x00007e5bdc5829a4: 4424 38e8 

  0x00007e5bdc5829a8: ; ImmutableOopMap {[0]=Oop [16]=Oop [24]=Oop [56]=Oop [112]=Oop [168]=Oop }
                      ;*if_icmpgt {reexecute=1 rethrow=0 return_oop=0}
                      ; - (reexecute) org.h2.message.TraceSystem::isEnabled@24 (line 157)
                      ; - org.h2.message.Trace::isEnabled@13 (line 142)
                      ; - org.h2.message.Trace::isDebugEnabled@2 (line 162)
                      ; - org.h2.message.TraceObject::isDebugEnabled@4 (line 163)
                      ; - org.h2.jdbc.JdbcPreparedStatement::setShort@1 (line 656)
                      ; - org.apache.derbyTesting.system.oe.load.SimpleInsert::orderTable@157 (line 403)
  0x00007e5bdc5829a8: 5479 6eff 

  0x00007e5bdc5829ac: ;   {other}
  0x00007e5bdc5829ac: 0f1f 8400 | 0000 0000 | 483b cbbd | ffff ffff | 7c08 400f | 95c5 400f | b6ed be45 | ffff ff48 
  0x00007e5bdc5829cc: 8944 24f8 | 8b44 2454 | 8944 2408 | 488b 4424 | f848 8944 | 24f8 8b44 | 2438 8944 | 240c 488b 
  0x00007e5bdc5829ec: 4424 f848 | ff74 2430 | 488f 4424 | 1048 ff74 | 2428 488f | 4424 1848 | 8944 24f8 | 8b44 243c 
  0x00007e5bdc582a0c: 8944 2420 | 488b 4424 | f848 ff74 | 2440 488f | 4424 3844 | 8944 2424 | 4489 5424 | 5844 895c 
  0x00007e5bdc582a2c: ;   {runtime_call UncommonTrapBlob}
  0x00007e5bdc582a2c: 245c 90e8 

  0x00007e5bdc582a30: ; ImmutableOopMap {[0]=Oop [16]=Oop [24]=Oop [56]=Oop [72]=Oop [88]=NarrowOop [92]=NarrowOop [112]=Oop [168]=Oop }
                      ;*ifeq {reexecute=1 rethrow=0 return_oop=0}
                      ; - (reexecute) java.lang.ref.SoftReference::get@17 (line 114)
                      ; - org.h2.value.Value::cache@20 (line 743)
                      ; - org.h2.value.ValueSmallint::get@8 (line 171)
                      ; - org.h2.jdbc.JdbcPreparedStatement::setShort@47 (line 659)
                      ; - org.apache.derbyTesting.system.oe.load.SimpleInsert::orderTable@157 (line 403)
  0x00007e5bdc582a30: cc78 6eff 

  0x00007e5bdc582a34: ;   {other}
  0x00007e5bdc582a34: 0f1f 8400 | 0000 0000 | be45 ffff | ff48 8944 | 24f8 8b44 | 2454 8944 | 2408 488b | 4424 f848 
  0x00007e5bdc582a54: 8944 24f8 | 8b44 2438 | 8944 240c | 488b 4424 | f848 ff74 | 2430 488f | 4424 1048 | ff74 2428 
  0x00007e5bdc582a74: 488f 4424 | 1848 8944 | 24f8 8b44 | 243c 8944 | 2420 488b | 4424 f848 | ff74 2440 | 488f 4424 
  0x00007e5bdc582a94: 384c 8954 

  0x00007e5bdc582a98: ;   {runtime_call UncommonTrapBlob}
  0x00007e5bdc582a98: 2450 90e8 

  0x00007e5bdc582a9c: ; ImmutableOopMap {rbp=NarrowOop [0]=Oop [16]=Oop [24]=Oop [56]=Oop [80]=Oop [112]=Oop [168]=Oop }
                      ;*if_acmpne {reexecute=1 rethrow=0 return_oop=0}
                      ; - (reexecute) org.h2.engine.SessionLocal::isClosed@10 (line 1178)
                      ; - org.h2.jdbc.JdbcConnection::checkClosed@17 (line 1374)
                      ; - org.h2.jdbc.JdbcStatement::checkClosed@17 (line 1273)
                      ; - org.h2.jdbc.JdbcPreparedStatement::setParameter@1 (line 1391)
                      ; - org.h2.jdbc.JdbcPreparedStatement::setShort@50 (line 659)
                      ; - org.apache.derbyTesting.system.oe.load.SimpleInsert::orderTable@157 (line 403)
  0x00007e5bdc582a9c: 6078 6eff 

  0x00007e5bdc582aa0: ;   {other}
  0x00007e5bdc582aa0: 0f1f 8400 | 0000 0000 | be45 ffff | ff48 8944 | 24f8 8b44 | 2454 8944 | 2408 488b | 4424 f848 
  0x00007e5bdc582ac0: 8944 24f8 | 8b44 2438 | 8944 240c | 488b 4424 | f848 ff74 | 2430 488f | 4424 1048 | ff74 2428 
  0x00007e5bdc582ae0: 488f 4424 | 1848 8944 | 24f8 8b44 | 243c 8944 | 2420 488b | 4424 f848 | ff74 2440 | 488f 4424 
  0x00007e5bdc582b00: 384c 8954 

  0x00007e5bdc582b04: ;   {runtime_call UncommonTrapBlob}
  0x00007e5bdc582b04: 2450 90e8 

  0x00007e5bdc582b08: ; ImmutableOopMap {[0]=Oop [16]=Oop [24]=Oop [56]=Oop [80]=Oop [112]=Oop [168]=Oop }
                      ;*ifeq {reexecute=1 rethrow=0 return_oop=0}
                      ; - (reexecute) org.h2.command.CommandContainer::getParameters@22 (line 121)
                      ; - org.h2.jdbc.JdbcPreparedStatement::setParameter@11 (line 1393)
                      ; - org.h2.jdbc.JdbcPreparedStatement::setShort@50 (line 659)
                      ; - org.apache.derbyTesting.system.oe.load.SimpleInsert::orderTable@157 (line 403)
  0x00007e5bdc582b08: f477 6eff 

  0x00007e5bdc582b0c: ;   {other}
  0x00007e5bdc582b0c: 0f1f 8400 | 0000 0000 | be45 ffff | ff48 8b2c | 2448 8944 | 24f8 8b44 | 2438 8944 | 2404 488b 
  0x00007e5bdc582b2c: 4424 f848 | ff74 2430 | 488f 4424 | 0848 ff74 | 2428 488f | 4424 1048 | 8944 24f8 | 8b44 243c 
  0x00007e5bdc582b4c: 8944 2418 | 488b 4424 | f889 4c24 

  0x00007e5bdc582b58: ;   {runtime_call UncommonTrapBlob}
  0x00007e5bdc582b58: 1c66 90e8 

  0x00007e5bdc582b5c: ; ImmutableOopMap {rbp=Oop [8]=Oop [16]=Oop [64]=Oop [112]=Oop [168]=Oop }
                      ;*if_icmplt {reexecute=1 rethrow=0 return_oop=0}
                      ; - (reexecute) org.h2.jdbc.JdbcPreparedStatement::setParameter@26 (line 1394)
                      ; - org.h2.jdbc.JdbcPreparedStatement::setShort@50 (line 659)
                      ; - org.apache.derbyTesting.system.oe.load.SimpleInsert::orderTable@157 (line 403)
  0x00007e5bdc582b5c: a077 6eff 

  0x00007e5bdc582b60: ;   {other}
  0x00007e5bdc582b60: 0f1f 8400 | 0000 0000 | be45 ffff | ff48 8944 | 24f8 8b44 | 2438 8944 | 240c 488b | 4424 f848 
  0x00007e5bdc582b80: ff74 2430 | 488f 4424 | 1048 ff74 | 2428 488f | 4424 1848 | 8944 24f8 | 8b44 243c | 8944 2420 
  0x00007e5bdc582ba0: 488b 4424 | f848 ff74 | 2440 488f | 4424 3848 | 8944 24f8 | 8b44 2448 | 8944 2424 | 488b 4424 
  0x00007e5bdc582bc0: f848 8944 | 24f8 8b44 | 244c 8944 | 2448 488b | 4424 f848 | 8944 24f8 | 8b44 2450 | 8944 244c 
  0x00007e5bdc582be0: 488b 4424 | f844 8944 

  0x00007e5bdc582be8: ;   {runtime_call UncommonTrapBlob}
  0x00007e5bdc582be8: 2450 90e8 

  0x00007e5bdc582bec: ; ImmutableOopMap {[0]=Oop [16]=Oop [24]=Oop [56]=Oop [76]=NarrowOop [88]=Oop [112]=Oop [128]=Oop [168]=Oop }
                      ;*if_icmpne {reexecute=1 rethrow=0 return_oop=0}
                      ; - (reexecute) org.h2.value.ValueSmallint::equals@18 (line 176)
                      ; - org.h2.value.Value::cache@82 (line 750)
                      ; - org.h2.value.ValueSmallint::get@8 (line 171)
                      ; - org.h2.jdbc.JdbcPreparedStatement::setShort@47 (line 659)
                      ; - org.apache.derbyTesting.system.oe.load.SimpleInsert::orderTable@147 (line 402)
  0x00007e5bdc582bec: 1077 6eff 

  0x00007e5bdc582bf0: ;   {other}
  0x00007e5bdc582bf0: 0f1f 8400 | 0000 0000 | be45 ffff | ff48 8944 | 24f8 8b44 | 2454 8944 | 2408 488b | 4424 f848 
  0x00007e5bdc582c10: 8944 24f8 | 8b44 2438 | 8944 240c | 488b 4424 | f848 ff74 | 2430 488f | 4424 1048 | ff74 2428 
  0x00007e5bdc582c30: 488f 4424 | 1848 8944 | 24f8 8b44 | 243c 8944 | 2420 488b | 4424 f848 | ff74 2440 | 488f 4424 
  0x00007e5bdc582c50: 3848 8944 | 24f8 8b44 | 2450 8944 | 2424 488b | 4424 f844 | 895c 2454 

  0x00007e5bdc582c68: ;   {runtime_call UncommonTrapBlob}
  0x00007e5bdc582c68: 6666 90e8 

  0x00007e5bdc582c6c: ; ImmutableOopMap {[0]=Oop [16]=Oop [24]=Oop [56]=Oop [72]=Oop [88]=Oop [112]=Oop [128]=NarrowOop [168]=Oop }
                      ;*if_icmpne {reexecute=1 rethrow=0 return_oop=0}
                      ; - (reexecute) org.h2.value.ValueSmallint::equals@18 (line 176)
                      ; - org.h2.value.Value::cache@82 (line 750)
                      ; - org.h2.value.ValueSmallint::get@8 (line 171)
                      ; - org.h2.jdbc.JdbcPreparedStatement::setShort@47 (line 659)
                      ; - org.apache.derbyTesting.system.oe.load.SimpleInsert::orderTable@157 (line 403)
  0x00007e5bdc582c6c: 9076 6eff 

  0x00007e5bdc582c70: ;   {other}
  0x00007e5bdc582c70: 0f1f 8400 | 0000 0000 | be45 ffff | ff48 8944 | 24f8 8b44 | 2438 8944 | 240c 488b | 4424 f848 
  0x00007e5bdc582c90: ff74 2428 | 488f 4424 | 1848 ff74 | 2440 488f | 4424 2844 | 895c 2440 

  0x00007e5bdc582ca8: ;   {runtime_call UncommonTrapBlob}
  0x00007e5bdc582ca8: 6666 90e8 

  0x00007e5bdc582cac: ; ImmutableOopMap {[0]=Oop [16]=Oop [24]=Oop [40]=Oop [64]=NarrowOop [96]=Oop }
                      ;*if_icmpne {reexecute=1 rethrow=0 return_oop=0}
                      ; - (reexecute) org.h2.message.Trace::isEnabled@5 (line 141)
                      ; - org.h2.message.Trace::isDebugEnabled@2 (line 162)
                      ; - org.h2.message.TraceObject::isDebugEnabled@4 (line 163)
                      ; - org.h2.jdbc.JdbcPreparedStatement::setInt@1 (line 356)
                      ; - org.apache.derbyTesting.system.oe.load.SimpleInsert::orderTable@446 (line 440)
  0x00007e5bdc582cac: 5076 6eff 

  0x00007e5bdc582cb0: ;   {other}
  0x00007e5bdc582cb0: 0f1f 8400 | 0000 0000 | be45 ffff | ff48 8b2c | 2448 8944 | 24f8 8b44 | 2438 8944 | 2404 488b 
  0x00007e5bdc582cd0: 4424 f848 | ff74 2410 | 488f 4424 | 0848 ff74 | 2428 488f | 4424 1048 | ff74 2440 | 488f 4424 
  0x00007e5bdc582cf0: ;   {runtime_call UncommonTrapBlob}
  0x00007e5bdc582cf0: 2866 90e8 

  0x00007e5bdc582cf4: ; ImmutableOopMap {rbp=Oop [8]=Oop [16]=Oop [40]=Oop [96]=Oop }
                      ;*iflt {reexecute=1 rethrow=0 return_oop=0}
                      ; - (reexecute) org.h2.value.ValueInteger::get@1 (line 61)
                      ; - org.h2.jdbc.JdbcPreparedStatement::setInt@47 (line 359)
                      ; - org.apache.derbyTesting.system.oe.load.SimpleInsert::orderTable@446 (line 440)
  0x00007e5bdc582cf4: 0876 6eff 

  0x00007e5bdc582cf8: ;   {other}
  0x00007e5bdc582cf8: 0f1f 8400 | 0000 0000 | be45 ffff | ff48 8b2c | 2448 8944 | 24f8 8b44 | 2438 8944 | 2404 488b 
  0x00007e5bdc582d18: 4424 f848 | ff74 2410 | 488f 4424 | 0848 ff74 | 2428 488f | 4424 1048 | ff74 2440 | 488f 4424 
  0x00007e5bdc582d38: 2044 895c | 241c 4489 | 4424 4089 

  0x00007e5bdc582d44: ;   {runtime_call UncommonTrapBlob}
  0x00007e5bdc582d44: 4c24 44e8 

  0x00007e5bdc582d48: ; ImmutableOopMap {rbp=Oop [8]=Oop [16]=Oop [28]=NarrowOop [32]=Oop [64]=NarrowOop [96]=Oop }
                      ;*ifle {reexecute=1 rethrow=0 return_oop=0}
                      ; - (reexecute) org.h2.command.CommandContainer::getParameters@12 (line 121)
                      ; - org.h2.jdbc.JdbcPreparedStatement::setParameter@11 (line 1393)
                      ; - org.h2.jdbc.JdbcPreparedStatement::setInt@50 (line 359)
                      ; - org.apache.derbyTesting.system.oe.load.SimpleInsert::orderTable@446 (line 440)
  0x00007e5bdc582d48: b475 6eff 

  0x00007e5bdc582d4c: ;   {other}
  0x00007e5bdc582d4c: 0f1f 8400 | 0000 0000 | be45 ffff | ff48 8944 | 24f8 8b44 | 2438 8944 | 240c 488b | 4424 f848 
  0x00007e5bdc582d6c: ff74 2428 | 488f 4424 | 1848 ff74 | 2440 488f | 4424 2844 | 895c 2424 | 4489 4424 

  0x00007e5bdc582d88: ;   {runtime_call UncommonTrapBlob}
  0x00007e5bdc582d88: 4066 90e8 

  0x00007e5bdc582d8c: ; ImmutableOopMap {rbp=Oop [0]=Oop [16]=Oop [24]=Oop [36]=NarrowOop [40]=Oop [64]=NarrowOop [96]=Oop }
                      ;*ifnonnull {reexecute=1 rethrow=0 return_oop=0}
                      ; - (reexecute) org.h2.jdbc.JdbcPreparedStatement::setParameter@58 (line 1400)
                      ; - org.h2.jdbc.JdbcPreparedStatement::setInt@50 (line 359)
                      ; - org.apache.derbyTesting.system.oe.load.SimpleInsert::orderTable@446 (line 440)
  0x00007e5bdc582d8c: 7075 6eff 

  0x00007e5bdc582d90: ;   {other}
  0x00007e5bdc582d90: 0f1f 8400 | 0000 0000 | be45 ffff | ff48 8944 | 24f8 8b44 | 2438 8944 | 240c 488b | 4424 f848 
  0x00007e5bdc582db0: ff74 2428 | 488f 4424 | 1848 ff74 | 2440 488f | 4424 2844 | 8954 2424 

  0x00007e5bdc582dc8: ;   {runtime_call UncommonTrapBlob}
  0x00007e5bdc582dc8: 6666 90e8 

  0x00007e5bdc582dcc: ; ImmutableOopMap {[0]=Oop [16]=Oop [24]=Oop [36]=NarrowOop [40]=Oop [96]=Oop }
                      ;*if_icmpne {reexecute=1 rethrow=0 return_oop=0}
                      ; - (reexecute) org.h2.message.Trace::isEnabled@5 (line 141)
                      ; - org.h2.message.Trace::isDebugEnabled@2 (line 162)
                      ; - org.h2.message.TraceObject::debugCodeCall@4 (line 198)
                      ; - org.h2.jdbc.JdbcPreparedStatement::executeUpdate@3 (line 166)
                      ; - org.apache.derbyTesting.system.oe.load.SimpleInsert::orderTable@453 (line 441)
  0x00007e5bdc582dcc: 3075 6eff 

  0x00007e5bdc582dd0: ;   {other}
  0x00007e5bdc582dd0: 0f1f 8400 | 0000 0000 | be45 ffff | ff48 8944 | 24f8 8b44 | 2438 8944 | 240c 488b | 4424 f848 
  0x00007e5bdc582df0: ff74 2430 | 488f 4424 | 1048 ff74 | 2428 488f | 4424 1844 | 895c 2420 | 48ff 7424 | 4048 8f44 
  0x00007e5bdc582e10: 2438 4489 

  0x00007e5bdc582e14: ;   {runtime_call UncommonTrapBlob}
  0x00007e5bdc582e14: 5424 24e8 

  0x00007e5bdc582e18: ; ImmutableOopMap {[0]=Oop [16]=Oop [24]=Oop [36]=NarrowOop [56]=Oop [112]=Oop [168]=Oop }
                      ;*if_icmpne {reexecute=1 rethrow=0 return_oop=0}
                      ; - (reexecute) org.h2.message.Trace::isEnabled@5 (line 141)
                      ; - org.h2.message.Trace::isDebugEnabled@2 (line 162)
                      ; - org.h2.message.TraceObject::isDebugEnabled@4 (line 163)
                      ; - org.h2.jdbc.JdbcPreparedStatement::setNull@1 (line 337)
                      ; - org.apache.derbyTesting.system.oe.load.SimpleInsert::orderTable@169 (line 405)
  0x00007e5bdc582e18: e474 6eff 

  0x00007e5bdc582e1c: ;   {other}
  0x00007e5bdc582e1c: 0f1f 8400 | 0000 0000 | be45 ffff | ff48 8b2c | 2448 8944 | 24f8 8b44 | 2438 8944 | 2404 488b 
  0x00007e5bdc582e3c: 4424 f848 | ff74 2430 | 488f 4424 | 0848 ff74 | 2428 488f | 4424 1048 | 8944 24f8 | 8b44 243c 
  0x00007e5bdc582e5c: 8944 2418 | 488b 4424 | f848 ff74 | 2440 488f | 4424 3044 | 8944 241c | 4489 4c24 

  0x00007e5bdc582e78: ;   {runtime_call UncommonTrapBlob}
  0x00007e5bdc582e78: 4866 90e8 

  0x00007e5bdc582e7c: ; ImmutableOopMap {rbp=Oop [8]=Oop [16]=Oop [28]=NarrowOop [48]=Oop [112]=Oop [168]=Oop }
                      ;*ifle {reexecute=1 rethrow=0 return_oop=0}
                      ; - (reexecute) org.h2.command.CommandContainer::getParameters@12 (line 121)
                      ; - org.h2.jdbc.JdbcPreparedStatement::setParameter@11 (line 1393)
                      ; - org.h2.jdbc.JdbcPreparedStatement::setNull@49 (line 340)
                      ; - org.apache.derbyTesting.system.oe.load.SimpleInsert::orderTable@169 (line 405)
  0x00007e5bdc582e7c: 8074 6eff 

  0x00007e5bdc582e80: ;   {other}
  0x00007e5bdc582e80: 0f1f 8400 | 0000 0000 | be45 ffff | ff48 8944 | 24f8 8b44 | 2438 8944 | 240c 488b | 4424 f848 
  0x00007e5bdc582ea0: ff74 2430 | 488f 4424 | 1048 ff74 | 2428 488f | 4424 1848 | 8944 24f8 | 8b44 243c | 8944 2420 
  0x00007e5bdc582ec0: 488b 4424 | f848 ff74 | 2440 488f | 4424 3848 | 8944 2448 

  0x00007e5bdc582ed4: ;   {runtime_call UncommonTrapBlob}
  0x00007e5bdc582ed4: 6666 90e8 

  0x00007e5bdc582ed8: ; ImmutableOopMap {rbp=NarrowOop [0]=Oop [16]=Oop [24]=Oop [56]=Oop [72]=Oop [112]=Oop [168]=Oop }
                      ;*ifnonnull {reexecute=1 rethrow=0 return_oop=0}
                      ; - (reexecute) org.h2.jdbc.JdbcPreparedStatement::setParameter@58 (line 1400)
                      ; - org.h2.jdbc.JdbcPreparedStatement::setNull@49 (line 340)
                      ; - org.apache.derbyTesting.system.oe.load.SimpleInsert::orderTable@169 (line 405)
  0x00007e5bdc582ed8: 2474 6eff 

  0x00007e5bdc582edc: ;   {other}
  0x00007e5bdc582edc: 0f1f 8400 | 0000 0000 | be45 ffff | ff48 8944 | 24f8 8b44 | 2438 8944 | 240c 488b | 4424 f848 
  0x00007e5bdc582efc: ff74 2428 | 488f 4424 | 1848 ff74 | 2440 488f | 4424 284c | 8954 2440 

  0x00007e5bdc582f14: ;   {runtime_call UncommonTrapBlob}
  0x00007e5bdc582f14: 6666 90e8 

  0x00007e5bdc582f18: ; ImmutableOopMap {[0]=Oop [16]=Oop [24]=Oop [40]=Oop [64]=Oop [96]=Oop }
                      ;*if_icmpne {reexecute=1 rethrow=0 return_oop=0}
                      ; - (reexecute) org.h2.message.TraceSystem::isEnabled@5 (line 154)
                      ; - org.h2.message.Trace::isEnabled@13 (line 142)
                      ; - org.h2.message.Trace::isDebugEnabled@2 (line 162)
                      ; - org.h2.message.TraceObject::isDebugEnabled@4 (line 163)
                      ; - org.h2.jdbc.JdbcPreparedStatement::setInt@1 (line 356)
                      ; - org.apache.derbyTesting.system.oe.load.SimpleInsert::orderTable@446 (line 440)
  0x00007e5bdc582f18: e473 6eff 

  0x00007e5bdc582f1c: ;   {other}
  0x00007e5bdc582f1c: 0f1f 8400 | 0000 0000 | be45 ffff | ff48 8944 | 24f8 8b44 | 2438 8944 | 240c 488b | 4424 f848 
  0x00007e5bdc582f3c: ff74 2428 | 488f 4424 

  0x00007e5bdc582f44: ;   {runtime_call UncommonTrapBlob}
  0x00007e5bdc582f44: 1866 90e8 

  0x00007e5bdc582f48: ; ImmutableOopMap {[0]=Oop [16]=Oop [24]=Oop [64]=Oop [96]=Oop }
                      ;*if_icmpgt {reexecute=1 rethrow=0 return_oop=0}
                      ; - (reexecute) org.h2.message.TraceSystem::isEnabled@24 (line 157)
                      ; - org.h2.message.Trace::isEnabled@13 (line 142)
                      ; - org.h2.message.Trace::isDebugEnabled@2 (line 162)
                      ; - org.h2.message.TraceObject::isDebugEnabled@4 (line 163)
                      ; - org.h2.jdbc.JdbcPreparedStatement::setInt@1 (line 356)
                      ; - org.apache.derbyTesting.system.oe.load.SimpleInsert::orderTable@446 (line 440)
  0x00007e5bdc582f48: b473 6eff 

  0x00007e5bdc582f4c: ;   {other}
  0x00007e5bdc582f4c: 0f1f 8400 | 0000 0000 | be45 ffff | ff48 8944 | 24f8 8b44 | 2438 8944 | 240c 488b | 4424 f848 
  0x00007e5bdc582f6c: ff74 2428 | 488f 4424 | 1848 ff74 | 2440 488f | 4424 2844 | 895c 2424 

  0x00007e5bdc582f84: ;   {runtime_call UncommonTrapBlob}
  0x00007e5bdc582f84: 6666 90e8 

  0x00007e5bdc582f88: ; ImmutableOopMap {rbp=NarrowOop [0]=Oop [16]=Oop [24]=Oop [36]=NarrowOop [40]=Oop [96]=Oop }
                      ;*if_acmpne {reexecute=1 rethrow=0 return_oop=0}
                      ; - (reexecute) org.h2.engine.SessionLocal::isClosed@10 (line 1178)
                      ; - org.h2.jdbc.JdbcConnection::checkClosed@17 (line 1374)
                      ; - org.h2.jdbc.JdbcStatement::checkClosed@17 (line 1273)
                      ; - org.h2.jdbc.JdbcPreparedStatement::setParameter@1 (line 1391)
                      ; - org.h2.jdbc.JdbcPreparedStatement::setInt@50 (line 359)
                      ; - org.apache.derbyTesting.system.oe.load.SimpleInsert::orderTable@446 (line 440)
  0x00007e5bdc582f88: 7473 6eff 

  0x00007e5bdc582f8c: ;   {other}
  0x00007e5bdc582f8c: 0f1f 8400 | 0000 0000 | be45 ffff | ff48 8944 | 24f8 8b44 | 2438 8944 | 240c 488b | 4424 f848 
  0x00007e5bdc582fac: ff74 2428 | 488f 4424 | 1848 ff74 | 2440 488f | 4424 2844 | 895c 2424 

  0x00007e5bdc582fc4: ;   {runtime_call UncommonTrapBlob}
  0x00007e5bdc582fc4: 6666 90e8 

  0x00007e5bdc582fc8: ; ImmutableOopMap {[0]=Oop [16]=Oop [24]=Oop [36]=NarrowOop [40]=Oop [96]=Oop }
                      ;*ifeq {reexecute=1 rethrow=0 return_oop=0}
                      ; - (reexecute) org.h2.command.CommandContainer::getParameters@22 (line 121)
                      ; - org.h2.jdbc.JdbcPreparedStatement::setParameter@11 (line 1393)
                      ; - org.h2.jdbc.JdbcPreparedStatement::setInt@50 (line 359)
                      ; - org.apache.derbyTesting.system.oe.load.SimpleInsert::orderTable@446 (line 440)
  0x00007e5bdc582fc8: 3473 6eff 

  0x00007e5bdc582fcc: ;   {other}
  0x00007e5bdc582fcc: 0f1f 8400 | 0000 0000 | be45 ffff | ff48 8944 | 24f8 8b44 | 2438 8944 | 240c 488b | 4424 f848 
  0x00007e5bdc582fec: ff74 2428 | 488f 4424 | 1848 ff74 | 2440 488f | 4424 284c | 8954 2448 

  0x00007e5bdc583004: ;   {runtime_call UncommonTrapBlob}
  0x00007e5bdc583004: 6666 90e8 

  0x00007e5bdc583008: ; ImmutableOopMap {[0]=Oop [16]=Oop [24]=Oop [40]=Oop [72]=Oop [96]=Oop }
                      ;*if_icmpne {reexecute=1 rethrow=0 return_oop=0}
                      ; - (reexecute) org.h2.message.TraceSystem::isEnabled@5 (line 154)
                      ; - org.h2.message.Trace::isEnabled@13 (line 142)
                      ; - org.h2.message.Trace::isDebugEnabled@2 (line 162)
                      ; - org.h2.message.TraceObject::debugCodeCall@4 (line 198)
                      ; - org.h2.jdbc.JdbcPreparedStatement::executeUpdate@3 (line 166)
                      ; - org.apache.derbyTesting.system.oe.load.SimpleInsert::orderTable@453 (line 441)
  0x00007e5bdc583008: f472 6eff 

  0x00007e5bdc58300c: ;   {other}
  0x00007e5bdc58300c: 0f1f 8400 | 0000 0000 | be45 ffff | ff48 8944 | 24f8 8b44 | 2438 8944 | 240c 488b | 4424 f848 
  0x00007e5bdc58302c: ff74 2428 | 488f 4424 | 1848 ff74 | 2440 488f 

  0x00007e5bdc58303c: ;   {runtime_call UncommonTrapBlob}
  0x00007e5bdc58303c: 4424 28e8 

  0x00007e5bdc583040: ; ImmutableOopMap {[0]=Oop [16]=Oop [24]=Oop [40]=Oop [96]=Oop }
                      ;*if_icmpgt {reexecute=1 rethrow=0 return_oop=0}
                      ; - (reexecute) org.h2.message.TraceSystem::isEnabled@24 (line 157)
                      ; - org.h2.message.Trace::isEnabled@13 (line 142)
                      ; - org.h2.message.Trace::isDebugEnabled@2 (line 162)
                      ; - org.h2.message.TraceObject::debugCodeCall@4 (line 198)
                      ; - org.h2.jdbc.JdbcPreparedStatement::executeUpdate@3 (line 166)
                      ; - org.apache.derbyTesting.system.oe.load.SimpleInsert::orderTable@453 (line 441)
  0x00007e5bdc583040: bc72 6eff 

  0x00007e5bdc583044: ;   {other}
  0x00007e5bdc583044: 0f1f 8400 | 0000 0000 | be45 ffff | ff48 8944 | 24f8 8b44 | 2438 8944 | 240c 488b | 4424 f848 
  0x00007e5bdc583064: ff74 2428 | 488f 4424 

  0x00007e5bdc58306c: ;   {runtime_call UncommonTrapBlob}
  0x00007e5bdc58306c: 1866 90e8 

  0x00007e5bdc583070: ; ImmutableOopMap {rbp=NarrowOop [0]=Oop [16]=Oop [24]=Oop [64]=Oop [96]=Oop }
                      ;*if_acmpne {reexecute=1 rethrow=0 return_oop=0}
                      ; - (reexecute) org.h2.engine.SessionLocal::isClosed@10 (line 1178)
                      ; - org.h2.jdbc.JdbcConnection::checkClosed@17 (line 1374)
                      ; - org.h2.jdbc.JdbcStatement::checkClosed@17 (line 1273)
                      ; - org.h2.jdbc.JdbcPreparedStatement::executeUpdate@7 (line 167)
                      ; - org.apache.derbyTesting.system.oe.load.SimpleInsert::orderTable@453 (line 441)
  0x00007e5bdc583070: 8c72 6eff 

  0x00007e5bdc583074: ;   {other}
  0x00007e5bdc583074: 0f1f 8400 | 0000 0000 | be45 ffff | ff48 8944 | 24f8 8b44 | 2438 8944 | 240c 488b | 4424 f848 
  0x00007e5bdc583094: ff74 2428 | 488f 4424 | 1848 ff74 | 2440 488f 

  0x00007e5bdc5830a4: ;   {runtime_call UncommonTrapBlob}
  0x00007e5bdc5830a4: 4424 28e8 

  0x00007e5bdc5830a8: ; ImmutableOopMap {rbp=NarrowOop [0]=Oop [16]=Oop [24]=Oop [40]=Oop [96]=Oop }
                      ;*ifnull {reexecute=1 rethrow=0 return_oop=0}
                      ; - (reexecute) org.h2.jdbc.JdbcStatement::closeOldResultSet@4 (line 1282)
                      ; - org.h2.jdbc.JdbcPreparedStatement::executeUpdateInternal@1 (line 205)
                      ; - org.h2.jdbc.JdbcPreparedStatement::executeUpdate@16 (line 169)
                      ; - org.apache.derbyTesting.system.oe.load.SimpleInsert::orderTable@453 (line 441)
  0x00007e5bdc5830a8: 5472 6eff 

  0x00007e5bdc5830ac: ;   {other}
  0x00007e5bdc5830ac: 0f1f 8400 | 0000 0000 | be45 ffff | ff48 8944 | 24f8 8b44 | 2438 8944 | 240c 488b | 4424 f848 
  0x00007e5bdc5830cc: ff74 2428 | 488f 4424 | 1848 ff74 | 2440 488f 

  0x00007e5bdc5830dc: ;   {runtime_call UncommonTrapBlob}
  0x00007e5bdc5830dc: 4424 28e8 

  0x00007e5bdc5830e0: ; ImmutableOopMap {rbp=NarrowOop [0]=Oop [16]=Oop [24]=Oop [40]=Oop [96]=Oop }
                      ;*ifnull {reexecute=1 rethrow=0 return_oop=0}
                      ; - (reexecute) org.h2.jdbc.JdbcStatement::closeOldResultSet@19 (line 1285)
                      ; - org.h2.jdbc.JdbcPreparedStatement::executeUpdateInternal@1 (line 205)
                      ; - org.h2.jdbc.JdbcPreparedStatement::executeUpdate@16 (line 169)
                      ; - org.apache.derbyTesting.system.oe.load.SimpleInsert::orderTable@453 (line 441)
  0x00007e5bdc5830e0: 1c72 6eff 

  0x00007e5bdc5830e4: ;   {other}
  0x00007e5bdc5830e4: 0f1f 8400 | 0000 0000 | be45 ffff | ff48 8944 | 24f8 8b44 | 2438 8944 | 240c 488b | 4424 f848 
  0x00007e5bdc583104: ff74 2430 | 488f 4424 | 1048 ff74 | 2428 488f | 4424 1848 | 8944 24f8 | 8b44 243c | 8944 2420 
  0x00007e5bdc583124: 488b 4424 | f848 ff74 | 2440 488f | 4424 384c | 8954 2448 

  0x00007e5bdc583138: ;   {runtime_call UncommonTrapBlob}
  0x00007e5bdc583138: 6666 90e8 

  0x00007e5bdc58313c: ; ImmutableOopMap {[0]=Oop [16]=Oop [24]=Oop [56]=Oop [72]=Oop [112]=Oop [168]=Oop }
                      ;*if_icmpne {reexecute=1 rethrow=0 return_oop=0}
                      ; - (reexecute) org.h2.message.TraceSystem::isEnabled@5 (line 154)
                      ; - org.h2.message.Trace::isEnabled@13 (line 142)
                      ; - org.h2.message.Trace::isDebugEnabled@2 (line 162)
                      ; - org.h2.message.TraceObject::isDebugEnabled@4 (line 163)
                      ; - org.h2.jdbc.JdbcPreparedStatement::setNull@1 (line 337)
                      ; - org.apache.derbyTesting.system.oe.load.SimpleInsert::orderTable@169 (line 405)
  0x00007e5bdc58313c: c071 6eff 

  0x00007e5bdc583140: ;   {other}
  0x00007e5bdc583140: 0f1f 8400 | 0000 0000 | be45 ffff | ff48 8944 | 24f8 8b44 | 2438 8944 | 240c 488b | 4424 f848 
  0x00007e5bdc583160: ff74 2430 | 488f 4424 | 1048 ff74 | 2428 488f | 4424 1848 | 8944 24f8 | 8b44 243c | 8944 2420 
  0x00007e5bdc583180: 488b 4424 | f848 ff74 | 2440 488f 

  0x00007e5bdc58318c: ;   {runtime_call UncommonTrapBlob}
  0x00007e5bdc58318c: 4424 38e8 

  0x00007e5bdc583190: ; ImmutableOopMap {[0]=Oop [16]=Oop [24]=Oop [56]=Oop [112]=Oop [168]=Oop }
                      ;*if_icmpgt {reexecute=1 rethrow=0 return_oop=0}
                      ; - (reexecute) org.h2.message.TraceSystem::isEnabled@24 (line 157)
                      ; - org.h2.message.Trace::isEnabled@13 (line 142)
                      ; - org.h2.message.Trace::isDebugEnabled@2 (line 162)
                      ; - org.h2.message.TraceObject::isDebugEnabled@4 (line 163)
                      ; - org.h2.jdbc.JdbcPreparedStatement::setNull@1 (line 337)
                      ; - org.apache.derbyTesting.system.oe.load.SimpleInsert::orderTable@169 (line 405)
  0x00007e5bdc583190: 6c71 6eff 

  0x00007e5bdc583194: ;   {other}
  0x00007e5bdc583194: 0f1f 8400 | 0000 0000 | be45 ffff | ff48 8944 | 24f8 8b44 | 2438 8944 | 240c 488b | 4424 f848 
  0x00007e5bdc5831b4: ff74 2430 | 488f 4424 | 1048 ff74 | 2428 488f | 4424 1848 | 8944 24f8 | 8b44 243c | 8944 2420 
  0x00007e5bdc5831d4: 488b 4424 | f848 ff74 | 2440 488f 

  0x00007e5bdc5831e0: ;   {runtime_call UncommonTrapBlob}
  0x00007e5bdc5831e0: 4424 38e8 

  0x00007e5bdc5831e4: ; ImmutableOopMap {rbp=NarrowOop [0]=Oop [16]=Oop [24]=Oop [56]=Oop [112]=Oop [168]=Oop }
                      ;*if_acmpne {reexecute=1 rethrow=0 return_oop=0}
                      ; - (reexecute) org.h2.engine.SessionLocal::isClosed@10 (line 1178)
                      ; - org.h2.jdbc.JdbcConnection::checkClosed@17 (line 1374)
                      ; - org.h2.jdbc.JdbcStatement::checkClosed@17 (line 1273)
                      ; - org.h2.jdbc.JdbcPreparedStatement::setParameter@1 (line 1391)
                      ; - org.h2.jdbc.JdbcPreparedStatement::setNull@49 (line 340)
                      ; - org.apache.derbyTesting.system.oe.load.SimpleInsert::orderTable@169 (line 405)
  0x00007e5bdc5831e4: 1871 6eff 

  0x00007e5bdc5831e8: ;   {other}
  0x00007e5bdc5831e8: 0f1f 8400 | 0000 0000 | be45 ffff | ff48 8944 | 24f8 8b44 | 2438 8944 | 240c 488b | 4424 f848 
  0x00007e5bdc583208: ff74 2430 | 488f 4424 | 1048 ff74 | 2428 488f | 4424 1848 | 8944 24f8 | 8b44 243c | 8944 2420 
  0x00007e5bdc583228: 488b 4424 | f848 ff74 | 2440 488f 

  0x00007e5bdc583234: ;   {runtime_call UncommonTrapBlob}
  0x00007e5bdc583234: 4424 38e8 

  0x00007e5bdc583238: ; ImmutableOopMap {[0]=Oop [16]=Oop [24]=Oop [56]=Oop [112]=Oop [168]=Oop }
                      ;*ifeq {reexecute=1 rethrow=0 return_oop=0}
                      ; - (reexecute) org.h2.command.CommandContainer::getParameters@22 (line 121)
                      ; - org.h2.jdbc.JdbcPreparedStatement::setParameter@11 (line 1393)
                      ; - org.h2.jdbc.JdbcPreparedStatement::setNull@49 (line 340)
                      ; - org.apache.derbyTesting.system.oe.load.SimpleInsert::orderTable@169 (line 405)
  0x00007e5bdc583238: c470 6eff 

  0x00007e5bdc58323c: ;   {other}
  0x00007e5bdc58323c: 0f1f 8400 | 0000 0000 | be45 ffff | ff48 8b2c | 2448 8944 | 24f8 8b44 | 2438 8944 | 2404 488b 
  0x00007e5bdc58325c: 4424 f848 | ff74 2430 | 488f 4424 | 0848 ff74 | 2428 488f | 4424 1048 | 8944 24f8 | 8b44 243c 
  0x00007e5bdc58327c: 8944 2418 | 488b 4424 | f844 894c 

  0x00007e5bdc583288: ;   {runtime_call UncommonTrapBlob}
  0x00007e5bdc583288: 241c 90e8 

  0x00007e5bdc58328c: ; ImmutableOopMap {rbp=Oop [8]=Oop [16]=Oop [64]=Oop [112]=Oop [168]=Oop }
                      ;*if_icmplt {reexecute=1 rethrow=0 return_oop=0}
                      ; - (reexecute) org.h2.jdbc.JdbcPreparedStatement::setParameter@26 (line 1394)
                      ; - org.h2.jdbc.JdbcPreparedStatement::setNull@49 (line 340)
                      ; - org.apache.derbyTesting.system.oe.load.SimpleInsert::orderTable@169 (line 405)
  0x00007e5bdc58328c: 7070 6eff 

  0x00007e5bdc583290: ;   {other}
  0x00007e5bdc583290: 0f1f 8400 | 0000 0000 | bee4 ffff | ff48 8b2c | 2448 8944 | 24f8 8b44 | 2438 8944 | 2404 488b 
  0x00007e5bdc5832b0: 4424 f848 | ff74 2410 | 488f 4424 | 0848 ff74 | 2430 488f | 4424 1848 | ff74 2428 | 488f 4424 
  0x00007e5bdc5832d0: 2048 8944 | 24f8 8b44 | 2448 8944 | 242c 488b 

  0x00007e5bdc5832e0: ;   {runtime_call UncommonTrapBlob}
  0x00007e5bdc5832e0: 4424 f8e8 

  0x00007e5bdc5832e4: ; ImmutableOopMap {rbp=Oop [8]=Oop [24]=Oop [32]=Oop [104]=Oop [168]=Oop }
                      ;*aaload {reexecute=0 rethrow=0 return_oop=0}
                      ; - org.h2.value.ValueInteger::get@15 (line 62)
                      ; - org.h2.jdbc.JdbcPreparedStatement::setInt@47 (line 359)
                      ; - org.apache.derbyTesting.system.oe.load.SimpleInsert::orderTable@263 (line 420)
  0x00007e5bdc5832e4: 1870 6eff 

  0x00007e5bdc5832e8: ;   {other}
  0x00007e5bdc5832e8: 0f1f 8400 | 0000 0000 | 498b ebe9 | 04a6 ffff | 498b ebe9 | 18a9 ffff | 498b ebe9 | 8cac ffff 
  0x00007e5bdc583308: 498b ebe9 | c0af ffff | 498b e8e9 | e4b2 ffff | 498b f348 | 8d94 24b0 

  0x00007e5bdc583320: ;   {runtime_call _complete_monitor_locking_Java}
  0x00007e5bdc583320: 0000 00e8 

  0x00007e5bdc583324: ; ImmutableOopMap {[0]=Oop [12]=NarrowOop [16]=Oop [28]=NarrowOop [40]=Oop [48]=Oop [64]=Oop [96]=Oop [104]=Oop [112]=Oop [128]=Oop [168]=Oop }
                      ;*monitorenter {reexecute=0 rethrow=0 return_oop=0}
                      ; - org.h2.jdbc.JdbcPreparedStatement::executeUpdateInternal@10 (line 206)
                      ; - org.h2.jdbc.JdbcPreparedStatement::executeUpdate@16 (line 169)
                      ; - org.apache.derbyTesting.system.oe.load.SimpleInsert::orderTable@421 (line 437)
  0x00007e5bdc583324: 58e8 79ff 

  0x00007e5bdc583328: ;   {other}
  0x00007e5bdc583328: 0f1f 8400 | 0000 0000 | e9e9 8bff | ff48 8bee | e98b b4ff | ff49 8bfb | 488d b424 | b000 0000 
  0x00007e5bdc583348: 498b d749 | baa0 89fe | f35b 7e00 | 0041 ffd2 

  0x00007e5bdc583358: ;   {other}
  0x00007e5bdc583358: 0f1f 8400 | 0000 0000 | e90e 7fff | ffbe e4ff | ffff 488b | 2c24 4889 | 4424 f88b | 4424 3889 
  0x00007e5bdc583378: 4424 0448 | 8b44 24f8 | 48ff 7424 | 1048 8f44 | 2408 48ff | 7424 3048 | 8f44 2418 | 48ff 7424 
  0x00007e5bdc583398: 2848 8f44 | 2420 4889 | 4424 f88b | 4424 4889 | 4424 2c48 | 8b44 24f8 

  0x00007e5bdc5833b0: ;   {runtime_call UncommonTrapBlob}
  0x00007e5bdc5833b0: 6666 90e8 

  0x00007e5bdc5833b4: ; ImmutableOopMap {rbp=Oop [8]=Oop [24]=Oop [32]=Oop [104]=Oop [168]=Oop }
                      ;*aaload {reexecute=0 rethrow=0 return_oop=0}
                      ; - org.h2.value.ValueInteger::get@15 (line 62)
                      ; - org.h2.jdbc.JdbcPreparedStatement::setInt@47 (line 359)
                      ; - org.apache.derbyTesting.system.oe.load.SimpleInsert::orderTable@273 (line 421)
  0x00007e5bdc5833b4: 486f 6eff 

  0x00007e5bdc5833b8: ;   {other}
  0x00007e5bdc5833b8: 0f1f 8400 | 0000 0000 | bee4 ffff | ff48 8b2c | 2448 8944 | 24f8 8b44 | 2438 8944 | 2404 488b 
  0x00007e5bdc5833d8: 4424 f848 | ff74 2410 | 488f 4424 | 0848 ff74 | 2430 488f | 4424 1848 | ff74 2428 | 488f 4424 
  0x00007e5bdc5833f8: 2048 8944 | 24f8 8b44 | 2448 8944 | 242c 488b 

  0x00007e5bdc583408: ;   {runtime_call UncommonTrapBlob}
  0x00007e5bdc583408: 4424 f8e8 

  0x00007e5bdc58340c: ; ImmutableOopMap {rbp=Oop [8]=Oop [24]=Oop [32]=Oop [104]=Oop [168]=Oop }
                      ;*aaload {reexecute=0 rethrow=0 return_oop=0}
                      ; - org.h2.value.ValueInteger::get@15 (line 62)
                      ; - org.h2.jdbc.JdbcPreparedStatement::setInt@47 (line 359)
                      ; - org.apache.derbyTesting.system.oe.load.SimpleInsert::orderTable@292 (line 424)
  0x00007e5bdc58340c: f06e 6eff 

  0x00007e5bdc583410: ;   {other}
  0x00007e5bdc583410: 0f1f 8400 | 0000 0000 | 498b ebe9 | c7b4 ffff | 498b eae9 | a4b6 ffff | 498b eae9 | 6cb8 ffff 
  0x00007e5bdc583430: 498b eae9 | 48ba ffff | 498b eae9 | c8bb ffff | 498b eae9 | 28bd ffff | 498b e8e9 | aca4 ffff 
  0x00007e5bdc583450: 498b ebe9 | c0a7 ffff | 498b e8e9 | 34ab ffff | 498b ebe9 | 68ae ffff | 498b ebe9 | f3bf ffff 
  0x00007e5bdc583470: 498b eae9 | c3c2 ffff | 498b ebe9 | 7cb1 ffff | 498b f348 | 8d94 24b0 

  0x00007e5bdc583488: ;   {runtime_call _complete_monitor_locking_Java}
  0x00007e5bdc583488: 0000 00e8 

  0x00007e5bdc58348c: ; ImmutableOopMap {[0]=Oop [12]=NarrowOop [16]=Oop [28]=NarrowOop [40]=Oop [48]=Oop [64]=Oop [96]=Oop [104]=Oop [112]=Oop [128]=Oop [168]=Oop }
                      ;*monitorenter {reexecute=0 rethrow=0 return_oop=0}
                      ; - org.h2.jdbc.JdbcPreparedStatement::executeUpdateInternal@10 (line 206)
                      ; - org.h2.jdbc.JdbcPreparedStatement::executeUpdate@16 (line 169)
                      ; - org.apache.derbyTesting.system.oe.load.SimpleInsert::orderTable@421 (line 437)
  0x00007e5bdc58348c: f0e6 79ff 

  0x00007e5bdc583490: ;   {other}
  0x00007e5bdc583490: 0f1f 8400 | 0000 0000 | e9ac 9aff | ff49 8bfb | 488d b424 | b000 0000 | 498b d749 | baa0 89fe 
  0x00007e5bdc5834b0: f35b 7e00 | 0041 ffd2 

  0x00007e5bdc5834b8: ;   {other}
  0x00007e5bdc5834b8: 0f1f 8400 | 0000 0000 | e9be 8bff | ff49 8beb | e9e7 c6ff | ff49 8bea | e957 c7ff | ff4d 8bd1 
  0x00007e5bdc5834d8: e9a3 caff | ff49 8be8 | e98b ceff | ff49 8bea | e9fb ceff | ff48 8b6c | 2420 e9f9 | d1ff ff49 
  0x00007e5bdc5834f8: 8bea e9e8 | b3ff ff49 | 8beb e9c5 | b5ff ff49 | 8bea e98d | b7ff ff49 | 8be8 e969 | b9ff ff49 
  0x00007e5bdc583518: 8be8 e968 | d2ff ff49 | 8beb e994 | d3ff ff49 | 8be8 e9d9 | baff ff49 | 8be8 e939 | bcff ff49 
  0x00007e5bdc583538: 8beb e975 | c6ff ff49 | 8bea e9e5 | c6ff ff4d | 8bd1 e931 | caff ff49 | 8be8 e919 | ceff ff49 
  0x00007e5bdc583558: 8bea e989 | ceff ff48 | 8b6c 2420 | e987 d1ff | ffbe e4ff | ffff 488b | 2c24 4889 | 4424 f88b 
  0x00007e5bdc583578: 4424 3889 | 4424 0448 | 8b44 24f8 | 48ff 7424 | 3048 8f44 | 2408 48ff | 7424 2848 | 8f44 2410 
  0x00007e5bdc583598: 4489 5c24 

  0x00007e5bdc58359c: ;   {runtime_call UncommonTrapBlob}
  0x00007e5bdc58359c: 1c66 90e8 

  0x00007e5bdc5835a0: ; ImmutableOopMap {rbp=Oop [8]=Oop [16]=Oop [64]=Oop [112]=Oop }
                      ;*aaload {reexecute=0 rethrow=0 return_oop=0}
                      ; - org.h2.value.ValueInteger::get@15 (line 62)
                      ; - org.h2.jdbc.JdbcPreparedStatement::setInt@47 (line 359)
                      ; - org.apache.derbyTesting.system.oe.load.SimpleInsert::orderTable@81 (line 393)
  0x00007e5bdc5835a0: 5c6d 6eff 

  0x00007e5bdc5835a4: ;   {other}
  0x00007e5bdc5835a4: 0f1f 8400 | 0000 0000 | bee4 ffff | ff48 8b2c | 2448 8944 | 24f8 8b44 | 2438 8944 | 2404 488b 
  0x00007e5bdc5835c4: 4424 f848 | ff74 2430 | 488f 4424 | 0848 ff74 | 2428 488f | 4424 1048 | 8944 24f8 | 8b44 243c 
  0x00007e5bdc5835e4: 8944 2418 | 488b 4424 | f848 ff74 | 2440 488f 

  0x00007e5bdc5835f4: ;   {runtime_call UncommonTrapBlob}
  0x00007e5bdc5835f4: 4424 30e8 

  0x00007e5bdc5835f8: ; ImmutableOopMap {rbp=Oop [8]=Oop [16]=Oop [48]=Oop [112]=Oop }
                      ;*aaload {reexecute=0 rethrow=0 return_oop=0}
                      ; - org.h2.value.ValueInteger::get@15 (line 62)
                      ; - org.h2.jdbc.JdbcPreparedStatement::setInt@47 (line 359)
                      ; - org.apache.derbyTesting.system.oe.load.SimpleInsert::orderTable@95 (line 394)
  0x00007e5bdc5835f8: 046d 6eff 

  0x00007e5bdc5835fc: ;   {other}
  0x00007e5bdc5835fc: 0f1f 8400 | 0000 0000 | bee4 ffff | ff48 8b2c | 2448 8944 | 24f8 8b44 | 2438 8944 | 2404 488b 
  0x00007e5bdc58361c: 4424 f848 | ff74 2410 | 488f 4424 | 0848 ff74 | 2428 488f 

  0x00007e5bdc583630: ;   {runtime_call UncommonTrapBlob}
  0x00007e5bdc583630: 4424 10e8 

  0x00007e5bdc583634: ; ImmutableOopMap {rbp=Oop [8]=Oop [16]=Oop [64]=Oop [96]=Oop }
                      ;*aaload {reexecute=0 rethrow=0 return_oop=0}
                      ; - org.h2.value.ValueInteger::get@15 (line 62)
                      ; - org.h2.jdbc.JdbcPreparedStatement::setInt@47 (line 359)
                      ; - org.apache.derbyTesting.system.oe.load.SimpleInsert::orderTable@446 (line 440)
  0x00007e5bdc583634: c86c 6eff 

  0x00007e5bdc583638: ;   {other}
  0x00007e5bdc583638: 0f1f 8400 | 0000 0000 | 488b 4c24 | 10eb 0a4c | 8b6c 2440 | 488b 4c24 | 10be beff | ffff 498b 
  0x00007e5bdc583658: e948 8944 | 24f8 8b44 | 2438 8944 | 2404 488b | 4424 f84c | 8974 2408 | 4889 4c24 | 104c 895c 
  0x00007e5bdc583678: 2418 4889 | 5c24 284c | 896c 2438 

  0x00007e5bdc583684: ;   {runtime_call UncommonTrapBlob}
  0x00007e5bdc583684: 6666 90e8 

  0x00007e5bdc583688: ; ImmutableOopMap {rbp=Oop [8]=Oop [16]=Oop [24]=Oop [40]=Oop [56]=Oop }
                      ;*iload {reexecute=0 rethrow=0 return_oop=0}
                      ; - org.apache.derbyTesting.system.oe.load.SimpleInsert::orderTable@251 (line 418)
  0x00007e5bdc583688: 746c 6eff 

  0x00007e5bdc58368c: ;   {other}
  0x00007e5bdc58368c: 0f1f 8400 | 0000 0000 | 4c8b 6c24 | 4048 8b4c | 2410 ebb1 | 488b 4c24 | 10eb aabe | 8dff ffff 
  0x00007e5bdc5836ac: 8b6c 2454 | 4889 4424 | f88b 4424 | 3889 0424 | 488b 4424 | f84c 8974 | 2408 4889 | 5c24 184c 
  0x00007e5bdc5836cc: 8954 2428 | 4c89 6c24 

  0x00007e5bdc5836d4: ;   {runtime_call UncommonTrapBlob}
  0x00007e5bdc5836d4: 3866 90e8 

  0x00007e5bdc5836d8: ; ImmutableOopMap {[8]=Oop [16]=Oop [24]=Oop [40]=Oop [56]=Oop [64]=Oop }
                      ;*iload {reexecute=0 rethrow=0 return_oop=0}
                      ; - org.apache.derbyTesting.system.oe.load.SimpleInsert::orderTable@251 (line 418)
  0x00007e5bdc5836d8: 246c 6eff 

  0x00007e5bdc5836dc: ;   {other}
  0x00007e5bdc5836dc: 0f1f 8400 | 0000 0000 | bede ffff | ff48 8b2c | 2448 ff74 | 2410 488f | 4424 0848 | ff74 2428 
  0x00007e5bdc5836fc: 488f 4424 | 1844 8954 

  0x00007e5bdc583704: ;   {runtime_call UncommonTrapBlob}
  0x00007e5bdc583704: 2424 90e8 

  0x00007e5bdc583708: ; ImmutableOopMap {rbp=Oop [8]=Oop [24]=Oop [36]=NarrowOop [48]=Oop [64]=Oop }
                      ;*invokeinterface commit {reexecute=0 rethrow=0 return_oop=0}
                      ; - org.apache.derbyTesting.system.oe.load.SimpleInsert::orderTable@472 (line 444)
  0x00007e5bdc583708: f46b 6eff 

  0x00007e5bdc58370c: ;   {other}
  0x00007e5bdc58370c: 0f1f 8400 | 0000 0000 | 498b f348 | 8d94 24b0 

  0x00007e5bdc58371c: ;   {runtime_call _complete_monitor_locking_Java}
  0x00007e5bdc58371c: 0000 00e8 

  0x00007e5bdc583720: ; ImmutableOopMap {[0]=Oop [12]=NarrowOop [16]=Oop [28]=NarrowOop [40]=Oop [48]=Oop [64]=Oop [72]=Oop [96]=Oop [104]=Oop [112]=Oop }
                      ;*synchronization entry
                      ; - org.h2.jdbc.JdbcConnection::commit@-1 (line 440)
                      ; - org.apache.derbyTesting.system.oe.load.SimpleInsert::orderTable@472 (line 444)
  0x00007e5bdc583720: 5ce4 79ff 

  0x00007e5bdc583724: ;   {other}
  0x00007e5bdc583724: 0f1f 8400 | 0000 0000 | e91a 99ff | ffbe deff | ffff 488b | 6c24 1044 | 895c 2410 

  0x00007e5bdc583740: ;   {runtime_call UncommonTrapBlob}
  0x00007e5bdc583740: 6666 90e8 

  0x00007e5bdc583744: ; ImmutableOopMap {rbp=Oop [16]=NarrowOop [48]=Oop [64]=Oop }
                      ;*invokeinterface commit {reexecute=0 rethrow=0 return_oop=0}
                      ; - org.apache.derbyTesting.system.oe.load.SimpleInsert::orderTable@487 (line 448)
  0x00007e5bdc583744: b86b 6eff 

  0x00007e5bdc583748: ;   {other}
  0x00007e5bdc583748: 0f1f 8400 | 0000 0000 | bede ffff 

  0x00007e5bdc583754: ;   {runtime_call UncommonTrapBlob}
  0x00007e5bdc583754: ff66 90e8 

  0x00007e5bdc583758: ; ImmutableOopMap {[48]=Oop }
                      ;*invokeinterface close {reexecute=0 rethrow=0 return_oop=0}
                      ; - org.apache.derbyTesting.system.oe.load.SimpleInsert::orderTable@507 (line 452)
  0x00007e5bdc583758: a46b 6eff 

  0x00007e5bdc58375c: ;   {other}
  0x00007e5bdc58375c: 0f1f 8400 | 0000 0000 | bef6 ffff | ff48 8b2c | 2448 ff74 | 2410 488f | 4424 0848 | ff74 2430 
  0x00007e5bdc58377c: 488f 4424 | 1048 ff74 | 2428 488f 

  0x00007e5bdc583788: ;   {runtime_call UncommonTrapBlob}
  0x00007e5bdc583788: 4424 18e8 

  0x00007e5bdc58378c: ; ImmutableOopMap {rbp=Oop [8]=Oop [16]=Oop [24]=Oop [64]=Oop [72]=Oop }
                      ;*athrow {reexecute=1 rethrow=0 return_oop=0}
                      ; - (reexecute) org.h2.jdbc.JdbcConnection::commit@65 (line 449)
                      ; - org.apache.derbyTesting.system.oe.load.SimpleInsert::orderTable@472 (line 444)
  0x00007e5bdc58378c: 706b 6eff 

  0x00007e5bdc583790: ;   {other}
  0x00007e5bdc583790: 0f1f 8400 | 0000 0000 | bef6 ffff | ff48 8b2c | 2448 8944 | 24f8 8b44 | 2438 8944 | 2404 488b 
  0x00007e5bdc5837b0: 4424 f848 | ff74 2410 | 488f 4424 | 0848 ff74 | 2430 488f | 4424 1048 | ff74 2428 | 488f 4424 
  0x00007e5bdc5837d0: 1848 ff74 | 2448 488f 

  0x00007e5bdc5837d8: ;   {runtime_call UncommonTrapBlob}
  0x00007e5bdc5837d8: 4424 30e8 

  0x00007e5bdc5837dc: ; ImmutableOopMap {rbp=Oop [8]=Oop [16]=Oop [24]=Oop [48]=Oop [64]=Oop }
                      ;*athrow {reexecute=1 rethrow=0 return_oop=0}
                      ; - (reexecute) org.h2.jdbc.JdbcConnection::commit@30 (line 444)
                      ; - org.apache.derbyTesting.system.oe.load.SimpleInsert::orderTable@472 (line 444)
  0x00007e5bdc5837dc: 206b 6eff 

  0x00007e5bdc5837e0: ;   {other}
  0x00007e5bdc5837e0: 0f1f 8400 | 0000 0000 | 498b fb48 | 8db4 24b0 | 0000 0049 | 8bd7 49ba | a089 fef3 | 5b7e 0000 
  0x00007e5bdc583800: ;   {other}
  0x00007e5bdc583800: 41ff d20f | 1f84 0000 | 0000 00e9 | 8c99 ffff | bedf ffff | ff48 8b2c | 2448 8944 | 24f8 8b44 
  0x00007e5bdc583820: 2438 8944 | 2404 488b | 4424 f848 | ff74 2410 | 488f 4424 | 0848 ff74 | 2430 488f | 4424 1048 
  0x00007e5bdc583840: ff74 2428 | 488f 4424 | 1848 ff74 | 2440 488f | 4424 2848 | ff74 2448 | 488f 4424 | 3048 8944 
  0x00007e5bdc583860: ;   {runtime_call UncommonTrapBlob}
  0x00007e5bdc583860: 2438 90e8 

  0x00007e5bdc583864: ; ImmutableOopMap {rbp=Oop [8]=Oop [16]=Oop [24]=Oop [40]=Oop [48]=Oop [56]=Oop }
                      ;*invokeinterface executeUpdate {reexecute=0 rethrow=0 return_oop=0}
                      ; - org.h2.jdbc.JdbcConnection::commit@50 (line 447)
                      ; - org.apache.derbyTesting.system.oe.load.SimpleInsert::orderTable@472 (line 444)
  0x00007e5bdc583864: 986a 6eff 

  0x00007e5bdc583868: ;   {other}
  0x00007e5bdc583868: 0f1f 8400 | 0000 0000 | 498b fb48 | 8db4 24b0 | 0000 0049 | 8bd7 49ba | a089 fef3 | 5b7e 0000 
  0x00007e5bdc583888: ;   {other}
  0x00007e5bdc583888: 41ff d20f | 1f84 0000 | 0000 00e9 | ec9b ffff | bede ffff | ff48 8b2c | 2448 8944 | 24f8 8b44 
  0x00007e5bdc5838a8: 2454 8904 | 2448 8b44 | 24f8 4889 | 4424 f88b | 4424 3889 | 4424 0448 | 8b44 24f8 | 48ff 7424 
  0x00007e5bdc5838c8: 1048 8f44 | 2408 48ff | 7424 3048 | 8f44 2418 | 48ff 7424 | 2848 8f44 | 2420 4889 | 4424 f88b 
  0x00007e5bdc5838e8: 4424 4889 | 4424 2c48 | 8b44 24f8 | 4889 4424 | f88b 4424 | 5089 4424 | 3848 8b44 | 24f8 4489 
  0x00007e5bdc583908: 5424 3c4c | 895c 2450 

  0x00007e5bdc583910: ;   {runtime_call UncommonTrapBlob}
  0x00007e5bdc583910: 6666 90e8 

  0x00007e5bdc583914: ; ImmutableOopMap {rbp=Oop [8]=Oop [24]=Oop [32]=Oop [60]=NarrowOop [80]=Oop [104]=Oop [168]=Oop }
                      ;*checkcast {reexecute=0 rethrow=0 return_oop=0}
                      ; - org.h2.jdbc.JdbcPreparedStatement::setParameter@46 (line 1398)
                      ; - org.h2.jdbc.JdbcPreparedStatement::setInt@50 (line 359)
                      ; - org.apache.derbyTesting.system.oe.load.SimpleInsert::orderTable@263 (line 420)
  0x00007e5bdc583914: e869 6eff 

  0x00007e5bdc583918: ;   {other}
  0x00007e5bdc583918: 0f1f 8400 | 0000 0000 | bede ffff | ff48 8b2c | 2448 8944 | 24f8 8b44 | 2454 8904 | 2448 8b44 
  0x00007e5bdc583938: 24f8 4889 | 4424 f88b | 4424 3889 | 4424 0448 | 8b44 24f8 | 48ff 7424 | 1048 8f44 | 2408 48ff 
  0x00007e5bdc583958: 7424 3048 | 8f44 2418 | 48ff 7424 | 2848 8f44 | 2420 4889 | 4424 f88b | 4424 4889 | 4424 2c48 
  0x00007e5bdc583978: 8b44 24f8 | 4889 4424 | f88b 4424 | 5089 4424 | 3848 8b44 | 24f8 4489 | 5424 3c4c | 8944 2450 
  0x00007e5bdc583998: ;   {runtime_call UncommonTrapBlob}
  0x00007e5bdc583998: 6666 90e8 

  0x00007e5bdc58399c: ; ImmutableOopMap {rbp=Oop [8]=Oop [24]=Oop [32]=Oop [60]=NarrowOop [80]=Oop [104]=Oop [168]=Oop }
                      ;*checkcast {reexecute=0 rethrow=0 return_oop=0}
                      ; - org.h2.jdbc.JdbcPreparedStatement::setParameter@46 (line 1398)
                      ; - org.h2.jdbc.JdbcPreparedStatement::setInt@50 (line 359)
                      ; - org.apache.derbyTesting.system.oe.load.SimpleInsert::orderTable@273 (line 421)
  0x00007e5bdc58399c: 6069 6eff 

  0x00007e5bdc5839a0: ;   {other}
  0x00007e5bdc5839a0: 0f1f 8400 | 0000 0000 | bede ffff | ff48 8b2c | 2448 8944 | 24f8 8b44 | 2454 8904 | 2448 8b44 
  0x00007e5bdc5839c0: 24f8 4889 | 4424 f88b | 4424 3889 | 4424 0448 | 8b44 24f8 | 48ff 7424 | 1048 8f44 | 2408 48ff 
  0x00007e5bdc5839e0: 7424 3048 | 8f44 2418 | 48ff 7424 | 2848 8f44 | 2420 4889 | 4424 f88b | 4424 4889 | 4424 2c48 
  0x00007e5bdc583a00: 8b44 24f8 | 4889 4424 | f88b 4424 | 5089 4424 | 3848 8b44 | 24f8 4489 | 5424 3c4c | 8944 2450 
  0x00007e5bdc583a20: ;   {runtime_call UncommonTrapBlob}
  0x00007e5bdc583a20: 6666 90e8 

  0x00007e5bdc583a24: ; ImmutableOopMap {rbp=Oop [8]=Oop [24]=Oop [32]=Oop [60]=NarrowOop [80]=Oop [104]=Oop [168]=Oop }
                      ;*checkcast {reexecute=0 rethrow=0 return_oop=0}
                      ; - org.h2.jdbc.JdbcPreparedStatement::setParameter@46 (line 1398)
                      ; - org.h2.jdbc.JdbcPreparedStatement::setInt@50 (line 359)
                      ; - org.apache.derbyTesting.system.oe.load.SimpleInsert::orderTable@292 (line 424)
  0x00007e5bdc583a24: d868 6eff 

  0x00007e5bdc583a28: ;   {other}
  0x00007e5bdc583a28: 0f1f 8400 | 0000 0000 | bede ffff | ff48 8b2c | 2448 8944 | 24f8 8b44 | 2454 8904 | 2448 8b44 
  0x00007e5bdc583a48: 24f8 4889 | 4424 f88b | 4424 3889 | 4424 0448 | 8b44 24f8 | 48ff 7424 | 1048 8f44 | 2408 48ff 
  0x00007e5bdc583a68: 7424 3048 | 8f44 2418 | 48ff 7424 | 2848 8f44 | 2420 4889 | 4424 f88b | 4424 5889 | 4424 2848 
  0x00007e5bdc583a88: 8b44 24f8 | 4889 4424 | f88b 4424 | 4889 4424 | 2c48 8b44 | 24f8 4889 | 4424 f88b | 4424 5089 
  0x00007e5bdc583aa8: 4424 3848 | 8b44 24f8 | 4889 5c24 

  0x00007e5bdc583ab4: ;   {runtime_call UncommonTrapBlob}
  0x00007e5bdc583ab4: 5866 90e8 

  0x00007e5bdc583ab8: ; ImmutableOopMap {rbp=Oop [8]=Oop [24]=Oop [32]=Oop [88]=Oop [104]=Oop [128]=Oop [168]=Oop }
                      ;*checkcast {reexecute=0 rethrow=0 return_oop=0}
                      ; - org.h2.value.Value::cache@23 (line 743)
                      ; - org.h2.value.ValueSmallint::get@8 (line 171)
                      ; - org.h2.jdbc.JdbcPreparedStatement::setShort@47 (line 659)
                      ; - org.apache.derbyTesting.system.oe.load.SimpleInsert::orderTable@302 (line 425)
  0x00007e5bdc583ab8: 4468 6eff 

  0x00007e5bdc583abc: ;   {other}
  0x00007e5bdc583abc: 0f1f 8400 | 0000 0000 | bede ffff | ff48 8b2c | 2448 8944 | 24f8 8b44 | 2454 8904 | 2448 8b44 
  0x00007e5bdc583adc: 24f8 4889 | 4424 f88b | 4424 3889 | 4424 0448 | 8b44 24f8 | 48ff 7424 | 1048 8f44 | 2408 48ff 
  0x00007e5bdc583afc: 7424 3048 | 8f44 2418 | 48ff 7424 | 2848 8f44 | 2420 4889 | 4424 f88b | 4424 5889 | 4424 2848 
  0x00007e5bdc583b1c: 8b44 24f8 | 4889 4424 | f88b 4424 | 4889 4424 | 2c48 8b44 | 24f8 4889 | 4424 f88b | 4424 5089 
  0x00007e5bdc583b3c: 4424 3848 | 8b44 24f8 | 4c89 5424 | 504c 895c 

  0x00007e5bdc583b4c: ;   {runtime_call UncommonTrapBlob}
  0x00007e5bdc583b4c: 2458 90e8 

  0x00007e5bdc583b50: ; ImmutableOopMap {rbp=Oop [8]=Oop [24]=Oop [32]=Oop [80]=Oop [88]=Oop [104]=Oop [168]=Oop }
                      ;*checkcast {reexecute=0 rethrow=0 return_oop=0}
                      ; - org.h2.jdbc.JdbcPreparedStatement::setParameter@46 (line 1398)
                      ; - org.h2.jdbc.JdbcPreparedStatement::setShort@50 (line 659)
                      ; - org.apache.derbyTesting.system.oe.load.SimpleInsert::orderTable@302 (line 425)
  0x00007e5bdc583b50: ac67 6eff 

  0x00007e5bdc583b54: ;   {other}
  0x00007e5bdc583b54: 0f1f 8400 | 0000 0000 | bede ffff | ff48 8b2c | 2448 8944 | 24f8 8b44 | 2454 8904 | 2448 8b44 
  0x00007e5bdc583b74: 24f8 4889 | 4424 f88b | 4424 3889 | 4424 0448 | 8b44 24f8 | 48ff 7424 | 1048 8f44 | 2408 48ff 
  0x00007e5bdc583b94: 7424 3048 | 8f44 2418 | 48ff 7424 | 2848 8f44 | 2420 4889 | 4424 f88b | 4424 4889 | 4424 2c48 
  0x00007e5bdc583bb4: 8b44 24f8 | 4889 4424 | f88b 4424 | 5089 4424 | 3848 8b44 | 24f8 4489 | 5424 3c4c | 8944 2450 
  0x00007e5bdc583bd4: ;   {runtime_call UncommonTrapBlob}
  0x00007e5bdc583bd4: 6666 90e8 

  0x00007e5bdc583bd8: ; ImmutableOopMap {rbp=Oop [8]=Oop [24]=Oop [32]=Oop [60]=NarrowOop [80]=Oop [104]=Oop [168]=Oop }
                      ;*checkcast {reexecute=0 rethrow=0 return_oop=0}
                      ; - org.h2.jdbc.JdbcPreparedStatement::setParameter@46 (line 1398)
                      ; - org.h2.jdbc.JdbcPreparedStatement::setInt@50 (line 359)
                      ; - org.apache.derbyTesting.system.oe.load.SimpleInsert::orderTable@398 (line 435)
  0x00007e5bdc583bd8: 2467 6eff 

  0x00007e5bdc583bdc: ;   {other}
  0x00007e5bdc583bdc: 0f1f 8400 | 0000 0000 | bede ffff | ff48 8b2c | 2448 8944 | 24f8 8b44 | 2454 8904 | 2448 8b44 
  0x00007e5bdc583bfc: 24f8 4889 | 4424 f88b | 4424 3889 | 4424 0448 | 8b44 24f8 | 48ff 7424 | 1048 8f44 | 2408 48ff 
  0x00007e5bdc583c1c: 7424 3048 | 8f44 2418 | 48ff 7424 | 2848 8f44 | 2420 4889 | 4424 f88b | 4424 4889 | 4424 2c48 
  0x00007e5bdc583c3c: 8b44 24f8 | 4889 4424 | f88b 4424 | 5089 4424 | 3848 8b44 | 24f8 4c89 

  0x00007e5bdc583c54: ;   {runtime_call UncommonTrapBlob}
  0x00007e5bdc583c54: 5c24 50e8 

  0x00007e5bdc583c58: ; ImmutableOopMap {rbp=Oop [8]=Oop [24]=Oop [32]=Oop [80]=Oop [104]=Oop [168]=Oop }
                      ;*checkcast {reexecute=0 rethrow=0 return_oop=0}
                      ; - org.h2.jdbc.JdbcPreparedStatement::setParameter@46 (line 1398)
                      ; - org.h2.jdbc.JdbcPreparedStatement::setNull@49 (line 340)
                      ; - org.apache.derbyTesting.system.oe.load.SimpleInsert::orderTable@357 (line 431)
  0x00007e5bdc583c58: a466 6eff 

  0x00007e5bdc583c5c: ;   {other}
  0x00007e5bdc583c5c: 0f1f 8400 | 0000 0000 | bede ffff | ff48 8b2c | 2448 8944 | 24f8 8b44 | 2454 8904 | 2448 8b44 
  0x00007e5bdc583c7c: 24f8 4889 | 4424 f88b | 4424 3889 | 4424 0448 | 8b44 24f8 | 48ff 7424 | 1048 8f44 | 2408 48ff 
  0x00007e5bdc583c9c: 7424 3048 | 8f44 2418 | 48ff 7424 | 2848 8f44 | 2420 4889 | 4424 f88b | 4424 4889 | 4424 2c48 
  0x00007e5bdc583cbc: 8b44 24f8 | 4889 4424 | f88b 4424 | 5089 4424 | 3848 8b44 | 24f8 4c89 

  0x00007e5bdc583cd4: ;   {runtime_call UncommonTrapBlob}
  0x00007e5bdc583cd4: 5c24 50e8 

  0x00007e5bdc583cd8: ; ImmutableOopMap {rbp=Oop [8]=Oop [24]=Oop [32]=Oop [80]=Oop [104]=Oop [168]=Oop }
                      ;*checkcast {reexecute=0 rethrow=0 return_oop=0}
                      ; - org.h2.jdbc.JdbcPreparedStatement::setParameter@46 (line 1398)
                      ; - org.h2.jdbc.JdbcPreparedStatement::setNull@49 (line 340)
                      ; - org.apache.derbyTesting.system.oe.load.SimpleInsert::orderTable@368 (line 432)
  0x00007e5bdc583cd8: 2466 6eff 

  0x00007e5bdc583cdc: ;   {other}
  0x00007e5bdc583cdc: 0f1f 8400 | 0000 0000 | bede ffff | ff48 8b2c | 2448 8944 | 24f8 8b44 | 2438 8944 | 2404 488b 
  0x00007e5bdc583cfc: 4424 f848 | ff74 2410 | 488f 4424 | 0848 ff74 | 2428 488f | 4424 1048 | ff74 2440 | 488f 4424 
  0x00007e5bdc583d1c: 2044 895c | 241c 4489 

  0x00007e5bdc583d24: ;   {runtime_call UncommonTrapBlob}
  0x00007e5bdc583d24: 5424 40e8 

  0x00007e5bdc583d28: ; ImmutableOopMap {rbp=Oop [8]=Oop [16]=Oop [28]=NarrowOop [32]=Oop [64]=NarrowOop [96]=Oop }
                      ;*checkcast {reexecute=0 rethrow=0 return_oop=0}
                      ; - org.h2.jdbc.JdbcPreparedStatement::setParameter@46 (line 1398)
                      ; - org.h2.jdbc.JdbcPreparedStatement::setInt@50 (line 359)
                      ; - org.apache.derbyTesting.system.oe.load.SimpleInsert::orderTable@446 (line 440)
  0x00007e5bdc583d28: d465 6eff 

  0x00007e5bdc583d2c: ;   {other}
  0x00007e5bdc583d2c: 0f1f 8400 | 0000 0000 | bede ffff | ff48 8b2c | 2448 8944 | 24f8 8b44 | 2438 8944 | 2404 488b 
  0x00007e5bdc583d4c: 4424 f848 | ff74 2430 | 488f 4424 | 0848 ff74 | 2428 488f | 4424 1048 | 8944 24f8 | 8b44 243c 
  0x00007e5bdc583d6c: 8944 2418 | 488b 4424 | f848 ff74 | 2440 488f | 4424 2844 | 895c 241c | 4489 5424 

  0x00007e5bdc583d88: ;   {runtime_call UncommonTrapBlob}
  0x00007e5bdc583d88: 4066 90e8 

  0x00007e5bdc583d8c: ; ImmutableOopMap {rbp=Oop [8]=Oop [16]=Oop [28]=NarrowOop [40]=Oop [64]=NarrowOop [112]=Oop }
                      ;*checkcast {reexecute=0 rethrow=0 return_oop=0}
                      ; - org.h2.jdbc.JdbcPreparedStatement::setParameter@46 (line 1398)
                      ; - org.h2.jdbc.JdbcPreparedStatement::setInt@50 (line 359)
                      ; - org.apache.derbyTesting.system.oe.load.SimpleInsert::orderTable@81 (line 393)
  0x00007e5bdc583d8c: 7065 6eff 

  0x00007e5bdc583d90: ;   {other}
  0x00007e5bdc583d90: 0f1f 8400 | 0000 0000 | bede ffff | ff48 8b2c | 2448 8944 | 24f8 8b44 | 2438 8944 | 2404 488b 
  0x00007e5bdc583db0: 4424 f848 | ff74 2430 | 488f 4424 | 0848 ff74 | 2428 488f | 4424 1048 | 8944 24f8 | 8b44 243c 
  0x00007e5bdc583dd0: 8944 2418 | 488b 4424 | f848 ff74 | 2440 488f | 4424 2844 | 895c 241c | 4489 5424 

  0x00007e5bdc583dec: ;   {runtime_call UncommonTrapBlob}
  0x00007e5bdc583dec: 4066 90e8 

  0x00007e5bdc583df0: ; ImmutableOopMap {rbp=Oop [8]=Oop [16]=Oop [28]=NarrowOop [40]=Oop [64]=NarrowOop [112]=Oop }
                      ;*checkcast {reexecute=0 rethrow=0 return_oop=0}
                      ; - org.h2.jdbc.JdbcPreparedStatement::setParameter@46 (line 1398)
                      ; - org.h2.jdbc.JdbcPreparedStatement::setInt@50 (line 359)
                      ; - org.apache.derbyTesting.system.oe.load.SimpleInsert::orderTable@95 (line 394)
  0x00007e5bdc583df0: 0c65 6eff 

  0x00007e5bdc583df4: ;   {other}
  0x00007e5bdc583df4: 0f1f 8400 | 0000 0000 | bede ffff | ff48 8b2c | 2448 8944 | 24f8 8b44 | 2454 8904 | 2448 8b44 
  0x00007e5bdc583e14: 24f8 4889 | 4424 f88b | 4424 3889 | 4424 0448 | 8b44 24f8 | 48ff 7424 | 3048 8f44 | 2408 48ff 
  0x00007e5bdc583e34: 7424 2848 | 8f44 2410 | 4889 4424 | f88b 4424 | 3c89 4424 | 1848 8b44 | 24f8 48ff | 7424 4048 
  0x00007e5bdc583e54: 8f44 2430 | 4889 4424 | f88b 4424 | 4889 4424 | 1c48 8b44 | 24f8 4489 | 5c24 5089 

  0x00007e5bdc583e70: ;   {runtime_call UncommonTrapBlob}
  0x00007e5bdc583e70: 5c24 54e8 

  0x00007e5bdc583e74: ; ImmutableOopMap {rbp=Oop [8]=Oop [16]=Oop [48]=Oop [84]=NarrowOop [88]=Oop [112]=Oop [168]=Oop }
                      ;*checkcast {reexecute=0 rethrow=0 return_oop=0}
                      ; - org.h2.value.Value::cache@23 (line 743)
                      ; - org.h2.value.ValueSmallint::get@8 (line 171)
                      ; - org.h2.jdbc.JdbcPreparedStatement::setShort@47 (line 659)
                      ; - org.apache.derbyTesting.system.oe.load.SimpleInsert::orderTable@147 (line 402)
  0x00007e5bdc583e74: 8864 6eff 

  0x00007e5bdc583e78: ;   {other}
  0x00007e5bdc583e78: 0f1f 8400 | 0000 0000 | bede ffff | ff48 8b2c | 2448 8944 | 24f8 8b44 | 2438 8944 | 2404 488b 
  0x00007e5bdc583e98: 4424 f848 | ff74 2430 | 488f 4424 | 0848 ff74 | 2428 488f | 4424 1048 | 8944 24f8 | 8b44 243c 
  0x00007e5bdc583eb8: 8944 2418 | 488b 4424 | f848 ff74 | 2440 488f | 4424 3048 | 8944 24f8 | 8b44 2448 | 8944 241c 
  0x00007e5bdc583ed8: 488b 4424 | f84c 895c | 2448 4489 

  0x00007e5bdc583ee4: ;   {runtime_call UncommonTrapBlob}
  0x00007e5bdc583ee4: 5424 50e8 

  0x00007e5bdc583ee8: ; ImmutableOopMap {rbp=Oop [8]=Oop [16]=Oop [48]=Oop [72]=Oop [80]=NarrowOop [112]=Oop [168]=Oop }
                      ;*checkcast {reexecute=0 rethrow=0 return_oop=0}
                      ; - org.h2.jdbc.JdbcPreparedStatement::setParameter@46 (line 1398)
                      ; - org.h2.jdbc.JdbcPreparedStatement::setShort@50 (line 659)
                      ; - org.apache.derbyTesting.system.oe.load.SimpleInsert::orderTable@147 (line 402)
  0x00007e5bdc583ee8: 1464 6eff 

  0x00007e5bdc583eec: ;   {other}
  0x00007e5bdc583eec: 0f1f 8400 | 0000 0000 | bede ffff | ff48 8b2c | 2448 8944 | 24f8 8b44 | 2438 8944 | 2404 488b 
  0x00007e5bdc583f0c: 4424 f848 | ff74 2430 | 488f 4424 | 0848 ff74 | 2428 488f | 4424 1048 | 8944 24f8 | 8b44 243c 
  0x00007e5bdc583f2c: 8944 2418 | 488b 4424 | f848 ff74 | 2440 488f | 4424 3044 | 8944 241c | 4489 5c24 

  0x00007e5bdc583f48: ;   {runtime_call UncommonTrapBlob}
  0x00007e5bdc583f48: 5066 90e8 

  0x00007e5bdc583f4c: ; ImmutableOopMap {rbp=Oop [8]=Oop [16]=Oop [48]=Oop [72]=Oop [80]=NarrowOop [112]=Oop [168]=Oop }
                      ;*checkcast {reexecute=0 rethrow=0 return_oop=0}
                      ; - org.h2.value.Value::cache@23 (line 743)
                      ; - org.h2.value.ValueSmallint::get@8 (line 171)
                      ; - org.h2.jdbc.JdbcPreparedStatement::setShort@47 (line 659)
                      ; - org.apache.derbyTesting.system.oe.load.SimpleInsert::orderTable@157 (line 403)
  0x00007e5bdc583f4c: b063 6eff 

  0x00007e5bdc583f50: ;   {other}
  0x00007e5bdc583f50: 0f1f 8400 | 0000 0000 | bede ffff | ff48 8b2c | 2448 8944 | 24f8 8b44 | 2438 8944 | 2404 488b 
  0x00007e5bdc583f70: 4424 f848 | ff74 2430 | 488f 4424 | 0848 ff74 | 2428 488f | 4424 1048 | 8944 24f8 | 8b44 243c 
  0x00007e5bdc583f90: 8944 2418 | 488b 4424 | f848 ff74 | 2440 488f | 4424 3048 | 8944 2448 

  0x00007e5bdc583fa8: ;   {runtime_call UncommonTrapBlob}
  0x00007e5bdc583fa8: 6666 90e8 

  0x00007e5bdc583fac: ; ImmutableOopMap {rbp=Oop [8]=Oop [16]=Oop [48]=Oop [72]=Oop [112]=Oop [168]=Oop }
                      ;*checkcast {reexecute=0 rethrow=0 return_oop=0}
                      ; - org.h2.jdbc.JdbcPreparedStatement::setParameter@46 (line 1398)
                      ; - org.h2.jdbc.JdbcPreparedStatement::setNull@49 (line 340)
                      ; - org.apache.derbyTesting.system.oe.load.SimpleInsert::orderTable@169 (line 405)
  0x00007e5bdc583fac: 5063 6eff 

  0x00007e5bdc583fb0: ;   {other}
  0x00007e5bdc583fb0: 0f1f 8400 | 0000 0000 | 488b 6c24 | 20eb 1348 | 8b6c 2420 | eb0c 488b | 6c24 20eb | 0548 8b6c 
  0x00007e5bdc583fd0: 2420 bede | ffff ff48 | 8944 24f8 | 8b44 2454 | 8944 2408 | 488b 4424 | f848 8944 | 24f8 8b44 
  0x00007e5bdc583ff0: 2438 8944 | 240c 488b | 4424 f848 | ff74 2430 | 488f 4424 | 2048 8944 | 24f8 8b44 | 2458 8944 
  0x00007e5bdc584010: 2430 488b | 4424 f848 | 8944 24f8 | 8b44 2448 | 8944 2434 | 488b 4424 | f848 8944 | 24f8 8b44 
  0x00007e5bdc584030: 2450 8944 | 2440 488b | 4424 f848 | ff74 2468 | 488f 4424 | 4848 ff74 | 2468 488f 

  0x00007e5bdc58404c: ;   {runtime_call UncommonTrapBlob}
  0x00007e5bdc58404c: 4424 50e8 

  0x00007e5bdc584050: ; ImmutableOopMap {rbp=Oop [0]=Oop [16]=Oop [32]=Oop [40]=Oop [72]=Oop [80]=Oop [128]=Oop [136]=Oop [168]=Oop }
                      ;*instanceof {reexecute=0 rethrow=0 return_oop=0}
                      ; - org.h2.value.ValueSmallint::equals@1 (line 176)
                      ; - org.h2.value.Value::cache@82 (line 750)
                      ; - org.h2.value.ValueSmallint::get@8 (line 171)
                      ; - org.h2.jdbc.JdbcPreparedStatement::setShort@47 (line 659)
                      ; - org.apache.derbyTesting.system.oe.load.SimpleInsert::orderTable@302 (line 425)
  0x00007e5bdc584050: ac62 6eff 

  0x00007e5bdc584054: ;   {other}
  0x00007e5bdc584054: 0f1f 8400 | 0000 0000 | bede ffff | ff48 8b2c | 2448 8944 | 24f8 8b44 | 2454 8904 | 2448 8b44 
  0x00007e5bdc584074: 24f8 4889 | 4424 f88b | 4424 3889 | 4424 0448 | 8b44 24f8 | 48ff 7424 | 3048 8f44 | 2408 48ff 
  0x00007e5bdc584094: 7424 2848 | 8f44 2410 | 4889 4424 | f88b 4424 | 3c89 4424 | 1848 8b44 | 24f8 48ff | 7424 4048 
  0x00007e5bdc5840b4: 8f44 2430 | 4889 4424 | f88b 4424 | 4889 4424 | 1c48 8b44 | 24f8 4889 | 4424 f88b | 4424 4c89 
  0x00007e5bdc5840d4: 4424 4848 | 8b44 24f8 

  0x00007e5bdc5840dc: ;   {runtime_call UncommonTrapBlob}
  0x00007e5bdc5840dc: 6666 90e8 

  0x00007e5bdc5840e0: ; ImmutableOopMap {rbp=Oop [8]=Oop [16]=Oop [48]=Oop [80]=NarrowOop [88]=Oop [112]=Oop [128]=Oop [168]=Oop }
                      ;*instanceof {reexecute=0 rethrow=0 return_oop=0}
                      ; - org.h2.value.ValueSmallint::equals@1 (line 176)
                      ; - org.h2.value.Value::cache@82 (line 750)
                      ; - org.h2.value.ValueSmallint::get@8 (line 171)
                      ; - org.h2.jdbc.JdbcPreparedStatement::setShort@47 (line 659)
                      ; - org.apache.derbyTesting.system.oe.load.SimpleInsert::orderTable@147 (line 402)
  0x00007e5bdc5840e0: 1c62 6eff 

  0x00007e5bdc5840e4: ;   {other}
  0x00007e5bdc5840e4: 0f1f 8400 | 0000 0000 | bede ffff | ff48 8b2c | 2448 8944 | 24f8 8b44 | 2454 8904 | 2448 8b44 
  0x00007e5bdc584104: 24f8 4889 | 4424 f88b | 4424 3889 | 4424 0448 | 8b44 24f8 | 48ff 7424 | 3048 8f44 | 2408 48ff 
  0x00007e5bdc584124: 7424 2848 | 8f44 2410 | 4889 4424 | f88b 4424 | 3c89 4424 | 1848 8b44 | 24f8 48ff | 7424 4048 
  0x00007e5bdc584144: 8f44 2430 | 4889 4424 | f88b 4424 | 5089 4424 | 1c48 8b44 | 24f8 4489 | 5424 5444 | 8954 2468 
  0x00007e5bdc584164: ;   {runtime_call UncommonTrapBlob}
  0x00007e5bdc584164: 6666 90e8 

  0x00007e5bdc584168: ; ImmutableOopMap {rbp=Oop [8]=Oop [16]=Oop [48]=Oop [72]=Oop [84]=NarrowOop [88]=Oop [104]=NarrowOop [112]=Oop [168]=Oop }
                      ;*instanceof {reexecute=0 rethrow=0 return_oop=0}
                      ; - org.h2.value.ValueSmallint::equals@1 (line 176)
                      ; - org.h2.value.Value::cache@82 (line 750)
                      ; - org.h2.value.ValueSmallint::get@8 (line 171)
                      ; - org.h2.jdbc.JdbcPreparedStatement::setShort@47 (line 659)
                      ; - org.apache.derbyTesting.system.oe.load.SimpleInsert::orderTable@157 (line 403)
  0x00007e5bdc584168: 9461 6eff 

  0x00007e5bdc58416c: ;   {other}
  0x00007e5bdc58416c: 0f1f 8400 | 0000 0000 | bede ffff | ff48 8b2c | 2448 8944 | 24f8 8b44 | 2438 8944 | 2404 488b 
  0x00007e5bdc58418c: 4424 f848 | ff74 2430 | 488f 4424 | 0848 ff74 | 2428 488f | 4424 1048 | 8944 24f8 | 8b44 243c 
  0x00007e5bdc5841ac: 8944 2418 | 488b 4424 | f848 ff74 | 2440 488f | 4424 304c | 8954 2448 | 4489 5c24 

  0x00007e5bdc5841c8: ;   {runtime_call UncommonTrapBlob}
  0x00007e5bdc5841c8: 1c66 90e8 

  0x00007e5bdc5841cc: ; ImmutableOopMap {rbp=Oop [8]=Oop [16]=Oop [28]=NarrowOop [48]=Oop [72]=Oop [112]=Oop [168]=Oop }
                      ;*checkcast {reexecute=0 rethrow=0 return_oop=0}
                      ; - org.h2.jdbc.JdbcPreparedStatement::setParameter@46 (line 1398)
                      ; - org.h2.jdbc.JdbcPreparedStatement::setShort@50 (line 659)
                      ; - org.apache.derbyTesting.system.oe.load.SimpleInsert::orderTable@157 (line 403)
  0x00007e5bdc5841cc: 3061 6eff 

  0x00007e5bdc5841d0: ;   {other}
  0x00007e5bdc5841d0: 0f1f 8400 | 0000 0000 | bef6 ffff | ff48 8b2c | 2448 8944 | 24f8 8b44 | 2438 8944 | 2404 488b 
  0x00007e5bdc5841f0: 4424 f848 | ff74 2410 | 488f 4424 | 0848 ff74 | 2430 488f | 4424 1848 | ff74 2428 | 488f 4424 
  0x00007e5bdc584210: ;   {runtime_call UncommonTrapBlob}
  0x00007e5bdc584210: 2066 90e8 

  0x00007e5bdc584214: ; ImmutableOopMap {rbp=Oop [8]=Oop [24]=Oop [32]=Oop [104]=Oop [168]=Oop }
                      ;*invokevirtual isDebugEnabled {reexecute=0 rethrow=0 return_oop=0}
                      ; - org.h2.message.TraceObject::isDebugEnabled@4 (line 163)
                      ; - org.h2.jdbc.JdbcPreparedStatement::setInt@1 (line 356)
                      ; - org.apache.derbyTesting.system.oe.load.SimpleInsert::orderTable@263 (line 420)
  0x00007e5bdc584214: e860 6eff 

  0x00007e5bdc584218: ;   {other}
  0x00007e5bdc584218: 0f1f 8400 | 0000 0000 | bef6 ffff | ff48 8b2c | 2448 8944 | 24f8 8b44 | 2438 8944 | 2404 488b 
  0x00007e5bdc584238: 4424 f848 | ff74 2410 | 488f 4424 | 0848 ff74 | 2430 488f | 4424 1848 | ff74 2428 | 488f 4424 
  0x00007e5bdc584258: ;   {runtime_call UncommonTrapBlob}
  0x00007e5bdc584258: 2066 90e8 

  0x00007e5bdc58425c: ; ImmutableOopMap {rbp=Oop [8]=Oop [24]=Oop [32]=Oop [104]=Oop [168]=Oop }
                      ;*invokeinterface isEnabled {reexecute=0 rethrow=0 return_oop=0}
                      ; - org.h2.message.Trace::isEnabled@13 (line 142)
                      ; - org.h2.message.Trace::isDebugEnabled@2 (line 162)
                      ; - org.h2.message.TraceObject::isDebugEnabled@4 (line 163)
                      ; - org.h2.jdbc.JdbcPreparedStatement::setInt@1 (line 356)
                      ; - org.apache.derbyTesting.system.oe.load.SimpleInsert::orderTable@263 (line 420)
  0x00007e5bdc58425c: a060 6eff 

  0x00007e5bdc584260: ;   {other}
  0x00007e5bdc584260: 0f1f 8400 | 0000 0000 | bef6 ffff | ff48 8b2c | 2448 8944 | 24f8 8b44 | 2438 8944 | 2404 488b 
  0x00007e5bdc584280: 4424 f848 | ff74 2410 | 488f 4424 | 0848 ff74 | 2430 488f | 4424 1848 | ff74 2428 | 488f 4424 
  0x00007e5bdc5842a0: ;   {runtime_call UncommonTrapBlob}
  0x00007e5bdc5842a0: 2066 90e8 

  0x00007e5bdc5842a4: ; ImmutableOopMap {rbp=Oop [8]=Oop [24]=Oop [32]=Oop [104]=Oop [168]=Oop }
                      ;*invokevirtual get {reexecute=0 rethrow=0 return_oop=0}
                      ; - org.h2.engine.SessionLocal::isClosed@4 (line 1178)
                      ; - org.h2.jdbc.JdbcConnection::checkClosed@17 (line 1374)
                      ; - org.h2.jdbc.JdbcStatement::checkClosed@17 (line 1273)
                      ; - org.h2.jdbc.JdbcPreparedStatement::setParameter@1 (line 1391)
                      ; - org.h2.jdbc.JdbcPreparedStatement::setInt@50 (line 359)
                      ; - org.apache.derbyTesting.system.oe.load.SimpleInsert::orderTable@263 (line 420)
  0x00007e5bdc5842a4: 5860 6eff 

  0x00007e5bdc5842a8: ;   {other}
  0x00007e5bdc5842a8: 0f1f 8400 | 0000 0000 | bef6 ffff | ff48 8b2c | 2448 8944 | 24f8 8b44 | 2438 8944 | 2404 488b 
  0x00007e5bdc5842c8: 4424 f848 | ff74 2410 | 488f 4424 | 0848 ff74 | 2430 488f | 4424 1848 | ff74 2428 | 488f 4424 
  0x00007e5bdc5842e8: ;   {runtime_call UncommonTrapBlob}
  0x00007e5bdc5842e8: 2066 90e8 

  0x00007e5bdc5842ec: ; ImmutableOopMap {rbp=Oop [8]=Oop [24]=Oop [32]=Oop [104]=Oop [168]=Oop }
                      ;*invokeinterface getParameters {reexecute=0 rethrow=0 return_oop=0}
                      ; - org.h2.jdbc.JdbcPreparedStatement::setParameter@11 (line 1393)
                      ; - org.h2.jdbc.JdbcPreparedStatement::setInt@50 (line 359)
                      ; - org.apache.derbyTesting.system.oe.load.SimpleInsert::orderTable@263 (line 420)
  0x00007e5bdc5842ec: 1060 6eff 

  0x00007e5bdc5842f0: ;   {other}
  0x00007e5bdc5842f0: 0f1f 8400 | 0000 0000 | bef6 ffff | ff48 8b2c | 2448 8944 | 24f8 8b44 | 2438 8944 | 2404 488b 
  0x00007e5bdc584310: 4424 f848 | ff74 2410 | 488f 4424 | 0848 ff74 | 2430 488f | 4424 1848 | ff74 2428 | 488f 4424 
  0x00007e5bdc584330: ;   {runtime_call UncommonTrapBlob}
  0x00007e5bdc584330: 2066 90e8 

  0x00007e5bdc584334: ; ImmutableOopMap {rbp=Oop [8]=Oop [24]=Oop [32]=Oop [104]=Oop [168]=Oop }
                      ;*invokevirtual getParameters {reexecute=0 rethrow=0 return_oop=0}
                      ; - org.h2.command.CommandContainer::getParameters@4 (line 120)
                      ; - org.h2.jdbc.JdbcPreparedStatement::setParameter@11 (line 1393)
                      ; - org.h2.jdbc.JdbcPreparedStatement::setInt@50 (line 359)
                      ; - org.apache.derbyTesting.system.oe.load.SimpleInsert::orderTable@263 (line 420)
  0x00007e5bdc584334: c85f 6eff 

  0x00007e5bdc584338: ;   {other}
  0x00007e5bdc584338: 0f1f 8400 | 0000 0000 | bef6 ffff | ff48 8b2c | 2448 8944 | 24f8 8b44 | 2438 8944 | 2404 488b 
  0x00007e5bdc584358: 4424 f848 | ff74 2410 | 488f 4424 | 0848 ff74 | 2430 488f | 4424 1848 | ff74 2428 | 488f 4424 
  0x00007e5bdc584378: ;   {runtime_call UncommonTrapBlob}
  0x00007e5bdc584378: 2066 90e8 

  0x00007e5bdc58437c: ; ImmutableOopMap {rbp=Oop [8]=Oop [24]=Oop [32]=Oop [104]=Oop [168]=Oop }
                      ;*invokevirtual size {reexecute=0 rethrow=0 return_oop=0}
                      ; - org.h2.command.CommandContainer::getParameters@9 (line 121)
                      ; - org.h2.jdbc.JdbcPreparedStatement::setParameter@11 (line 1393)
                      ; - org.h2.jdbc.JdbcPreparedStatement::setInt@50 (line 359)
                      ; - org.apache.derbyTesting.system.oe.load.SimpleInsert::orderTable@263 (line 420)
  0x00007e5bdc58437c: 805f 6eff 

  0x00007e5bdc584380: ;   {other}
  0x00007e5bdc584380: 0f1f 8400 | 0000 0000 | bef6 ffff | ff48 8b2c | 2448 8944 | 24f8 8b44 | 2438 8944 | 2404 488b 
  0x00007e5bdc5843a0: 4424 f848 | ff74 2410 | 488f 4424 | 0848 ff74 | 2430 488f | 4424 1848 | ff74 2428 | 488f 4424 
  0x00007e5bdc5843c0: ;   {runtime_call UncommonTrapBlob}
  0x00007e5bdc5843c0: 2066 90e8 

  0x00007e5bdc5843c4: ; ImmutableOopMap {rbp=Oop [8]=Oop [24]=Oop [32]=Oop [104]=Oop [168]=Oop }
                      ;*aaload {reexecute=0 rethrow=0 return_oop=0}
                      ; - java.util.ArrayList::elementData@5 (line 411)
                      ; - java.util.ArrayList::get@11 (line 428)
                      ; - org.h2.jdbc.JdbcPreparedStatement::setParameter@43 (line 1398)
                      ; - org.h2.jdbc.JdbcPreparedStatement::setInt@50 (line 359)
                      ; - org.apache.derbyTesting.system.oe.load.SimpleInsert::orderTable@263 (line 420)
  0x00007e5bdc5843c4: 385f 6eff 

  0x00007e5bdc5843c8: ;   {other}
  0x00007e5bdc5843c8: 0f1f 8400 | 0000 0000 | bef4 ffff | ff48 8b2c | 2448 8944 | 24f8 8b44 | 2438 8944 | 2404 488b 
  0x00007e5bdc5843e8: 4424 f848 | ff74 2410 | 488f 4424 | 0848 ff74 | 2430 488f | 4424 1848 | ff74 2428 | 488f 4424 
  0x00007e5bdc584408: 2048 8944 | 24f8 8b44 | 2448 8944 | 242c 488b | 4424 f844 | 8954 243c 

  0x00007e5bdc584420: ;   {runtime_call UncommonTrapBlob}
  0x00007e5bdc584420: 6666 90e8 

  0x00007e5bdc584424: ; ImmutableOopMap {rbp=Oop [8]=Oop [24]=Oop [32]=Oop [60]=NarrowOop [104]=Oop [168]=Oop }
                      ;*checkcast {reexecute=0 rethrow=0 return_oop=0}
                      ; - org.h2.jdbc.JdbcPreparedStatement::setParameter@46 (line 1398)
                      ; - org.h2.jdbc.JdbcPreparedStatement::setInt@50 (line 359)
                      ; - org.apache.derbyTesting.system.oe.load.SimpleInsert::orderTable@263 (line 420)
  0x00007e5bdc584424: d85e 6eff 

  0x00007e5bdc584428: ;   {other}
  0x00007e5bdc584428: 0f1f 8400 | 0000 0000 | bef6 ffff | ff48 8b2c | 2448 8944 | 24f8 8b44 | 2438 8944 | 2404 488b 
  0x00007e5bdc584448: 4424 f848 | ff74 2410 | 488f 4424 | 0848 ff74 | 2430 488f | 4424 1848 | ff74 2428 | 488f 4424 
  0x00007e5bdc584468: ;   {runtime_call UncommonTrapBlob}
  0x00007e5bdc584468: 2066 90e8 

  0x00007e5bdc58446c: ; ImmutableOopMap {rbp=Oop [8]=Oop [24]=Oop [32]=Oop [104]=Oop [168]=Oop }
                      ;*invokevirtual isDebugEnabled {reexecute=0 rethrow=0 return_oop=0}
                      ; - org.h2.message.TraceObject::isDebugEnabled@4 (line 163)
                      ; - org.h2.jdbc.JdbcPreparedStatement::setInt@1 (line 356)
                      ; - org.apache.derbyTesting.system.oe.load.SimpleInsert::orderTable@273 (line 421)
  0x00007e5bdc58446c: 905e 6eff 

  0x00007e5bdc584470: ;   {other}
  0x00007e5bdc584470: 0f1f 8400 | 0000 0000 | bef6 ffff | ff48 8b2c | 2448 8944 | 24f8 8b44 | 2438 8944 | 2404 488b 
  0x00007e5bdc584490: 4424 f848 | ff74 2410 | 488f 4424 | 0848 ff74 | 2430 488f | 4424 1848 | ff74 2428 | 488f 4424 
  0x00007e5bdc5844b0: ;   {runtime_call UncommonTrapBlob}
  0x00007e5bdc5844b0: 2066 90e8 

  0x00007e5bdc5844b4: ; ImmutableOopMap {rbp=Oop [8]=Oop [24]=Oop [32]=Oop [104]=Oop [168]=Oop }
                      ;*invokeinterface isEnabled {reexecute=0 rethrow=0 return_oop=0}
                      ; - org.h2.message.Trace::isEnabled@13 (line 142)
                      ; - org.h2.message.Trace::isDebugEnabled@2 (line 162)
                      ; - org.h2.message.TraceObject::isDebugEnabled@4 (line 163)
                      ; - org.h2.jdbc.JdbcPreparedStatement::setInt@1 (line 356)
                      ; - org.apache.derbyTesting.system.oe.load.SimpleInsert::orderTable@273 (line 421)
  0x00007e5bdc5844b4: 485e 6eff 

  0x00007e5bdc5844b8: ;   {other}
  0x00007e5bdc5844b8: 0f1f 8400 | 0000 0000 | bef6 ffff | ff48 8b2c | 2448 8944 | 24f8 8b44 | 2438 8944 | 2404 488b 
  0x00007e5bdc5844d8: 4424 f848 | ff74 2410 | 488f 4424 | 0848 ff74 | 2430 488f | 4424 1848 | ff74 2428 | 488f 4424 
  0x00007e5bdc5844f8: ;   {runtime_call UncommonTrapBlob}
  0x00007e5bdc5844f8: 2066 90e8 

  0x00007e5bdc5844fc: ; ImmutableOopMap {rbp=Oop [8]=Oop [24]=Oop [32]=Oop [104]=Oop [168]=Oop }
                      ;*invokevirtual get {reexecute=0 rethrow=0 return_oop=0}
                      ; - org.h2.engine.SessionLocal::isClosed@4 (line 1178)
                      ; - org.h2.jdbc.JdbcConnection::checkClosed@17 (line 1374)
                      ; - org.h2.jdbc.JdbcStatement::checkClosed@17 (line 1273)
                      ; - org.h2.jdbc.JdbcPreparedStatement::setParameter@1 (line 1391)
                      ; - org.h2.jdbc.JdbcPreparedStatement::setInt@50 (line 359)
                      ; - org.apache.derbyTesting.system.oe.load.SimpleInsert::orderTable@273 (line 421)
  0x00007e5bdc5844fc: 005e 6eff 

  0x00007e5bdc584500: ;   {other}
  0x00007e5bdc584500: 0f1f 8400 | 0000 0000 | bef6 ffff | ff48 8b2c | 2448 8944 | 24f8 8b44 | 2438 8944 | 2404 488b 
  0x00007e5bdc584520: 4424 f848 | ff74 2410 | 488f 4424 | 0848 ff74 | 2430 488f | 4424 1848 | ff74 2428 | 488f 4424 
  0x00007e5bdc584540: ;   {runtime_call UncommonTrapBlob}
  0x00007e5bdc584540: 2066 90e8 

  0x00007e5bdc584544: ; ImmutableOopMap {rbp=Oop [8]=Oop [24]=Oop [32]=Oop [104]=Oop [168]=Oop }
                      ;*invokeinterface getParameters {reexecute=0 rethrow=0 return_oop=0}
                      ; - org.h2.jdbc.JdbcPreparedStatement::setParameter@11 (line 1393)
                      ; - org.h2.jdbc.JdbcPreparedStatement::setInt@50 (line 359)
                      ; - org.apache.derbyTesting.system.oe.load.SimpleInsert::orderTable@273 (line 421)
  0x00007e5bdc584544: b85d 6eff 

  0x00007e5bdc584548: ;   {other}
  0x00007e5bdc584548: 0f1f 8400 | 0000 0000 | bef6 ffff | ff48 8b2c | 2448 8944 | 24f8 8b44 | 2438 8944 | 2404 488b 
  0x00007e5bdc584568: 4424 f848 | ff74 2410 | 488f 4424 | 0848 ff74 | 2430 488f | 4424 1848 | ff74 2428 | 488f 4424 
  0x00007e5bdc584588: ;   {runtime_call UncommonTrapBlob}
  0x00007e5bdc584588: 2066 90e8 

  0x00007e5bdc58458c: ; ImmutableOopMap {rbp=Oop [8]=Oop [24]=Oop [32]=Oop [104]=Oop [168]=Oop }
                      ;*invokevirtual getParameters {reexecute=0 rethrow=0 return_oop=0}
                      ; - org.h2.command.CommandContainer::getParameters@4 (line 120)
                      ; - org.h2.jdbc.JdbcPreparedStatement::setParameter@11 (line 1393)
                      ; - org.h2.jdbc.JdbcPreparedStatement::setInt@50 (line 359)
                      ; - org.apache.derbyTesting.system.oe.load.SimpleInsert::orderTable@273 (line 421)
  0x00007e5bdc58458c: 705d 6eff 

  0x00007e5bdc584590: ;   {other}
  0x00007e5bdc584590: 0f1f 8400 | 0000 0000 | bef6 ffff | ff48 8b2c | 2448 8944 | 24f8 8b44 | 2438 8944 | 2404 488b 
  0x00007e5bdc5845b0: 4424 f848 | ff74 2410 | 488f 4424 | 0848 ff74 | 2430 488f | 4424 1848 | ff74 2428 | 488f 4424 
  0x00007e5bdc5845d0: ;   {runtime_call UncommonTrapBlob}
  0x00007e5bdc5845d0: 2066 90e8 

  0x00007e5bdc5845d4: ; ImmutableOopMap {rbp=Oop [8]=Oop [24]=Oop [32]=Oop [104]=Oop [168]=Oop }
                      ;*invokevirtual size {reexecute=0 rethrow=0 return_oop=0}
                      ; - org.h2.command.CommandContainer::getParameters@9 (line 121)
                      ; - org.h2.jdbc.JdbcPreparedStatement::setParameter@11 (line 1393)
                      ; - org.h2.jdbc.JdbcPreparedStatement::setInt@50 (line 359)
                      ; - org.apache.derbyTesting.system.oe.load.SimpleInsert::orderTable@273 (line 421)
  0x00007e5bdc5845d4: 285d 6eff 

  0x00007e5bdc5845d8: ;   {other}
  0x00007e5bdc5845d8: 0f1f 8400 | 0000 0000 | bef6 ffff | ff48 8b2c | 2448 8944 | 24f8 8b44 | 2438 8944 | 2404 488b 
  0x00007e5bdc5845f8: 4424 f848 | ff74 2410 | 488f 4424 | 0848 ff74 | 2430 488f | 4424 1848 | ff74 2428 | 488f 4424 
  0x00007e5bdc584618: ;   {runtime_call UncommonTrapBlob}
  0x00007e5bdc584618: 2066 90e8 

  0x00007e5bdc58461c: ; ImmutableOopMap {rbp=Oop [8]=Oop [24]=Oop [32]=Oop [104]=Oop [168]=Oop }
                      ;*aaload {reexecute=0 rethrow=0 return_oop=0}
                      ; - java.util.ArrayList::elementData@5 (line 411)
                      ; - java.util.ArrayList::get@11 (line 428)
                      ; - org.h2.jdbc.JdbcPreparedStatement::setParameter@43 (line 1398)
                      ; - org.h2.jdbc.JdbcPreparedStatement::setInt@50 (line 359)
                      ; - org.apache.derbyTesting.system.oe.load.SimpleInsert::orderTable@273 (line 421)
  0x00007e5bdc58461c: e05c 6eff 

  0x00007e5bdc584620: ;   {other}
  0x00007e5bdc584620: 0f1f 8400 | 0000 0000 | bef4 ffff | ff48 8b2c | 2448 8944 | 24f8 8b44 | 2438 8944 | 2404 488b 
  0x00007e5bdc584640: 4424 f848 | ff74 2410 | 488f 4424 | 0848 ff74 | 2430 488f | 4424 1848 | ff74 2428 | 488f 4424 
  0x00007e5bdc584660: 2048 8944 | 24f8 8b44 | 2448 8944 | 242c 488b | 4424 f844 | 8954 243c 

  0x00007e5bdc584678: ;   {runtime_call UncommonTrapBlob}
  0x00007e5bdc584678: 6666 90e8 

  0x00007e5bdc58467c: ; ImmutableOopMap {rbp=Oop [8]=Oop [24]=Oop [32]=Oop [60]=NarrowOop [104]=Oop [168]=Oop }
                      ;*checkcast {reexecute=0 rethrow=0 return_oop=0}
                      ; - org.h2.jdbc.JdbcPreparedStatement::setParameter@46 (line 1398)
                      ; - org.h2.jdbc.JdbcPreparedStatement::setInt@50 (line 359)
                      ; - org.apache.derbyTesting.system.oe.load.SimpleInsert::orderTable@273 (line 421)
  0x00007e5bdc58467c: 805c 6eff 

  0x00007e5bdc584680: ;   {other}
  0x00007e5bdc584680: 0f1f 8400 | 0000 0000 | bef6 ffff 

  0x00007e5bdc58468c: ;   {runtime_call UncommonTrapBlob}
  0x00007e5bdc58468c: ff66 90e8 

  0x00007e5bdc584690: ; ImmutableOopMap {}
                      ;*invokevirtual randomInt {reexecute=0 rethrow=0 return_oop=0}
                      ; - org.apache.derbyTesting.system.oe.load.SimpleInsert::orderTable@289 (line 424)
  0x00007e5bdc584690: 6c5c 6eff 

  0x00007e5bdc584694: ;   {other}
  0x00007e5bdc584694: 0f1f 8400 | 0000 0000 | bef6 ffff 

  0x00007e5bdc5846a0: ;   {runtime_call UncommonTrapBlob}
  0x00007e5bdc5846a0: ff66 90e8 

  0x00007e5bdc5846a4: ; ImmutableOopMap {}
                      ;*invokevirtual nextDouble {reexecute=0 rethrow=0 return_oop=0}
                      ; - org.apache.derbyTesting.system.oe.util.OERandom::randomInt@4 (line 124)
                      ; - org.apache.derbyTesting.system.oe.load.SimpleInsert::orderTable@289 (line 424)
  0x00007e5bdc5846a4: 585c 6eff 

  0x00007e5bdc5846a8: ;   {other}
  0x00007e5bdc5846a8: 0f1f 8400 | 0000 0000 | bef6 ffff 

  0x00007e5bdc5846b4: ;   {runtime_call UncommonTrapBlob}
  0x00007e5bdc5846b4: ff66 90e8 

  0x00007e5bdc5846b8: ; ImmutableOopMap {}
                      ;*invokevirtual get {reexecute=0 rethrow=0 return_oop=0}
                      ; - java.util.Random::next@8 (line 442)
                      ; - java.util.Random::nextDouble@3 (line 698)
                      ; - org.apache.derbyTesting.system.oe.util.OERandom::randomInt@4 (line 124)
                      ; - org.apache.derbyTesting.system.oe.load.SimpleInsert::orderTable@289 (line 424)
  0x00007e5bdc5846b8: 445c 6eff 

  0x00007e5bdc5846bc: ;   {other}
  0x00007e5bdc5846bc: 0f1f 8400 | 0000 0000 | bef6 ffff 

  0x00007e5bdc5846c8: ;   {runtime_call UncommonTrapBlob}
  0x00007e5bdc5846c8: ff66 90e8 

  0x00007e5bdc5846cc: ; ImmutableOopMap {}
                      ;*invokevirtual get {reexecute=0 rethrow=0 return_oop=0}
                      ; - java.util.Random::next@8 (line 442)
                      ; - java.util.Random::nextDouble@13 (line 698)
                      ; - org.apache.derbyTesting.system.oe.util.OERandom::randomInt@4 (line 124)
                      ; - org.apache.derbyTesting.system.oe.load.SimpleInsert::orderTable@289 (line 424)
  0x00007e5bdc5846cc: 305c 6eff 

  0x00007e5bdc5846d0: ;   {other}
  0x00007e5bdc5846d0: 0f1f 8400 | 0000 0000 | bef6 ffff | ff48 8b2c | 2448 8944 | 24f8 8b44 | 2438 8944 | 2404 488b 
  0x00007e5bdc5846f0: 4424 f848 | ff74 2410 | 488f 4424 | 0848 ff74 | 2430 488f | 4424 1848 | ff74 2428 | 488f 4424 
  0x00007e5bdc584710: ;   {runtime_call UncommonTrapBlob}
  0x00007e5bdc584710: 2066 90e8 

  0x00007e5bdc584714: ; ImmutableOopMap {rbp=Oop [8]=Oop [24]=Oop [32]=Oop [104]=Oop [168]=Oop }
                      ;*invokevirtual isDebugEnabled {reexecute=0 rethrow=0 return_oop=0}
                      ; - org.h2.message.TraceObject::isDebugEnabled@4 (line 163)
                      ; - org.h2.jdbc.JdbcPreparedStatement::setInt@1 (line 356)
                      ; - org.apache.derbyTesting.system.oe.load.SimpleInsert::orderTable@292 (line 424)
  0x00007e5bdc584714: e85b 6eff 

  0x00007e5bdc584718: ;   {other}
  0x00007e5bdc584718: 0f1f 8400 | 0000 0000 | bef6 ffff | ff48 8b2c | 2448 8944 | 24f8 8b44 | 2438 8944 | 2404 488b 
  0x00007e5bdc584738: 4424 f848 | ff74 2410 | 488f 4424 | 0848 ff74 | 2430 488f | 4424 1848 | ff74 2428 | 488f 4424 
  0x00007e5bdc584758: ;   {runtime_call UncommonTrapBlob}
  0x00007e5bdc584758: 2066 90e8 

  0x00007e5bdc58475c: ; ImmutableOopMap {rbp=Oop [8]=Oop [24]=Oop [32]=Oop [104]=Oop [168]=Oop }
                      ;*invokeinterface isEnabled {reexecute=0 rethrow=0 return_oop=0}
                      ; - org.h2.message.Trace::isEnabled@13 (line 142)
                      ; - org.h2.message.Trace::isDebugEnabled@2 (line 162)
                      ; - org.h2.message.TraceObject::isDebugEnabled@4 (line 163)
                      ; - org.h2.jdbc.JdbcPreparedStatement::setInt@1 (line 356)
                      ; - org.apache.derbyTesting.system.oe.load.SimpleInsert::orderTable@292 (line 424)
  0x00007e5bdc58475c: a05b 6eff 

  0x00007e5bdc584760: ;   {other}
  0x00007e5bdc584760: 0f1f 8400 | 0000 0000 | bef6 ffff | ff48 8b2c | 2448 8944 | 24f8 8b44 | 2438 8944 | 2404 488b 
  0x00007e5bdc584780: 4424 f848 | ff74 2410 | 488f 4424 | 0848 ff74 | 2430 488f | 4424 1848 | ff74 2428 | 488f 4424 
  0x00007e5bdc5847a0: ;   {runtime_call UncommonTrapBlob}
  0x00007e5bdc5847a0: 2066 90e8 

  0x00007e5bdc5847a4: ; ImmutableOopMap {rbp=Oop [8]=Oop [24]=Oop [32]=Oop [104]=Oop [168]=Oop }
                      ;*invokevirtual get {reexecute=0 rethrow=0 return_oop=0}
                      ; - org.h2.engine.SessionLocal::isClosed@4 (line 1178)
                      ; - org.h2.jdbc.JdbcConnection::checkClosed@17 (line 1374)
                      ; - org.h2.jdbc.JdbcStatement::checkClosed@17 (line 1273)
                      ; - org.h2.jdbc.JdbcPreparedStatement::setParameter@1 (line 1391)
                      ; - org.h2.jdbc.JdbcPreparedStatement::setInt@50 (line 359)
                      ; - org.apache.derbyTesting.system.oe.load.SimpleInsert::orderTable@292 (line 424)
  0x00007e5bdc5847a4: 585b 6eff 

  0x00007e5bdc5847a8: ;   {other}
  0x00007e5bdc5847a8: 0f1f 8400 | 0000 0000 | bef6 ffff | ff48 8b2c | 2448 8944 | 24f8 8b44 | 2438 8944 | 2404 488b 
  0x00007e5bdc5847c8: 4424 f848 | ff74 2410 | 488f 4424 | 0848 ff74 | 2430 488f | 4424 1848 | ff74 2428 | 488f 4424 
  0x00007e5bdc5847e8: ;   {runtime_call UncommonTrapBlob}
  0x00007e5bdc5847e8: 2066 90e8 

  0x00007e5bdc5847ec: ; ImmutableOopMap {rbp=Oop [8]=Oop [24]=Oop [32]=Oop [104]=Oop [168]=Oop }
                      ;*invokeinterface getParameters {reexecute=0 rethrow=0 return_oop=0}
                      ; - org.h2.jdbc.JdbcPreparedStatement::setParameter@11 (line 1393)
                      ; - org.h2.jdbc.JdbcPreparedStatement::setInt@50 (line 359)
                      ; - org.apache.derbyTesting.system.oe.load.SimpleInsert::orderTable@292 (line 424)
  0x00007e5bdc5847ec: 105b 6eff 

  0x00007e5bdc5847f0: ;   {other}
  0x00007e5bdc5847f0: 0f1f 8400 | 0000 0000 | bef6 ffff | ff48 8b2c | 2448 8944 | 24f8 8b44 | 2438 8944 | 2404 488b 
  0x00007e5bdc584810: 4424 f848 | ff74 2410 | 488f 4424 | 0848 ff74 | 2430 488f | 4424 1848 | ff74 2428 | 488f 4424 
  0x00007e5bdc584830: ;   {runtime_call UncommonTrapBlob}
  0x00007e5bdc584830: 2066 90e8 

  0x00007e5bdc584834: ; ImmutableOopMap {rbp=Oop [8]=Oop [24]=Oop [32]=Oop [104]=Oop [168]=Oop }
                      ;*invokevirtual getParameters {reexecute=0 rethrow=0 return_oop=0}
                      ; - org.h2.command.CommandContainer::getParameters@4 (line 120)
                      ; - org.h2.jdbc.JdbcPreparedStatement::setParameter@11 (line 1393)
                      ; - org.h2.jdbc.JdbcPreparedStatement::setInt@50 (line 359)
                      ; - org.apache.derbyTesting.system.oe.load.SimpleInsert::orderTable@292 (line 424)
  0x00007e5bdc584834: c85a 6eff 

  0x00007e5bdc584838: ;   {other}
  0x00007e5bdc584838: 0f1f 8400 | 0000 0000 | bef6 ffff | ff48 8b2c | 2448 8944 | 24f8 8b44 | 2438 8944 | 2404 488b 
  0x00007e5bdc584858: 4424 f848 | ff74 2410 | 488f 4424 | 0848 ff74 | 2430 488f | 4424 1848 | ff74 2428 | 488f 4424 
  0x00007e5bdc584878: ;   {runtime_call UncommonTrapBlob}
  0x00007e5bdc584878: 2066 90e8 

  0x00007e5bdc58487c: ; ImmutableOopMap {rbp=Oop [8]=Oop [24]=Oop [32]=Oop [104]=Oop [168]=Oop }
                      ;*invokevirtual size {reexecute=0 rethrow=0 return_oop=0}
                      ; - org.h2.command.CommandContainer::getParameters@9 (line 121)
                      ; - org.h2.jdbc.JdbcPreparedStatement::setParameter@11 (line 1393)
                      ; - org.h2.jdbc.JdbcPreparedStatement::setInt@50 (line 359)
                      ; - org.apache.derbyTesting.system.oe.load.SimpleInsert::orderTable@292 (line 424)
  0x00007e5bdc58487c: 805a 6eff 

  0x00007e5bdc584880: ;   {other}
  0x00007e5bdc584880: 0f1f 8400 | 0000 0000 | bef6 ffff | ff48 8b2c | 2448 8944 | 24f8 8b44 | 2438 8944 | 2404 488b 
  0x00007e5bdc5848a0: 4424 f848 | ff74 2410 | 488f 4424 | 0848 ff74 | 2430 488f | 4424 1848 | ff74 2428 | 488f 4424 
  0x00007e5bdc5848c0: ;   {runtime_call UncommonTrapBlob}
  0x00007e5bdc5848c0: 2066 90e8 

  0x00007e5bdc5848c4: ; ImmutableOopMap {rbp=Oop [8]=Oop [24]=Oop [32]=Oop [104]=Oop [168]=Oop }
                      ;*aaload {reexecute=0 rethrow=0 return_oop=0}
                      ; - java.util.ArrayList::elementData@5 (line 411)
                      ; - java.util.ArrayList::get@11 (line 428)
                      ; - org.h2.jdbc.JdbcPreparedStatement::setParameter@43 (line 1398)
                      ; - org.h2.jdbc.JdbcPreparedStatement::setInt@50 (line 359)
                      ; - org.apache.derbyTesting.system.oe.load.SimpleInsert::orderTable@292 (line 424)
  0x00007e5bdc5848c4: 385a 6eff 

  0x00007e5bdc5848c8: ;   {other}
  0x00007e5bdc5848c8: 0f1f 8400 | 0000 0000 | bef4 ffff | ff48 8b2c | 2448 8944 | 24f8 8b44 | 2438 8944 | 2404 488b 
  0x00007e5bdc5848e8: 4424 f848 | ff74 2410 | 488f 4424 | 0848 ff74 | 2430 488f | 4424 1848 | ff74 2428 | 488f 4424 
  0x00007e5bdc584908: 2048 8944 | 24f8 8b44 | 2448 8944 | 242c 488b | 4424 f844 | 8954 243c 

  0x00007e5bdc584920: ;   {runtime_call UncommonTrapBlob}
  0x00007e5bdc584920: 6666 90e8 

  0x00007e5bdc584924: ; ImmutableOopMap {rbp=Oop [8]=Oop [24]=Oop [32]=Oop [60]=NarrowOop [104]=Oop [168]=Oop }
                      ;*checkcast {reexecute=0 rethrow=0 return_oop=0}
                      ; - org.h2.jdbc.JdbcPreparedStatement::setParameter@46 (line 1398)
                      ; - org.h2.jdbc.JdbcPreparedStatement::setInt@50 (line 359)
                      ; - org.apache.derbyTesting.system.oe.load.SimpleInsert::orderTable@292 (line 424)
  0x00007e5bdc584924: d859 6eff 

  0x00007e5bdc584928: ;   {other}
  0x00007e5bdc584928: 0f1f 8400 | 0000 0000 | bef6 ffff | ff48 8b2c | 2448 8944 | 24f8 8b44 | 2438 8944 | 2404 488b 
  0x00007e5bdc584948: 4424 f848 | ff74 2410 | 488f 4424 | 0848 ff74 | 2430 488f | 4424 1848 | ff74 2428 | 488f 4424 
  0x00007e5bdc584968: ;   {runtime_call UncommonTrapBlob}
  0x00007e5bdc584968: 2066 90e8 

  0x00007e5bdc58496c: ; ImmutableOopMap {rbp=Oop [8]=Oop [24]=Oop [32]=Oop [104]=Oop [168]=Oop }
                      ;*invokevirtual isDebugEnabled {reexecute=0 rethrow=0 return_oop=0}
                      ; - org.h2.message.TraceObject::isDebugEnabled@4 (line 163)
                      ; - org.h2.jdbc.JdbcPreparedStatement::setShort@1 (line 656)
                      ; - org.apache.derbyTesting.system.oe.load.SimpleInsert::orderTable@302 (line 425)
  0x00007e5bdc58496c: 9059 6eff 

  0x00007e5bdc584970: ;   {other}
  0x00007e5bdc584970: 0f1f 8400 | 0000 0000 | bef6 ffff | ff48 8b2c | 2448 8944 | 24f8 8b44 | 2438 8944 | 2404 488b 
  0x00007e5bdc584990: 4424 f848 | ff74 2410 | 488f 4424 | 0848 ff74 | 2430 488f | 4424 1848 | ff74 2428 | 488f 4424 
  0x00007e5bdc5849b0: ;   {runtime_call UncommonTrapBlob}
  0x00007e5bdc5849b0: 2066 90e8 

  0x00007e5bdc5849b4: ; ImmutableOopMap {rbp=Oop [8]=Oop [24]=Oop [32]=Oop [104]=Oop [168]=Oop }
                      ;*invokeinterface isEnabled {reexecute=0 rethrow=0 return_oop=0}
                      ; - org.h2.message.Trace::isEnabled@13 (line 142)
                      ; - org.h2.message.Trace::isDebugEnabled@2 (line 162)
                      ; - org.h2.message.TraceObject::isDebugEnabled@4 (line 163)
                      ; - org.h2.jdbc.JdbcPreparedStatement::setShort@1 (line 656)
                      ; - org.apache.derbyTesting.system.oe.load.SimpleInsert::orderTable@302 (line 425)
  0x00007e5bdc5849b4: 4859 6eff 

  0x00007e5bdc5849b8: ;   {other}
  0x00007e5bdc5849b8: 0f1f 8400 | 0000 0000 | bef6 ffff | ff48 8b2c | 2448 8944 | 24f8 8b44 | 2438 8944 | 2404 488b 
  0x00007e5bdc5849d8: 4424 f848 | ff74 2410 | 488f 4424 | 0848 ff74 | 2430 488f | 4424 1848 | ff74 2428 | 488f 4424 
  0x00007e5bdc5849f8: ;   {runtime_call UncommonTrapBlob}
  0x00007e5bdc5849f8: 2066 90e8 

  0x00007e5bdc5849fc: ; ImmutableOopMap {rbp=Oop [8]=Oop [24]=Oop [32]=Oop [104]=Oop [168]=Oop }
                      ;*invokevirtual get {reexecute=0 rethrow=0 return_oop=0}
                      ; - org.h2.engine.SessionLocal::isClosed@4 (line 1178)
                      ; - org.h2.jdbc.JdbcConnection::checkClosed@17 (line 1374)
                      ; - org.h2.jdbc.JdbcStatement::checkClosed@17 (line 1273)
                      ; - org.h2.jdbc.JdbcPreparedStatement::setParameter@1 (line 1391)
                      ; - org.h2.jdbc.JdbcPreparedStatement::setShort@50 (line 659)
                      ; - org.apache.derbyTesting.system.oe.load.SimpleInsert::orderTable@302 (line 425)
  0x00007e5bdc5849fc: 0059 6eff 

  0x00007e5bdc584a00: ;   {other}
  0x00007e5bdc584a00: 0f1f 8400 | 0000 0000 | bef6 ffff | ff48 8b2c | 2448 8944 | 24f8 8b44 | 2438 8944 | 2404 488b 
  0x00007e5bdc584a20: 4424 f848 | ff74 2410 | 488f 4424 | 0848 ff74 | 2430 488f | 4424 1848 | ff74 2428 | 488f 4424 
  0x00007e5bdc584a40: ;   {runtime_call UncommonTrapBlob}
  0x00007e5bdc584a40: 2066 90e8 

  0x00007e5bdc584a44: ; ImmutableOopMap {rbp=Oop [8]=Oop [24]=Oop [32]=Oop [104]=Oop [168]=Oop }
                      ;*invokeinterface getParameters {reexecute=0 rethrow=0 return_oop=0}
                      ; - org.h2.jdbc.JdbcPreparedStatement::setParameter@11 (line 1393)
                      ; - org.h2.jdbc.JdbcPreparedStatement::setShort@50 (line 659)
                      ; - org.apache.derbyTesting.system.oe.load.SimpleInsert::orderTable@302 (line 425)
  0x00007e5bdc584a44: b858 6eff 

  0x00007e5bdc584a48: ;   {other}
  0x00007e5bdc584a48: 0f1f 8400 | 0000 0000 | bef6 ffff | ff48 8b2c | 2448 8944 | 24f8 8b44 | 2438 8944 | 2404 488b 
  0x00007e5bdc584a68: 4424 f848 | ff74 2410 | 488f 4424 | 0848 ff74 | 2430 488f | 4424 1848 | ff74 2428 | 488f 4424 
  0x00007e5bdc584a88: ;   {runtime_call UncommonTrapBlob}
  0x00007e5bdc584a88: 2066 90e8 

  0x00007e5bdc584a8c: ; ImmutableOopMap {rbp=Oop [8]=Oop [24]=Oop [32]=Oop [104]=Oop [168]=Oop }
                      ;*invokevirtual getParameters {reexecute=0 rethrow=0 return_oop=0}
                      ; - org.h2.command.CommandContainer::getParameters@4 (line 120)
                      ; - org.h2.jdbc.JdbcPreparedStatement::setParameter@11 (line 1393)
                      ; - org.h2.jdbc.JdbcPreparedStatement::setShort@50 (line 659)
                      ; - org.apache.derbyTesting.system.oe.load.SimpleInsert::orderTable@302 (line 425)
  0x00007e5bdc584a8c: 7058 6eff 

  0x00007e5bdc584a90: ;   {other}
  0x00007e5bdc584a90: 0f1f 8400 | 0000 0000 | bef6 ffff | ff48 8b2c | 2448 8944 | 24f8 8b44 | 2438 8944 | 2404 488b 
  0x00007e5bdc584ab0: 4424 f848 | ff74 2410 | 488f 4424 | 0848 ff74 | 2430 488f | 4424 1848 | ff74 2428 | 488f 4424 
  0x00007e5bdc584ad0: ;   {runtime_call UncommonTrapBlob}
  0x00007e5bdc584ad0: 2066 90e8 

  0x00007e5bdc584ad4: ; ImmutableOopMap {rbp=Oop [8]=Oop [24]=Oop [32]=Oop [104]=Oop [168]=Oop }
                      ;*invokevirtual size {reexecute=0 rethrow=0 return_oop=0}
                      ; - org.h2.command.CommandContainer::getParameters@9 (line 121)
                      ; - org.h2.jdbc.JdbcPreparedStatement::setParameter@11 (line 1393)
                      ; - org.h2.jdbc.JdbcPreparedStatement::setShort@50 (line 659)
                      ; - org.apache.derbyTesting.system.oe.load.SimpleInsert::orderTable@302 (line 425)
  0x00007e5bdc584ad4: 2858 6eff 

  0x00007e5bdc584ad8: ;   {other}
  0x00007e5bdc584ad8: 0f1f 8400 | 0000 0000 | bef6 ffff | ff48 8b2c | 2448 8944 | 24f8 8b44 | 2438 8944 | 2404 488b 
  0x00007e5bdc584af8: 4424 f848 | ff74 2410 | 488f 4424 | 0848 ff74 | 2430 488f | 4424 1848 | ff74 2428 | 488f 4424 
  0x00007e5bdc584b18: ;   {runtime_call UncommonTrapBlob}
  0x00007e5bdc584b18: 2066 90e8 

  0x00007e5bdc584b1c: ; ImmutableOopMap {rbp=Oop [8]=Oop [24]=Oop [32]=Oop [104]=Oop [168]=Oop }
                      ;*aaload {reexecute=0 rethrow=0 return_oop=0}
                      ; - java.util.ArrayList::elementData@5 (line 411)
                      ; - java.util.ArrayList::get@11 (line 428)
                      ; - org.h2.jdbc.JdbcPreparedStatement::setParameter@43 (line 1398)
                      ; - org.h2.jdbc.JdbcPreparedStatement::setShort@50 (line 659)
                      ; - org.apache.derbyTesting.system.oe.load.SimpleInsert::orderTable@302 (line 425)
  0x00007e5bdc584b1c: e057 6eff 

  0x00007e5bdc584b20: ;   {other}
  0x00007e5bdc584b20: 0f1f 8400 | 0000 0000 | bef4 ffff | ff48 8b2c | 2448 8944 | 24f8 8b44 | 2454 8904 | 2448 8b44 
  0x00007e5bdc584b40: 24f8 4889 | 4424 f88b | 4424 3889 | 4424 0448 | 8b44 24f8 | 48ff 7424 | 1048 8f44 | 2408 48ff 
  0x00007e5bdc584b60: 7424 3048 | 8f44 2418 | 48ff 7424 | 2848 8f44 | 2420 4889 | 4424 f88b | 4424 4889 | 4424 2c48 
  0x00007e5bdc584b80: 8b44 24f8 | 4889 4424 | f88b 4424 | 5089 4424 | 3848 8b44 | 24f8 4c89 

  0x00007e5bdc584b98: ;   {runtime_call UncommonTrapBlob}
  0x00007e5bdc584b98: 5424 50e8 

  0x00007e5bdc584b9c: ; ImmutableOopMap {rbp=Oop [8]=Oop [24]=Oop [32]=Oop [80]=Oop [104]=Oop [168]=Oop }
                      ;*checkcast {reexecute=0 rethrow=0 return_oop=0}
                      ; - org.h2.jdbc.JdbcPreparedStatement::setParameter@46 (line 1398)
                      ; - org.h2.jdbc.JdbcPreparedStatement::setShort@50 (line 659)
                      ; - org.apache.derbyTesting.system.oe.load.SimpleInsert::orderTable@302 (line 425)
  0x00007e5bdc584b9c: 6057 6eff 

  0x00007e5bdc584ba0: ;   {other}
  0x00007e5bdc584ba0: 0f1f 8400 | 0000 0000 | bef6 ffff | ff48 8b2c | 2448 8944 | 24f8 8b44 | 2438 8944 | 2404 488b 
  0x00007e5bdc584bc0: 4424 f848 | ff74 2410 | 488f 4424 | 0848 ff74 | 2430 488f | 4424 1848 | ff74 2428 | 488f 4424 
  0x00007e5bdc584be0: ;   {runtime_call UncommonTrapBlob}
  0x00007e5bdc584be0: 2066 90e8 

  0x00007e5bdc584be4: ; ImmutableOopMap {rbp=Oop [8]=Oop [24]=Oop [32]=Oop [104]=Oop [168]=Oop }
                      ;*invokevirtual isDebugEnabled {reexecute=0 rethrow=0 return_oop=0}
                      ; - org.h2.message.TraceObject::isDebugEnabled@4 (line 163)
                      ; - org.h2.jdbc.JdbcPreparedStatement::setInt@1 (line 356)
                      ; - org.apache.derbyTesting.system.oe.load.SimpleInsert::orderTable@398 (line 435)
  0x00007e5bdc584be4: 1857 6eff 

  0x00007e5bdc584be8: ;   {other}
  0x00007e5bdc584be8: 0f1f 8400 | 0000 0000 | bef6 ffff | ff48 8b2c | 2448 8944 | 24f8 8b44 | 2438 8944 | 2404 488b 
  0x00007e5bdc584c08: 4424 f848 | ff74 2410 | 488f 4424 | 0848 ff74 | 2430 488f | 4424 1848 | ff74 2428 | 488f 4424 
  0x00007e5bdc584c28: ;   {runtime_call UncommonTrapBlob}
  0x00007e5bdc584c28: 2066 90e8 

  0x00007e5bdc584c2c: ; ImmutableOopMap {rbp=Oop [8]=Oop [24]=Oop [32]=Oop [104]=Oop [168]=Oop }
                      ;*invokeinterface isEnabled {reexecute=0 rethrow=0 return_oop=0}
                      ; - org.h2.message.Trace::isEnabled@13 (line 142)
                      ; - org.h2.message.Trace::isDebugEnabled@2 (line 162)
                      ; - org.h2.message.TraceObject::isDebugEnabled@4 (line 163)
                      ; - org.h2.jdbc.JdbcPreparedStatement::setInt@1 (line 356)
                      ; - org.apache.derbyTesting.system.oe.load.SimpleInsert::orderTable@398 (line 435)
  0x00007e5bdc584c2c: d056 6eff 

  0x00007e5bdc584c30: ;   {other}
  0x00007e5bdc584c30: 0f1f 8400 | 0000 0000 | bef6 ffff | ff48 8b2c | 2448 8944 | 24f8 8b44 | 2438 8944 | 2404 488b 
  0x00007e5bdc584c50: 4424 f848 | ff74 2410 | 488f 4424 | 0848 ff74 | 2430 488f | 4424 1848 | ff74 2428 | 488f 4424 
  0x00007e5bdc584c70: ;   {runtime_call UncommonTrapBlob}
  0x00007e5bdc584c70: 2066 90e8 

  0x00007e5bdc584c74: ; ImmutableOopMap {rbp=Oop [8]=Oop [24]=Oop [32]=Oop [104]=Oop [168]=Oop }
                      ;*invokevirtual get {reexecute=0 rethrow=0 return_oop=0}
                      ; - org.h2.engine.SessionLocal::isClosed@4 (line 1178)
                      ; - org.h2.jdbc.JdbcConnection::checkClosed@17 (line 1374)
                      ; - org.h2.jdbc.JdbcStatement::checkClosed@17 (line 1273)
                      ; - org.h2.jdbc.JdbcPreparedStatement::setParameter@1 (line 1391)
                      ; - org.h2.jdbc.JdbcPreparedStatement::setInt@50 (line 359)
                      ; - org.apache.derbyTesting.system.oe.load.SimpleInsert::orderTable@398 (line 435)
  0x00007e5bdc584c74: 8856 6eff 

  0x00007e5bdc584c78: ;   {other}
  0x00007e5bdc584c78: 0f1f 8400 | 0000 0000 | bef6 ffff | ff48 8b2c | 2448 8944 | 24f8 8b44 | 2438 8944 | 2404 488b 
  0x00007e5bdc584c98: 4424 f848 | ff74 2410 | 488f 4424 | 0848 ff74 | 2430 488f | 4424 1848 | ff74 2428 | 488f 4424 
  0x00007e5bdc584cb8: ;   {runtime_call UncommonTrapBlob}
  0x00007e5bdc584cb8: 2066 90e8 

  0x00007e5bdc584cbc: ; ImmutableOopMap {rbp=Oop [8]=Oop [24]=Oop [32]=Oop [104]=Oop [168]=Oop }
                      ;*invokeinterface getParameters {reexecute=0 rethrow=0 return_oop=0}
                      ; - org.h2.jdbc.JdbcPreparedStatement::setParameter@11 (line 1393)
                      ; - org.h2.jdbc.JdbcPreparedStatement::setInt@50 (line 359)
                      ; - org.apache.derbyTesting.system.oe.load.SimpleInsert::orderTable@398 (line 435)
  0x00007e5bdc584cbc: 4056 6eff 

  0x00007e5bdc584cc0: ;   {other}
  0x00007e5bdc584cc0: 0f1f 8400 | 0000 0000 | bef6 ffff | ff48 8b2c | 2448 8944 | 24f8 8b44 | 2438 8944 | 2404 488b 
  0x00007e5bdc584ce0: 4424 f848 | ff74 2410 | 488f 4424 | 0848 ff74 | 2430 488f | 4424 1848 | ff74 2428 | 488f 4424 
  0x00007e5bdc584d00: ;   {runtime_call UncommonTrapBlob}
  0x00007e5bdc584d00: 2066 90e8 

  0x00007e5bdc584d04: ; ImmutableOopMap {rbp=Oop [8]=Oop [24]=Oop [32]=Oop [104]=Oop [168]=Oop }
                      ;*invokevirtual getParameters {reexecute=0 rethrow=0 return_oop=0}
                      ; - org.h2.command.CommandContainer::getParameters@4 (line 120)
                      ; - org.h2.jdbc.JdbcPreparedStatement::setParameter@11 (line 1393)
                      ; - org.h2.jdbc.JdbcPreparedStatement::setInt@50 (line 359)
                      ; - org.apache.derbyTesting.system.oe.load.SimpleInsert::orderTable@398 (line 435)
  0x00007e5bdc584d04: f855 6eff 

  0x00007e5bdc584d08: ;   {other}
  0x00007e5bdc584d08: 0f1f 8400 | 0000 0000 | bef6 ffff | ff48 8b2c | 2448 8944 | 24f8 8b44 | 2438 8944 | 2404 488b 
  0x00007e5bdc584d28: 4424 f848 | ff74 2410 | 488f 4424 | 0848 ff74 | 2430 488f | 4424 1848 | ff74 2428 | 488f 4424 
  0x00007e5bdc584d48: ;   {runtime_call UncommonTrapBlob}
  0x00007e5bdc584d48: 2066 90e8 

  0x00007e5bdc584d4c: ; ImmutableOopMap {rbp=Oop [8]=Oop [24]=Oop [32]=Oop [104]=Oop [168]=Oop }
                      ;*invokevirtual size {reexecute=0 rethrow=0 return_oop=0}
                      ; - org.h2.command.CommandContainer::getParameters@9 (line 121)
                      ; - org.h2.jdbc.JdbcPreparedStatement::setParameter@11 (line 1393)
                      ; - org.h2.jdbc.JdbcPreparedStatement::setInt@50 (line 359)
                      ; - org.apache.derbyTesting.system.oe.load.SimpleInsert::orderTable@398 (line 435)
  0x00007e5bdc584d4c: b055 6eff 

  0x00007e5bdc584d50: ;   {other}
  0x00007e5bdc584d50: 0f1f 8400 | 0000 0000 | bef6 ffff | ff48 8b2c | 2448 8944 | 24f8 8b44 | 2438 8944 | 2404 488b 
  0x00007e5bdc584d70: 4424 f848 | ff74 2410 | 488f 4424 | 0848 ff74 | 2430 488f | 4424 1848 | ff74 2428 | 488f 4424 
  0x00007e5bdc584d90: ;   {runtime_call UncommonTrapBlob}
  0x00007e5bdc584d90: 2066 90e8 

  0x00007e5bdc584d94: ; ImmutableOopMap {rbp=Oop [8]=Oop [24]=Oop [32]=Oop [104]=Oop [168]=Oop }
                      ;*aaload {reexecute=0 rethrow=0 return_oop=0}
                      ; - java.util.ArrayList::elementData@5 (line 411)
                      ; - java.util.ArrayList::get@11 (line 428)
                      ; - org.h2.jdbc.JdbcPreparedStatement::setParameter@43 (line 1398)
                      ; - org.h2.jdbc.JdbcPreparedStatement::setInt@50 (line 359)
                      ; - org.apache.derbyTesting.system.oe.load.SimpleInsert::orderTable@398 (line 435)
  0x00007e5bdc584d94: 6855 6eff 

  0x00007e5bdc584d98: ;   {other}
  0x00007e5bdc584d98: 0f1f 8400 | 0000 0000 | bef4 ffff | ff48 8b2c | 2448 8944 | 24f8 8b44 | 2438 8944 | 2404 488b 
  0x00007e5bdc584db8: 4424 f848 | ff74 2410 | 488f 4424 | 0848 ff74 | 2430 488f | 4424 1848 | ff74 2428 | 488f 4424 
  0x00007e5bdc584dd8: 2048 8944 | 24f8 8b44 | 2448 8944 | 242c 488b | 4424 f844 | 8954 243c 

  0x00007e5bdc584df0: ;   {runtime_call UncommonTrapBlob}
  0x00007e5bdc584df0: 6666 90e8 

  0x00007e5bdc584df4: ; ImmutableOopMap {rbp=Oop [8]=Oop [24]=Oop [32]=Oop [60]=NarrowOop [104]=Oop [168]=Oop }
                      ;*checkcast {reexecute=0 rethrow=0 return_oop=0}
                      ; - org.h2.jdbc.JdbcPreparedStatement::setParameter@46 (line 1398)
                      ; - org.h2.jdbc.JdbcPreparedStatement::setInt@50 (line 359)
                      ; - org.apache.derbyTesting.system.oe.load.SimpleInsert::orderTable@398 (line 435)
  0x00007e5bdc584df4: 0855 6eff 

  0x00007e5bdc584df8: ;   {other}
  0x00007e5bdc584df8: 0f1f 8400 | 0000 0000 | bef6 ffff 

  0x00007e5bdc584e04: ;   {runtime_call UncommonTrapBlob}
  0x00007e5bdc584e04: ff66 90e8 

  0x00007e5bdc584e08: ; ImmutableOopMap {}
                      ;*invokevirtual randomAString24 {reexecute=0 rethrow=0 return_oop=0}
                      ; - org.apache.derbyTesting.system.oe.load.SimpleInsert::orderTable@411 (line 436)
  0x00007e5bdc584e08: f454 6eff 

  0x00007e5bdc584e0c: ;   {other}
  0x00007e5bdc584e0c: 0f1f 8400 | 0000 0000 | bef6 ffff 

  0x00007e5bdc584e18: ;   {runtime_call UncommonTrapBlob}
  0x00007e5bdc584e18: ff66 90e8 

  0x00007e5bdc584e1c: ; ImmutableOopMap {}
                      ;*invokevirtual nextDouble {reexecute=0 rethrow=0 return_oop=0}
                      ; - org.apache.derbyTesting.system.oe.util.OERandom::randomInt@4 (line 124)
                      ; - org.apache.derbyTesting.system.oe.util.OERandom::randomAString24@7 (line 453)
                      ; - org.apache.derbyTesting.system.oe.load.SimpleInsert::orderTable@411 (line 436)
  0x00007e5bdc584e1c: e054 6eff 

  0x00007e5bdc584e20: ;   {other}
  0x00007e5bdc584e20: 0f1f 8400 | 0000 0000 | bef6 ffff 

  0x00007e5bdc584e2c: ;   {runtime_call UncommonTrapBlob}
  0x00007e5bdc584e2c: ff66 90e8 

  0x00007e5bdc584e30: ; ImmutableOopMap {}
                      ;*invokevirtual get {reexecute=0 rethrow=0 return_oop=0}
                      ; - java.util.Random::next@8 (line 442)
                      ; - java.util.Random::nextDouble@3 (line 698)
                      ; - org.apache.derbyTesting.system.oe.util.OERandom::randomInt@4 (line 124)
                      ; - org.apache.derbyTesting.system.oe.util.OERandom::randomAString24@7 (line 453)
                      ; - org.apache.derbyTesting.system.oe.load.SimpleInsert::orderTable@411 (line 436)
  0x00007e5bdc584e30: cc54 6eff 

  0x00007e5bdc584e34: ;   {other}
  0x00007e5bdc584e34: 0f1f 8400 | 0000 0000 | bef6 ffff 

  0x00007e5bdc584e40: ;   {runtime_call UncommonTrapBlob}
  0x00007e5bdc584e40: ff66 90e8 

  0x00007e5bdc584e44: ; ImmutableOopMap {}
                      ;*invokevirtual get {reexecute=0 rethrow=0 return_oop=0}
                      ; - java.util.Random::next@8 (line 442)
                      ; - java.util.Random::nextDouble@13 (line 698)
                      ; - org.apache.derbyTesting.system.oe.util.OERandom::randomInt@4 (line 124)
                      ; - org.apache.derbyTesting.system.oe.util.OERandom::randomAString24@7 (line 453)
                      ; - org.apache.derbyTesting.system.oe.load.SimpleInsert::orderTable@411 (line 436)
  0x00007e5bdc584e44: b854 6eff 

  0x00007e5bdc584e48: ;   {other}
  0x00007e5bdc584e48: 0f1f 8400 | 0000 0000 | bef6 ffff | ff48 8b2c | 2448 8944 | 24f8 8b44 | 2438 8944 | 2404 488b 
  0x00007e5bdc584e68: 4424 f848 | ff74 2410 | 488f 4424 | 0848 ff74 | 2430 488f | 4424 1848 | ff74 2428 | 488f 4424 
  0x00007e5bdc584e88: ;   {runtime_call UncommonTrapBlob}
  0x00007e5bdc584e88: 2066 90e8 

  0x00007e5bdc584e8c: ; ImmutableOopMap {rbp=Oop [8]=Oop [24]=Oop [32]=Oop [104]=Oop [168]=Oop }
                      ;*invokevirtual isDebugEnabled {reexecute=0 rethrow=0 return_oop=0}
                      ; - org.h2.message.TraceObject::debugCodeCall@4 (line 198)
                      ; - org.h2.jdbc.JdbcPreparedStatement::executeUpdate@3 (line 166)
                      ; - org.apache.derbyTesting.system.oe.load.SimpleInsert::orderTable@421 (line 437)
  0x00007e5bdc584e8c: 7054 6eff 

  0x00007e5bdc584e90: ;   {other}
  0x00007e5bdc584e90: 0f1f 8400 | 0000 0000 | bef6 ffff | ff48 8b2c | 2448 8944 | 24f8 8b44 | 2438 8944 | 2404 488b 
  0x00007e5bdc584eb0: 4424 f848 | ff74 2410 | 488f 4424 | 0848 ff74 | 2430 488f | 4424 1848 | ff74 2428 | 488f 4424 
  0x00007e5bdc584ed0: ;   {runtime_call UncommonTrapBlob}
  0x00007e5bdc584ed0: 2066 90e8 

  0x00007e5bdc584ed4: ; ImmutableOopMap {rbp=Oop [8]=Oop [24]=Oop [32]=Oop [104]=Oop [168]=Oop }
                      ;*invokeinterface isEnabled {reexecute=0 rethrow=0 return_oop=0}
                      ; - org.h2.message.Trace::isEnabled@13 (line 142)
                      ; - org.h2.message.Trace::isDebugEnabled@2 (line 162)
                      ; - org.h2.message.TraceObject::debugCodeCall@4 (line 198)
                      ; - org.h2.jdbc.JdbcPreparedStatement::executeUpdate@3 (line 166)
                      ; - org.apache.derbyTesting.system.oe.load.SimpleInsert::orderTable@421 (line 437)
  0x00007e5bdc584ed4: 2854 6eff 

  0x00007e5bdc584ed8: ;   {other}
  0x00007e5bdc584ed8: 0f1f 8400 | 0000 0000 | bef6 ffff | ff48 8b2c | 2448 8944 | 24f8 8b44 | 2438 8944 | 2404 488b 
  0x00007e5bdc584ef8: 4424 f848 | ff74 2410 | 488f 4424 | 0848 ff74 | 2430 488f | 4424 1848 | ff74 2428 | 488f 4424 
  0x00007e5bdc584f18: ;   {runtime_call UncommonTrapBlob}
  0x00007e5bdc584f18: 2066 90e8 

  0x00007e5bdc584f1c: ; ImmutableOopMap {rbp=Oop [8]=Oop [24]=Oop [32]=Oop [104]=Oop [168]=Oop }
                      ;*invokevirtual get {reexecute=0 rethrow=0 return_oop=0}
                      ; - org.h2.engine.SessionLocal::isClosed@4 (line 1178)
                      ; - org.h2.jdbc.JdbcConnection::checkClosed@17 (line 1374)
                      ; - org.h2.jdbc.JdbcStatement::checkClosed@17 (line 1273)
                      ; - org.h2.jdbc.JdbcPreparedStatement::executeUpdate@7 (line 167)
                      ; - org.apache.derbyTesting.system.oe.load.SimpleInsert::orderTable@421 (line 437)
  0x00007e5bdc584f1c: e053 6eff 

  0x00007e5bdc584f20: ;   {other}
  0x00007e5bdc584f20: 0f1f 8400 | 0000 0000 | bef6 ffff | ff48 8b2c | 2448 8944 | 24f8 8b44 | 2454 8904 | 2448 8b44 
  0x00007e5bdc584f40: 24f8 4889 | 4424 f88b | 4424 3889 | 4424 0448 | 8b44 24f8 | 48ff 7424 | 1048 8f44 | 2408 48ff 
  0x00007e5bdc584f60: 7424 3048 | 8f44 2418 | 48ff 7424 | 2848 8f44 | 2420 4889 | 4424 f88b | 4424 5889 | 4424 2848 
  0x00007e5bdc584f80: 8b44 24f8 | 4889 4424 | f88b 4424 | 4889 4424 | 2c48 8b44 | 24f8 4889 | 4424 f88b | 4424 5089 
  0x00007e5bdc584fa0: 4424 3848 | 8b44 24f8 | 4489 5424 

  0x00007e5bdc584fac: ;   {runtime_call UncommonTrapBlob}
  0x00007e5bdc584fac: 3c66 90e8 

  0x00007e5bdc584fb0: ; ImmutableOopMap {rbp=Oop [8]=Oop [24]=Oop [32]=Oop [60]=NarrowOop [104]=Oop [128]=Oop [168]=Oop }
                      ;*invokeinterface executeUpdate {reexecute=0 rethrow=0 return_oop=0}
                      ; - org.h2.jdbc.JdbcPreparedStatement::executeUpdateInternal@27 (line 209)
                      ; - org.h2.jdbc.JdbcPreparedStatement::executeUpdate@16 (line 169)
                      ; - org.apache.derbyTesting.system.oe.load.SimpleInsert::orderTable@421 (line 437)
  0x00007e5bdc584fb0: 4c53 6eff 

  0x00007e5bdc584fb4: ;   {other}
  0x00007e5bdc584fb4: 0f1f 8400 | 0000 0000 | bef6 ffff | ff48 8b2c | 2448 8944 | 24f8 8b44 | 2454 8904 | 2448 8b44 
  0x00007e5bdc584fd4: 24f8 4889 | 4424 f88b | 4424 3889 | 4424 0448 | 8b44 24f8 | 48ff 7424 | 1048 8f44 | 2408 48ff 
  0x00007e5bdc584ff4: 7424 3048 | 8f44 2418 | 48ff 7424 | 2848 8f44 | 2420 4889 | 4424 f88b | 4424 5889 | 4424 2848 
  0x00007e5bdc585014: 8b44 24f8 | 4889 4424 | f88b 4424 | 4889 4424 | 2c48 8b44 | 24f8 4889 | 4424 f88b | 4424 5089 
  0x00007e5bdc585034: 4424 3848 | 8b44 24f8 

  0x00007e5bdc58503c: ;   {runtime_call UncommonTrapBlob}
  0x00007e5bdc58503c: 6666 90e8 

  0x00007e5bdc585040: ; ImmutableOopMap {rbp=Oop [8]=Oop [24]=Oop [32]=Oop [104]=Oop [128]=Oop [168]=Oop }
                      ;*invokevirtual getUpdateCount {reexecute=0 rethrow=0 return_oop=0}
                      ; - org.h2.jdbc.JdbcPreparedStatement::executeUpdateInternal@35 (line 210)
                      ; - org.h2.jdbc.JdbcPreparedStatement::executeUpdate@16 (line 169)
                      ; - org.apache.derbyTesting.system.oe.load.SimpleInsert::orderTable@421 (line 437)
  0x00007e5bdc585040: bc52 6eff 

  0x00007e5bdc585044: ;   {other}
  0x00007e5bdc585044: 0f1f 8400 | 0000 0000 | bef6 ffff | ff48 8b2c | 2448 8944 | 24f8 8b44 | 2454 8904 | 2448 8b44 
  0x00007e5bdc585064: 24f8 4889 | 4424 f88b | 4424 3889 | 4424 0448 | 8b44 24f8 | 48ff 7424 | 1048 8f44 | 2408 48ff 
  0x00007e5bdc585084: 7424 3048 | 8f44 2418 | 48ff 7424 | 2848 8f44 | 2420 4889 | 4424 f88b | 4424 5889 | 4424 2848 
  0x00007e5bdc5850a4: 8b44 24f8 | 4889 4424 | f88b 4424 | 4889 4424 | 2c48 8b44 | 24f8 4889 | 4424 f88b | 4424 5089 
  0x00007e5bdc5850c4: 4424 3848 | 8b44 24f8 

  0x00007e5bdc5850cc: ;   {runtime_call UncommonTrapBlob}
  0x00007e5bdc5850cc: 6666 90e8 

  0x00007e5bdc5850d0: ; ImmutableOopMap {rbp=Oop [8]=Oop [24]=Oop [32]=Oop [104]=Oop [128]=Oop [168]=Oop }
                      ;*invokevirtual setExecutingStatement {reexecute=0 rethrow=0 return_oop=0}
                      ; - org.h2.jdbc.JdbcStatement::setExecutingStatement@9 (line 1304)
                      ; - org.h2.jdbc.JdbcPreparedStatement::executeUpdateInternal@84 (line 217)
                      ; - org.h2.jdbc.JdbcPreparedStatement::executeUpdate@16 (line 169)
                      ; - org.apache.derbyTesting.system.oe.load.SimpleInsert::orderTable@421 (line 437)
  0x00007e5bdc5850d0: 2c52 6eff 

  0x00007e5bdc5850d4: ;   {other}
  0x00007e5bdc5850d4: 0f1f 8400 | 0000 0000 | 488b d8e9 | c880 ffff | 488b d8e9 | c080 ffff | 488b d8e9 | b880 ffff 
  0x00007e5bdc5850f4: 488b d8e9 | b080 ffff | 488b d8e9 | a880 ffff | 488b d8e9 | a080 ffff | 488b d8e9 | 9880 ffff 
  0x00007e5bdc585114: 488b d8e9 | 9080 ffff | bef6 ffff | ff48 8b2c | 2448 8944 | 24f8 8b44 | 2454 8904 | 2448 8b44 
  0x00007e5bdc585134: 24f8 4889 | 4424 f88b | 4424 3889 | 4424 0448 | 8b44 24f8 | 48ff 7424 | 1048 8f44 | 2408 48ff 
  0x00007e5bdc585154: 7424 3048 | 8f44 2418 | 48ff 7424 | 2848 8f44 | 2420 4889 | 4424 f88b | 4424 5889 | 4424 2848 
  0x00007e5bdc585174: 8b44 24f8 | 4889 4424 | f88b 4424 | 4889 4424 | 2c48 8b44 | 24f8 4889 | 4424 f88b | 4424 5089 
  0x00007e5bdc585194: 4424 3848 | 8b44 24f8 

  0x00007e5bdc58519c: ;   {runtime_call UncommonTrapBlob}
  0x00007e5bdc58519c: 6666 90e8 

  0x00007e5bdc5851a0: ; ImmutableOopMap {rbp=Oop [8]=Oop [24]=Oop [32]=Oop [104]=Oop [128]=Oop [168]=Oop }
                      ;*invokevirtual setExecutingStatement {reexecute=0 rethrow=0 return_oop=0}
                      ; - org.h2.jdbc.JdbcStatement::setExecutingStatement@9 (line 1304)
                      ; - org.h2.jdbc.JdbcPreparedStatement::executeUpdateInternal@16 (line 208)
                      ; - org.h2.jdbc.JdbcPreparedStatement::executeUpdate@16 (line 169)
                      ; - org.apache.derbyTesting.system.oe.load.SimpleInsert::orderTable@421 (line 437)
  0x00007e5bdc5851a0: 5c51 6eff 

  0x00007e5bdc5851a4: ;   {other}
  0x00007e5bdc5851a4: 0f1f 8400 | 0000 0000 | bef6 ffff | ff48 8b2c | 2448 8944 | 24f8 8b44 | 2454 8904 | 2448 8b44 
  0x00007e5bdc5851c4: 24f8 4889 | 4424 f88b | 4424 3889 | 4424 0448 | 8b44 24f8 | 48ff 7424 | 1048 8f44 | 2408 48ff 
  0x00007e5bdc5851e4: 7424 3048 | 8f44 2418 | 48ff 7424 | 2848 8f44 | 2420 4889 | 4424 f88b | 4424 5889 | 4424 2848 
  0x00007e5bdc585204: 8b44 24f8 | 4889 4424 | f88b 4424 | 4889 4424 | 2c48 8b44 | 24f8 4889 | 4424 f88b | 4424 5089 
  0x00007e5bdc585224: 4424 3848 | 8b44 24f8 

  0x00007e5bdc58522c: ;   {runtime_call UncommonTrapBlob}
  0x00007e5bdc58522c: 6666 90e8 

  0x00007e5bdc585230: ; ImmutableOopMap {rbp=Oop [8]=Oop [24]=Oop [32]=Oop [104]=Oop [128]=Oop [168]=Oop }
                      ;*invokevirtual setExecutingStatement {reexecute=0 rethrow=0 return_oop=0}
                      ; - org.h2.jdbc.JdbcStatement::setExecutingStatement@20 (line 1306)
                      ; - org.h2.jdbc.JdbcPreparedStatement::executeUpdateInternal@16 (line 208)
                      ; - org.h2.jdbc.JdbcPreparedStatement::executeUpdate@16 (line 169)
                      ; - org.apache.derbyTesting.system.oe.load.SimpleInsert::orderTable@421 (line 437)
  0x00007e5bdc585230: cc50 6eff 

  0x00007e5bdc585234: ;   {other}
  0x00007e5bdc585234: 0f1f 8400 | 0000 0000 | be45 ffff | ff48 8b2c | 2448 8944 | 24f8 8b44 | 2438 8944 | 2404 488b 
  0x00007e5bdc585254: 4424 f848 | ff74 2410 | 488f 4424 | 0848 ff74 | 2430 488f | 4424 1848 | ff74 2428 | 488f 4424 
  0x00007e5bdc585274: 2048 8944 | 24f8 8b44 | 2448 8944 | 242c 488b | 4424 f848 | 8944 24f8 | 8b44 2450 | 8944 2438 
  0x00007e5bdc585294: 488b 4424 | f844 8954 | 243c 4489 

  0x00007e5bdc5852a0: ;   {runtime_call UncommonTrapBlob}
  0x00007e5bdc5852a0: 5c24 50e8 

  0x00007e5bdc5852a4: ; ImmutableOopMap {rbp=Oop [8]=Oop [24]=Oop [32]=Oop [60]=NarrowOop [80]=NarrowOop [104]=Oop [168]=Oop }
                      ;*ifnonnull {reexecute=1 rethrow=0 return_oop=0}
                      ; - (reexecute) org.h2.jdbc.JdbcStatement::checkClosed@4 (line 1270)
                      ; - org.h2.jdbc.JdbcPreparedStatement::setParameter@1 (line 1391)
                      ; - org.h2.jdbc.JdbcPreparedStatement::setInt@50 (line 359)
                      ; - org.apache.derbyTesting.system.oe.load.SimpleInsert::orderTable@263 (line 420)
  0x00007e5bdc5852a4: 5850 6eff 

  0x00007e5bdc5852a8: ;   {other}
  0x00007e5bdc5852a8: 0f1f 8400 | 0000 0000 | be45 ffff | ff48 8b2c | 2448 8944 | 24f8 8b44 | 2438 8944 | 2404 488b 
  0x00007e5bdc5852c8: 4424 f848 | ff74 2410 | 488f 4424 | 0848 ff74 | 2430 488f | 4424 1848 | ff74 2428 | 488f 4424 
  0x00007e5bdc5852e8: 2048 8944 | 24f8 8b44 | 2448 8944 | 242c 488b | 4424 f848 | 8944 24f8 | 8b44 2450 | 8944 2438 
  0x00007e5bdc585308: 488b 4424 | f844 8954 | 243c 4489 

  0x00007e5bdc585314: ;   {runtime_call UncommonTrapBlob}
  0x00007e5bdc585314: 4c24 50e8 

  0x00007e5bdc585318: ; ImmutableOopMap {rbp=Oop [8]=Oop [24]=Oop [32]=Oop [60]=NarrowOop [80]=NarrowOop [104]=Oop [168]=Oop }
                      ;*ifnonnull {reexecute=1 rethrow=0 return_oop=0}
                      ; - (reexecute) org.h2.jdbc.JdbcConnection::checkClosed@4 (line 1371)
                      ; - org.h2.jdbc.JdbcStatement::checkClosed@17 (line 1273)
                      ; - org.h2.jdbc.JdbcPreparedStatement::setParameter@1 (line 1391)
                      ; - org.h2.jdbc.JdbcPreparedStatement::setInt@50 (line 359)
                      ; - org.apache.derbyTesting.system.oe.load.SimpleInsert::orderTable@263 (line 420)
  0x00007e5bdc585318: e44f 6eff 

  0x00007e5bdc58531c: ;   {other}
  0x00007e5bdc58531c: 0f1f 8400 | 0000 0000 | be45 ffff | ff48 8b2c | 2448 8944 | 24f8 8b44 | 2438 8944 | 2404 488b 
  0x00007e5bdc58533c: 4424 f848 | ff74 2410 | 488f 4424 | 0848 ff74 | 2430 488f | 4424 1848 | ff74 2428 | 488f 4424 
  0x00007e5bdc58535c: 2048 8944 | 24f8 8b44 | 2448 8944 | 242c 488b | 4424 f848 | 8944 24f8 | 8b44 2450 | 8944 2438 
  0x00007e5bdc58537c: 488b 4424 | f844 8954 | 243c 4489 

  0x00007e5bdc585388: ;   {runtime_call UncommonTrapBlob}
  0x00007e5bdc585388: 4424 50e8 

  0x00007e5bdc58538c: ; ImmutableOopMap {rbp=Oop [8]=Oop [24]=Oop [32]=Oop [60]=NarrowOop [80]=NarrowOop [104]=Oop [168]=Oop }
                      ;*ifnonnull {reexecute=1 rethrow=0 return_oop=0}
                      ; - (reexecute) org.h2.jdbc.JdbcStatement::checkClosed@4 (line 1270)
                      ; - org.h2.jdbc.JdbcPreparedStatement::setParameter@1 (line 1391)
                      ; - org.h2.jdbc.JdbcPreparedStatement::setInt@50 (line 359)
                      ; - org.apache.derbyTesting.system.oe.load.SimpleInsert::orderTable@273 (line 421)
  0x00007e5bdc58538c: 704f 6eff 

  0x00007e5bdc585390: ;   {other}
  0x00007e5bdc585390: 0f1f 8400 | 0000 0000 | be45 ffff | ff48 8b2c | 2448 8944 | 24f8 8b44 | 2438 8944 | 2404 488b 
  0x00007e5bdc5853b0: 4424 f848 | ff74 2410 | 488f 4424 | 0848 ff74 | 2430 488f | 4424 1848 | ff74 2428 | 488f 4424 
  0x00007e5bdc5853d0: 2048 8944 | 24f8 8b44 | 2448 8944 | 242c 488b | 4424 f848 | 8944 24f8 | 8b44 2450 | 8944 2438 
  0x00007e5bdc5853f0: 488b 4424 | f844 8954 | 243c 4489 

  0x00007e5bdc5853fc: ;   {runtime_call UncommonTrapBlob}
  0x00007e5bdc5853fc: 5c24 50e8 

  0x00007e5bdc585400: ; ImmutableOopMap {rbp=Oop [8]=Oop [24]=Oop [32]=Oop [60]=NarrowOop [80]=NarrowOop [104]=Oop [168]=Oop }
                      ;*ifnonnull {reexecute=1 rethrow=0 return_oop=0}
                      ; - (reexecute) org.h2.jdbc.JdbcConnection::checkClosed@4 (line 1371)
                      ; - org.h2.jdbc.JdbcStatement::checkClosed@17 (line 1273)
                      ; - org.h2.jdbc.JdbcPreparedStatement::setParameter@1 (line 1391)
                      ; - org.h2.jdbc.JdbcPreparedStatement::setInt@50 (line 359)
                      ; - org.apache.derbyTesting.system.oe.load.SimpleInsert::orderTable@273 (line 421)
  0x00007e5bdc585400: fc4e 6eff 

  0x00007e5bdc585404: ;   {other}
  0x00007e5bdc585404: 0f1f 8400 | 0000 0000 | be45 ffff | ff48 8b2c | 2448 8944 | 24f8 8b44 | 2438 8944 | 2404 488b 
  0x00007e5bdc585424: 4424 f848 | ff74 2410 | 488f 4424 | 0848 ff74 | 2430 488f | 4424 1848 | ff74 2428 | 488f 4424 
  0x00007e5bdc585444: 2048 8944 | 24f8 8b44 | 2448 8944 | 242c 488b | 4424 f848 | 8944 24f8 | 8b44 2450 | 8944 2438 
  0x00007e5bdc585464: 488b 4424 | f844 8954 | 243c 4489 

  0x00007e5bdc585470: ;   {runtime_call UncommonTrapBlob}
  0x00007e5bdc585470: 4424 50e8 

  0x00007e5bdc585474: ; ImmutableOopMap {rbp=Oop [8]=Oop [24]=Oop [32]=Oop [60]=NarrowOop [80]=NarrowOop [104]=Oop [168]=Oop }
                      ;*ifnonnull {reexecute=1 rethrow=0 return_oop=0}
                      ; - (reexecute) org.h2.jdbc.JdbcStatement::checkClosed@4 (line 1270)
                      ; - org.h2.jdbc.JdbcPreparedStatement::setParameter@1 (line 1391)
                      ; - org.h2.jdbc.JdbcPreparedStatement::setInt@50 (line 359)
                      ; - org.apache.derbyTesting.system.oe.load.SimpleInsert::orderTable@292 (line 424)
  0x00007e5bdc585474: 884e 6eff 

  0x00007e5bdc585478: ;   {other}
  0x00007e5bdc585478: 0f1f 8400 | 0000 0000 | be45 ffff | ff48 8b2c | 2448 8944 | 24f8 8b44 | 2438 8944 | 2404 488b 
  0x00007e5bdc585498: 4424 f848 | ff74 2410 | 488f 4424 | 0848 ff74 | 2430 488f | 4424 1848 | ff74 2428 | 488f 4424 
  0x00007e5bdc5854b8: 2048 8944 | 24f8 8b44 | 2448 8944 | 242c 488b | 4424 f848 | 8944 24f8 | 8b44 2450 | 8944 2438 
  0x00007e5bdc5854d8: 488b 4424 | f844 8954 | 243c 4489 

  0x00007e5bdc5854e4: ;   {runtime_call UncommonTrapBlob}
  0x00007e5bdc5854e4: 5c24 50e8 

  0x00007e5bdc5854e8: ; ImmutableOopMap {rbp=Oop [8]=Oop [24]=Oop [32]=Oop [60]=NarrowOop [80]=NarrowOop [104]=Oop [168]=Oop }
                      ;*ifnonnull {reexecute=1 rethrow=0 return_oop=0}
                      ; - (reexecute) org.h2.jdbc.JdbcConnection::checkClosed@4 (line 1371)
                      ; - org.h2.jdbc.JdbcStatement::checkClosed@17 (line 1273)
                      ; - org.h2.jdbc.JdbcPreparedStatement::setParameter@1 (line 1391)
                      ; - org.h2.jdbc.JdbcPreparedStatement::setInt@50 (line 359)
                      ; - org.apache.derbyTesting.system.oe.load.SimpleInsert::orderTable@292 (line 424)
  0x00007e5bdc5854e8: 144e 6eff 

  0x00007e5bdc5854ec: ;   {other}
  0x00007e5bdc5854ec: 0f1f 8400 | 0000 0000 | be45 ffff | ff48 8b2c | 2448 8944 | 24f8 8b44 | 2454 8904 | 2448 8b44 
  0x00007e5bdc58550c: 24f8 4889 | 4424 f88b | 4424 3889 | 4424 0448 | 8b44 24f8 | 48ff 7424 | 1048 8f44 | 2408 48ff 
  0x00007e5bdc58552c: 7424 3048 | 8f44 2418 | 48ff 7424 | 2848 8f44 | 2420 4889 | 4424 f88b | 4424 5889 | 4424 2848 
  0x00007e5bdc58554c: 8b44 24f8 | 4889 4424 | f88b 4424 | 4889 4424 | 2c48 8b44 | 24f8 4889 | 4424 f88b | 4424 5089 
  0x00007e5bdc58556c: 4424 3848 | 8b44 24f8 | 4489 4c24 

  0x00007e5bdc585578: ;   {runtime_call UncommonTrapBlob}
  0x00007e5bdc585578: 3c66 90e8 

  0x00007e5bdc58557c: ; ImmutableOopMap {rbp=Oop [8]=Oop [24]=Oop [32]=Oop [60]=NarrowOop [104]=Oop [128]=Oop [168]=Oop }
                      ;*ifnull {reexecute=1 rethrow=0 return_oop=0}
                      ; - (reexecute) org.h2.value.Value::cache@14 (line 743)
                      ; - org.h2.value.ValueSmallint::get@8 (line 171)
                      ; - org.h2.jdbc.JdbcPreparedStatement::setShort@47 (line 659)
                      ; - org.apache.derbyTesting.system.oe.load.SimpleInsert::orderTable@302 (line 425)
  0x00007e5bdc58557c: 804d 6eff 

  0x00007e5bdc585580: ;   {other}
  0x00007e5bdc585580: 0f1f 8400 | 0000 0000 | be45 ffff | ff48 8b2c | 2448 8944 | 24f8 8b44 | 2454 8904 | 2448 8b44 
  0x00007e5bdc5855a0: 24f8 4889 | 4424 f88b | 4424 3889 | 4424 0448 | 8b44 24f8 | 48ff 7424 | 1048 8f44 | 2408 48ff 
  0x00007e5bdc5855c0: 7424 3048 | 8f44 2418 | 48ff 7424 | 2848 8f44 | 2420 4889 | 4424 f88b | 4424 5889 | 4424 2848 
  0x00007e5bdc5855e0: 8b44 24f8 | 4889 4424 | f88b 4424 | 4889 4424 | 2c48 8b44 | 24f8 4889 | 4424 f88b | 4424 5089 
  0x00007e5bdc585600: 4424 3848 | 8b44 24f8 | 4489 5424 

  0x00007e5bdc58560c: ;   {runtime_call UncommonTrapBlob}
  0x00007e5bdc58560c: 5866 90e8 

  0x00007e5bdc585610: ; ImmutableOopMap {rbp=Oop [8]=Oop [24]=Oop [32]=Oop [88]=NarrowOop [104]=Oop [128]=Oop [168]=Oop }
                      ;*ifnull {reexecute=1 rethrow=0 return_oop=0}
                      ; - (reexecute) java.lang.ref.SoftReference::get@6 (line 114)
                      ; - org.h2.value.Value::cache@20 (line 743)
                      ; - org.h2.value.ValueSmallint::get@8 (line 171)
                      ; - org.h2.jdbc.JdbcPreparedStatement::setShort@47 (line 659)
                      ; - org.apache.derbyTesting.system.oe.load.SimpleInsert::orderTable@302 (line 425)
  0x00007e5bdc585610: ec4c 6eff 

  0x00007e5bdc585614: ;   {other}
  0x00007e5bdc585614: 0f1f 8400 | 0000 0000 | be45 ffff | ff48 8b2c | 2448 8944 | 24f8 8b44 | 2454 8904 | 2448 8b44 
  0x00007e5bdc585634: 24f8 4889 | 4424 f88b | 4424 3889 | 4424 0448 | 8b44 24f8 | 48ff 7424 | 1048 8f44 | 2408 48ff 
  0x00007e5bdc585654: 7424 3048 | 8f44 2418 | 48ff 7424 | 2848 8f44 | 2420 4889 | 4424 f88b | 4424 4889 | 4424 2c48 
  0x00007e5bdc585674: 8b44 24f8 | 4889 4424 | f88b 4424 | 5089 4424 | 3848 8b44 | 24f8 4c89 | 5424 5044 | 894c 243c 
  0x00007e5bdc585694: ;   {runtime_call UncommonTrapBlob}
  0x00007e5bdc585694: 6666 90e8 

  0x00007e5bdc585698: ; ImmutableOopMap {rbp=Oop [8]=Oop [24]=Oop [32]=Oop [60]=NarrowOop [80]=Oop [104]=Oop [168]=Oop }
                      ;*ifnonnull {reexecute=1 rethrow=0 return_oop=0}
                      ; - (reexecute) org.h2.jdbc.JdbcStatement::checkClosed@4 (line 1270)
                      ; - org.h2.jdbc.JdbcPreparedStatement::setParameter@1 (line 1391)
                      ; - org.h2.jdbc.JdbcPreparedStatement::setShort@50 (line 659)
                      ; - org.apache.derbyTesting.system.oe.load.SimpleInsert::orderTable@302 (line 425)
  0x00007e5bdc585698: 644c 6eff 

  0x00007e5bdc58569c: ;   {other}
  0x00007e5bdc58569c: 0f1f 8400 | 0000 0000 | be45 ffff | ff48 8b2c | 2448 8944 | 24f8 8b44 | 2454 8904 | 2448 8b44 
  0x00007e5bdc5856bc: 24f8 4889 | 4424 f88b | 4424 3889 | 4424 0448 | 8b44 24f8 | 48ff 7424 | 1048 8f44 | 2408 48ff 
  0x00007e5bdc5856dc: 7424 3048 | 8f44 2418 | 48ff 7424 | 2848 8f44 | 2420 4889 | 4424 f88b | 4424 4889 | 4424 2c48 
  0x00007e5bdc5856fc: 8b44 24f8 | 4889 4424 | f88b 4424 | 5089 4424 | 3848 8b44 | 24f8 4c89 | 5424 5044 | 8944 243c 
  0x00007e5bdc58571c: ;   {runtime_call UncommonTrapBlob}
  0x00007e5bdc58571c: 6666 90e8 

  0x00007e5bdc585720: ; ImmutableOopMap {rbp=Oop [8]=Oop [24]=Oop [32]=Oop [60]=NarrowOop [80]=Oop [104]=Oop [168]=Oop }
                      ;*ifnonnull {reexecute=1 rethrow=0 return_oop=0}
                      ; - (reexecute) org.h2.jdbc.JdbcConnection::checkClosed@4 (line 1371)
                      ; - org.h2.jdbc.JdbcStatement::checkClosed@17 (line 1273)
                      ; - org.h2.jdbc.JdbcPreparedStatement::setParameter@1 (line 1391)
                      ; - org.h2.jdbc.JdbcPreparedStatement::setShort@50 (line 659)
                      ; - org.apache.derbyTesting.system.oe.load.SimpleInsert::orderTable@302 (line 425)
  0x00007e5bdc585720: dc4b 6eff 

  0x00007e5bdc585724: ;   {other}
  0x00007e5bdc585724: 0f1f 8400 | 0000 0000 | be45 ffff | ff48 8b2c | 2448 8944 | 24f8 8b44 | 2438 8944 | 2404 488b 
  0x00007e5bdc585744: 4424 f848 | ff74 2410 | 488f 4424 | 0848 ff74 | 2430 488f | 4424 1848 | ff74 2428 | 488f 4424 
  0x00007e5bdc585764: 2048 8944 | 24f8 8b44 | 2448 8944 | 242c 488b | 4424 f848 | 8944 24f8 | 8b44 2450 | 8944 2438 
  0x00007e5bdc585784: 488b 4424 | f844 8954 | 243c 4489 

  0x00007e5bdc585790: ;   {runtime_call UncommonTrapBlob}
  0x00007e5bdc585790: 5c24 50e8 

  0x00007e5bdc585794: ; ImmutableOopMap {rbp=Oop [8]=Oop [24]=Oop [32]=Oop [60]=NarrowOop [80]=NarrowOop [104]=Oop [168]=Oop }
                      ;*ifnonnull {reexecute=1 rethrow=0 return_oop=0}
                      ; - (reexecute) org.h2.jdbc.JdbcStatement::checkClosed@4 (line 1270)
                      ; - org.h2.jdbc.JdbcPreparedStatement::setParameter@1 (line 1391)
                      ; - org.h2.jdbc.JdbcPreparedStatement::setInt@50 (line 359)
                      ; - org.apache.derbyTesting.system.oe.load.SimpleInsert::orderTable@398 (line 435)
  0x00007e5bdc585794: 684b 6eff 

  0x00007e5bdc585798: ;   {other}
  0x00007e5bdc585798: 0f1f 8400 | 0000 0000 | be45 ffff | ff48 8b2c | 2448 8944 | 24f8 8b44 | 2438 8944 | 2404 488b 
  0x00007e5bdc5857b8: 4424 f848 | ff74 2410 | 488f 4424 | 0848 ff74 | 2430 488f | 4424 1848 | ff74 2428 | 488f 4424 
  0x00007e5bdc5857d8: 2048 8944 | 24f8 8b44 | 2448 8944 | 242c 488b | 4424 f848 | 8944 24f8 | 8b44 2450 | 8944 2438 
  0x00007e5bdc5857f8: 488b 4424 | f844 8954 | 243c 4489 

  0x00007e5bdc585804: ;   {runtime_call UncommonTrapBlob}
  0x00007e5bdc585804: 4c24 50e8 

  0x00007e5bdc585808: ; ImmutableOopMap {rbp=Oop [8]=Oop [24]=Oop [32]=Oop [60]=NarrowOop [80]=NarrowOop [104]=Oop [168]=Oop }
                      ;*ifnonnull {reexecute=1 rethrow=0 return_oop=0}
                      ; - (reexecute) org.h2.jdbc.JdbcConnection::checkClosed@4 (line 1371)
                      ; - org.h2.jdbc.JdbcStatement::checkClosed@17 (line 1273)
                      ; - org.h2.jdbc.JdbcPreparedStatement::setParameter@1 (line 1391)
                      ; - org.h2.jdbc.JdbcPreparedStatement::setInt@50 (line 359)
                      ; - org.apache.derbyTesting.system.oe.load.SimpleInsert::orderTable@398 (line 435)
  0x00007e5bdc585808: f44a 6eff 

  0x00007e5bdc58580c: ;   {other}
  0x00007e5bdc58580c: 0f1f 8400 | 0000 0000 | be45 ffff | ff48 8b2c | 2448 8944 | 24f8 8b44 | 2438 8944 | 2404 488b 
  0x00007e5bdc58582c: 4424 f848 | ff74 2410 | 488f 4424 | 0848 ff74 | 2430 488f | 4424 1848 | ff74 2428 | 488f 4424 
  0x00007e5bdc58584c: 2044 8944 

  0x00007e5bdc585850: ;   {runtime_call UncommonTrapBlob}
  0x00007e5bdc585850: 243c 90e8 

  0x00007e5bdc585854: ; ImmutableOopMap {rbp=Oop [8]=Oop [24]=Oop [32]=Oop [60]=NarrowOop [104]=Oop [168]=Oop }
                      ;*ifnonnull {reexecute=1 rethrow=0 return_oop=0}
                      ; - (reexecute) org.h2.jdbc.JdbcStatement::checkClosed@4 (line 1270)
                      ; - org.h2.jdbc.JdbcPreparedStatement::executeUpdate@7 (line 167)
                      ; - org.apache.derbyTesting.system.oe.load.SimpleInsert::orderTable@421 (line 437)
  0x00007e5bdc585854: a84a 6eff 

  0x00007e5bdc585858: ;   {other}
  0x00007e5bdc585858: 0f1f 8400 | 0000 0000 | be45 ffff | ff48 8b2c | 2448 8944 | 24f8 8b44 | 2438 8944 | 2404 488b 
  0x00007e5bdc585878: 4424 f848 | ff74 2410 | 488f 4424 | 0848 ff74 | 2430 488f | 4424 1848 | ff74 2428 | 488f 4424 
  0x00007e5bdc585898: 2044 895c 

  0x00007e5bdc58589c: ;   {runtime_call UncommonTrapBlob}
  0x00007e5bdc58589c: 243c 90e8 

  0x00007e5bdc5858a0: ; ImmutableOopMap {rbp=Oop [8]=Oop [24]=Oop [32]=Oop [60]=NarrowOop [104]=Oop [168]=Oop }
                      ;*ifnonnull {reexecute=1 rethrow=0 return_oop=0}
                      ; - (reexecute) org.h2.jdbc.JdbcConnection::checkClosed@4 (line 1371)
                      ; - org.h2.jdbc.JdbcStatement::checkClosed@17 (line 1273)
                      ; - org.h2.jdbc.JdbcPreparedStatement::executeUpdate@7 (line 167)
                      ; - org.apache.derbyTesting.system.oe.load.SimpleInsert::orderTable@421 (line 437)
  0x00007e5bdc5858a0: 5c4a 6eff 

  0x00007e5bdc5858a4: ;   {other}
  0x00007e5bdc5858a4: 0f1f 8400 | 0000 0000 | bef6 ffff | ff48 8b2c | 2448 8944 | 24f8 8b44 | 2438 8944 | 2404 488b 
  0x00007e5bdc5858c4: 4424 f848 | ff74 2410 | 488f 4424 | 0848 ff74 | 2430 488f | 4424 1848 | ff74 2428 | 488f 4424 
  0x00007e5bdc5858e4: ;   {runtime_call UncommonTrapBlob}
  0x00007e5bdc5858e4: 2066 90e8 

  0x00007e5bdc5858e8: ; ImmutableOopMap {rbp=Oop [8]=Oop [24]=Oop [32]=Oop [104]=Oop [168]=Oop }
                      ;*invokevirtual isDebugEnabled {reexecute=0 rethrow=0 return_oop=0}
                      ; - org.h2.message.TraceObject::isDebugEnabled@4 (line 163)
                      ; - org.h2.jdbc.JdbcPreparedStatement::setNull@1 (line 337)
                      ; - org.apache.derbyTesting.system.oe.load.SimpleInsert::orderTable@357 (line 431)
  0x00007e5bdc5858e8: 144a 6eff 

  0x00007e5bdc5858ec: ;   {other}
  0x00007e5bdc5858ec: 0f1f 8400 | 0000 0000 | bef6 ffff | ff48 8b2c | 2448 8944 | 24f8 8b44 | 2438 8944 | 2404 488b 
  0x00007e5bdc58590c: 4424 f848 | ff74 2410 | 488f 4424 | 0848 ff74 | 2430 488f | 4424 1848 | ff74 2428 | 488f 4424 
  0x00007e5bdc58592c: ;   {runtime_call UncommonTrapBlob}
  0x00007e5bdc58592c: 2066 90e8 

  0x00007e5bdc585930: ; ImmutableOopMap {rbp=Oop [8]=Oop [24]=Oop [32]=Oop [104]=Oop [168]=Oop }
                      ;*invokeinterface isEnabled {reexecute=0 rethrow=0 return_oop=0}
                      ; - org.h2.message.Trace::isEnabled@13 (line 142)
                      ; - org.h2.message.Trace::isDebugEnabled@2 (line 162)
                      ; - org.h2.message.TraceObject::isDebugEnabled@4 (line 163)
                      ; - org.h2.jdbc.JdbcPreparedStatement::setNull@1 (line 337)
                      ; - org.apache.derbyTesting.system.oe.load.SimpleInsert::orderTable@357 (line 431)
  0x00007e5bdc585930: cc49 6eff 

  0x00007e5bdc585934: ;   {other}
  0x00007e5bdc585934: 0f1f 8400 | 0000 0000 | bef6 ffff | ff48 8b2c | 2448 8944 | 24f8 8b44 | 2438 8944 | 2404 488b 
  0x00007e5bdc585954: 4424 f848 | ff74 2410 | 488f 4424 | 0848 ff74 | 2430 488f | 4424 1848 | ff74 2428 | 488f 4424 
  0x00007e5bdc585974: ;   {runtime_call UncommonTrapBlob}
  0x00007e5bdc585974: 2066 90e8 

  0x00007e5bdc585978: ; ImmutableOopMap {rbp=Oop [8]=Oop [24]=Oop [32]=Oop [104]=Oop [168]=Oop }
                      ;*invokevirtual get {reexecute=0 rethrow=0 return_oop=0}
                      ; - org.h2.engine.SessionLocal::isClosed@4 (line 1178)
                      ; - org.h2.jdbc.JdbcConnection::checkClosed@17 (line 1374)
                      ; - org.h2.jdbc.JdbcStatement::checkClosed@17 (line 1273)
                      ; - org.h2.jdbc.JdbcPreparedStatement::setParameter@1 (line 1391)
                      ; - org.h2.jdbc.JdbcPreparedStatement::setNull@49 (line 340)
                      ; - org.apache.derbyTesting.system.oe.load.SimpleInsert::orderTable@357 (line 431)
  0x00007e5bdc585978: 8449 6eff 

  0x00007e5bdc58597c: ;   {other}
  0x00007e5bdc58597c: 0f1f 8400 | 0000 0000 | bef6 ffff | ff48 8b2c | 2448 8944 | 24f8 8b44 | 2438 8944 | 2404 488b 
  0x00007e5bdc58599c: 4424 f848 | ff74 2410 | 488f 4424 | 0848 ff74 | 2430 488f | 4424 1848 | ff74 2428 | 488f 4424 
  0x00007e5bdc5859bc: ;   {runtime_call UncommonTrapBlob}
  0x00007e5bdc5859bc: 2066 90e8 

  0x00007e5bdc5859c0: ; ImmutableOopMap {rbp=Oop [8]=Oop [24]=Oop [32]=Oop [104]=Oop [168]=Oop }
                      ;*invokeinterface getParameters {reexecute=0 rethrow=0 return_oop=0}
                      ; - org.h2.jdbc.JdbcPreparedStatement::setParameter@11 (line 1393)
                      ; - org.h2.jdbc.JdbcPreparedStatement::setNull@49 (line 340)
                      ; - org.apache.derbyTesting.system.oe.load.SimpleInsert::orderTable@357 (line 431)
  0x00007e5bdc5859c0: 3c49 6eff 

  0x00007e5bdc5859c4: ;   {other}
  0x00007e5bdc5859c4: 0f1f 8400 | 0000 0000 | bef6 ffff | ff48 8b2c | 2448 8944 | 24f8 8b44 | 2438 8944 | 2404 488b 
  0x00007e5bdc5859e4: 4424 f848 | ff74 2410 | 488f 4424 | 0848 ff74 | 2430 488f | 4424 1848 | ff74 2428 | 488f 4424 
  0x00007e5bdc585a04: ;   {runtime_call UncommonTrapBlob}
  0x00007e5bdc585a04: 2066 90e8 

  0x00007e5bdc585a08: ; ImmutableOopMap {rbp=Oop [8]=Oop [24]=Oop [32]=Oop [104]=Oop [168]=Oop }
                      ;*invokevirtual getParameters {reexecute=0 rethrow=0 return_oop=0}
                      ; - org.h2.command.CommandContainer::getParameters@4 (line 120)
                      ; - org.h2.jdbc.JdbcPreparedStatement::setParameter@11 (line 1393)
                      ; - org.h2.jdbc.JdbcPreparedStatement::setNull@49 (line 340)
                      ; - org.apache.derbyTesting.system.oe.load.SimpleInsert::orderTable@357 (line 431)
  0x00007e5bdc585a08: f448 6eff 

  0x00007e5bdc585a0c: ;   {other}
  0x00007e5bdc585a0c: 0f1f 8400 | 0000 0000 | bef6 ffff | ff48 8b2c | 2448 8944 | 24f8 8b44 | 2438 8944 | 2404 488b 
  0x00007e5bdc585a2c: 4424 f848 | ff74 2410 | 488f 4424 | 0848 ff74 | 2430 488f | 4424 1848 | ff74 2428 | 488f 4424 
  0x00007e5bdc585a4c: ;   {runtime_call UncommonTrapBlob}
  0x00007e5bdc585a4c: 2066 90e8 

  0x00007e5bdc585a50: ; ImmutableOopMap {rbp=Oop [8]=Oop [24]=Oop [32]=Oop [104]=Oop [168]=Oop }
                      ;*invokevirtual size {reexecute=0 rethrow=0 return_oop=0}
                      ; - org.h2.command.CommandContainer::getParameters@9 (line 121)
                      ; - org.h2.jdbc.JdbcPreparedStatement::setParameter@11 (line 1393)
                      ; - org.h2.jdbc.JdbcPreparedStatement::setNull@49 (line 340)
                      ; - org.apache.derbyTesting.system.oe.load.SimpleInsert::orderTable@357 (line 431)
  0x00007e5bdc585a50: ac48 6eff 

  0x00007e5bdc585a54: ;   {other}
  0x00007e5bdc585a54: 0f1f 8400 | 0000 0000 | bef6 ffff | ff48 8b2c | 2448 8944 | 24f8 8b44 | 2438 8944 | 2404 488b 
  0x00007e5bdc585a74: 4424 f848 | ff74 2410 | 488f 4424 | 0848 ff74 | 2430 488f | 4424 1848 | ff74 2428 | 488f 4424 
  0x00007e5bdc585a94: ;   {runtime_call UncommonTrapBlob}
  0x00007e5bdc585a94: 2066 90e8 

  0x00007e5bdc585a98: ; ImmutableOopMap {rbp=Oop [8]=Oop [24]=Oop [32]=Oop [104]=Oop [168]=Oop }
                      ;*aaload {reexecute=0 rethrow=0 return_oop=0}
                      ; - java.util.ArrayList::elementData@5 (line 411)
                      ; - java.util.ArrayList::get@11 (line 428)
                      ; - org.h2.jdbc.JdbcPreparedStatement::setParameter@43 (line 1398)
                      ; - org.h2.jdbc.JdbcPreparedStatement::setNull@49 (line 340)
                      ; - org.apache.derbyTesting.system.oe.load.SimpleInsert::orderTable@357 (line 431)
  0x00007e5bdc585a98: 6448 6eff 

  0x00007e5bdc585a9c: ;   {other}
  0x00007e5bdc585a9c: 0f1f 8400 | 0000 0000 | bef4 ffff | ff48 8b2c | 2448 8944 | 24f8 8b44 | 2438 8944 | 2404 488b 
  0x00007e5bdc585abc: 4424 f848 | ff74 2410 | 488f 4424 | 0848 ff74 | 2430 488f | 4424 1848 | ff74 2428 | 488f 4424 
  0x00007e5bdc585adc: 2048 8944 | 24f8 8b44 | 2448 8944 | 242c 488b 

  0x00007e5bdc585aec: ;   {runtime_call UncommonTrapBlob}
  0x00007e5bdc585aec: 4424 f8e8 

  0x00007e5bdc585af0: ; ImmutableOopMap {rbp=Oop [8]=Oop [24]=Oop [32]=Oop [104]=Oop [168]=Oop }
                      ;*checkcast {reexecute=0 rethrow=0 return_oop=0}
                      ; - org.h2.jdbc.JdbcPreparedStatement::setParameter@46 (line 1398)
                      ; - org.h2.jdbc.JdbcPreparedStatement::setNull@49 (line 340)
                      ; - org.apache.derbyTesting.system.oe.load.SimpleInsert::orderTable@357 (line 431)
  0x00007e5bdc585af0: 0c48 6eff 

  0x00007e5bdc585af4: ;   {other}
  0x00007e5bdc585af4: 0f1f 8400 | 0000 0000 | bef6 ffff | ff48 8b2c | 2448 8944 | 24f8 8b44 | 2438 8944 | 2404 488b 
  0x00007e5bdc585b14: 4424 f848 | ff74 2410 | 488f 4424 | 0848 ff74 | 2430 488f | 4424 1848 | ff74 2428 | 488f 4424 
  0x00007e5bdc585b34: ;   {runtime_call UncommonTrapBlob}
  0x00007e5bdc585b34: 2066 90e8 

  0x00007e5bdc585b38: ; ImmutableOopMap {rbp=Oop [8]=Oop [24]=Oop [32]=Oop [104]=Oop [168]=Oop }
                      ;*invokevirtual isDebugEnabled {reexecute=0 rethrow=0 return_oop=0}
                      ; - org.h2.message.TraceObject::isDebugEnabled@4 (line 163)
                      ; - org.h2.jdbc.JdbcPreparedStatement::setNull@1 (line 337)
                      ; - org.apache.derbyTesting.system.oe.load.SimpleInsert::orderTable@368 (line 432)
  0x00007e5bdc585b38: c447 6eff 

  0x00007e5bdc585b3c: ;   {other}
  0x00007e5bdc585b3c: 0f1f 8400 | 0000 0000 | bef6 ffff | ff48 8b2c | 2448 8944 | 24f8 8b44 | 2438 8944 | 2404 488b 
  0x00007e5bdc585b5c: 4424 f848 | ff74 2410 | 488f 4424 | 0848 ff74 | 2430 488f | 4424 1848 | ff74 2428 | 488f 4424 
  0x00007e5bdc585b7c: ;   {runtime_call UncommonTrapBlob}
  0x00007e5bdc585b7c: 2066 90e8 

  0x00007e5bdc585b80: ; ImmutableOopMap {rbp=Oop [8]=Oop [24]=Oop [32]=Oop [104]=Oop [168]=Oop }
                      ;*invokeinterface isEnabled {reexecute=0 rethrow=0 return_oop=0}
                      ; - org.h2.message.Trace::isEnabled@13 (line 142)
                      ; - org.h2.message.Trace::isDebugEnabled@2 (line 162)
                      ; - org.h2.message.TraceObject::isDebugEnabled@4 (line 163)
                      ; - org.h2.jdbc.JdbcPreparedStatement::setNull@1 (line 337)
                      ; - org.apache.derbyTesting.system.oe.load.SimpleInsert::orderTable@368 (line 432)
  0x00007e5bdc585b80: 7c47 6eff 

  0x00007e5bdc585b84: ;   {other}
  0x00007e5bdc585b84: 0f1f 8400 | 0000 0000 | bef6 ffff | ff48 8b2c | 2448 8944 | 24f8 8b44 | 2438 8944 | 2404 488b 
  0x00007e5bdc585ba4: 4424 f848 | ff74 2410 | 488f 4424 | 0848 ff74 | 2430 488f | 4424 1848 | ff74 2428 | 488f 4424 
  0x00007e5bdc585bc4: ;   {runtime_call UncommonTrapBlob}
  0x00007e5bdc585bc4: 2066 90e8 

  0x00007e5bdc585bc8: ; ImmutableOopMap {rbp=Oop [8]=Oop [24]=Oop [32]=Oop [104]=Oop [168]=Oop }
                      ;*invokevirtual get {reexecute=0 rethrow=0 return_oop=0}
                      ; - org.h2.engine.SessionLocal::isClosed@4 (line 1178)
                      ; - org.h2.jdbc.JdbcConnection::checkClosed@17 (line 1374)
                      ; - org.h2.jdbc.JdbcStatement::checkClosed@17 (line 1273)
                      ; - org.h2.jdbc.JdbcPreparedStatement::setParameter@1 (line 1391)
                      ; - org.h2.jdbc.JdbcPreparedStatement::setNull@49 (line 340)
                      ; - org.apache.derbyTesting.system.oe.load.SimpleInsert::orderTable@368 (line 432)
  0x00007e5bdc585bc8: 3447 6eff 

  0x00007e5bdc585bcc: ;   {other}
  0x00007e5bdc585bcc: 0f1f 8400 | 0000 0000 | bef6 ffff | ff48 8b2c | 2448 8944 | 24f8 8b44 | 2438 8944 | 2404 488b 
  0x00007e5bdc585bec: 4424 f848 | ff74 2410 | 488f 4424 | 0848 ff74 | 2430 488f | 4424 1848 | ff74 2428 | 488f 4424 
  0x00007e5bdc585c0c: ;   {runtime_call UncommonTrapBlob}
  0x00007e5bdc585c0c: 2066 90e8 

  0x00007e5bdc585c10: ; ImmutableOopMap {rbp=Oop [8]=Oop [24]=Oop [32]=Oop [104]=Oop [168]=Oop }
                      ;*invokeinterface getParameters {reexecute=0 rethrow=0 return_oop=0}
                      ; - org.h2.jdbc.JdbcPreparedStatement::setParameter@11 (line 1393)
                      ; - org.h2.jdbc.JdbcPreparedStatement::setNull@49 (line 340)
                      ; - org.apache.derbyTesting.system.oe.load.SimpleInsert::orderTable@368 (line 432)
  0x00007e5bdc585c10: ec46 6eff 

  0x00007e5bdc585c14: ;   {other}
  0x00007e5bdc585c14: 0f1f 8400 | 0000 0000 | bef6 ffff | ff48 8b2c | 2448 8944 | 24f8 8b44 | 2438 8944 | 2404 488b 
  0x00007e5bdc585c34: 4424 f848 | ff74 2410 | 488f 4424 | 0848 ff74 | 2430 488f | 4424 1848 | ff74 2428 | 488f 4424 
  0x00007e5bdc585c54: ;   {runtime_call UncommonTrapBlob}
  0x00007e5bdc585c54: 2066 90e8 

  0x00007e5bdc585c58: ; ImmutableOopMap {rbp=Oop [8]=Oop [24]=Oop [32]=Oop [104]=Oop [168]=Oop }
                      ;*invokevirtual getParameters {reexecute=0 rethrow=0 return_oop=0}
                      ; - org.h2.command.CommandContainer::getParameters@4 (line 120)
                      ; - org.h2.jdbc.JdbcPreparedStatement::setParameter@11 (line 1393)
                      ; - org.h2.jdbc.JdbcPreparedStatement::setNull@49 (line 340)
                      ; - org.apache.derbyTesting.system.oe.load.SimpleInsert::orderTable@368 (line 432)
  0x00007e5bdc585c58: a446 6eff 

  0x00007e5bdc585c5c: ;   {other}
  0x00007e5bdc585c5c: 0f1f 8400 | 0000 0000 | bef6 ffff | ff48 8b2c | 2448 8944 | 24f8 8b44 | 2438 8944 | 2404 488b 
  0x00007e5bdc585c7c: 4424 f848 | ff74 2410 | 488f 4424 | 0848 ff74 | 2430 488f | 4424 1848 | ff74 2428 | 488f 4424 
  0x00007e5bdc585c9c: ;   {runtime_call UncommonTrapBlob}
  0x00007e5bdc585c9c: 2066 90e8 

  0x00007e5bdc585ca0: ; ImmutableOopMap {rbp=Oop [8]=Oop [24]=Oop [32]=Oop [104]=Oop [168]=Oop }
                      ;*invokevirtual size {reexecute=0 rethrow=0 return_oop=0}
                      ; - org.h2.command.CommandContainer::getParameters@9 (line 121)
                      ; - org.h2.jdbc.JdbcPreparedStatement::setParameter@11 (line 1393)
                      ; - org.h2.jdbc.JdbcPreparedStatement::setNull@49 (line 340)
                      ; - org.apache.derbyTesting.system.oe.load.SimpleInsert::orderTable@368 (line 432)
  0x00007e5bdc585ca0: 5c46 6eff 

  0x00007e5bdc585ca4: ;   {other}
  0x00007e5bdc585ca4: 0f1f 8400 | 0000 0000 | bef6 ffff | ff48 8b2c | 2448 8944 | 24f8 8b44 | 2438 8944 | 2404 488b 
  0x00007e5bdc585cc4: 4424 f848 | ff74 2410 | 488f 4424 | 0848 ff74 | 2430 488f | 4424 1848 | ff74 2428 | 488f 4424 
  0x00007e5bdc585ce4: ;   {runtime_call UncommonTrapBlob}
  0x00007e5bdc585ce4: 2066 90e8 

  0x00007e5bdc585ce8: ; ImmutableOopMap {rbp=Oop [8]=Oop [24]=Oop [32]=Oop [104]=Oop [168]=Oop }
                      ;*aaload {reexecute=0 rethrow=0 return_oop=0}
                      ; - java.util.ArrayList::elementData@5 (line 411)
                      ; - java.util.ArrayList::get@11 (line 428)
                      ; - org.h2.jdbc.JdbcPreparedStatement::setParameter@43 (line 1398)
                      ; - org.h2.jdbc.JdbcPreparedStatement::setNull@49 (line 340)
                      ; - org.apache.derbyTesting.system.oe.load.SimpleInsert::orderTable@368 (line 432)
  0x00007e5bdc585ce8: 1446 6eff 

  0x00007e5bdc585cec: ;   {other}
  0x00007e5bdc585cec: 0f1f 8400 | 0000 0000 | bef4 ffff | ff48 8b2c | 2448 8944 | 24f8 8b44 | 2438 8944 | 2404 488b 
  0x00007e5bdc585d0c: 4424 f848 | ff74 2410 | 488f 4424 | 0848 ff74 | 2430 488f | 4424 1848 | ff74 2428 | 488f 4424 
  0x00007e5bdc585d2c: 2048 8944 | 24f8 8b44 | 2448 8944 | 242c 488b 

  0x00007e5bdc585d3c: ;   {runtime_call UncommonTrapBlob}
  0x00007e5bdc585d3c: 4424 f8e8 

  0x00007e5bdc585d40: ; ImmutableOopMap {rbp=Oop [8]=Oop [24]=Oop [32]=Oop [104]=Oop [168]=Oop }
                      ;*checkcast {reexecute=0 rethrow=0 return_oop=0}
                      ; - org.h2.jdbc.JdbcPreparedStatement::setParameter@46 (line 1398)
                      ; - org.h2.jdbc.JdbcPreparedStatement::setNull@49 (line 340)
                      ; - org.apache.derbyTesting.system.oe.load.SimpleInsert::orderTable@368 (line 432)
  0x00007e5bdc585d40: bc45 6eff 

  0x00007e5bdc585d44: ;   {other}
  0x00007e5bdc585d44: 0f1f 8400 | 0000 0000 | 488b d844 | 8b58 0849 | ba00 0000 | 93ad 7100 | 004d 03d3 | 4d8b 5240 
  0x00007e5bdc585d64: ;   {metadata('java/lang/Exception')}
  0x00007e5bdc585d64: 49bb 78c1 | 0093 ad71 | 0000 4d3b | d30f 8535 | 74ff ff48 | 8bd0 488b 

  0x00007e5bdc585d7c: ;   {optimized virtual_call}
  0x00007e5bdc585d7c: 7424 70e8 

  0x00007e5bdc585d80: ; ImmutableOopMap {[0]=Oop [40]=Oop [48]=Oop [64]=Oop [112]=Oop [168]=Oop }
                      ;*invokevirtual logAndConvert {reexecute=0 rethrow=0 return_oop=1}
                      ; - org.h2.jdbc.JdbcPreparedStatement::setNull@58 (line 342)
                      ; - org.apache.derbyTesting.system.oe.load.SimpleInsert::orderTable@169 (line 405)
  0x00007e5bdc585d80: fcf2 6dff 

  0x00007e5bdc585d84: ;   {other}
  0x00007e5bdc585d84: 0f1f 8400 | 0000 0000 | 488b d848 | 85c0 0f85 | 0474 ffff | bef6 ffff | ff48 8b2c | 2448 ff74 
  0x00007e5bdc585da4: 2430 488f | 4424 0848 | ff74 2428 | 488f 4424 

  0x00007e5bdc585db4: ;   {runtime_call UncommonTrapBlob}
  0x00007e5bdc585db4: 1066 90e8 

  0x00007e5bdc585db8: ; ImmutableOopMap {rbp=Oop [8]=Oop [16]=Oop [64]=Oop [112]=Oop [168]=Oop }
                      ;*athrow {reexecute=1 rethrow=0 return_oop=0}
                      ; - (reexecute) org.h2.jdbc.JdbcPreparedStatement::setNull@61 (line 342)
                      ; - org.apache.derbyTesting.system.oe.load.SimpleInsert::orderTable@169 (line 405)
  0x00007e5bdc585db8: 4445 6eff 

  0x00007e5bdc585dbc: ;   {other}
  0x00007e5bdc585dbc: 0f1f 8400 | 0000 0000 | 488b d8e9 | e073 ffff | be45 ffff | ff48 8b2c | 2448 8944 | 24f8 8b44 
  0x00007e5bdc585ddc: 2438 8944 | 2404 488b | 4424 f848 | ff74 2410 | 488f 4424 | 0848 ff74 | 2430 488f | 4424 1848 
  0x00007e5bdc585dfc: ff74 2428 | 488f 4424 | 2048 8944 | 24f8 8b44 | 2448 8944 | 242c 488b | 4424 f844 | 895c 243c 
  0x00007e5bdc585e1c: ;   {runtime_call UncommonTrapBlob}
  0x00007e5bdc585e1c: 6666 90e8 

  0x00007e5bdc585e20: ; ImmutableOopMap {rbp=Oop [8]=Oop [24]=Oop [32]=Oop [60]=NarrowOop [104]=Oop [168]=Oop }
                      ;*ifnonnull {reexecute=1 rethrow=0 return_oop=0}
                      ; - (reexecute) org.h2.jdbc.JdbcStatement::checkClosed@4 (line 1270)
                      ; - org.h2.jdbc.JdbcPreparedStatement::setParameter@1 (line 1391)
                      ; - org.h2.jdbc.JdbcPreparedStatement::setNull@49 (line 340)
                      ; - org.apache.derbyTesting.system.oe.load.SimpleInsert::orderTable@357 (line 431)
  0x00007e5bdc585e20: dc44 6eff 

  0x00007e5bdc585e24: ;   {other}
  0x00007e5bdc585e24: 0f1f 8400 | 0000 0000 | be45 ffff | ff48 8b2c | 2448 8944 | 24f8 8b44 | 2438 8944 | 2404 488b 
  0x00007e5bdc585e44: 4424 f848 | ff74 2410 | 488f 4424 | 0848 ff74 | 2430 488f | 4424 1848 | ff74 2428 | 488f 4424 
  0x00007e5bdc585e64: 2048 8944 | 24f8 8b44 | 2448 8944 | 242c 488b | 4424 f844 | 8954 243c 

  0x00007e5bdc585e7c: ;   {runtime_call UncommonTrapBlob}
  0x00007e5bdc585e7c: 6666 90e8 

  0x00007e5bdc585e80: ; ImmutableOopMap {rbp=Oop [8]=Oop [24]=Oop [32]=Oop [60]=NarrowOop [104]=Oop [168]=Oop }
                      ;*ifnonnull {reexecute=1 rethrow=0 return_oop=0}
                      ; - (reexecute) org.h2.jdbc.JdbcConnection::checkClosed@4 (line 1371)
                      ; - org.h2.jdbc.JdbcStatement::checkClosed@17 (line 1273)
                      ; - org.h2.jdbc.JdbcPreparedStatement::setParameter@1 (line 1391)
                      ; - org.h2.jdbc.JdbcPreparedStatement::setNull@49 (line 340)
                      ; - org.apache.derbyTesting.system.oe.load.SimpleInsert::orderTable@357 (line 431)
  0x00007e5bdc585e80: 7c44 6eff 

  0x00007e5bdc585e84: ;   {other}
  0x00007e5bdc585e84: 0f1f 8400 | 0000 0000 | be45 ffff | ff48 8b2c | 2448 8944 | 24f8 8b44 | 2438 8944 | 2404 488b 
  0x00007e5bdc585ea4: 4424 f848 | ff74 2410 | 488f 4424 | 0848 ff74 | 2430 488f | 4424 1848 | ff74 2428 | 488f 4424 
  0x00007e5bdc585ec4: 2048 8944 | 24f8 8b44 | 2448 8944 | 242c 488b | 4424 f844 | 8944 243c 

  0x00007e5bdc585edc: ;   {runtime_call UncommonTrapBlob}
  0x00007e5bdc585edc: 6666 90e8 

  0x00007e5bdc585ee0: ; ImmutableOopMap {rbp=Oop [8]=Oop [24]=Oop [32]=Oop [60]=NarrowOop [104]=Oop [168]=Oop }
                      ;*ifnonnull {reexecute=1 rethrow=0 return_oop=0}
                      ; - (reexecute) org.h2.jdbc.JdbcStatement::checkClosed@4 (line 1270)
                      ; - org.h2.jdbc.JdbcPreparedStatement::setParameter@1 (line 1391)
                      ; - org.h2.jdbc.JdbcPreparedStatement::setNull@49 (line 340)
                      ; - org.apache.derbyTesting.system.oe.load.SimpleInsert::orderTable@368 (line 432)
  0x00007e5bdc585ee0: 1c44 6eff 

  0x00007e5bdc585ee4: ;   {other}
  0x00007e5bdc585ee4: 0f1f 8400 | 0000 0000 | be45 ffff | ff48 8b2c | 2448 8944 | 24f8 8b44 | 2438 8944 | 2404 488b 
  0x00007e5bdc585f04: 4424 f848 | ff74 2410 | 488f 4424 | 0848 ff74 | 2430 488f | 4424 1848 | ff74 2428 | 488f 4424 
  0x00007e5bdc585f24: 2048 8944 | 24f8 8b44 | 2448 8944 | 242c 488b | 4424 f844 | 8954 243c 

  0x00007e5bdc585f3c: ;   {runtime_call UncommonTrapBlob}
  0x00007e5bdc585f3c: 6666 90e8 

  0x00007e5bdc585f40: ; ImmutableOopMap {rbp=Oop [8]=Oop [24]=Oop [32]=Oop [60]=NarrowOop [104]=Oop [168]=Oop }
                      ;*ifnonnull {reexecute=1 rethrow=0 return_oop=0}
                      ; - (reexecute) org.h2.jdbc.JdbcConnection::checkClosed@4 (line 1371)
                      ; - org.h2.jdbc.JdbcStatement::checkClosed@17 (line 1273)
                      ; - org.h2.jdbc.JdbcPreparedStatement::setParameter@1 (line 1391)
                      ; - org.h2.jdbc.JdbcPreparedStatement::setNull@49 (line 340)
                      ; - org.apache.derbyTesting.system.oe.load.SimpleInsert::orderTable@368 (line 432)
  0x00007e5bdc585f40: bc43 6eff 

  0x00007e5bdc585f44: ;   {other}
  0x00007e5bdc585f44: 0f1f 8400 | 0000 0000 | bef6 ffff | ff48 8b2c | 2448 ff74 | 2430 488f | 4424 0848 | ff74 2428 
  0x00007e5bdc585f64: 488f 4424 | 1048 8944 | 24f8 8b44 | 243c 8944 | 2418 488b 

  0x00007e5bdc585f78: ;   {runtime_call UncommonTrapBlob}
  0x00007e5bdc585f78: 4424 f8e8 

  0x00007e5bdc585f7c: ; ImmutableOopMap {rbp=Oop [8]=Oop [16]=Oop [64]=Oop [112]=Oop }
                      ;*invokevirtual isDebugEnabled {reexecute=0 rethrow=0 return_oop=0}
                      ; - org.h2.message.TraceObject::isDebugEnabled@4 (line 163)
                      ; - org.h2.jdbc.JdbcPreparedStatement::setInt@1 (line 356)
                      ; - org.apache.derbyTesting.system.oe.load.SimpleInsert::orderTable@81 (line 393)
  0x00007e5bdc585f7c: 8043 6eff 

  0x00007e5bdc585f80: ;   {other}
  0x00007e5bdc585f80: 0f1f 8400 | 0000 0000 | bef6 ffff | ff48 8b2c | 2448 ff74 | 2430 488f | 4424 0848 | ff74 2428 
  0x00007e5bdc585fa0: 488f 4424 | 1048 8944 | 24f8 8b44 | 243c 8944 | 2418 488b 

  0x00007e5bdc585fb4: ;   {runtime_call UncommonTrapBlob}
  0x00007e5bdc585fb4: 4424 f8e8 

  0x00007e5bdc585fb8: ; ImmutableOopMap {rbp=Oop [8]=Oop [16]=Oop [64]=Oop [112]=Oop }
                      ;*invokeinterface isEnabled {reexecute=0 rethrow=0 return_oop=0}
                      ; - org.h2.message.Trace::isEnabled@13 (line 142)
                      ; - org.h2.message.Trace::isDebugEnabled@2 (line 162)
                      ; - org.h2.message.TraceObject::isDebugEnabled@4 (line 163)
                      ; - org.h2.jdbc.JdbcPreparedStatement::setInt@1 (line 356)
                      ; - org.apache.derbyTesting.system.oe.load.SimpleInsert::orderTable@81 (line 393)
  0x00007e5bdc585fb8: 4443 6eff 

  0x00007e5bdc585fbc: ;   {other}
  0x00007e5bdc585fbc: 0f1f 8400 | 0000 0000 | bef6 ffff | ff48 8b2c | 2448 ff74 | 2430 488f | 4424 0848 | ff74 2428 
  0x00007e5bdc585fdc: 488f 4424 

  0x00007e5bdc585fe0: ;   {runtime_call UncommonTrapBlob}
  0x00007e5bdc585fe0: 1066 90e8 

  0x00007e5bdc585fe4: ; ImmutableOopMap {rbp=Oop [8]=Oop [16]=Oop [64]=Oop [112]=Oop }
                      ;*invokevirtual get {reexecute=0 rethrow=0 return_oop=0}
                      ; - org.h2.engine.SessionLocal::isClosed@4 (line 1178)
                      ; - org.h2.jdbc.JdbcConnection::checkClosed@17 (line 1374)
                      ; - org.h2.jdbc.JdbcStatement::checkClosed@17 (line 1273)
                      ; - org.h2.jdbc.JdbcPreparedStatement::setParameter@1 (line 1391)
                      ; - org.h2.jdbc.JdbcPreparedStatement::setInt@50 (line 359)
                      ; - org.apache.derbyTesting.system.oe.load.SimpleInsert::orderTable@81 (line 393)
  0x00007e5bdc585fe4: 1843 6eff 

  0x00007e5bdc585fe8: ;   {other}
  0x00007e5bdc585fe8: 0f1f 8400 | 0000 0000 | bef6 ffff | ff48 8b2c | 2448 ff74 | 2430 488f | 4424 0848 | ff74 2428 
  0x00007e5bdc586008: 488f 4424 

  0x00007e5bdc58600c: ;   {runtime_call UncommonTrapBlob}
  0x00007e5bdc58600c: 1066 90e8 

  0x00007e5bdc586010: ; ImmutableOopMap {rbp=Oop [8]=Oop [16]=Oop [64]=Oop [112]=Oop }
                      ;*invokeinterface getParameters {reexecute=0 rethrow=0 return_oop=0}
                      ; - org.h2.jdbc.JdbcPreparedStatement::setParameter@11 (line 1393)
                      ; - org.h2.jdbc.JdbcPreparedStatement::setInt@50 (line 359)
                      ; - org.apache.derbyTesting.system.oe.load.SimpleInsert::orderTable@81 (line 393)
  0x00007e5bdc586010: ec42 6eff 

  0x00007e5bdc586014: ;   {other}
  0x00007e5bdc586014: 0f1f 8400 | 0000 0000 | bef6 ffff | ff48 8b2c | 2448 ff74 | 2430 488f | 4424 0848 | ff74 2428 
  0x00007e5bdc586034: 488f 4424 

  0x00007e5bdc586038: ;   {runtime_call UncommonTrapBlob}
  0x00007e5bdc586038: 1066 90e8 

  0x00007e5bdc58603c: ; ImmutableOopMap {rbp=Oop [8]=Oop [16]=Oop [64]=Oop [112]=Oop }
                      ;*invokevirtual getParameters {reexecute=0 rethrow=0 return_oop=0}
                      ; - org.h2.command.CommandContainer::getParameters@4 (line 120)
                      ; - org.h2.jdbc.JdbcPreparedStatement::setParameter@11 (line 1393)
                      ; - org.h2.jdbc.JdbcPreparedStatement::setInt@50 (line 359)
                      ; - org.apache.derbyTesting.system.oe.load.SimpleInsert::orderTable@81 (line 393)
  0x00007e5bdc58603c: c042 6eff 

  0x00007e5bdc586040: ;   {other}
  0x00007e5bdc586040: 0f1f 8400 | 0000 0000 | bef6 ffff | ff48 8b2c | 2448 ff74 | 2430 488f | 4424 0848 | ff74 2428 
  0x00007e5bdc586060: 488f 4424 

  0x00007e5bdc586064: ;   {runtime_call UncommonTrapBlob}
  0x00007e5bdc586064: 1066 90e8 

  0x00007e5bdc586068: ; ImmutableOopMap {rbp=Oop [8]=Oop [16]=Oop [64]=Oop [112]=Oop }
                      ;*invokevirtual size {reexecute=0 rethrow=0 return_oop=0}
                      ; - org.h2.command.CommandContainer::getParameters@9 (line 121)
                      ; - org.h2.jdbc.JdbcPreparedStatement::setParameter@11 (line 1393)
                      ; - org.h2.jdbc.JdbcPreparedStatement::setInt@50 (line 359)
                      ; - org.apache.derbyTesting.system.oe.load.SimpleInsert::orderTable@81 (line 393)
  0x00007e5bdc586068: 9442 6eff 

  0x00007e5bdc58606c: ;   {other}
  0x00007e5bdc58606c: 0f1f 8400 | 0000 0000 | bef6 ffff | ff48 8b2c | 2448 ff74 | 2430 488f | 4424 0848 | ff74 2428 
  0x00007e5bdc58608c: 488f 4424 

  0x00007e5bdc586090: ;   {runtime_call UncommonTrapBlob}
  0x00007e5bdc586090: 1066 90e8 

  0x00007e5bdc586094: ; ImmutableOopMap {rbp=Oop [8]=Oop [16]=Oop [64]=Oop [112]=Oop }
                      ;*aaload {reexecute=0 rethrow=0 return_oop=0}
                      ; - java.util.ArrayList::elementData@5 (line 411)
                      ; - java.util.ArrayList::get@11 (line 428)
                      ; - org.h2.jdbc.JdbcPreparedStatement::setParameter@43 (line 1398)
                      ; - org.h2.jdbc.JdbcPreparedStatement::setInt@50 (line 359)
                      ; - org.apache.derbyTesting.system.oe.load.SimpleInsert::orderTable@81 (line 393)
  0x00007e5bdc586094: 6842 6eff 

  0x00007e5bdc586098: ;   {other}
  0x00007e5bdc586098: 0f1f 8400 | 0000 0000 | bef4 ffff | ff48 8b2c | 2448 8944 | 24f8 8b44 | 2438 8944 | 2404 488b 
  0x00007e5bdc5860b8: 4424 f848 | ff74 2430 | 488f 4424 | 0848 ff74 | 2428 488f | 4424 1048 | 8944 24f8 | 8b44 243c 
  0x00007e5bdc5860d8: 8944 2418 | 488b 4424 | f844 895c 

  0x00007e5bdc5860e4: ;   {runtime_call UncommonTrapBlob}
  0x00007e5bdc5860e4: 241c 90e8 

  0x00007e5bdc5860e8: ; ImmutableOopMap {rbp=Oop [8]=Oop [16]=Oop [28]=NarrowOop [64]=Oop [112]=Oop }
                      ;*checkcast {reexecute=0 rethrow=0 return_oop=0}
                      ; - org.h2.jdbc.JdbcPreparedStatement::setParameter@46 (line 1398)
                      ; - org.h2.jdbc.JdbcPreparedStatement::setInt@50 (line 359)
                      ; - org.apache.derbyTesting.system.oe.load.SimpleInsert::orderTable@81 (line 393)
  0x00007e5bdc5860e8: 1442 6eff 

  0x00007e5bdc5860ec: ;   {other}
  0x00007e5bdc5860ec: 0f1f 8400 | 0000 0000 | bef6 ffff | ff48 8b2c | 2448 8944 | 24f8 8b44 | 2438 8944 | 2404 488b 
  0x00007e5bdc58610c: 4424 f848 | ff74 2430 | 488f 4424 | 0848 ff74 | 2428 488f | 4424 1048 | 8944 24f8 | 8b44 243c 
  0x00007e5bdc58612c: 8944 2418 | 488b 4424 

  0x00007e5bdc586134: ;   {runtime_call UncommonTrapBlob}
  0x00007e5bdc586134: f866 90e8 

  0x00007e5bdc586138: ; ImmutableOopMap {rbp=Oop [8]=Oop [16]=Oop [64]=Oop [112]=Oop }
                      ;*invokevirtual isDebugEnabled {reexecute=0 rethrow=0 return_oop=0}
                      ; - org.h2.message.TraceObject::isDebugEnabled@4 (line 163)
                      ; - org.h2.jdbc.JdbcPreparedStatement::setInt@1 (line 356)
                      ; - org.apache.derbyTesting.system.oe.load.SimpleInsert::orderTable@95 (line 394)
  0x00007e5bdc586138: c441 6eff 

  0x00007e5bdc58613c: ;   {other}
  0x00007e5bdc58613c: 0f1f 8400 | 0000 0000 | bef6 ffff | ff48 8b2c | 2448 8944 | 24f8 8b44 | 2438 8944 | 2404 488b 
  0x00007e5bdc58615c: 4424 f848 | ff74 2430 | 488f 4424 | 0848 ff74 | 2428 488f | 4424 1048 | 8944 24f8 | 8b44 243c 
  0x00007e5bdc58617c: 8944 2418 | 488b 4424 

  0x00007e5bdc586184: ;   {runtime_call UncommonTrapBlob}
  0x00007e5bdc586184: f866 90e8 

  0x00007e5bdc586188: ; ImmutableOopMap {rbp=Oop [8]=Oop [16]=Oop [64]=Oop [112]=Oop }
                      ;*invokeinterface isEnabled {reexecute=0 rethrow=0 return_oop=0}
                      ; - org.h2.message.Trace::isEnabled@13 (line 142)
                      ; - org.h2.message.Trace::isDebugEnabled@2 (line 162)
                      ; - org.h2.message.TraceObject::isDebugEnabled@4 (line 163)
                      ; - org.h2.jdbc.JdbcPreparedStatement::setInt@1 (line 356)
                      ; - org.apache.derbyTesting.system.oe.load.SimpleInsert::orderTable@95 (line 394)
  0x00007e5bdc586188: 7441 6eff 

  0x00007e5bdc58618c: ;   {other}
  0x00007e5bdc58618c: 0f1f 8400 | 0000 0000 | bef6 ffff | ff48 8b2c | 2448 ff74 | 2430 488f | 4424 0848 | ff74 2428 
  0x00007e5bdc5861ac: 488f 4424 

  0x00007e5bdc5861b0: ;   {runtime_call UncommonTrapBlob}
  0x00007e5bdc5861b0: 1066 90e8 

  0x00007e5bdc5861b4: ; ImmutableOopMap {rbp=Oop [8]=Oop [16]=Oop [64]=Oop [112]=Oop }
                      ;*invokevirtual get {reexecute=0 rethrow=0 return_oop=0}
                      ; - org.h2.engine.SessionLocal::isClosed@4 (line 1178)
                      ; - org.h2.jdbc.JdbcConnection::checkClosed@17 (line 1374)
                      ; - org.h2.jdbc.JdbcStatement::checkClosed@17 (line 1273)
                      ; - org.h2.jdbc.JdbcPreparedStatement::setParameter@1 (line 1391)
                      ; - org.h2.jdbc.JdbcPreparedStatement::setInt@50 (line 359)
                      ; - org.apache.derbyTesting.system.oe.load.SimpleInsert::orderTable@95 (line 394)
  0x00007e5bdc5861b4: 4841 6eff 

  0x00007e5bdc5861b8: ;   {other}
  0x00007e5bdc5861b8: 0f1f 8400 | 0000 0000 | bef6 ffff | ff48 8b2c | 2448 ff74 | 2430 488f | 4424 0848 | ff74 2428 
  0x00007e5bdc5861d8: 488f 4424 

  0x00007e5bdc5861dc: ;   {runtime_call UncommonTrapBlob}
  0x00007e5bdc5861dc: 1066 90e8 

  0x00007e5bdc5861e0: ; ImmutableOopMap {rbp=Oop [8]=Oop [16]=Oop [64]=Oop [112]=Oop }
                      ;*invokeinterface getParameters {reexecute=0 rethrow=0 return_oop=0}
                      ; - org.h2.jdbc.JdbcPreparedStatement::setParameter@11 (line 1393)
                      ; - org.h2.jdbc.JdbcPreparedStatement::setInt@50 (line 359)
                      ; - org.apache.derbyTesting.system.oe.load.SimpleInsert::orderTable@95 (line 394)
  0x00007e5bdc5861e0: 1c41 6eff 

  0x00007e5bdc5861e4: ;   {other}
  0x00007e5bdc5861e4: 0f1f 8400 | 0000 0000 | bef6 ffff | ff48 8b2c | 2448 ff74 | 2430 488f | 4424 0848 | ff74 2428 
  0x00007e5bdc586204: 488f 4424 

  0x00007e5bdc586208: ;   {runtime_call UncommonTrapBlob}
  0x00007e5bdc586208: 1066 90e8 

  0x00007e5bdc58620c: ; ImmutableOopMap {rbp=Oop [8]=Oop [16]=Oop [64]=Oop [112]=Oop }
                      ;*invokevirtual getParameters {reexecute=0 rethrow=0 return_oop=0}
                      ; - org.h2.command.CommandContainer::getParameters@4 (line 120)
                      ; - org.h2.jdbc.JdbcPreparedStatement::setParameter@11 (line 1393)
                      ; - org.h2.jdbc.JdbcPreparedStatement::setInt@50 (line 359)
                      ; - org.apache.derbyTesting.system.oe.load.SimpleInsert::orderTable@95 (line 394)
  0x00007e5bdc58620c: f040 6eff 

  0x00007e5bdc586210: ;   {other}
  0x00007e5bdc586210: 0f1f 8400 | 0000 0000 | bef6 ffff | ff48 8b2c | 2448 ff74 | 2430 488f | 4424 0848 | ff74 2428 
  0x00007e5bdc586230: 488f 4424 

  0x00007e5bdc586234: ;   {runtime_call UncommonTrapBlob}
  0x00007e5bdc586234: 1066 90e8 

  0x00007e5bdc586238: ; ImmutableOopMap {rbp=Oop [8]=Oop [16]=Oop [64]=Oop [112]=Oop }
                      ;*invokevirtual size {reexecute=0 rethrow=0 return_oop=0}
                      ; - org.h2.command.CommandContainer::getParameters@9 (line 121)
                      ; - org.h2.jdbc.JdbcPreparedStatement::setParameter@11 (line 1393)
                      ; - org.h2.jdbc.JdbcPreparedStatement::setInt@50 (line 359)
                      ; - org.apache.derbyTesting.system.oe.load.SimpleInsert::orderTable@95 (line 394)
  0x00007e5bdc586238: c440 6eff 

  0x00007e5bdc58623c: ;   {other}
  0x00007e5bdc58623c: 0f1f 8400 | 0000 0000 | bef6 ffff | ff48 8b2c | 2448 ff74 | 2430 488f | 4424 0848 | ff74 2428 
  0x00007e5bdc58625c: 488f 4424 

  0x00007e5bdc586260: ;   {runtime_call UncommonTrapBlob}
  0x00007e5bdc586260: 1066 90e8 

  0x00007e5bdc586264: ; ImmutableOopMap {rbp=Oop [8]=Oop [16]=Oop [64]=Oop [112]=Oop }
                      ;*aaload {reexecute=0 rethrow=0 return_oop=0}
                      ; - java.util.ArrayList::elementData@5 (line 411)
                      ; - java.util.ArrayList::get@11 (line 428)
                      ; - org.h2.jdbc.JdbcPreparedStatement::setParameter@43 (line 1398)
                      ; - org.h2.jdbc.JdbcPreparedStatement::setInt@50 (line 359)
                      ; - org.apache.derbyTesting.system.oe.load.SimpleInsert::orderTable@95 (line 394)
  0x00007e5bdc586264: 9840 6eff 

  0x00007e5bdc586268: ;   {other}
  0x00007e5bdc586268: 0f1f 8400 | 0000 0000 | bef4 ffff | ff48 8b2c | 2448 8944 | 24f8 8b44 | 2438 8944 | 2404 488b 
  0x00007e5bdc586288: 4424 f848 | ff74 2430 | 488f 4424 | 0848 ff74 | 2428 488f | 4424 1048 | 8944 24f8 | 8b44 243c 
  0x00007e5bdc5862a8: 8944 2418 | 488b 4424 | f844 895c 

  0x00007e5bdc5862b4: ;   {runtime_call UncommonTrapBlob}
  0x00007e5bdc5862b4: 241c 90e8 

  0x00007e5bdc5862b8: ; ImmutableOopMap {rbp=Oop [8]=Oop [16]=Oop [28]=NarrowOop [64]=Oop [112]=Oop }
                      ;*checkcast {reexecute=0 rethrow=0 return_oop=0}
                      ; - org.h2.jdbc.JdbcPreparedStatement::setParameter@46 (line 1398)
                      ; - org.h2.jdbc.JdbcPreparedStatement::setInt@50 (line 359)
                      ; - org.apache.derbyTesting.system.oe.load.SimpleInsert::orderTable@95 (line 394)
  0x00007e5bdc5862b8: 4440 6eff 

  0x00007e5bdc5862bc: ;   {other}
  0x00007e5bdc5862bc: 0f1f 8400 | 0000 0000 | bef6 ffff 

  0x00007e5bdc5862c8: ;   {runtime_call UncommonTrapBlob}
  0x00007e5bdc5862c8: ff66 90e8 

  0x00007e5bdc5862cc: ; ImmutableOopMap {}
                      ;*invokeinterface setShort {reexecute=0 rethrow=0 return_oop=0}
                      ; - org.apache.derbyTesting.system.oe.load.SimpleInsert::orderTable@234 (line 416)
  0x00007e5bdc5862cc: 3040 6eff 

  0x00007e5bdc5862d0: ;   {other}
  0x00007e5bdc5862d0: 0f1f 8400 | 0000 0000 | 4c8b d0eb | 034c 8bd0 | 498b dae9 | c46e ffff | 4c8b d0eb | 034c 8bd0 
  0x00007e5bdc5862f0: 498b dae9 | b46e ffff | 4c8b d0eb | 034c 8bd0 | 498b dae9 | a46e ffff | 4c8b d0e9 | 996e ffff 
  0x00007e5bdc586310: bef6 ffff 

  0x00007e5bdc586314: ;   {runtime_call UncommonTrapBlob}
  0x00007e5bdc586314: ff66 90e8 

  0x00007e5bdc586318: ; ImmutableOopMap {}
                      ;*invokevirtual randomInt {reexecute=0 rethrow=0 return_oop=0}
                      ; - org.apache.derbyTesting.system.oe.load.SimpleInsert::orderTable@136 (line 401)
  0x00007e5bdc586318: e43f 6eff 

  0x00007e5bdc58631c: ;   {other}
  0x00007e5bdc58631c: 0f1f 8400 | 0000 0000 | bef6 ffff 

  0x00007e5bdc586328: ;   {runtime_call UncommonTrapBlob}
  0x00007e5bdc586328: ff66 90e8 

  0x00007e5bdc58632c: ; ImmutableOopMap {}
                      ;*invokevirtual nextDouble {reexecute=0 rethrow=0 return_oop=0}
                      ; - org.apache.derbyTesting.system.oe.util.OERandom::randomInt@4 (line 124)
                      ; - org.apache.derbyTesting.system.oe.load.SimpleInsert::orderTable@136 (line 401)
  0x00007e5bdc58632c: d03f 6eff 

  0x00007e5bdc586330: ;   {other}
  0x00007e5bdc586330: 0f1f 8400 | 0000 0000 | bef6 ffff 

  0x00007e5bdc58633c: ;   {runtime_call UncommonTrapBlob}
  0x00007e5bdc58633c: ff66 90e8 

  0x00007e5bdc586340: ; ImmutableOopMap {}
                      ;*invokevirtual get {reexecute=0 rethrow=0 return_oop=0}
                      ; - java.util.Random::next@8 (line 442)
                      ; - java.util.Random::nextDouble@3 (line 698)
                      ; - org.apache.derbyTesting.system.oe.util.OERandom::randomInt@4 (line 124)
                      ; - org.apache.derbyTesting.system.oe.load.SimpleInsert::orderTable@136 (line 401)
  0x00007e5bdc586340: bc3f 6eff 

  0x00007e5bdc586344: ;   {other}
  0x00007e5bdc586344: 0f1f 8400 | 0000 0000 | bef6 ffff 

  0x00007e5bdc586350: ;   {runtime_call UncommonTrapBlob}
  0x00007e5bdc586350: ff66 90e8 

  0x00007e5bdc586354: ; ImmutableOopMap {}
                      ;*invokevirtual get {reexecute=0 rethrow=0 return_oop=0}
                      ; - java.util.Random::next@8 (line 442)
                      ; - java.util.Random::nextDouble@13 (line 698)
                      ; - org.apache.derbyTesting.system.oe.util.OERandom::randomInt@4 (line 124)
                      ; - org.apache.derbyTesting.system.oe.load.SimpleInsert::orderTable@136 (line 401)
  0x00007e5bdc586354: a83f 6eff 

  0x00007e5bdc586358: ;   {other}
  0x00007e5bdc586358: 0f1f 8400 | 0000 0000 | bef6 ffff | ff48 8b2c | 2448 8944 | 24f8 8b44 | 2438 8944 | 2404 488b 
  0x00007e5bdc586378: 4424 f848 | ff74 2430 | 488f 4424 | 0848 ff74 | 2428 488f | 4424 1048 | 8944 24f8 | 8b44 243c 
  0x00007e5bdc586398: 8944 2418 | 488b 4424 | f848 ff74 | 2440 488f | 4424 3044 | 8954 2440 

  0x00007e5bdc5863b0: ;   {runtime_call UncommonTrapBlob}
  0x00007e5bdc5863b0: 6666 90e8 

  0x00007e5bdc5863b4: ; ImmutableOopMap {rbp=Oop [8]=Oop [16]=Oop [48]=Oop [112]=Oop [168]=Oop }
                      ;*invokevirtual isDebugEnabled {reexecute=0 rethrow=0 return_oop=0}
                      ; - org.h2.message.TraceObject::isDebugEnabled@4 (line 163)
                      ; - org.h2.jdbc.JdbcPreparedStatement::setShort@1 (line 656)
                      ; - org.apache.derbyTesting.system.oe.load.SimpleInsert::orderTable@147 (line 402)
  0x00007e5bdc5863b4: 483f 6eff 

  0x00007e5bdc5863b8: ;   {other}
  0x00007e5bdc5863b8: 0f1f 8400 | 0000 0000 | bef6 ffff | ff48 8b2c | 2448 8944 | 24f8 8b44 | 2438 8944 | 2404 488b 
  0x00007e5bdc5863d8: 4424 f848 | ff74 2430 | 488f 4424 | 0848 ff74 | 2428 488f | 4424 1048 | 8944 24f8 | 8b44 243c 
  0x00007e5bdc5863f8: 8944 2418 | 488b 4424 | f848 ff74 | 2440 488f | 4424 3048 | 8944 24f8 | 8b44 2448 | 8944 241c 
  0x00007e5bdc586418: 488b 4424 

  0x00007e5bdc58641c: ;   {runtime_call UncommonTrapBlob}
  0x00007e5bdc58641c: f866 90e8 

  0x00007e5bdc586420: ; ImmutableOopMap {rbp=Oop [8]=Oop [16]=Oop [48]=Oop [112]=Oop [168]=Oop }
                      ;*invokeinterface isEnabled {reexecute=0 rethrow=0 return_oop=0}
                      ; - org.h2.message.Trace::isEnabled@13 (line 142)
                      ; - org.h2.message.Trace::isDebugEnabled@2 (line 162)
                      ; - org.h2.message.TraceObject::isDebugEnabled@4 (line 163)
                      ; - org.h2.jdbc.JdbcPreparedStatement::setShort@1 (line 656)
                      ; - org.apache.derbyTesting.system.oe.load.SimpleInsert::orderTable@147 (line 402)
  0x00007e5bdc586420: dc3e 6eff 

  0x00007e5bdc586424: ;   {other}
  0x00007e5bdc586424: 0f1f 8400 | 0000 0000 | bef6 ffff | ff48 8b2c | 2448 8944 | 24f8 8b44 | 2438 8944 | 2404 488b 
  0x00007e5bdc586444: 4424 f848 | ff74 2430 | 488f 4424 | 0848 ff74 | 2428 488f | 4424 1048 | 8944 24f8 | 8b44 243c 
  0x00007e5bdc586464: 8944 2418 | 488b 4424 

  0x00007e5bdc58646c: ;   {runtime_call UncommonTrapBlob}
  0x00007e5bdc58646c: f866 90e8 

  0x00007e5bdc586470: ; ImmutableOopMap {rbp=Oop [8]=Oop [16]=Oop [64]=Oop [112]=Oop [168]=Oop }
                      ;*invokevirtual get {reexecute=0 rethrow=0 return_oop=0}
                      ; - org.h2.engine.SessionLocal::isClosed@4 (line 1178)
                      ; - org.h2.jdbc.JdbcConnection::checkClosed@17 (line 1374)
                      ; - org.h2.jdbc.JdbcStatement::checkClosed@17 (line 1273)
                      ; - org.h2.jdbc.JdbcPreparedStatement::setParameter@1 (line 1391)
                      ; - org.h2.jdbc.JdbcPreparedStatement::setShort@50 (line 659)
                      ; - org.apache.derbyTesting.system.oe.load.SimpleInsert::orderTable@147 (line 402)
  0x00007e5bdc586470: 8c3e 6eff 

  0x00007e5bdc586474: ;   {other}
  0x00007e5bdc586474: 0f1f 8400 | 0000 0000 | bef6 ffff | ff48 8b2c | 2448 8944 | 24f8 8b44 | 2438 8944 | 2404 488b 
  0x00007e5bdc586494: 4424 f848 | ff74 2430 | 488f 4424 | 0848 ff74 | 2428 488f | 4424 1048 | 8944 24f8 | 8b44 243c 
  0x00007e5bdc5864b4: 8944 2418 | 488b 4424 

  0x00007e5bdc5864bc: ;   {runtime_call UncommonTrapBlob}
  0x00007e5bdc5864bc: f866 90e8 

  0x00007e5bdc5864c0: ; ImmutableOopMap {rbp=Oop [8]=Oop [16]=Oop [64]=Oop [112]=Oop [168]=Oop }
                      ;*invokeinterface getParameters {reexecute=0 rethrow=0 return_oop=0}
                      ; - org.h2.jdbc.JdbcPreparedStatement::setParameter@11 (line 1393)
                      ; - org.h2.jdbc.JdbcPreparedStatement::setShort@50 (line 659)
                      ; - org.apache.derbyTesting.system.oe.load.SimpleInsert::orderTable@147 (line 402)
  0x00007e5bdc5864c0: 3c3e 6eff 

  0x00007e5bdc5864c4: ;   {other}
  0x00007e5bdc5864c4: 0f1f 8400 | 0000 0000 | bef6 ffff | ff48 8b2c | 2448 8944 | 24f8 8b44 | 2438 8944 | 2404 488b 
  0x00007e5bdc5864e4: 4424 f848 | ff74 2430 | 488f 4424 | 0848 ff74 | 2428 488f | 4424 1048 | 8944 24f8 | 8b44 243c 
  0x00007e5bdc586504: 8944 2418 | 488b 4424 

  0x00007e5bdc58650c: ;   {runtime_call UncommonTrapBlob}
  0x00007e5bdc58650c: f866 90e8 

  0x00007e5bdc586510: ; ImmutableOopMap {rbp=Oop [8]=Oop [16]=Oop [64]=Oop [112]=Oop [168]=Oop }
                      ;*invokevirtual getParameters {reexecute=0 rethrow=0 return_oop=0}
                      ; - org.h2.command.CommandContainer::getParameters@4 (line 120)
                      ; - org.h2.jdbc.JdbcPreparedStatement::setParameter@11 (line 1393)
                      ; - org.h2.jdbc.JdbcPreparedStatement::setShort@50 (line 659)
                      ; - org.apache.derbyTesting.system.oe.load.SimpleInsert::orderTable@147 (line 402)
  0x00007e5bdc586510: ec3d 6eff 

  0x00007e5bdc586514: ;   {other}
  0x00007e5bdc586514: 0f1f 8400 | 0000 0000 | bef6 ffff | ff48 8b2c | 2448 8944 | 24f8 8b44 | 2438 8944 | 2404 488b 
  0x00007e5bdc586534: 4424 f848 | ff74 2430 | 488f 4424 | 0848 ff74 | 2428 488f | 4424 1048 | 8944 24f8 | 8b44 243c 
  0x00007e5bdc586554: 8944 2418 | 488b 4424 

  0x00007e5bdc58655c: ;   {runtime_call UncommonTrapBlob}
  0x00007e5bdc58655c: f866 90e8 

  0x00007e5bdc586560: ; ImmutableOopMap {rbp=Oop [8]=Oop [16]=Oop [64]=Oop [112]=Oop [168]=Oop }
                      ;*invokevirtual size {reexecute=0 rethrow=0 return_oop=0}
                      ; - org.h2.command.CommandContainer::getParameters@9 (line 121)
                      ; - org.h2.jdbc.JdbcPreparedStatement::setParameter@11 (line 1393)
                      ; - org.h2.jdbc.JdbcPreparedStatement::setShort@50 (line 659)
                      ; - org.apache.derbyTesting.system.oe.load.SimpleInsert::orderTable@147 (line 402)
  0x00007e5bdc586560: 9c3d 6eff 

  0x00007e5bdc586564: ;   {other}
  0x00007e5bdc586564: 0f1f 8400 | 0000 0000 | bef6 ffff | ff48 8b2c | 2448 8944 | 24f8 8b44 | 2438 8944 | 2404 488b 
  0x00007e5bdc586584: 4424 f848 | ff74 2430 | 488f 4424 | 0848 ff74 | 2428 488f | 4424 1048 | 8944 24f8 | 8b44 243c 
  0x00007e5bdc5865a4: 8944 2418 | 488b 4424 

  0x00007e5bdc5865ac: ;   {runtime_call UncommonTrapBlob}
  0x00007e5bdc5865ac: f866 90e8 

  0x00007e5bdc5865b0: ; ImmutableOopMap {rbp=Oop [8]=Oop [16]=Oop [64]=Oop [112]=Oop [168]=Oop }
                      ;*aaload {reexecute=0 rethrow=0 return_oop=0}
                      ; - java.util.ArrayList::elementData@5 (line 411)
                      ; - java.util.ArrayList::get@11 (line 428)
                      ; - org.h2.jdbc.JdbcPreparedStatement::setParameter@43 (line 1398)
                      ; - org.h2.jdbc.JdbcPreparedStatement::setShort@50 (line 659)
                      ; - org.apache.derbyTesting.system.oe.load.SimpleInsert::orderTable@147 (line 402)
  0x00007e5bdc5865b0: 4c3d 6eff 

  0x00007e5bdc5865b4: ;   {other}
  0x00007e5bdc5865b4: 0f1f 8400 | 0000 0000 | bef4 ffff | ff48 8b2c | 2448 8944 | 24f8 8b44 | 2438 8944 | 2404 488b 
  0x00007e5bdc5865d4: 4424 f848 | ff74 2430 | 488f 4424 | 0848 ff74 | 2428 488f | 4424 1048 | 8944 24f8 | 8b44 243c 
  0x00007e5bdc5865f4: 8944 2418 | 488b 4424 | f848 ff74 | 2440 488f | 4424 3048 | 8944 24f8 | 8b44 2448 | 8944 241c 
  0x00007e5bdc586614: 488b 4424 | f84c 895c 

  0x00007e5bdc58661c: ;   {runtime_call UncommonTrapBlob}
  0x00007e5bdc58661c: 2448 90e8 

  0x00007e5bdc586620: ; ImmutableOopMap {rbp=Oop [8]=Oop [16]=Oop [48]=Oop [72]=Oop [112]=Oop [168]=Oop }
                      ;*checkcast {reexecute=0 rethrow=0 return_oop=0}
                      ; - org.h2.jdbc.JdbcPreparedStatement::setParameter@46 (line 1398)
                      ; - org.h2.jdbc.JdbcPreparedStatement::setShort@50 (line 659)
                      ; - org.apache.derbyTesting.system.oe.load.SimpleInsert::orderTable@147 (line 402)
  0x00007e5bdc586620: dc3c 6eff 

  0x00007e5bdc586624: ;   {other}
  0x00007e5bdc586624: 0f1f 8400 | 0000 0000 | bef6 ffff | ff48 8b2c | 2448 8944 | 24f8 8b44 | 2438 8944 | 2404 488b 
  0x00007e5bdc586644: 4424 f848 | ff74 2430 | 488f 4424 | 0848 ff74 | 2428 488f | 4424 1048 | 8944 24f8 | 8b44 243c 
  0x00007e5bdc586664: 8944 2418 | 488b 4424 

  0x00007e5bdc58666c: ;   {runtime_call UncommonTrapBlob}
  0x00007e5bdc58666c: f866 90e8 

  0x00007e5bdc586670: ; ImmutableOopMap {rbp=Oop [8]=Oop [16]=Oop [64]=Oop [112]=Oop [168]=Oop }
                      ;*invokevirtual isDebugEnabled {reexecute=0 rethrow=0 return_oop=0}
                      ; - org.h2.message.TraceObject::isDebugEnabled@4 (line 163)
                      ; - org.h2.jdbc.JdbcPreparedStatement::setShort@1 (line 656)
                      ; - org.apache.derbyTesting.system.oe.load.SimpleInsert::orderTable@157 (line 403)
  0x00007e5bdc586670: 8c3c 6eff 

  0x00007e5bdc586674: ;   {other}
  0x00007e5bdc586674: 0f1f 8400 | 0000 0000 | bef6 ffff | ff48 8b2c | 2448 8944 | 24f8 8b44 | 2438 8944 | 2404 488b 
  0x00007e5bdc586694: 4424 f848 | ff74 2430 | 488f 4424 | 0848 ff74 | 2428 488f | 4424 1048 | 8944 24f8 | 8b44 243c 
  0x00007e5bdc5866b4: 8944 2418 | 488b 4424 

  0x00007e5bdc5866bc: ;   {runtime_call UncommonTrapBlob}
  0x00007e5bdc5866bc: f866 90e8 

  0x00007e5bdc5866c0: ; ImmutableOopMap {rbp=Oop [8]=Oop [16]=Oop [64]=Oop [112]=Oop [168]=Oop }
                      ;*invokeinterface isEnabled {reexecute=0 rethrow=0 return_oop=0}
                      ; - org.h2.message.Trace::isEnabled@13 (line 142)
                      ; - org.h2.message.Trace::isDebugEnabled@2 (line 162)
                      ; - org.h2.message.TraceObject::isDebugEnabled@4 (line 163)
                      ; - org.h2.jdbc.JdbcPreparedStatement::setShort@1 (line 656)
                      ; - org.apache.derbyTesting.system.oe.load.SimpleInsert::orderTable@157 (line 403)
  0x00007e5bdc5866c0: 3c3c 6eff 

  0x00007e5bdc5866c4: ;   {other}
  0x00007e5bdc5866c4: 0f1f 8400 | 0000 0000 | bef6 ffff | ff48 8b2c | 2448 8944 | 24f8 8b44 | 2438 8944 | 2404 488b 
  0x00007e5bdc5866e4: 4424 f848 | ff74 2430 | 488f 4424 | 0848 ff74 | 2428 488f | 4424 1048 | 8944 24f8 | 8b44 243c 
  0x00007e5bdc586704: 8944 2418 | 488b 4424 

  0x00007e5bdc58670c: ;   {runtime_call UncommonTrapBlob}
  0x00007e5bdc58670c: f866 90e8 

  0x00007e5bdc586710: ; ImmutableOopMap {rbp=Oop [8]=Oop [16]=Oop [64]=Oop [112]=Oop [168]=Oop }
                      ;*invokevirtual get {reexecute=0 rethrow=0 return_oop=0}
                      ; - org.h2.engine.SessionLocal::isClosed@4 (line 1178)
                      ; - org.h2.jdbc.JdbcConnection::checkClosed@17 (line 1374)
                      ; - org.h2.jdbc.JdbcStatement::checkClosed@17 (line 1273)
                      ; - org.h2.jdbc.JdbcPreparedStatement::setParameter@1 (line 1391)
                      ; - org.h2.jdbc.JdbcPreparedStatement::setShort@50 (line 659)
                      ; - org.apache.derbyTesting.system.oe.load.SimpleInsert::orderTable@157 (line 403)
  0x00007e5bdc586710: ec3b 6eff 

  0x00007e5bdc586714: ;   {other}
  0x00007e5bdc586714: 0f1f 8400 | 0000 0000 | bef6 ffff | ff48 8b2c | 2448 8944 | 24f8 8b44 | 2438 8944 | 2404 488b 
  0x00007e5bdc586734: 4424 f848 | ff74 2430 | 488f 4424 | 0848 ff74 | 2428 488f | 4424 1048 | 8944 24f8 | 8b44 243c 
  0x00007e5bdc586754: 8944 2418 | 488b 4424 

  0x00007e5bdc58675c: ;   {runtime_call UncommonTrapBlob}
  0x00007e5bdc58675c: f866 90e8 

  0x00007e5bdc586760: ; ImmutableOopMap {rbp=Oop [8]=Oop [16]=Oop [64]=Oop [112]=Oop [168]=Oop }
                      ;*invokeinterface getParameters {reexecute=0 rethrow=0 return_oop=0}
                      ; - org.h2.jdbc.JdbcPreparedStatement::setParameter@11 (line 1393)
                      ; - org.h2.jdbc.JdbcPreparedStatement::setShort@50 (line 659)
                      ; - org.apache.derbyTesting.system.oe.load.SimpleInsert::orderTable@157 (line 403)
  0x00007e5bdc586760: 9c3b 6eff 

  0x00007e5bdc586764: ;   {other}
  0x00007e5bdc586764: 0f1f 8400 | 0000 0000 | bef6 ffff | ff48 8b2c | 2448 8944 | 24f8 8b44 | 2438 8944 | 2404 488b 
  0x00007e5bdc586784: 4424 f848 | ff74 2430 | 488f 4424 | 0848 ff74 | 2428 488f | 4424 1048 | 8944 24f8 | 8b44 243c 
  0x00007e5bdc5867a4: 8944 2418 | 488b 4424 

  0x00007e5bdc5867ac: ;   {runtime_call UncommonTrapBlob}
  0x00007e5bdc5867ac: f866 90e8 

  0x00007e5bdc5867b0: ; ImmutableOopMap {rbp=Oop [8]=Oop [16]=Oop [64]=Oop [112]=Oop [168]=Oop }
                      ;*invokevirtual getParameters {reexecute=0 rethrow=0 return_oop=0}
                      ; - org.h2.command.CommandContainer::getParameters@4 (line 120)
                      ; - org.h2.jdbc.JdbcPreparedStatement::setParameter@11 (line 1393)
                      ; - org.h2.jdbc.JdbcPreparedStatement::setShort@50 (line 659)
                      ; - org.apache.derbyTesting.system.oe.load.SimpleInsert::orderTable@157 (line 403)
  0x00007e5bdc5867b0: 4c3b 6eff 

  0x00007e5bdc5867b4: ;   {other}
  0x00007e5bdc5867b4: 0f1f 8400 | 0000 0000 | bef6 ffff | ff48 8b2c | 2448 8944 | 24f8 8b44 | 2438 8944 | 2404 488b 
  0x00007e5bdc5867d4: 4424 f848 | ff74 2430 | 488f 4424 | 0848 ff74 | 2428 488f | 4424 1048 | 8944 24f8 | 8b44 243c 
  0x00007e5bdc5867f4: 8944 2418 | 488b 4424 

  0x00007e5bdc5867fc: ;   {runtime_call UncommonTrapBlob}
  0x00007e5bdc5867fc: f866 90e8 

  0x00007e5bdc586800: ; ImmutableOopMap {rbp=Oop [8]=Oop [16]=Oop [64]=Oop [112]=Oop [168]=Oop }
                      ;*invokevirtual size {reexecute=0 rethrow=0 return_oop=0}
                      ; - org.h2.command.CommandContainer::getParameters@9 (line 121)
                      ; - org.h2.jdbc.JdbcPreparedStatement::setParameter@11 (line 1393)
                      ; - org.h2.jdbc.JdbcPreparedStatement::setShort@50 (line 659)
                      ; - org.apache.derbyTesting.system.oe.load.SimpleInsert::orderTable@157 (line 403)
  0x00007e5bdc586800: fc3a 6eff 

  0x00007e5bdc586804: ;   {other}
  0x00007e5bdc586804: 0f1f 8400 | 0000 0000 | bef6 ffff | ff48 8b2c | 2448 8944 | 24f8 8b44 | 2438 8944 | 2404 488b 
  0x00007e5bdc586824: 4424 f848 | ff74 2430 | 488f 4424 | 0848 ff74 | 2428 488f | 4424 1048 | 8944 24f8 | 8b44 243c 
  0x00007e5bdc586844: 8944 2418 | 488b 4424 

  0x00007e5bdc58684c: ;   {runtime_call UncommonTrapBlob}
  0x00007e5bdc58684c: f866 90e8 

  0x00007e5bdc586850: ; ImmutableOopMap {rbp=Oop [8]=Oop [16]=Oop [64]=Oop [112]=Oop [168]=Oop }
                      ;*aaload {reexecute=0 rethrow=0 return_oop=0}
                      ; - java.util.ArrayList::elementData@5 (line 411)
                      ; - java.util.ArrayList::get@11 (line 428)
                      ; - org.h2.jdbc.JdbcPreparedStatement::setParameter@43 (line 1398)
                      ; - org.h2.jdbc.JdbcPreparedStatement::setShort@50 (line 659)
                      ; - org.apache.derbyTesting.system.oe.load.SimpleInsert::orderTable@157 (line 403)
  0x00007e5bdc586850: ac3a 6eff 

  0x00007e5bdc586854: ;   {other}
  0x00007e5bdc586854: 0f1f 8400 | 0000 0000 | bef4 ffff | ff48 8b2c | 2448 8944 | 24f8 8b44 | 2438 8944 | 2404 488b 
  0x00007e5bdc586874: 4424 f848 | ff74 2430 | 488f 4424 | 0848 ff74 | 2428 488f | 4424 1048 | 8944 24f8 | 8b44 243c 
  0x00007e5bdc586894: 8944 2418 | 488b 4424 | f848 ff74 | 2440 488f | 4424 304c | 8954 2448 

  0x00007e5bdc5868ac: ;   {runtime_call UncommonTrapBlob}
  0x00007e5bdc5868ac: 6666 90e8 

  0x00007e5bdc5868b0: ; ImmutableOopMap {rbp=Oop [8]=Oop [16]=Oop [48]=Oop [72]=Oop [112]=Oop [168]=Oop }
                      ;*checkcast {reexecute=0 rethrow=0 return_oop=0}
                      ; - org.h2.jdbc.JdbcPreparedStatement::setParameter@46 (line 1398)
                      ; - org.h2.jdbc.JdbcPreparedStatement::setShort@50 (line 659)
                      ; - org.apache.derbyTesting.system.oe.load.SimpleInsert::orderTable@157 (line 403)
  0x00007e5bdc5868b0: 4c3a 6eff 

  0x00007e5bdc5868b4: ;   {other}
  0x00007e5bdc5868b4: 0f1f 8400 | 0000 0000 | 4c8b d0eb | 034c 8bd0 | 498b dae9 | e068 ffff | 4c8b d0eb | 034c 8bd0 
  0x00007e5bdc5868d4: 498b dae9 | d068 ffff | 4c8b d0e9 | c568 ffff | be45 ffff | ff48 8b2c | 2448 8944 | 24f8 8b44 
  0x00007e5bdc5868f4: 2438 8944 | 2404 488b | 4424 f848 | ff74 2430 | 488f 4424 | 0848 ff74 | 2428 488f | 4424 1048 
  0x00007e5bdc586914: 8944 24f8 | 8b44 243c | 8944 2418 | 488b 4424 | f848 ff74 | 2440 488f | 4424 2844 | 895c 241c 
  0x00007e5bdc586934: 4489 5424 

  0x00007e5bdc586938: ;   {runtime_call UncommonTrapBlob}
  0x00007e5bdc586938: 4066 90e8 

  0x00007e5bdc58693c: ; ImmutableOopMap {rbp=Oop [8]=Oop [16]=Oop [28]=NarrowOop [40]=Oop [64]=NarrowOop [112]=Oop }
                      ;*ifnonnull {reexecute=1 rethrow=0 return_oop=0}
                      ; - (reexecute) org.h2.jdbc.JdbcStatement::checkClosed@4 (line 1270)
                      ; - org.h2.jdbc.JdbcPreparedStatement::setParameter@1 (line 1391)
                      ; - org.h2.jdbc.JdbcPreparedStatement::setInt@50 (line 359)
                      ; - org.apache.derbyTesting.system.oe.load.SimpleInsert::orderTable@81 (line 393)
  0x00007e5bdc58693c: c039 6eff 

  0x00007e5bdc586940: ;   {other}
  0x00007e5bdc586940: 0f1f 8400 | 0000 0000 | be45 ffff | ff48 8944 | 24f8 8b44 | 2438 8944 | 240c 488b | 4424 f848 
  0x00007e5bdc586960: ff74 2430 | 488f 4424 | 1048 ff74 | 2428 488f | 4424 1848 | 8944 24f8 | 8b44 243c | 8944 2420 
  0x00007e5bdc586980: 488b 4424 | f848 ff74 | 2440 488f | 4424 3044 | 895c 2424 

  0x00007e5bdc586994: ;   {runtime_call UncommonTrapBlob}
  0x00007e5bdc586994: 6666 90e8 

  0x00007e5bdc586998: ; ImmutableOopMap {rbp=NarrowOop [0]=Oop [16]=Oop [24]=Oop [36]=NarrowOop [48]=Oop [112]=Oop }
                      ;*ifnonnull {reexecute=1 rethrow=0 return_oop=0}
                      ; - (reexecute) org.h2.jdbc.JdbcConnection::checkClosed@4 (line 1371)
                      ; - org.h2.jdbc.JdbcStatement::checkClosed@17 (line 1273)
                      ; - org.h2.jdbc.JdbcPreparedStatement::setParameter@1 (line 1391)
                      ; - org.h2.jdbc.JdbcPreparedStatement::setInt@50 (line 359)
                      ; - org.apache.derbyTesting.system.oe.load.SimpleInsert::orderTable@81 (line 393)
  0x00007e5bdc586998: 6439 6eff 

  0x00007e5bdc58699c: ;   {other}
  0x00007e5bdc58699c: 0f1f 8400 | 0000 0000 | be45 ffff | ff48 8b2c | 2448 8944 | 24f8 8b44 | 2438 8944 | 2404 488b 
  0x00007e5bdc5869bc: 4424 f848 | ff74 2430 | 488f 4424 | 0848 ff74 | 2428 488f | 4424 1048 | 8944 24f8 | 8b44 243c 
  0x00007e5bdc5869dc: 8944 2418 | 488b 4424 | f848 ff74 | 2440 488f | 4424 2844 | 895c 241c | 4489 4424 

  0x00007e5bdc5869f8: ;   {runtime_call UncommonTrapBlob}
  0x00007e5bdc5869f8: 4066 90e8 

  0x00007e5bdc5869fc: ; ImmutableOopMap {rbp=Oop [8]=Oop [16]=Oop [28]=NarrowOop [40]=Oop [64]=NarrowOop [112]=Oop }
                      ;*ifnonnull {reexecute=1 rethrow=0 return_oop=0}
                      ; - (reexecute) org.h2.jdbc.JdbcStatement::checkClosed@4 (line 1270)
                      ; - org.h2.jdbc.JdbcPreparedStatement::setParameter@1 (line 1391)
                      ; - org.h2.jdbc.JdbcPreparedStatement::setInt@50 (line 359)
                      ; - org.apache.derbyTesting.system.oe.load.SimpleInsert::orderTable@95 (line 394)
  0x00007e5bdc5869fc: 0039 6eff 

  0x00007e5bdc586a00: ;   {other}
  0x00007e5bdc586a00: 0f1f 8400 | 0000 0000 | be45 ffff | ff48 8944 | 24f8 8b44 | 2438 8944 | 240c 488b | 4424 f848 
  0x00007e5bdc586a20: ff74 2430 | 488f 4424 | 1048 ff74 | 2428 488f | 4424 1848 | 8944 24f8 | 8b44 243c | 8944 2420 
  0x00007e5bdc586a40: 488b 4424 | f848 ff74 | 2440 488f | 4424 3044 | 895c 2424 

  0x00007e5bdc586a54: ;   {runtime_call UncommonTrapBlob}
  0x00007e5bdc586a54: 6666 90e8 

  0x00007e5bdc586a58: ; ImmutableOopMap {rbp=NarrowOop [0]=Oop [16]=Oop [24]=Oop [36]=NarrowOop [48]=Oop [112]=Oop }
                      ;*ifnonnull {reexecute=1 rethrow=0 return_oop=0}
                      ; - (reexecute) org.h2.jdbc.JdbcConnection::checkClosed@4 (line 1371)
                      ; - org.h2.jdbc.JdbcStatement::checkClosed@17 (line 1273)
                      ; - org.h2.jdbc.JdbcPreparedStatement::setParameter@1 (line 1391)
                      ; - org.h2.jdbc.JdbcPreparedStatement::setInt@50 (line 359)
                      ; - org.apache.derbyTesting.system.oe.load.SimpleInsert::orderTable@95 (line 394)
  0x00007e5bdc586a58: a438 6eff 

  0x00007e5bdc586a5c: ;   {other}
  0x00007e5bdc586a5c: 0f1f 8400 | 0000 0000 | bef6 ffff | ff48 8b2c | 2448 ff74 | 2410 488f | 4424 0848 | ff74 2428 
  0x00007e5bdc586a7c: 488f 4424 

  0x00007e5bdc586a80: ;   {runtime_call UncommonTrapBlob}
  0x00007e5bdc586a80: 1066 90e8 

  0x00007e5bdc586a84: ; ImmutableOopMap {rbp=Oop [8]=Oop [16]=Oop [64]=Oop [96]=Oop }
                      ;*invokevirtual isDebugEnabled {reexecute=0 rethrow=0 return_oop=0}
                      ; - org.h2.message.TraceObject::isDebugEnabled@4 (line 163)
                      ; - org.h2.jdbc.JdbcPreparedStatement::setInt@1 (line 356)
                      ; - org.apache.derbyTesting.system.oe.load.SimpleInsert::orderTable@446 (line 440)
  0x00007e5bdc586a84: 7838 6eff 

  0x00007e5bdc586a88: ;   {other}
  0x00007e5bdc586a88: 0f1f 8400 | 0000 0000 | bef6 ffff | ff48 8b2c | 2448 ff74 | 2410 488f | 4424 0848 | ff74 2428 
  0x00007e5bdc586aa8: 488f 4424 

  0x00007e5bdc586aac: ;   {runtime_call UncommonTrapBlob}
  0x00007e5bdc586aac: 1066 90e8 

  0x00007e5bdc586ab0: ; ImmutableOopMap {rbp=Oop [8]=Oop [16]=Oop [64]=Oop [96]=Oop }
                      ;*invokeinterface isEnabled {reexecute=0 rethrow=0 return_oop=0}
                      ; - org.h2.message.Trace::isEnabled@13 (line 142)
                      ; - org.h2.message.Trace::isDebugEnabled@2 (line 162)
                      ; - org.h2.message.TraceObject::isDebugEnabled@4 (line 163)
                      ; - org.h2.jdbc.JdbcPreparedStatement::setInt@1 (line 356)
                      ; - org.apache.derbyTesting.system.oe.load.SimpleInsert::orderTable@446 (line 440)
  0x00007e5bdc586ab0: 4c38 6eff 

  0x00007e5bdc586ab4: ;   {other}
  0x00007e5bdc586ab4: 0f1f 8400 | 0000 0000 | bef6 ffff | ff48 8b2c | 2448 ff74 | 2410 488f | 4424 0848 | ff74 2428 
  0x00007e5bdc586ad4: 488f 4424 

  0x00007e5bdc586ad8: ;   {runtime_call UncommonTrapBlob}
  0x00007e5bdc586ad8: 1066 90e8 

  0x00007e5bdc586adc: ; ImmutableOopMap {rbp=Oop [8]=Oop [16]=Oop [64]=Oop [96]=Oop }
                      ;*invokevirtual get {reexecute=0 rethrow=0 return_oop=0}
                      ; - org.h2.engine.SessionLocal::isClosed@4 (line 1178)
                      ; - org.h2.jdbc.JdbcConnection::checkClosed@17 (line 1374)
                      ; - org.h2.jdbc.JdbcStatement::checkClosed@17 (line 1273)
                      ; - org.h2.jdbc.JdbcPreparedStatement::setParameter@1 (line 1391)
                      ; - org.h2.jdbc.JdbcPreparedStatement::setInt@50 (line 359)
                      ; - org.apache.derbyTesting.system.oe.load.SimpleInsert::orderTable@446 (line 440)
  0x00007e5bdc586adc: 2038 6eff 

  0x00007e5bdc586ae0: ;   {other}
  0x00007e5bdc586ae0: 0f1f 8400 | 0000 0000 | bef6 ffff | ff48 8b2c | 2448 ff74 | 2410 488f | 4424 0848 | ff74 2428 
  0x00007e5bdc586b00: 488f 4424 

  0x00007e5bdc586b04: ;   {runtime_call UncommonTrapBlob}
  0x00007e5bdc586b04: 1066 90e8 

  0x00007e5bdc586b08: ; ImmutableOopMap {rbp=Oop [8]=Oop [16]=Oop [64]=Oop [96]=Oop }
                      ;*invokeinterface getParameters {reexecute=0 rethrow=0 return_oop=0}
                      ; - org.h2.jdbc.JdbcPreparedStatement::setParameter@11 (line 1393)
                      ; - org.h2.jdbc.JdbcPreparedStatement::setInt@50 (line 359)
                      ; - org.apache.derbyTesting.system.oe.load.SimpleInsert::orderTable@446 (line 440)
  0x00007e5bdc586b08: f437 6eff 

  0x00007e5bdc586b0c: ;   {other}
  0x00007e5bdc586b0c: 0f1f 8400 | 0000 0000 | bef6 ffff | ff48 8b2c | 2448 ff74 | 2410 488f | 4424 0848 | ff74 2428 
  0x00007e5bdc586b2c: 488f 4424 

  0x00007e5bdc586b30: ;   {runtime_call UncommonTrapBlob}
  0x00007e5bdc586b30: 1066 90e8 

  0x00007e5bdc586b34: ; ImmutableOopMap {rbp=Oop [8]=Oop [16]=Oop [64]=Oop [96]=Oop }
                      ;*invokevirtual getParameters {reexecute=0 rethrow=0 return_oop=0}
                      ; - org.h2.command.CommandContainer::getParameters@4 (line 120)
                      ; - org.h2.jdbc.JdbcPreparedStatement::setParameter@11 (line 1393)
                      ; - org.h2.jdbc.JdbcPreparedStatement::setInt@50 (line 359)
                      ; - org.apache.derbyTesting.system.oe.load.SimpleInsert::orderTable@446 (line 440)
  0x00007e5bdc586b34: c837 6eff 

  0x00007e5bdc586b38: ;   {other}
  0x00007e5bdc586b38: 0f1f 8400 | 0000 0000 | bef6 ffff | ff48 8b2c | 2448 ff74 | 2410 488f | 4424 0848 | ff74 2428 
  0x00007e5bdc586b58: 488f 4424 

  0x00007e5bdc586b5c: ;   {runtime_call UncommonTrapBlob}
  0x00007e5bdc586b5c: 1066 90e8 

  0x00007e5bdc586b60: ; ImmutableOopMap {rbp=Oop [8]=Oop [16]=Oop [64]=Oop [96]=Oop }
                      ;*invokevirtual size {reexecute=0 rethrow=0 return_oop=0}
                      ; - org.h2.command.CommandContainer::getParameters@9 (line 121)
                      ; - org.h2.jdbc.JdbcPreparedStatement::setParameter@11 (line 1393)
                      ; - org.h2.jdbc.JdbcPreparedStatement::setInt@50 (line 359)
                      ; - org.apache.derbyTesting.system.oe.load.SimpleInsert::orderTable@446 (line 440)
  0x00007e5bdc586b60: 9c37 6eff 

  0x00007e5bdc586b64: ;   {other}
  0x00007e5bdc586b64: 0f1f 8400 | 0000 0000 | bef6 ffff | ff48 8b2c | 2448 ff74 | 2410 488f | 4424 0848 | ff74 2428 
  0x00007e5bdc586b84: 488f 4424 

  0x00007e5bdc586b88: ;   {runtime_call UncommonTrapBlob}
  0x00007e5bdc586b88: 1066 90e8 

  0x00007e5bdc586b8c: ; ImmutableOopMap {rbp=Oop [8]=Oop [16]=Oop [64]=Oop [96]=Oop }
                      ;*aaload {reexecute=0 rethrow=0 return_oop=0}
                      ; - java.util.ArrayList::elementData@5 (line 411)
                      ; - java.util.ArrayList::get@11 (line 428)
                      ; - org.h2.jdbc.JdbcPreparedStatement::setParameter@43 (line 1398)
                      ; - org.h2.jdbc.JdbcPreparedStatement::setInt@50 (line 359)
                      ; - org.apache.derbyTesting.system.oe.load.SimpleInsert::orderTable@446 (line 440)
  0x00007e5bdc586b8c: 7037 6eff 

  0x00007e5bdc586b90: ;   {other}
  0x00007e5bdc586b90: 0f1f 8400 | 0000 0000 | bef4 ffff | ff48 8b2c | 2448 8944 | 24f8 8b44 | 2438 8944 | 2404 488b 
  0x00007e5bdc586bb0: 4424 f848 | ff74 2410 | 488f 4424 | 0848 ff74 | 2428 488f | 4424 1044 | 895c 241c 

  0x00007e5bdc586bcc: ;   {runtime_call UncommonTrapBlob}
  0x00007e5bdc586bcc: 6666 90e8 

  0x00007e5bdc586bd0: ; ImmutableOopMap {rbp=Oop [8]=Oop [16]=Oop [28]=NarrowOop [64]=Oop [96]=Oop }
                      ;*checkcast {reexecute=0 rethrow=0 return_oop=0}
                      ; - org.h2.jdbc.JdbcPreparedStatement::setParameter@46 (line 1398)
                      ; - org.h2.jdbc.JdbcPreparedStatement::setInt@50 (line 359)
                      ; - org.apache.derbyTesting.system.oe.load.SimpleInsert::orderTable@446 (line 440)
  0x00007e5bdc586bd0: 2c37 6eff 

  0x00007e5bdc586bd4: ;   {other}
  0x00007e5bdc586bd4: 0f1f 8400 | 0000 0000 | bef6 ffff | ff48 8b2c | 2448 ff74 | 2410 488f | 4424 0848 | ff74 2428 
  0x00007e5bdc586bf4: 488f 4424 

  0x00007e5bdc586bf8: ;   {runtime_call UncommonTrapBlob}
  0x00007e5bdc586bf8: 1066 90e8 

  0x00007e5bdc586bfc: ; ImmutableOopMap {rbp=Oop [8]=Oop [16]=Oop [64]=Oop [96]=Oop }
                      ;*invokevirtual isDebugEnabled {reexecute=0 rethrow=0 return_oop=0}
                      ; - org.h2.message.TraceObject::debugCodeCall@4 (line 198)
                      ; - org.h2.jdbc.JdbcPreparedStatement::executeUpdate@3 (line 166)
                      ; - org.apache.derbyTesting.system.oe.load.SimpleInsert::orderTable@453 (line 441)
  0x00007e5bdc586bfc: 0037 6eff 

  0x00007e5bdc586c00: ;   {other}
  0x00007e5bdc586c00: 0f1f 8400 | 0000 0000 | bef6 ffff | ff48 8b2c | 2448 ff74 | 2410 488f | 4424 0848 | ff74 2428 
  0x00007e5bdc586c20: 488f 4424 

  0x00007e5bdc586c24: ;   {runtime_call UncommonTrapBlob}
  0x00007e5bdc586c24: 1066 90e8 

  0x00007e5bdc586c28: ; ImmutableOopMap {rbp=Oop [8]=Oop [16]=Oop [64]=Oop [96]=Oop }
                      ;*invokeinterface isEnabled {reexecute=0 rethrow=0 return_oop=0}
                      ; - org.h2.message.Trace::isEnabled@13 (line 142)
                      ; - org.h2.message.Trace::isDebugEnabled@2 (line 162)
                      ; - org.h2.message.TraceObject::debugCodeCall@4 (line 198)
                      ; - org.h2.jdbc.JdbcPreparedStatement::executeUpdate@3 (line 166)
                      ; - org.apache.derbyTesting.system.oe.load.SimpleInsert::orderTable@453 (line 441)
  0x00007e5bdc586c28: d436 6eff 

  0x00007e5bdc586c2c: ;   {other}
  0x00007e5bdc586c2c: 0f1f 8400 | 0000 0000 | bef6 ffff | ff48 8b2c | 2448 ff74 | 2410 488f | 4424 0848 | ff74 2428 
  0x00007e5bdc586c4c: 488f 4424 

  0x00007e5bdc586c50: ;   {runtime_call UncommonTrapBlob}
  0x00007e5bdc586c50: 1066 90e8 

  0x00007e5bdc586c54: ; ImmutableOopMap {rbp=Oop [8]=Oop [16]=Oop [64]=Oop [96]=Oop }
                      ;*invokevirtual get {reexecute=0 rethrow=0 return_oop=0}
                      ; - org.h2.engine.SessionLocal::isClosed@4 (line 1178)
                      ; - org.h2.jdbc.JdbcConnection::checkClosed@17 (line 1374)
                      ; - org.h2.jdbc.JdbcStatement::checkClosed@17 (line 1273)
                      ; - org.h2.jdbc.JdbcPreparedStatement::executeUpdate@7 (line 167)
                      ; - org.apache.derbyTesting.system.oe.load.SimpleInsert::orderTable@453 (line 441)
  0x00007e5bdc586c54: a836 6eff 

  0x00007e5bdc586c58: ;   {other}
  0x00007e5bdc586c58: 0f1f 8400 | 0000 0000 | bef6 ffff | ff48 8b2c | 2448 8944 | 24f8 8b44 | 2438 8944 | 2404 488b 
  0x00007e5bdc586c78: 4424 f848 | ff74 2410 | 488f 4424 | 0848 ff74 | 2428 488f | 4424 1048 | ff74 2440 | 488f 4424 
  0x00007e5bdc586c98: 2844 8944 

  0x00007e5bdc586c9c: ;   {runtime_call UncommonTrapBlob}
  0x00007e5bdc586c9c: 2420 90e8 

  0x00007e5bdc586ca0: ; ImmutableOopMap {rbp=Oop [8]=Oop [16]=Oop [32]=NarrowOop [36]=NarrowOop [40]=Oop [96]=Oop }
                      ;*invokeinterface executeUpdate {reexecute=0 rethrow=0 return_oop=0}
                      ; - org.h2.jdbc.JdbcPreparedStatement::executeUpdateInternal@27 (line 209)
                      ; - org.h2.jdbc.JdbcPreparedStatement::executeUpdate@16 (line 169)
                      ; - org.apache.derbyTesting.system.oe.load.SimpleInsert::orderTable@453 (line 441)
  0x00007e5bdc586ca0: 5c36 6eff 

  0x00007e5bdc586ca4: ;   {other}
  0x00007e5bdc586ca4: 0f1f 8400 | 0000 0000 | bef6 ffff | ff48 8b2c | 2448 8944 | 24f8 8b44 | 2438 8944 | 2404 488b 
  0x00007e5bdc586cc4: 4424 f848 | ff74 2410 | 488f 4424 | 0848 ff74 | 2428 488f | 4424 1048 | ff74 2440 | 488f 4424 
  0x00007e5bdc586ce4: 2848 8944 | 24f8 8b44 | 2424 8944 | 241c 488b 

  0x00007e5bdc586cf4: ;   {runtime_call UncommonTrapBlob}
  0x00007e5bdc586cf4: 4424 f8e8 

  0x00007e5bdc586cf8: ; ImmutableOopMap {rbp=Oop [8]=Oop [16]=Oop [28]=NarrowOop [40]=Oop [96]=Oop }
                      ;*invokevirtual getUpdateCount {reexecute=0 rethrow=0 return_oop=0}
                      ; - org.h2.jdbc.JdbcPreparedStatement::executeUpdateInternal@35 (line 210)
                      ; - org.h2.jdbc.JdbcPreparedStatement::executeUpdate@16 (line 169)
                      ; - org.apache.derbyTesting.system.oe.load.SimpleInsert::orderTable@453 (line 441)
  0x00007e5bdc586cf8: 0436 6eff 

  0x00007e5bdc586cfc: ;   {other}
  0x00007e5bdc586cfc: 0f1f 8400 | 0000 0000 | bef6 ffff | ff48 8b2c | 2448 8944 | 24f8 8b44 | 2438 8944 | 2404 488b 
  0x00007e5bdc586d1c: 4424 f848 | ff74 2410 | 488f 4424 | 0848 ff74 | 2428 488f | 4424 1048 | ff74 2440 | 488f 4424 
  0x00007e5bdc586d3c: 2848 8944 | 24f8 8b44 | 2424 8944 | 241c 488b 

  0x00007e5bdc586d4c: ;   {runtime_call UncommonTrapBlob}
  0x00007e5bdc586d4c: 4424 f8e8 

  0x00007e5bdc586d50: ; ImmutableOopMap {rbp=Oop [8]=Oop [16]=Oop [28]=NarrowOop [40]=Oop [96]=Oop }
                      ;*invokevirtual setExecutingStatement {reexecute=0 rethrow=0 return_oop=0}
                      ; - org.h2.jdbc.JdbcStatement::setExecutingStatement@9 (line 1304)
                      ; - org.h2.jdbc.JdbcPreparedStatement::executeUpdateInternal@84 (line 217)
                      ; - org.h2.jdbc.JdbcPreparedStatement::executeUpdate@16 (line 169)
                      ; - org.apache.derbyTesting.system.oe.load.SimpleInsert::orderTable@453 (line 441)
  0x00007e5bdc586d50: ac35 6eff 

  0x00007e5bdc586d54: ;   {other}
  0x00007e5bdc586d54: 0f1f 8400 | 0000 0000 | bef6 ffff | ff48 8b2c | 2448 8944 | 24f8 8b44 | 2438 8944 | 2404 488b 
  0x00007e5bdc586d74: 4424 f848 | ff74 2430 | 488f 4424 | 0848 ff74 | 2428 488f | 4424 1044 | 895c 2418 

  0x00007e5bdc586d90: ;   {runtime_call UncommonTrapBlob}
  0x00007e5bdc586d90: 6666 90e8 

  0x00007e5bdc586d94: ; ImmutableOopMap {rbp=Oop [8]=Oop [16]=Oop [64]=Oop [112]=Oop [168]=Oop }
                      ;*invokevirtual isDebugEnabled {reexecute=0 rethrow=0 return_oop=0}
                      ; - org.h2.message.TraceObject::isDebugEnabled@4 (line 163)
                      ; - org.h2.jdbc.JdbcPreparedStatement::setNull@1 (line 337)
                      ; - org.apache.derbyTesting.system.oe.load.SimpleInsert::orderTable@169 (line 405)
  0x00007e5bdc586d94: 6835 6eff 

  0x00007e5bdc586d98: ;   {other}
  0x00007e5bdc586d98: 0f1f 8400 | 0000 0000 | bef6 ffff | ff48 8b2c | 2448 8944 | 24f8 8b44 | 2438 8944 | 2404 488b 
  0x00007e5bdc586db8: 4424 f848 | ff74 2430 | 488f 4424 | 0848 ff74 | 2428 488f | 4424 1048 | 8944 24f8 | 8b44 243c 
  0x00007e5bdc586dd8: 8944 2418 | 488b 4424 

  0x00007e5bdc586de0: ;   {runtime_call UncommonTrapBlob}
  0x00007e5bdc586de0: f866 90e8 

  0x00007e5bdc586de4: ; ImmutableOopMap {rbp=Oop [8]=Oop [16]=Oop [64]=Oop [112]=Oop [168]=Oop }
                      ;*invokeinterface isEnabled {reexecute=0 rethrow=0 return_oop=0}
                      ; - org.h2.message.Trace::isEnabled@13 (line 142)
                      ; - org.h2.message.Trace::isDebugEnabled@2 (line 162)
                      ; - org.h2.message.TraceObject::isDebugEnabled@4 (line 163)
                      ; - org.h2.jdbc.JdbcPreparedStatement::setNull@1 (line 337)
                      ; - org.apache.derbyTesting.system.oe.load.SimpleInsert::orderTable@169 (line 405)
  0x00007e5bdc586de4: 1835 6eff 

  0x00007e5bdc586de8: ;   {other}
  0x00007e5bdc586de8: 0f1f 8400 | 0000 0000 | bef6 ffff | ff48 8b2c | 2448 8944 | 24f8 8b44 | 2438 8944 | 2404 488b 
  0x00007e5bdc586e08: 4424 f848 | ff74 2430 | 488f 4424 | 0848 ff74 | 2428 488f | 4424 1048 | 8944 24f8 | 8b44 243c 
  0x00007e5bdc586e28: 8944 2418 | 488b 4424 

  0x00007e5bdc586e30: ;   {runtime_call UncommonTrapBlob}
  0x00007e5bdc586e30: f866 90e8 

  0x00007e5bdc586e34: ; ImmutableOopMap {rbp=Oop [8]=Oop [16]=Oop [64]=Oop [112]=Oop [168]=Oop }
                      ;*invokevirtual get {reexecute=0 rethrow=0 return_oop=0}
                      ; - org.h2.engine.SessionLocal::isClosed@4 (line 1178)
                      ; - org.h2.jdbc.JdbcConnection::checkClosed@17 (line 1374)
                      ; - org.h2.jdbc.JdbcStatement::checkClosed@17 (line 1273)
                      ; - org.h2.jdbc.JdbcPreparedStatement::setParameter@1 (line 1391)
                      ; - org.h2.jdbc.JdbcPreparedStatement::setNull@49 (line 340)
                      ; - org.apache.derbyTesting.system.oe.load.SimpleInsert::orderTable@169 (line 405)
  0x00007e5bdc586e34: c834 6eff 

  0x00007e5bdc586e38: ;   {other}
  0x00007e5bdc586e38: 0f1f 8400 | 0000 0000 | bef6 ffff | ff48 8b2c | 2448 8944 | 24f8 8b44 | 2438 8944 | 2404 488b 
  0x00007e5bdc586e58: 4424 f848 | ff74 2430 | 488f 4424 | 0848 ff74 | 2428 488f | 4424 1048 | 8944 24f8 | 8b44 243c 
  0x00007e5bdc586e78: 8944 2418 | 488b 4424 

  0x00007e5bdc586e80: ;   {runtime_call UncommonTrapBlob}
  0x00007e5bdc586e80: f866 90e8 

  0x00007e5bdc586e84: ; ImmutableOopMap {rbp=Oop [8]=Oop [16]=Oop [64]=Oop [112]=Oop [168]=Oop }
                      ;*invokeinterface getParameters {reexecute=0 rethrow=0 return_oop=0}
                      ; - org.h2.jdbc.JdbcPreparedStatement::setParameter@11 (line 1393)
                      ; - org.h2.jdbc.JdbcPreparedStatement::setNull@49 (line 340)
                      ; - org.apache.derbyTesting.system.oe.load.SimpleInsert::orderTable@169 (line 405)
  0x00007e5bdc586e84: 7834 6eff 

  0x00007e5bdc586e88: ;   {other}
  0x00007e5bdc586e88: 0f1f 8400 | 0000 0000 | bef6 ffff | ff48 8b2c | 2448 8944 | 24f8 8b44 | 2438 8944 | 2404 488b 
  0x00007e5bdc586ea8: 4424 f848 | ff74 2430 | 488f 4424 | 0848 ff74 | 2428 488f | 4424 1048 | 8944 24f8 | 8b44 243c 
  0x00007e5bdc586ec8: 8944 2418 | 488b 4424 

  0x00007e5bdc586ed0: ;   {runtime_call UncommonTrapBlob}
  0x00007e5bdc586ed0: f866 90e8 

  0x00007e5bdc586ed4: ; ImmutableOopMap {rbp=Oop [8]=Oop [16]=Oop [64]=Oop [112]=Oop [168]=Oop }
                      ;*invokevirtual getParameters {reexecute=0 rethrow=0 return_oop=0}
                      ; - org.h2.command.CommandContainer::getParameters@4 (line 120)
                      ; - org.h2.jdbc.JdbcPreparedStatement::setParameter@11 (line 1393)
                      ; - org.h2.jdbc.JdbcPreparedStatement::setNull@49 (line 340)
                      ; - org.apache.derbyTesting.system.oe.load.SimpleInsert::orderTable@169 (line 405)
  0x00007e5bdc586ed4: 2834 6eff 

  0x00007e5bdc586ed8: ;   {other}
  0x00007e5bdc586ed8: 0f1f 8400 | 0000 0000 | bef6 ffff | ff48 8b2c | 2448 8944 | 24f8 8b44 | 2438 8944 | 2404 488b 
  0x00007e5bdc586ef8: 4424 f848 | ff74 2430 | 488f 4424 | 0848 ff74 | 2428 488f | 4424 1048 | 8944 24f8 | 8b44 243c 
  0x00007e5bdc586f18: 8944 2418 | 488b 4424 

  0x00007e5bdc586f20: ;   {runtime_call UncommonTrapBlob}
  0x00007e5bdc586f20: f866 90e8 

  0x00007e5bdc586f24: ; ImmutableOopMap {rbp=Oop [8]=Oop [16]=Oop [64]=Oop [112]=Oop [168]=Oop }
                      ;*invokevirtual size {reexecute=0 rethrow=0 return_oop=0}
                      ; - org.h2.command.CommandContainer::getParameters@9 (line 121)
                      ; - org.h2.jdbc.JdbcPreparedStatement::setParameter@11 (line 1393)
                      ; - org.h2.jdbc.JdbcPreparedStatement::setNull@49 (line 340)
                      ; - org.apache.derbyTesting.system.oe.load.SimpleInsert::orderTable@169 (line 405)
  0x00007e5bdc586f24: d833 6eff 

  0x00007e5bdc586f28: ;   {other}
  0x00007e5bdc586f28: 0f1f 8400 | 0000 0000 | bef4 ffff | ff48 8b2c | 2448 8944 | 24f8 8b44 | 2438 8944 | 2404 488b 
  0x00007e5bdc586f48: 4424 f848 | ff74 2430 | 488f 4424 | 0848 ff74 | 2428 488f | 4424 1048 | 8944 24f8 | 8b44 243c 
  0x00007e5bdc586f68: 8944 2418 | 488b 4424 | f848 ff74 | 2440 488f 

  0x00007e5bdc586f78: ;   {runtime_call UncommonTrapBlob}
  0x00007e5bdc586f78: 4424 30e8 

  0x00007e5bdc586f7c: ; ImmutableOopMap {rbp=Oop [8]=Oop [16]=Oop [48]=Oop [112]=Oop [168]=Oop }
                      ;*checkcast {reexecute=0 rethrow=0 return_oop=0}
                      ; - org.h2.jdbc.JdbcPreparedStatement::setParameter@46 (line 1398)
                      ; - org.h2.jdbc.JdbcPreparedStatement::setNull@49 (line 340)
                      ; - org.apache.derbyTesting.system.oe.load.SimpleInsert::orderTable@169 (line 405)
  0x00007e5bdc586f7c: 8033 6eff 

  0x00007e5bdc586f80: ;   {other}
  0x00007e5bdc586f80: 0f1f 8400 | 0000 0000 | be45 ffff | ff48 8b2c | 2448 8944 | 24f8 8b44 | 2454 8904 | 2448 8b44 
  0x00007e5bdc586fa0: 24f8 4889 | 4424 f88b | 4424 3889 | 4424 0448 | 8b44 24f8 | 48ff 7424 | 3048 8f44 | 2408 48ff 
  0x00007e5bdc586fc0: 7424 2848 | 8f44 2410 | 4889 4424 | f88b 4424 | 3c89 4424 | 1848 8b44 | 24f8 48ff | 7424 4048 
  0x00007e5bdc586fe0: 8f44 2430 | 4889 4424 | f88b 4424 | 4889 4424 | 1c48 8b44 | 24f8 4489 | 5c24 5044 | 8954 2454 
  0x00007e5bdc587000: ;   {runtime_call UncommonTrapBlob}
  0x00007e5bdc587000: 6666 90e8 

  0x00007e5bdc587004: ; ImmutableOopMap {rbp=Oop [8]=Oop [16]=Oop [48]=Oop [84]=NarrowOop [88]=Oop [112]=Oop [168]=Oop }
                      ;*ifnull {reexecute=1 rethrow=0 return_oop=0}
                      ; - (reexecute) org.h2.value.Value::cache@14 (line 743)
                      ; - org.h2.value.ValueSmallint::get@8 (line 171)
                      ; - org.h2.jdbc.JdbcPreparedStatement::setShort@47 (line 659)
                      ; - org.apache.derbyTesting.system.oe.load.SimpleInsert::orderTable@147 (line 402)
  0x00007e5bdc587004: f832 6eff 

  0x00007e5bdc587008: ;   {other}
  0x00007e5bdc587008: 0f1f 8400 | 0000 0000 | be45 ffff | ff48 8b2c | 2448 8944 | 24f8 8b44 | 2454 8904 | 2448 8b44 
  0x00007e5bdc587028: 24f8 4889 | 4424 f88b | 4424 3889 | 4424 0448 | 8b44 24f8 | 48ff 7424 | 3048 8f44 | 2408 48ff 
  0x00007e5bdc587048: 7424 2848 | 8f44 2410 | 4889 4424 | f88b 4424 | 3c89 4424 | 1848 8b44 | 24f8 48ff | 7424 4048 
  0x00007e5bdc587068: 8f44 2430 | 4889 4424 | f88b 4424 | 4889 4424 | 1c48 8b44 | 24f8 4889 | 4c24 4844 | 895c 2450 
  0x00007e5bdc587088: 895c 2458 

  0x00007e5bdc58708c: ;   {runtime_call UncommonTrapBlob}
  0x00007e5bdc58708c: 6666 90e8 

  0x00007e5bdc587090: ; ImmutableOopMap {rbp=Oop [8]=Oop [16]=Oop [48]=Oop [72]=Oop [88]=NarrowOop [112]=Oop [168]=Oop }
                      ;*ifnull {reexecute=1 rethrow=0 return_oop=0}
                      ; - (reexecute) java.lang.ref.SoftReference::get@6 (line 114)
                      ; - org.h2.value.Value::cache@20 (line 743)
                      ; - org.h2.value.ValueSmallint::get@8 (line 171)
                      ; - org.h2.jdbc.JdbcPreparedStatement::setShort@47 (line 659)
                      ; - org.apache.derbyTesting.system.oe.load.SimpleInsert::orderTable@147 (line 402)
  0x00007e5bdc587090: 6c32 6eff 

  0x00007e5bdc587094: ;   {other}
  0x00007e5bdc587094: 0f1f 8400 | 0000 0000 | be45 ffff | ff48 8b2c | 2448 8944 | 24f8 8b44 | 2438 8944 | 2404 488b 
  0x00007e5bdc5870b4: 4424 f848 | ff74 2430 | 488f 4424 | 0848 ff74 | 2428 488f | 4424 1048 | 8944 24f8 | 8b44 243c 
  0x00007e5bdc5870d4: 8944 2418 | 488b 4424 | f848 ff74 | 2440 488f | 4424 3048 | 8944 24f8 | 8b44 2448 | 8944 241c 
  0x00007e5bdc5870f4: 488b 4424 | f84c 895c | 2448 4489 

  0x00007e5bdc587100: ;   {runtime_call UncommonTrapBlob}
  0x00007e5bdc587100: 4424 50e8 

  0x00007e5bdc587104: ; ImmutableOopMap {rbp=Oop [8]=Oop [16]=Oop [48]=Oop [72]=Oop [80]=NarrowOop [112]=Oop [168]=Oop }
                      ;*ifnonnull {reexecute=1 rethrow=0 return_oop=0}
                      ; - (reexecute) org.h2.jdbc.JdbcStatement::checkClosed@4 (line 1270)
                      ; - org.h2.jdbc.JdbcPreparedStatement::setParameter@1 (line 1391)
                      ; - org.h2.jdbc.JdbcPreparedStatement::setShort@50 (line 659)
                      ; - org.apache.derbyTesting.system.oe.load.SimpleInsert::orderTable@147 (line 402)
  0x00007e5bdc587104: f831 6eff 

  0x00007e5bdc587108: ;   {other}
  0x00007e5bdc587108: 0f1f 8400 | 0000 0000 | be45 ffff | ff48 8944 | 24f8 8b44 | 2454 8944 | 2408 488b | 4424 f848 
  0x00007e5bdc587128: 8944 24f8 | 8b44 2438 | 8944 240c | 488b 4424 | f848 ff74 | 2430 488f | 4424 1048 | ff74 2428 
  0x00007e5bdc587148: 488f 4424 | 1848 8944 | 24f8 8b44 | 243c 8944 | 2420 488b | 4424 f848 | ff74 2440 | 488f 4424 
  0x00007e5bdc587168: 3848 8944 | 24f8 8b44 | 2448 8944 | 2424 488b | 4424 f84c | 895c 2450 

  0x00007e5bdc587180: ;   {runtime_call UncommonTrapBlob}
  0x00007e5bdc587180: 6666 90e8 

  0x00007e5bdc587184: ; ImmutableOopMap {rbp=NarrowOop [0]=Oop [16]=Oop [24]=Oop [56]=Oop [80]=Oop [112]=Oop [168]=Oop }
                      ;*ifnonnull {reexecute=1 rethrow=0 return_oop=0}
                      ; - (reexecute) org.h2.jdbc.JdbcConnection::checkClosed@4 (line 1371)
                      ; - org.h2.jdbc.JdbcStatement::checkClosed@17 (line 1273)
                      ; - org.h2.jdbc.JdbcPreparedStatement::setParameter@1 (line 1391)
                      ; - org.h2.jdbc.JdbcPreparedStatement::setShort@50 (line 659)
                      ; - org.apache.derbyTesting.system.oe.load.SimpleInsert::orderTable@147 (line 402)
  0x00007e5bdc587184: 7831 6eff 

  0x00007e5bdc587188: ;   {other}
  0x00007e5bdc587188: 0f1f 8400 | 0000 0000 | be45 ffff | ff48 8b2c | 2448 8944 | 24f8 8b44 | 2438 8944 | 2404 488b 
  0x00007e5bdc5871a8: 4424 f848 | ff74 2430 | 488f 4424 | 0848 ff74 | 2428 488f | 4424 1048 | 8944 24f8 | 8b44 243c 
  0x00007e5bdc5871c8: 8944 2418 | 488b 4424 | f848 ff74 | 2440 488f | 4424 3044 | 8944 241c | 4489 5424 

  0x00007e5bdc5871e4: ;   {runtime_call UncommonTrapBlob}
  0x00007e5bdc5871e4: 5066 90e8 

  0x00007e5bdc5871e8: ; ImmutableOopMap {rbp=Oop [8]=Oop [16]=Oop [48]=Oop [72]=Oop [80]=NarrowOop [112]=Oop [168]=Oop }
                      ;*ifnull {reexecute=1 rethrow=0 return_oop=0}
                      ; - (reexecute) org.h2.value.Value::cache@14 (line 743)
                      ; - org.h2.value.ValueSmallint::get@8 (line 171)
                      ; - org.h2.jdbc.JdbcPreparedStatement::setShort@47 (line 659)
                      ; - org.apache.derbyTesting.system.oe.load.SimpleInsert::orderTable@157 (line 403)
  0x00007e5bdc5871e8: 1431 6eff 

  0x00007e5bdc5871ec: ;   {other}
  0x00007e5bdc5871ec: 0f1f 8400 | 0000 0000 | be45 ffff | ff48 8b2c | 2448 8944 | 24f8 8b44 | 2454 8904 | 2448 8b44 
  0x00007e5bdc58720c: 24f8 4889 | 4424 f88b | 4424 3889 | 4424 0448 | 8b44 24f8 | 48ff 7424 | 3048 8f44 | 2408 48ff 
  0x00007e5bdc58722c: 7424 2848 | 8f44 2410 | 4889 4424 | f88b 4424 | 3c89 4424 | 1848 8b44 | 24f8 48ff | 7424 4048 
  0x00007e5bdc58724c: 8f44 2430 | 4489 4424 | 1c44 895c 

  0x00007e5bdc587258: ;   {runtime_call UncommonTrapBlob}
  0x00007e5bdc587258: 2454 90e8 

  0x00007e5bdc58725c: ; ImmutableOopMap {rbp=Oop [8]=Oop [16]=Oop [48]=Oop [72]=Oop [84]=NarrowOop [112]=Oop [168]=Oop }
                      ;*ifnull {reexecute=1 rethrow=0 return_oop=0}
                      ; - (reexecute) java.lang.ref.SoftReference::get@6 (line 114)
                      ; - org.h2.value.Value::cache@20 (line 743)
                      ; - org.h2.value.ValueSmallint::get@8 (line 171)
                      ; - org.h2.jdbc.JdbcPreparedStatement::setShort@47 (line 659)
                      ; - org.apache.derbyTesting.system.oe.load.SimpleInsert::orderTable@157 (line 403)
  0x00007e5bdc58725c: a030 6eff 

  0x00007e5bdc587260: ;   {other}
  0x00007e5bdc587260: 0f1f 8400 | 0000 0000 | be45 ffff | ff48 8b2c | 2448 8944 | 24f8 8b44 | 2438 8944 | 2404 488b 
  0x00007e5bdc587280: 4424 f848 | ff74 2430 | 488f 4424 | 0848 ff74 | 2428 488f | 4424 1048 | 8944 24f8 | 8b44 243c 
  0x00007e5bdc5872a0: 8944 2418 | 488b 4424 | f848 ff74 | 2440 488f | 4424 304c | 8954 2448 | 4489 5c24 

  0x00007e5bdc5872bc: ;   {runtime_call UncommonTrapBlob}
  0x00007e5bdc5872bc: 1c66 90e8 

  0x00007e5bdc5872c0: ; ImmutableOopMap {rbp=Oop [8]=Oop [16]=Oop [28]=NarrowOop [48]=Oop [72]=Oop [112]=Oop [168]=Oop }
                      ;*ifnonnull {reexecute=1 rethrow=0 return_oop=0}
                      ; - (reexecute) org.h2.jdbc.JdbcStatement::checkClosed@4 (line 1270)
                      ; - org.h2.jdbc.JdbcPreparedStatement::setParameter@1 (line 1391)
                      ; - org.h2.jdbc.JdbcPreparedStatement::setShort@50 (line 659)
                      ; - org.apache.derbyTesting.system.oe.load.SimpleInsert::orderTable@157 (line 403)
  0x00007e5bdc5872c0: 3c30 6eff 

  0x00007e5bdc5872c4: ;   {other}
  0x00007e5bdc5872c4: 0f1f 8400 | 0000 0000 | be45 ffff | ff48 8944 | 24f8 8b44 | 2454 8944 | 2408 488b | 4424 f848 
  0x00007e5bdc5872e4: 8944 24f8 | 8b44 2438 | 8944 240c | 488b 4424 | f848 ff74 | 2430 488f | 4424 1048 | ff74 2428 
  0x00007e5bdc587304: 488f 4424 | 1848 8944 | 24f8 8b44 | 243c 8944 | 2420 488b | 4424 f848 | ff74 2440 | 488f 4424 
  0x00007e5bdc587324: 384c 8954 

  0x00007e5bdc587328: ;   {runtime_call UncommonTrapBlob}
  0x00007e5bdc587328: 2450 90e8 

  0x00007e5bdc58732c: ; ImmutableOopMap {rbp=NarrowOop [0]=Oop [16]=Oop [24]=Oop [56]=Oop [80]=Oop [112]=Oop [168]=Oop }
                      ;*ifnonnull {reexecute=1 rethrow=0 return_oop=0}
                      ; - (reexecute) org.h2.jdbc.JdbcConnection::checkClosed@4 (line 1371)
                      ; - org.h2.jdbc.JdbcStatement::checkClosed@17 (line 1273)
                      ; - org.h2.jdbc.JdbcPreparedStatement::setParameter@1 (line 1391)
                      ; - org.h2.jdbc.JdbcPreparedStatement::setShort@50 (line 659)
                      ; - org.apache.derbyTesting.system.oe.load.SimpleInsert::orderTable@157 (line 403)
  0x00007e5bdc58732c: d02f 6eff 

  0x00007e5bdc587330: ;   {other}
  0x00007e5bdc587330: 0f1f 8400 | 0000 0000 | bef6 ffff | ff48 8b2c | 2448 8944 | 24f8 8b44 | 2438 8944 | 2404 488b 
  0x00007e5bdc587350: 4424 f848 | ff74 2410 | 488f 4424 | 0848 ff74 | 2428 488f | 4424 1048 | ff74 2440 | 488f 4424 
  0x00007e5bdc587370: 2848 8944 | 24f8 8b44 | 2424 8944 | 241c 488b 

  0x00007e5bdc587380: ;   {runtime_call UncommonTrapBlob}
  0x00007e5bdc587380: 4424 f8e8 

  0x00007e5bdc587384: ; ImmutableOopMap {rbp=Oop [8]=Oop [16]=Oop [28]=NarrowOop [40]=Oop [96]=Oop }
                      ;*invokevirtual setExecutingStatement {reexecute=0 rethrow=0 return_oop=0}
                      ; - org.h2.jdbc.JdbcStatement::setExecutingStatement@9 (line 1304)
                      ; - org.h2.jdbc.JdbcPreparedStatement::executeUpdateInternal@16 (line 208)
                      ; - org.h2.jdbc.JdbcPreparedStatement::executeUpdate@16 (line 169)
                      ; - org.apache.derbyTesting.system.oe.load.SimpleInsert::orderTable@453 (line 441)
  0x00007e5bdc587384: 782f 6eff 

  0x00007e5bdc587388: ;   {other}
  0x00007e5bdc587388: 0f1f 8400 | 0000 0000 | bef6 ffff | ff48 8b2c | 2448 8944 | 24f8 8b44 | 2438 8944 | 2404 488b 
  0x00007e5bdc5873a8: 4424 f848 | ff74 2410 | 488f 4424 | 0848 ff74 | 2428 488f | 4424 1048 | ff74 2440 | 488f 4424 
  0x00007e5bdc5873c8: 2848 8944 | 24f8 8b44 | 2424 8944 | 241c 488b 

  0x00007e5bdc5873d8: ;   {runtime_call UncommonTrapBlob}
  0x00007e5bdc5873d8: 4424 f8e8 

  0x00007e5bdc5873dc: ; ImmutableOopMap {rbp=Oop [8]=Oop [16]=Oop [28]=NarrowOop [40]=Oop [96]=Oop }
                      ;*invokevirtual setExecutingStatement {reexecute=0 rethrow=0 return_oop=0}
                      ; - org.h2.jdbc.JdbcStatement::setExecutingStatement@20 (line 1306)
                      ; - org.h2.jdbc.JdbcPreparedStatement::executeUpdateInternal@16 (line 208)
                      ; - org.h2.jdbc.JdbcPreparedStatement::executeUpdate@16 (line 169)
                      ; - org.apache.derbyTesting.system.oe.load.SimpleInsert::orderTable@453 (line 441)
  0x00007e5bdc5873dc: 202f 6eff 

  0x00007e5bdc5873e0: ;   {other}
  0x00007e5bdc5873e0: 0f1f 8400 | 0000 0000 | be45 ffff | ff48 8b2c | 2448 8944 | 24f8 8b44 | 2438 8944 | 2404 488b 
  0x00007e5bdc587400: 4424 f848 | ff74 2410 | 488f 4424 | 0848 ff74 | 2428 488f | 4424 1048 | ff74 2440 | 488f 4424 
  0x00007e5bdc587420: 2044 895c | 241c 4489 

  0x00007e5bdc587428: ;   {runtime_call UncommonTrapBlob}
  0x00007e5bdc587428: 4424 40e8 

  0x00007e5bdc58742c: ; ImmutableOopMap {rbp=Oop [8]=Oop [16]=Oop [28]=NarrowOop [32]=Oop [64]=NarrowOop [96]=Oop }
                      ;*ifnonnull {reexecute=1 rethrow=0 return_oop=0}
                      ; - (reexecute) org.h2.jdbc.JdbcStatement::checkClosed@4 (line 1270)
                      ; - org.h2.jdbc.JdbcPreparedStatement::setParameter@1 (line 1391)
                      ; - org.h2.jdbc.JdbcPreparedStatement::setInt@50 (line 359)
                      ; - org.apache.derbyTesting.system.oe.load.SimpleInsert::orderTable@446 (line 440)
  0x00007e5bdc58742c: d02e 6eff 

  0x00007e5bdc587430: ;   {other}
  0x00007e5bdc587430: 0f1f 8400 | 0000 0000 | be45 ffff | ff48 8944 | 24f8 8b44 | 2438 8944 | 240c 488b | 4424 f848 
  0x00007e5bdc587450: ff74 2428 | 488f 4424 | 1848 ff74 | 2440 488f | 4424 2844 | 895c 2424 

  0x00007e5bdc587468: ;   {runtime_call UncommonTrapBlob}
  0x00007e5bdc587468: 6666 90e8 

  0x00007e5bdc58746c: ; ImmutableOopMap {rbp=NarrowOop [0]=Oop [16]=Oop [24]=Oop [36]=NarrowOop [40]=Oop [96]=Oop }
                      ;*ifnonnull {reexecute=1 rethrow=0 return_oop=0}
                      ; - (reexecute) org.h2.jdbc.JdbcConnection::checkClosed@4 (line 1371)
                      ; - org.h2.jdbc.JdbcStatement::checkClosed@17 (line 1273)
                      ; - org.h2.jdbc.JdbcPreparedStatement::setParameter@1 (line 1391)
                      ; - org.h2.jdbc.JdbcPreparedStatement::setInt@50 (line 359)
                      ; - org.apache.derbyTesting.system.oe.load.SimpleInsert::orderTable@446 (line 440)
  0x00007e5bdc58746c: 902e 6eff 

  0x00007e5bdc587470: ;   {other}
  0x00007e5bdc587470: 0f1f 8400 | 0000 0000 | be45 ffff | ff48 8b2c | 2448 ff74 | 2410 488f | 4424 0848 | ff74 2428 
  0x00007e5bdc587490: 488f 4424 | 1044 895c 

  0x00007e5bdc587498: ;   {runtime_call UncommonTrapBlob}
  0x00007e5bdc587498: 241c 90e8 

  0x00007e5bdc58749c: ; ImmutableOopMap {rbp=Oop [8]=Oop [16]=Oop [28]=NarrowOop [64]=Oop [96]=Oop }
                      ;*ifnonnull {reexecute=1 rethrow=0 return_oop=0}
                      ; - (reexecute) org.h2.jdbc.JdbcStatement::checkClosed@4 (line 1270)
                      ; - org.h2.jdbc.JdbcPreparedStatement::executeUpdate@7 (line 167)
                      ; - org.apache.derbyTesting.system.oe.load.SimpleInsert::orderTable@453 (line 441)
  0x00007e5bdc58749c: 602e 6eff 

  0x00007e5bdc5874a0: ;   {other}
  0x00007e5bdc5874a0: 0f1f 8400 | 0000 0000 | be45 ffff | ff48 8944 | 24f8 8b44 | 2438 8944 | 240c 488b | 4424 f848 
  0x00007e5bdc5874c0: ff74 2428 | 488f 4424 

  0x00007e5bdc5874c8: ;   {runtime_call UncommonTrapBlob}
  0x00007e5bdc5874c8: 1866 90e8 

  0x00007e5bdc5874cc: ; ImmutableOopMap {rbp=NarrowOop [0]=Oop [16]=Oop [24]=Oop [64]=Oop [96]=Oop }
                      ;*ifnonnull {reexecute=1 rethrow=0 return_oop=0}
                      ; - (reexecute) org.h2.jdbc.JdbcConnection::checkClosed@4 (line 1371)
                      ; - org.h2.jdbc.JdbcStatement::checkClosed@17 (line 1273)
                      ; - org.h2.jdbc.JdbcPreparedStatement::executeUpdate@7 (line 167)
                      ; - org.apache.derbyTesting.system.oe.load.SimpleInsert::orderTable@453 (line 441)
  0x00007e5bdc5874cc: 302e 6eff 

  0x00007e5bdc5874d0: ;   {other}
  0x00007e5bdc5874d0: 0f1f 8400 | 0000 0000 | be45 ffff | ff48 8b2c | 2448 8944 | 24f8 8b44 | 2438 8944 | 2404 488b 
  0x00007e5bdc5874f0: 4424 f848 | ff74 2430 | 488f 4424 | 0848 ff74 | 2428 488f | 4424 1048 | 8944 24f8 | 8b44 243c 
  0x00007e5bdc587510: 8944 2418 | 488b 4424 | f848 ff74 | 2440 488f | 4424 3044 | 895c 241c 

  0x00007e5bdc587528: ;   {runtime_call UncommonTrapBlob}
  0x00007e5bdc587528: 6666 90e8 

  0x00007e5bdc58752c: ; ImmutableOopMap {rbp=Oop [8]=Oop [16]=Oop [28]=NarrowOop [48]=Oop [112]=Oop [168]=Oop }
                      ;*ifnonnull {reexecute=1 rethrow=0 return_oop=0}
                      ; - (reexecute) org.h2.jdbc.JdbcStatement::checkClosed@4 (line 1270)
                      ; - org.h2.jdbc.JdbcPreparedStatement::setParameter@1 (line 1391)
                      ; - org.h2.jdbc.JdbcPreparedStatement::setNull@49 (line 340)
                      ; - org.apache.derbyTesting.system.oe.load.SimpleInsert::orderTable@169 (line 405)
  0x00007e5bdc58752c: d02d 6eff 

  0x00007e5bdc587530: ;   {other}
  0x00007e5bdc587530: 0f1f 8400 | 0000 0000 | be45 ffff | ff48 8944 | 24f8 8b44 | 2438 8944 | 240c 488b | 4424 f848 
  0x00007e5bdc587550: ff74 2430 | 488f 4424 | 1048 ff74 | 2428 488f | 4424 1848 | 8944 24f8 | 8b44 243c | 8944 2420 
  0x00007e5bdc587570: 488b 4424 | f848 ff74 | 2440 488f 

  0x00007e5bdc58757c: ;   {runtime_call UncommonTrapBlob}
  0x00007e5bdc58757c: 4424 38e8 

  0x00007e5bdc587580: ; ImmutableOopMap {rbp=NarrowOop [0]=Oop [16]=Oop [24]=Oop [56]=Oop [112]=Oop [168]=Oop }
                      ;*ifnonnull {reexecute=1 rethrow=0 return_oop=0}
                      ; - (reexecute) org.h2.jdbc.JdbcConnection::checkClosed@4 (line 1371)
                      ; - org.h2.jdbc.JdbcStatement::checkClosed@17 (line 1273)
                      ; - org.h2.jdbc.JdbcPreparedStatement::setParameter@1 (line 1391)
                      ; - org.h2.jdbc.JdbcPreparedStatement::setNull@49 (line 340)
                      ; - org.apache.derbyTesting.system.oe.load.SimpleInsert::orderTable@169 (line 405)
  0x00007e5bdc587580: 7c2d 6eff 

  0x00007e5bdc587584: ;   {other}
  0x00007e5bdc587584: 0f1f 8400 | 0000 0000 | 488b d8e9 | 185c ffff | 488b d8e9 | 105c ffff | 488b d8e9 | 085c ffff 
  0x00007e5bdc5875a4: 488b d8e9 | 005c ffff | 4c8b d0eb | 034c 8bd0 | 498b da45 | 8b5a 0849 | ba00 0000 | 93ad 7100 
  0x00007e5bdc5875c4: 004d 03d3 | 4d8b 5240 

  0x00007e5bdc5875cc: ;   {metadata('java/lang/Exception')}
  0x00007e5bdc5875cc: 49bb 78c1 | 0093 ad71 | 0000 4d3b | d30f 85cd | 5bff ff48 | 8bd3 488b 

  0x00007e5bdc5875e4: ;   {optimized virtual_call}
  0x00007e5bdc5875e4: 7424 68e8 

  0x00007e5bdc5875e8: ; ImmutableOopMap {[0]=Oop [16]=Oop [40]=Oop [48]=Oop [104]=Oop [168]=Oop }
                      ;*invokevirtual logAndConvert {reexecute=0 rethrow=0 return_oop=1}
                      ; - org.h2.jdbc.JdbcPreparedStatement::setInt@59 (line 361)
                      ; - org.apache.derbyTesting.system.oe.load.SimpleInsert::orderTable@263 (line 420)
  0x00007e5bdc5875e8: 94da 6dff 

  0x00007e5bdc5875ec: ;   {other}
  0x00007e5bdc5875ec: 0f1f 8400 | 0000 0000 | 488b d848 | 85c0 0f85 | 9c5b ffff | bef6 ffff | ff48 8b2c | 2448 8944 
  0x00007e5bdc58760c: 24f8 8b44 | 2438 8944 | 2404 488b | 4424 f848 | ff74 2410 | 488f 4424 | 0848 ff74 | 2430 488f 
  0x00007e5bdc58762c: 4424 1848 | ff74 2428 | 488f 4424 

  0x00007e5bdc587638: ;   {runtime_call UncommonTrapBlob}
  0x00007e5bdc587638: 2066 90e8 

  0x00007e5bdc58763c: ; ImmutableOopMap {rbp=Oop [8]=Oop [24]=Oop [32]=Oop [104]=Oop [168]=Oop }
                      ;*athrow {reexecute=1 rethrow=0 return_oop=0}
                      ; - (reexecute) org.h2.jdbc.JdbcPreparedStatement::setInt@62 (line 361)
                      ; - org.apache.derbyTesting.system.oe.load.SimpleInsert::orderTable@263 (line 420)
  0x00007e5bdc58763c: c02c 6eff 

  0x00007e5bdc587640: ;   {other}
  0x00007e5bdc587640: 0f1f 8400 | 0000 0000 | be76 ffff | ff49 8be9 | 4889 4424 | f88b 4424 | 3889 4424 | 0448 8b44 
  0x00007e5bdc587660: 24f8 4c89 | 7424 084c | 895c 2418 | 4889 5c24 

  0x00007e5bdc587670: ;   {runtime_call UncommonTrapBlob}
  0x00007e5bdc587670: 2866 90e8 

  0x00007e5bdc587674: ; ImmutableOopMap {rbp=Oop [8]=Oop [16]=Oop [24]=Oop [40]=Oop [64]=Oop }
                      ;*iload {reexecute=0 rethrow=0 return_oop=0}
                      ; - org.apache.derbyTesting.system.oe.load.SimpleInsert::orderTable@251 (line 418)
  0x00007e5bdc587674: 882c 6eff 

  0x00007e5bdc587678: ;   {other}
  0x00007e5bdc587678: 0f1f 8400 | 0000 0000 | 488b d844 | 8b58 0849 | ba00 0000 | 93ad 7100 | 004d 03d3 | 4d8b 5240 
  0x00007e5bdc587698: ;   {metadata('java/lang/Exception')}
  0x00007e5bdc587698: 49bb 78c1 | 0093 ad71 | 0000 4d3b | d30f 85fe | 0000 0048 | 8bd0 e929 | 5aff ff48 | 8bd8 448b 
  0x00007e5bdc5876b8: 5808 49ba | 0000 0093 | ad71 0000 | 4d03 d34d 

  0x00007e5bdc5876c8: ;   {metadata('java/lang/Exception')}
  0x00007e5bdc5876c8: 8b52 4049 | bb78 c100 | 93ad 7100 | 004d 3bd3 | 0f85 cb00 | 0000 488b | d0e9 f659 | ffff 488b 
  0x00007e5bdc5876e8: d844 8b58 | 0849 ba00 | 0000 93ad | 7100 004d | 03d3 4d8b 

  0x00007e5bdc5876fc: ;   {metadata('java/lang/Exception')}
  0x00007e5bdc5876fc: 5240 49bb | 78c1 0093 | ad71 0000 | 4d3b d30f | 8598 0000 | 0048 8bd0 | e9c3 59ff | ff48 8bd8 
  0x00007e5bdc58771c: 448b 5008 | 49bb 0000 | 0093 ad71 | 0000 4d03 | da4d 8b53 

  0x00007e5bdc587730: ;   {metadata('java/lang/Exception')}
  0x00007e5bdc587730: 4049 bb78 | c100 93ad | 7100 004d | 3bd3 7569 | 488b d0e9 | 9459 ffff | 488b d844 | 8b50 0849 
  0x00007e5bdc587750: bb00 0000 | 93ad 7100 | 004d 03da | 4d8b 5340 

  0x00007e5bdc587760: ;   {metadata('java/lang/Exception')}
  0x00007e5bdc587760: 49bb 78c1 | 0093 ad71 | 0000 4d3b | d375 3a48 | 8bd0 e965 | 59ff ff48 | 8bd8 448b | 5808 49ba 
  0x00007e5bdc587780: 0000 0093 | ad71 0000 | 4d03 d34d 

  0x00007e5bdc58778c: ;   {metadata('java/lang/Exception')}
  0x00007e5bdc58778c: 8b52 4049 | bb78 c100 | 93ad 7100 | 004d 3bd3 | 750b 488b | d0e9 3659 | ffff 488b | d84c 8b5c 
  0x00007e5bdc5877ac: 2448 488d | 8424 b000 | 0000 4883 | 3800 0f84 | 7900 0000 | 4d8b 1341 | f6c2 020f | 8462 0000 
  0x00007e5bdc5877cc: 0049 83ba | 8600 0000 | 0074 0949 | ff8a 8600 | 0000 eb4b | 498b 8296 | 0000 0049 | 0b82 8e00 
  0x00007e5bdc5877ec: 0000 750a | 49c7 423e | 0000 0000 | eb3d 4983 | ba9e 0000 | 0000 7422 | 4833 c049 | c742 3e00 
  0x00007e5bdc58780c: 0000 00f0 | 8304 2400 | 4983 ba9e | 0000 0000 | 750d f04d | 0fb1 7a3e | 7505 83c8 | 01eb 0ca8 
  0x00007e5bdc58782c: 00eb 084c | 8b10 f04d | 0fb1 1375 | 0a49 ff8f | 6808 0000 | 4533 d20f | 8463 59ff | ff49 8bfb 
  0x00007e5bdc58784c: 488d b424 | b000 0000 | 498b d749 | baa0 89fe | f35b 7e00 | 0041 ffd2 

  0x00007e5bdc587864: ;   {other}
  0x00007e5bdc587864: 0f1f 8400 | 0000 0000 | e93b 59ff | ffbe f6ff 

  0x00007e5bdc587874: ;   {runtime_call UncommonTrapBlob}
  0x00007e5bdc587874: ffff 90e8 

  0x00007e5bdc587878: ; ImmutableOopMap {}
                      ;*invokeinterface commit {reexecute=0 rethrow=0 return_oop=0}
                      ; - org.apache.derbyTesting.system.oe.load.SimpleInsert::orderTable@472 (line 444)
  0x00007e5bdc587878: 842a 6eff 

  0x00007e5bdc58787c: ;   {other}
  0x00007e5bdc58787c: 0f1f 8400 | 0000 0000 | bef6 ffff 

  0x00007e5bdc587888: ;   {runtime_call UncommonTrapBlob}
  0x00007e5bdc587888: ff66 90e8 

  0x00007e5bdc58788c: ; ImmutableOopMap {}
                      ;*invokeinterface commit {reexecute=0 rethrow=0 return_oop=0}
                      ; - org.apache.derbyTesting.system.oe.load.SimpleInsert::orderTable@487 (line 448)
  0x00007e5bdc58788c: 702a 6eff 

  0x00007e5bdc587890: ;   {other}
  0x00007e5bdc587890: 0f1f 8400 | 0000 0000 | bef6 ffff 

  0x00007e5bdc58789c: ;   {runtime_call UncommonTrapBlob}
  0x00007e5bdc58789c: ff66 90e8 

  0x00007e5bdc5878a0: ; ImmutableOopMap {}
                      ;*invokeinterface close {reexecute=0 rethrow=0 return_oop=0}
                      ; - org.apache.derbyTesting.system.oe.load.SimpleInsert::orderTable@507 (line 452)
  0x00007e5bdc5878a0: 5c2a 6eff 

  0x00007e5bdc5878a4: ;   {other}
  0x00007e5bdc5878a4: 0f1f 8400 | 0000 0000 | 488b d8e9 | f858 ffff | 488b e8eb | 23eb 0048 | 8be8 eb05 | eb00 488b 
  0x00007e5bdc5878c4: e848 8b74 | 2468 33d2 

  0x00007e5bdc5878cc: ;   {optimized virtual_call}
  0x00007e5bdc5878cc: 6666 90e8 

  0x00007e5bdc5878d0: ; ImmutableOopMap {rbp=Oop [0]=Oop [16]=Oop [40]=Oop [48]=Oop [104]=Oop [128]=Oop [168]=Oop }
                      ;*invokevirtual setExecutingStatement {reexecute=0 rethrow=0 return_oop=0}
                      ; - org.h2.jdbc.JdbcPreparedStatement::executeUpdateInternal@94 (line 217)
                      ; - org.h2.jdbc.JdbcPreparedStatement::executeUpdate@16 (line 169)
                      ; - org.apache.derbyTesting.system.oe.load.SimpleInsert::orderTable@421 (line 437)
  0x00007e5bdc5878d0: acd7 6dff 

  0x00007e5bdc5878d4: ;   {other}
  0x00007e5bdc5878d4: 0f1f 8400 | 0000 0000 | 4c8b 9c24 | 8000 0000 | 488d 8424 | b000 0000 | 4883 3800 | 0f84 7900 
  0x00007e5bdc5878f4: 0000 4d8b | 1341 f6c2 | 020f 8462 | 0000 0049 | 83ba 8600 | 0000 0074 | 0949 ff8a | 8600 0000 
  0x00007e5bdc587914: eb4b 498b | 8296 0000 | 0049 0b82 | 8e00 0000 | 750a 49c7 | 423e 0000 | 0000 eb3d | 4983 ba9e 
  0x00007e5bdc587934: 0000 0000 | 7422 4833 | c049 c742 | 3e00 0000 | 00f0 8304 | 2400 4983 | ba9e 0000 | 0000 750d 
  0x00007e5bdc587954: f04d 0fb1 | 7a3e 7505 | 83c8 01eb | 0ca8 00eb | 084c 8b10 | f04d 0fb1 | 1375 0a49 | ff8f 6808 
  0x00007e5bdc587974: 0000 4533 | d20f 8598 | 0000 0044 | 8b55 0849 | bb00 0000 | 93ad 7100 | 004d 03da | 4d8b 5340 
  0x00007e5bdc587994: ;   {metadata('java/lang/Exception')}
  0x00007e5bdc587994: 49bb 78c1 | 0093 ad71 | 0000 4d3b | d375 6c48 | 8bd5 488b 

  0x00007e5bdc5879a8: ;   {optimized virtual_call}
  0x00007e5bdc5879a8: 7424 68e8 

  0x00007e5bdc5879ac: ; ImmutableOopMap {[0]=Oop [16]=Oop [40]=Oop [48]=Oop [104]=Oop [168]=Oop }
                      ;*invokevirtual logAndConvert {reexecute=0 rethrow=0 return_oop=1}
                      ; - org.h2.jdbc.JdbcPreparedStatement::executeUpdate@39 (line 172)
                      ; - org.apache.derbyTesting.system.oe.load.SimpleInsert::orderTable@421 (line 437)
  0x00007e5bdc5879ac: d0d6 6dff 

  0x00007e5bdc5879b0: ;   {other}
  0x00007e5bdc5879b0: 0f1f 8400 | 0000 0000 | 488b d848 | 85c0 0f85 | d857 ffff | bef6 ffff | ff48 8b2c | 2448 8944 
  0x00007e5bdc5879d0: 24f8 8b44 | 2438 8944 | 2404 488b | 4424 f848 | ff74 2410 | 488f 4424 | 0848 ff74 | 2430 488f 
  0x00007e5bdc5879f0: 4424 1848 | ff74 2428 | 488f 4424 

  0x00007e5bdc5879fc: ;   {runtime_call UncommonTrapBlob}
  0x00007e5bdc5879fc: 2066 90e8 

  0x00007e5bdc587a00: ; ImmutableOopMap {rbp=Oop [8]=Oop [24]=Oop [32]=Oop [104]=Oop [168]=Oop }
                      ;*athrow {reexecute=1 rethrow=0 return_oop=0}
                      ; - (reexecute) org.h2.jdbc.JdbcPreparedStatement::executeUpdate@42 (line 172)
                      ; - org.apache.derbyTesting.system.oe.load.SimpleInsert::orderTable@421 (line 437)
  0x00007e5bdc587a00: fc28 6eff 

  0x00007e5bdc587a04: ;   {other}
  0x00007e5bdc587a04: 0f1f 8400 | 0000 0000 | 488b e848 | 8bdd e995 | 57ff ff48 | 8bbc 2480 | 0000 0048 | 8db4 24b0 
  0x00007e5bdc587a24: 0000 0049 | 8bd7 49ba | a089 fef3 | 5b7e 0000 

  0x00007e5bdc587a34: ;   {other}
  0x00007e5bdc587a34: 41ff d20f | 1f84 0000 | 0000 00e9 | 3bff ffff | 488b d844 | 8b58 0849 | ba00 0000 | 93ad 7100 
  0x00007e5bdc587a54: 004d 03d3 | 4d8b 5240 

  0x00007e5bdc587a5c: ;   {metadata('java/lang/Exception')}
  0x00007e5bdc587a5c: 49bb 78c1 | 0093 ad71 | 0000 4d3b | d30f 853d | 57ff ff48 | 8bd0 488b 

  0x00007e5bdc587a74: ;   {optimized virtual_call}
  0x00007e5bdc587a74: 7424 70e8 

  0x00007e5bdc587a78: ; ImmutableOopMap {[0]=Oop [40]=Oop [48]=Oop [64]=Oop [112]=Oop }
                      ;*invokevirtual logAndConvert {reexecute=0 rethrow=0 return_oop=1}
                      ; - org.h2.jdbc.JdbcPreparedStatement::setInt@59 (line 361)
                      ; - org.apache.derbyTesting.system.oe.load.SimpleInsert::orderTable@81 (line 393)
  0x00007e5bdc587a78: 04d6 6dff 

  0x00007e5bdc587a7c: ;   {other}
  0x00007e5bdc587a7c: 0f1f 8400 | 0000 0000 | 488b d848 | 85c0 0f85 | 0c57 ffff | bef6 ffff | ff48 8b2c | 2448 ff74 
  0x00007e5bdc587a9c: 2428 488f 

  0x00007e5bdc587aa0: ;   {runtime_call UncommonTrapBlob}
  0x00007e5bdc587aa0: 4424 10e8 

  0x00007e5bdc587aa4: ; ImmutableOopMap {rbp=Oop [16]=Oop [48]=Oop [64]=Oop [112]=Oop }
                      ;*athrow {reexecute=1 rethrow=0 return_oop=0}
                      ; - (reexecute) org.h2.jdbc.JdbcPreparedStatement::setInt@62 (line 361)
                      ; - org.apache.derbyTesting.system.oe.load.SimpleInsert::orderTable@81 (line 393)
  0x00007e5bdc587aa4: 5828 6eff 

  0x00007e5bdc587aa8: ;   {other}
  0x00007e5bdc587aa8: 0f1f 8400 | 0000 0000 | 488b d844 | 8b50 0849 | bb00 0000 | 93ad 7100 | 004d 03da | 4d8b 5340 
  0x00007e5bdc587ac8: ;   {metadata('java/lang/Exception')}
  0x00007e5bdc587ac8: 49bb 78c1 | 0093 ad71 | 0000 4d3b | d30f 85d1 | 56ff ff48 | 8bd0 488b 

  0x00007e5bdc587ae0: ;   {optimized virtual_call}
  0x00007e5bdc587ae0: 7424 70e8 

  0x00007e5bdc587ae4: ; ImmutableOopMap {[0]=Oop [40]=Oop [48]=Oop [64]=Oop [112]=Oop }
                      ;*invokevirtual logAndConvert {reexecute=0 rethrow=0 return_oop=1}
                      ; - org.h2.jdbc.JdbcPreparedStatement::setInt@59 (line 361)
                      ; - org.apache.derbyTesting.system.oe.load.SimpleInsert::orderTable@95 (line 394)
  0x00007e5bdc587ae4: 98d5 6dff 

  0x00007e5bdc587ae8: ;   {other}
  0x00007e5bdc587ae8: 0f1f 8400 | 0000 0000 | 488b d848 | 85c0 0f85 | a056 ffff | bef6 ffff | ff48 8b2c | 2448 ff74 
  0x00007e5bdc587b08: 2428 488f 

  0x00007e5bdc587b0c: ;   {runtime_call UncommonTrapBlob}
  0x00007e5bdc587b0c: 4424 10e8 

  0x00007e5bdc587b10: ; ImmutableOopMap {rbp=Oop [16]=Oop [48]=Oop [64]=Oop [112]=Oop }
                      ;*athrow {reexecute=1 rethrow=0 return_oop=0}
                      ; - (reexecute) org.h2.jdbc.JdbcPreparedStatement::setInt@62 (line 361)
                      ; - org.apache.derbyTesting.system.oe.load.SimpleInsert::orderTable@95 (line 394)
  0x00007e5bdc587b10: ec27 6eff 

  0x00007e5bdc587b14: ;   {other}
  0x00007e5bdc587b14: 0f1f 8400 | 0000 0000 | 488b d8e9 | 8856 ffff | 488b d844 | 8b50 0849 | bb00 0000 | 93ad 7100 
  0x00007e5bdc587b34: 004d 03da | eb14 488b | d844 8b50 | 0849 bb00 | 0000 93ad | 7100 004d | 03da 4d8b 

  0x00007e5bdc587b50: ;   {metadata('java/lang/Exception')}
  0x00007e5bdc587b50: 5340 49bb | 78c1 0093 | ad71 0000 | 4d3b d30f | 8547 56ff | ff48 8bd3 | 488b 7424 

  0x00007e5bdc587b6c: ;   {optimized virtual_call}
  0x00007e5bdc587b6c: 7066 90e8 

  0x00007e5bdc587b70: ; ImmutableOopMap {[0]=Oop [40]=Oop [48]=Oop [64]=Oop [112]=Oop [168]=Oop }
                      ;*invokevirtual logAndConvert {reexecute=0 rethrow=0 return_oop=1}
                      ; - org.h2.jdbc.JdbcPreparedStatement::setShort@59 (line 661)
                      ; - org.apache.derbyTesting.system.oe.load.SimpleInsert::orderTable@147 (line 402)
  0x00007e5bdc587b70: 0cd5 6dff 

  0x00007e5bdc587b74: ;   {other}
  0x00007e5bdc587b74: 0f1f 8400 | 0000 0000 | 488b d848 | 85c0 0f85 | 1456 ffff | bef6 ffff | ff48 8b2c | 2448 ff74 
  0x00007e5bdc587b94: 2430 488f | 4424 0848 | ff74 2428 | 488f 4424 

  0x00007e5bdc587ba4: ;   {runtime_call UncommonTrapBlob}
  0x00007e5bdc587ba4: 1066 90e8 

  0x00007e5bdc587ba8: ; ImmutableOopMap {rbp=Oop [8]=Oop [16]=Oop [64]=Oop [112]=Oop [168]=Oop }
                      ;*athrow {reexecute=1 rethrow=0 return_oop=0}
                      ; - (reexecute) org.h2.jdbc.JdbcPreparedStatement::setShort@62 (line 661)
                      ; - org.apache.derbyTesting.system.oe.load.SimpleInsert::orderTable@147 (line 402)
  0x00007e5bdc587ba8: 5427 6eff 

  0x00007e5bdc587bac: ;   {other}
  0x00007e5bdc587bac: 0f1f 8400 | 0000 0000 | 488b d844 | 8b58 0849 | ba00 0000 | 93ad 7100 | 004d 03d3 | eb14 488b 
  0x00007e5bdc587bcc: d844 8b58 | 0849 ba00 | 0000 93ad | 7100 004d | 03d3 4d8b 

  0x00007e5bdc587be0: ;   {metadata('java/lang/Exception')}
  0x00007e5bdc587be0: 5240 49bb | 78c1 0093 | ad71 0000 | 4d3b d30f | 85b7 55ff | ff48 8bd3 | 488b 7424 

  0x00007e5bdc587bfc: ;   {optimized virtual_call}
  0x00007e5bdc587bfc: 7066 90e8 

  0x00007e5bdc587c00: ; ImmutableOopMap {[0]=Oop [40]=Oop [48]=Oop [64]=Oop [112]=Oop [168]=Oop }
                      ;*invokevirtual logAndConvert {reexecute=0 rethrow=0 return_oop=1}
                      ; - org.h2.jdbc.JdbcPreparedStatement::setShort@59 (line 661)
                      ; - org.apache.derbyTesting.system.oe.load.SimpleInsert::orderTable@157 (line 403)
  0x00007e5bdc587c00: 7cd4 6dff 

  0x00007e5bdc587c04: ;   {other}
  0x00007e5bdc587c04: 0f1f 8400 | 0000 0000 | 488b d848 | 85c0 0f85 | 8455 ffff | bef6 ffff | ff48 8b2c | 2448 ff74 
  0x00007e5bdc587c24: 2430 488f | 4424 0848 | ff74 2428 | 488f 4424 

  0x00007e5bdc587c34: ;   {runtime_call UncommonTrapBlob}
  0x00007e5bdc587c34: 1066 90e8 

  0x00007e5bdc587c38: ; ImmutableOopMap {rbp=Oop [8]=Oop [16]=Oop [64]=Oop [112]=Oop [168]=Oop }
                      ;*athrow {reexecute=1 rethrow=0 return_oop=0}
                      ; - (reexecute) org.h2.jdbc.JdbcPreparedStatement::setShort@62 (line 661)
                      ; - org.apache.derbyTesting.system.oe.load.SimpleInsert::orderTable@157 (line 403)
  0x00007e5bdc587c38: c426 6eff 

  0x00007e5bdc587c3c: ;   {other}
  0x00007e5bdc587c3c: 0f1f 8400 | 0000 0000 | 488b d844 | 8b50 0849 | bb00 0000 | 93ad 7100 | 004d 03da | 4d8b 5340 
  0x00007e5bdc587c5c: ;   {metadata('java/lang/Exception')}
  0x00007e5bdc587c5c: 49bb 78c1 | 0093 ad71 | 0000 4d3b | d30f 853d | 55ff ff48 | 8bd0 488b 

  0x00007e5bdc587c74: ;   {optimized virtual_call}
  0x00007e5bdc587c74: 7424 60e8 

  0x00007e5bdc587c78: ; ImmutableOopMap {[0]=Oop [16]=Oop [40]=Oop [64]=Oop [96]=Oop }
                      ;*invokevirtual logAndConvert {reexecute=0 rethrow=0 return_oop=1}
                      ; - org.h2.jdbc.JdbcPreparedStatement::setInt@59 (line 361)
                      ; - org.apache.derbyTesting.system.oe.load.SimpleInsert::orderTable@446 (line 440)
  0x00007e5bdc587c78: 04d4 6dff 

  0x00007e5bdc587c7c: ;   {other}
  0x00007e5bdc587c7c: 0f1f 8400 | 0000 0000 | 488b d848 | 85c0 0f85 | 0c55 ffff | bef6 ffff | ff48 8b2c | 2448 ff74 
  0x00007e5bdc587c9c: 2410 488f | 4424 0848 | ff74 2428 | 488f 4424 

  0x00007e5bdc587cac: ;   {runtime_call UncommonTrapBlob}
  0x00007e5bdc587cac: 1066 90e8 

  0x00007e5bdc587cb0: ; ImmutableOopMap {rbp=Oop [8]=Oop [16]=Oop [64]=Oop [96]=Oop }
                      ;*athrow {reexecute=1 rethrow=0 return_oop=0}
                      ; - (reexecute) org.h2.jdbc.JdbcPreparedStatement::setInt@62 (line 361)
                      ; - org.apache.derbyTesting.system.oe.load.SimpleInsert::orderTable@446 (line 440)
  0x00007e5bdc587cb0: 4c26 6eff 

  0x00007e5bdc587cb4: ;   {other}
  0x00007e5bdc587cb4: 0f1f 8400 | 0000 0000 | bef6 ffff | ff48 8b2c | 2448 8944 | 24f8 8b44 | 2438 8944 | 2404 488b 
  0x00007e5bdc587cd4: 4424 f848 | ff74 2410 | 488f 4424 | 0848 ff74 | 2430 488f | 4424 1048 | ff74 2428 | 488f 4424 
  0x00007e5bdc587cf4: 184c 895c 

  0x00007e5bdc587cf8: ;   {runtime_call UncommonTrapBlob}
  0x00007e5bdc587cf8: 2438 90e8 

  0x00007e5bdc587cfc: ; ImmutableOopMap {rbp=Oop [8]=Oop [16]=Oop [24]=Oop [56]=Oop [64]=Oop [72]=Oop }
                      ;*invokeinterface executeUpdate {reexecute=0 rethrow=0 return_oop=0}
                      ; - org.h2.jdbc.JdbcConnection::commit@50 (line 447)
                      ; - org.apache.derbyTesting.system.oe.load.SimpleInsert::orderTable@472 (line 444)
  0x00007e5bdc587cfc: 0026 6eff 

  0x00007e5bdc587d00: ;   {other}
  0x00007e5bdc587d00: 0f1f 8400 | 0000 0000 | 488b d8e9 | 9c54 ffff | 488b d8e9 | 9454 ffff | 4c8b d0eb | 0d4c 8bd0 
  0x00007e5bdc587d20: eb08 4c8b | d0eb 034c | 8bd0 498b | da45 8b5a | 0849 ba00 | 0000 93ad | 7100 004d | 03d3 eb26 
  0x00007e5bdc587d40: 4c8b d0eb | 0d4c 8bd0 | eb08 4c8b | d0eb 034c | 8bd0 498b | da45 8b5a | 0849 ba00 | 0000 93ad 
  0x00007e5bdc587d60: 7100 004d | 03d3 4d8b 

  0x00007e5bdc587d68: ;   {metadata('java/lang/Exception')}
  0x00007e5bdc587d68: 5240 49bb | 78c1 0093 | ad71 0000 | 4d3b d30f | 852f 54ff | ff48 8bd3 | 488b 7424 

  0x00007e5bdc587d84: ;   {optimized virtual_call}
  0x00007e5bdc587d84: 6866 90e8 

  0x00007e5bdc587d88: ; ImmutableOopMap {[0]=Oop [16]=Oop [40]=Oop [48]=Oop [104]=Oop [168]=Oop }
                      ;*invokevirtual logAndConvert {reexecute=0 rethrow=0 return_oop=1}
                      ; - org.h2.jdbc.JdbcPreparedStatement::setShort@59 (line 661)
                      ; - org.apache.derbyTesting.system.oe.load.SimpleInsert::orderTable@302 (line 425)
  0x00007e5bdc587d88: f4d2 6dff 

  0x00007e5bdc587d8c: ;   {other}
  0x00007e5bdc587d8c: 0f1f 8400 | 0000 0000 | 488b d848 | 85c0 0f85 | fc53 ffff | bef6 ffff | ff48 8b2c | 2448 8944 
  0x00007e5bdc587dac: 24f8 8b44 | 2438 8944 | 2404 488b | 4424 f848 | ff74 2410 | 488f 4424 | 0848 ff74 | 2430 488f 
  0x00007e5bdc587dcc: 4424 1848 | ff74 2428 | 488f 4424 

  0x00007e5bdc587dd8: ;   {runtime_call UncommonTrapBlob}
  0x00007e5bdc587dd8: 2066 90e8 

  0x00007e5bdc587ddc: ; ImmutableOopMap {rbp=Oop [8]=Oop [24]=Oop [32]=Oop [104]=Oop [168]=Oop }
                      ;*athrow {reexecute=1 rethrow=0 return_oop=0}
                      ; - (reexecute) org.h2.jdbc.JdbcPreparedStatement::setShort@62 (line 661)
                      ; - org.apache.derbyTesting.system.oe.load.SimpleInsert::orderTable@302 (line 425)
  0x00007e5bdc587ddc: 2025 6eff 

  0x00007e5bdc587de0: ;   {other}
  0x00007e5bdc587de0: 0f1f 8400 | 0000 0000 | 4c8b d0eb | 0d4c 8bd0 | eb08 4c8b | d0eb 034c | 8bd0 498b | da45 8b5a 
  0x00007e5bdc587e00: 0849 ba00 | 0000 93ad | 7100 004d | 03d3 4d8b 

  0x00007e5bdc587e10: ;   {metadata('java/lang/Exception')}
  0x00007e5bdc587e10: 5240 49bb | 78c1 0093 | ad71 0000 | 4d3b d30f | 8587 53ff | ff48 8bd3 | 488b 7424 

  0x00007e5bdc587e2c: ;   {optimized virtual_call}
  0x00007e5bdc587e2c: 6866 90e8 

  0x00007e5bdc587e30: ; ImmutableOopMap {[0]=Oop [16]=Oop [40]=Oop [48]=Oop [104]=Oop [168]=Oop }
                      ;*invokevirtual logAndConvert {reexecute=0 rethrow=0 return_oop=1}
                      ; - org.h2.jdbc.JdbcPreparedStatement::setInt@59 (line 361)
                      ; - org.apache.derbyTesting.system.oe.load.SimpleInsert::orderTable@273 (line 421)
  0x00007e5bdc587e30: 4cd2 6dff 

  0x00007e5bdc587e34: ;   {other}
  0x00007e5bdc587e34: 0f1f 8400 | 0000 0000 | 488b d848 | 85c0 0f85 | 5453 ffff | bef6 ffff | ff48 8b2c | 2448 8944 
  0x00007e5bdc587e54: 24f8 8b44 | 2438 8944 | 2404 488b | 4424 f848 | ff74 2410 | 488f 4424 | 0848 ff74 | 2430 488f 
  0x00007e5bdc587e74: 4424 1848 | ff74 2428 | 488f 4424 

  0x00007e5bdc587e80: ;   {runtime_call UncommonTrapBlob}
  0x00007e5bdc587e80: 2066 90e8 

  0x00007e5bdc587e84: ; ImmutableOopMap {rbp=Oop [8]=Oop [24]=Oop [32]=Oop [104]=Oop [168]=Oop }
                      ;*athrow {reexecute=1 rethrow=0 return_oop=0}
                      ; - (reexecute) org.h2.jdbc.JdbcPreparedStatement::setInt@62 (line 361)
                      ; - org.apache.derbyTesting.system.oe.load.SimpleInsert::orderTable@273 (line 421)
  0x00007e5bdc587e84: 7824 6eff 

  0x00007e5bdc587e88: ;   {other}
  0x00007e5bdc587e88: 0f1f 8400 | 0000 0000 | 4c8b d0eb | 0d4c 8bd0 | eb08 4c8b | d0eb 034c | 8bd0 498b | da45 8b52 
  0x00007e5bdc587ea8: 0849 bb00 | 0000 93ad | 7100 004d | 03da 4d8b 

  0x00007e5bdc587eb8: ;   {metadata('java/lang/Exception')}
  0x00007e5bdc587eb8: 5340 49bb | 78c1 0093 | ad71 0000 | 4d3b d30f | 85df 52ff | ff48 8bd3 | 488b 7424 

  0x00007e5bdc587ed4: ;   {optimized virtual_call}
  0x00007e5bdc587ed4: 6866 90e8 

  0x00007e5bdc587ed8: ; ImmutableOopMap {[0]=Oop [16]=Oop [40]=Oop [48]=Oop [104]=Oop [168]=Oop }
                      ;*invokevirtual logAndConvert {reexecute=0 rethrow=0 return_oop=1}
                      ; - org.h2.jdbc.JdbcPreparedStatement::setInt@59 (line 361)
                      ; - org.apache.derbyTesting.system.oe.load.SimpleInsert::orderTable@292 (line 424)
  0x00007e5bdc587ed8: a4d1 6dff 

  0x00007e5bdc587edc: ;   {other}
  0x00007e5bdc587edc: 0f1f 8400 | 0000 0000 | 488b d848 | 85c0 0f85 | ac52 ffff | bef6 ffff | ff48 8b2c | 2448 8944 
  0x00007e5bdc587efc: 24f8 8b44 | 2438 8944 | 2404 488b | 4424 f848 | ff74 2410 | 488f 4424 | 0848 ff74 | 2430 488f 
  0x00007e5bdc587f1c: 4424 1848 | ff74 2428 | 488f 4424 

  0x00007e5bdc587f28: ;   {runtime_call UncommonTrapBlob}
  0x00007e5bdc587f28: 2066 90e8 

  0x00007e5bdc587f2c: ; ImmutableOopMap {rbp=Oop [8]=Oop [24]=Oop [32]=Oop [104]=Oop [168]=Oop }
                      ;*athrow {reexecute=1 rethrow=0 return_oop=0}
                      ; - (reexecute) org.h2.jdbc.JdbcPreparedStatement::setInt@62 (line 361)
                      ; - org.apache.derbyTesting.system.oe.load.SimpleInsert::orderTable@292 (line 424)
  0x00007e5bdc587f2c: d023 6eff 

  0x00007e5bdc587f30: ;   {other}
  0x00007e5bdc587f30: 0f1f 8400 | 0000 0000 | 488b d8eb | 1a48 8be8 | 488b 7424 

  0x00007e5bdc587f44: ;   {optimized virtual_call}
  0x00007e5bdc587f44: 6033 d2e8 

  0x00007e5bdc587f48: ; ImmutableOopMap {rbp=Oop [0]=Oop [16]=Oop [40]=Oop [64]=Oop [72]=Oop [96]=Oop }
                      ;*invokevirtual setExecutingStatement {reexecute=0 rethrow=0 return_oop=0}
                      ; - org.h2.jdbc.JdbcPreparedStatement::executeUpdateInternal@94 (line 217)
                      ; - org.h2.jdbc.JdbcPreparedStatement::executeUpdate@16 (line 169)
                      ; - org.apache.derbyTesting.system.oe.load.SimpleInsert::orderTable@453 (line 441)
  0x00007e5bdc587f48: 34d1 6dff 

  0x00007e5bdc587f4c: ;   {other}
  0x00007e5bdc587f4c: 0f1f 8400 | 0000 0000 | 488b dd4c | 8b5c 2448 | 488d 8424 | b000 0000 | 4883 3800 | 0f84 7900 
  0x00007e5bdc587f6c: 0000 4d8b | 1341 f6c2 | 020f 8462 | 0000 0049 | 83ba 8600 | 0000 0074 | 0949 ff8a | 8600 0000 
  0x00007e5bdc587f8c: eb4b 498b | 8296 0000 | 0049 0b82 | 8e00 0000 | 750a 49c7 | 423e 0000 | 0000 eb3d | 4983 ba9e 
  0x00007e5bdc587fac: 0000 0000 | 7422 4833 | c049 c742 | 3e00 0000 | 00f0 8304 | 2400 4983 | ba9e 0000 | 0000 750d 
  0x00007e5bdc587fcc: f04d 0fb1 | 7a3e 7505 | 83c8 01eb | 0ca8 00eb | 084c 8b10 | f04d 0fb1 | 1375 0a49 | ff8f 6808 
  0x00007e5bdc587fec: 0000 4533 | d275 7544 | 8b53 0849 | bb00 0000 | 93ad 7100 | 004d 03da | 4d8b 5340 

  0x00007e5bdc588008: ;   {metadata('java/lang/Exception')}
  0x00007e5bdc588008: 49bb 78c1 | 0093 ad71 | 0000 4d3b | d30f 8591 | 51ff ff48 | 8bd3 488b 

  0x00007e5bdc588020: ;   {optimized virtual_call}
  0x00007e5bdc588020: 7424 60e8 

  0x00007e5bdc588024: ; ImmutableOopMap {[0]=Oop [16]=Oop [40]=Oop [64]=Oop [96]=Oop }
                      ;*invokevirtual logAndConvert {reexecute=0 rethrow=0 return_oop=1}
                      ; - org.h2.jdbc.JdbcPreparedStatement::executeUpdate@39 (line 172)
                      ; - org.apache.derbyTesting.system.oe.load.SimpleInsert::orderTable@453 (line 441)
  0x00007e5bdc588024: 58d0 6dff 

  0x00007e5bdc588028: ;   {other}
  0x00007e5bdc588028: 0f1f 8400 | 0000 0000 | 488b d848 | 85c0 0f85 | 6051 ffff | bef6 ffff | ff48 8b2c | 2448 ff74 
  0x00007e5bdc588048: 2410 488f | 4424 0848 | ff74 2428 | 488f 4424 

  0x00007e5bdc588058: ;   {runtime_call UncommonTrapBlob}
  0x00007e5bdc588058: 1066 90e8 

  0x00007e5bdc58805c: ; ImmutableOopMap {rbp=Oop [8]=Oop [16]=Oop [64]=Oop [96]=Oop }
                      ;*athrow {reexecute=1 rethrow=0 return_oop=0}
                      ; - (reexecute) org.h2.jdbc.JdbcPreparedStatement::executeUpdate@42 (line 172)
                      ; - org.apache.derbyTesting.system.oe.load.SimpleInsert::orderTable@453 (line 441)
  0x00007e5bdc58805c: a022 6eff 

  0x00007e5bdc588060: ;   {other}
  0x00007e5bdc588060: 0f1f 8400 | 0000 0000 | 4d8b d349 | 8bfa 488d | b424 b000 | 0000 498b | d749 baa0 | 89fe f35b 
  0x00007e5bdc588080: 7e00 0041 

  0x00007e5bdc588084: ;   {other}
  0x00007e5bdc588084: ffd2 0f1f | 8400 0000 | 0000 e960 | ffff ff48 | 8bd8 e911 | 51ff ff48 | 8bd8 e909 | 51ff ff48 
  0x00007e5bdc5880a4: 8bd8 e901 | 51ff ff48 | 8bd8 e9f9 | 50ff ff48 | 8bd8 e9f1 | 50ff ff48 | 8bd8 e9e9 | 50ff ff48 
  0x00007e5bdc5880c4: 8bd8 e9e1 | 50ff ff48 | 8bd8 e9d9 

  0x00007e5bdc5880d0: ;   {internal_word}
  0x00007e5bdc5880d0: 50ff ff49 | ba38 d257 | dc5b 7e00 | 004d 8997 | 8007 0000 

  0x00007e5bdc5880e4: ;   {runtime_call SafepointBlob}
  0x00007e5bdc5880e4: e917 336e | ff48 83ec | 08c5 fb11 

  0x00007e5bdc5880f0: ;   {runtime_call StubRoutines (initial stubs)}
  0x00007e5bdc5880f0: 0424 e8f1 | fc68 ff41 | 5be9 d34c | ffff 4883 | ec08 c5fb 

  0x00007e5bdc588104: ;   {runtime_call StubRoutines (initial stubs)}
  0x00007e5bdc588104: 1104 24e8 | dcfc 68ff | 4158 e9b6 | 43ff ff48 | 83ec 08c5 | fb11 0424 

  0x00007e5bdc58811c: ;   {runtime_call StubRoutines (initial stubs)}
  0x00007e5bdc58811c: e8c7 fc68 | ff41 5be9 | 773c ffff | 4883 ec08 | c5fb 1104 

  0x00007e5bdc588130: ;   {runtime_call StubRoutines (initial stubs)}
  0x00007e5bdc588130: 24e8 b2fc | 68ff 4158 | e986 35ff | ff48 83ec | 08c5 fb11 

  0x00007e5bdc588144: ;   {runtime_call StubRoutines (initial stubs)}
  0x00007e5bdc588144: 0424 e89d | fc68 ff41 | 5be9 7b2d | ffff 4883 | ec08 c5fb 

  0x00007e5bdc588158: ;   {runtime_call StubRoutines (initial stubs)}
  0x00007e5bdc588158: 1104 24e8 | 88fc 68ff | 4158 e96a | 24ff ff48 | 83ec 08c5 | fb11 0424 

  0x00007e5bdc588170: ;   {runtime_call StubRoutines (initial stubs)}
  0x00007e5bdc588170: e873 fc68 | ff41 5be9 | cd1c ffff | 4883 ec08 | c5fb 1104 

  0x00007e5bdc588184: ;   {runtime_call StubRoutines (initial stubs)}
  0x00007e5bdc588184: 24e8 5efc | 68ff 4158 | e9e1 15ff | ff48 83ec | 08c5 fb11 

  0x00007e5bdc588198: ;   {runtime_call StubRoutines (initial stubs)}
  0x00007e5bdc588198: 0424 e849 | fc68 ff41 | 5ae9 ab09 

  0x00007e5bdc5881a4: ;   {runtime_call StubRoutines (final stubs)}
  0x00007e5bdc5881a4: ffff e8b5 | 6c6c ffe9 | defb feff 
[Stub Code]
  0x00007e5bdc5881b0: ;   {no_reloc}
  0x00007e5bdc5881b0: 48bb 0000 | 0000 0000 

  0x00007e5bdc5881b8: ;   {runtime_call nmethod}
  0x00007e5bdc5881b8: 0000 e9fb 

  0x00007e5bdc5881bc: ;   {static_stub}
  0x00007e5bdc5881bc: ffff ff48 | bb00 0000 | 0000 0000 

  0x00007e5bdc5881c8: ;   {runtime_call nmethod}
  0x00007e5bdc5881c8: 00e9 fbff 

  0x00007e5bdc5881cc: ;   {static_stub}
  0x00007e5bdc5881cc: ffff 48bb | 0000 0000 | 0000 0000 

  0x00007e5bdc5881d8: ;   {runtime_call nmethod}
  0x00007e5bdc5881d8: e9fb ffff 

  0x00007e5bdc5881dc: ;   {static_stub}
  0x00007e5bdc5881dc: ff48 bb00 | 0000 0000 

  0x00007e5bdc5881e4: ;   {runtime_call nmethod}
  0x00007e5bdc5881e4: 0000 00e9 | fbff ffff 

  0x00007e5bdc5881ec: ;   {static_stub}
  0x00007e5bdc5881ec: 48bb 0000 | 0000 0000 

  0x00007e5bdc5881f4: ;   {runtime_call nmethod}
  0x00007e5bdc5881f4: 0000 e9fb 

  0x00007e5bdc5881f8: ;   {static_stub}
  0x00007e5bdc5881f8: ffff ff48 | bb00 0000 | 0000 0000 

  0x00007e5bdc588204: ;   {runtime_call nmethod}
  0x00007e5bdc588204: 00e9 fbff 

  0x00007e5bdc588208: ;   {static_stub}
  0x00007e5bdc588208: ffff 48bb | 0000 0000 | 0000 0000 

  0x00007e5bdc588214: ;   {runtime_call nmethod}
  0x00007e5bdc588214: e9fb ffff 

  0x00007e5bdc588218: ;   {static_stub}
  0x00007e5bdc588218: ff48 bb00 | 0000 0000 

  0x00007e5bdc588220: ;   {runtime_call nmethod}
  0x00007e5bdc588220: 0000 00e9 | fbff ffff 

  0x00007e5bdc588228: ;   {static_stub}
  0x00007e5bdc588228: 48bb 0000 | 0000 0000 

  0x00007e5bdc588230: ;   {runtime_call nmethod}
  0x00007e5bdc588230: 0000 e9fb 

  0x00007e5bdc588234: ;   {static_stub}
  0x00007e5bdc588234: ffff ff48 | bb00 0000 | 0000 0000 

  0x00007e5bdc588240: ;   {runtime_call nmethod}
  0x00007e5bdc588240: 00e9 fbff 

  0x00007e5bdc588244: ;   {static_stub}
  0x00007e5bdc588244: ffff 48bb | 0000 0000 | 0000 0000 

  0x00007e5bdc588250: ;   {runtime_call nmethod}
  0x00007e5bdc588250: e9fb ffff 

  0x00007e5bdc588254: ;   {static_stub}
  0x00007e5bdc588254: ff48 bb00 | 0000 0000 

  0x00007e5bdc58825c: ;   {runtime_call nmethod}
  0x00007e5bdc58825c: 0000 00e9 | fbff ffff 

  0x00007e5bdc588264: ;   {static_stub}
  0x00007e5bdc588264: 48bb 0000 | 0000 0000 

  0x00007e5bdc58826c: ;   {runtime_call nmethod}
  0x00007e5bdc58826c: 0000 e9fb 

  0x00007e5bdc588270: ;   {static_stub}
  0x00007e5bdc588270: ffff ff48 | bb00 0000 | 0000 0000 

  0x00007e5bdc58827c: ;   {runtime_call nmethod}
  0x00007e5bdc58827c: 00e9 fbff 

  0x00007e5bdc588280: ;   {static_stub}
  0x00007e5bdc588280: ffff 48bb | 0000 0000 | 0000 0000 

  0x00007e5bdc58828c: ;   {runtime_call nmethod}
  0x00007e5bdc58828c: e9fb ffff 

  0x00007e5bdc588290: ;   {static_stub}
  0x00007e5bdc588290: ff48 bb00 | 0000 0000 

  0x00007e5bdc588298: ;   {runtime_call nmethod}
  0x00007e5bdc588298: 0000 00e9 | fbff ffff 

  0x00007e5bdc5882a0: ;   {static_stub}
  0x00007e5bdc5882a0: 48bb 0000 | 0000 0000 

  0x00007e5bdc5882a8: ;   {runtime_call nmethod}
  0x00007e5bdc5882a8: 0000 e9fb 

  0x00007e5bdc5882ac: ;   {static_stub}
  0x00007e5bdc5882ac: ffff ff48 | bb00 0000 | 0000 0000 

  0x00007e5bdc5882b8: ;   {runtime_call nmethod}
  0x00007e5bdc5882b8: 00e9 fbff 

  0x00007e5bdc5882bc: ;   {static_stub}
  0x00007e5bdc5882bc: ffff 48bb | 0000 0000 | 0000 0000 

  0x00007e5bdc5882c8: ;   {runtime_call nmethod}
  0x00007e5bdc5882c8: e9fb ffff 

  0x00007e5bdc5882cc: ;   {static_stub}
  0x00007e5bdc5882cc: ff48 bb00 | 0000 0000 

  0x00007e5bdc5882d4: ;   {runtime_call nmethod}
  0x00007e5bdc5882d4: 0000 00e9 | fbff ffff 

  0x00007e5bdc5882dc: ;   {static_stub}
  0x00007e5bdc5882dc: 48bb 0000 | 0000 0000 

  0x00007e5bdc5882e4: ;   {runtime_call nmethod}
  0x00007e5bdc5882e4: 0000 e9fb 

  0x00007e5bdc5882e8: ;   {static_stub}
  0x00007e5bdc5882e8: ffff ff48 | bb00 0000 | 0000 0000 

  0x00007e5bdc5882f4: ;   {runtime_call nmethod}
  0x00007e5bdc5882f4: 00e9 fbff 

  0x00007e5bdc5882f8: ;   {static_stub}
  0x00007e5bdc5882f8: ffff 48bb | 0000 0000 | 0000 0000 

  0x00007e5bdc588304: ;   {runtime_call nmethod}
  0x00007e5bdc588304: e9fb ffff 

  0x00007e5bdc588308: ;   {static_stub}
  0x00007e5bdc588308: ff48 bb00 | 0000 0000 

  0x00007e5bdc588310: ;   {runtime_call nmethod}
  0x00007e5bdc588310: 0000 00e9 | fbff ffff 

  0x00007e5bdc588318: ;   {static_stub}
  0x00007e5bdc588318: 48bb 0000 | 0000 0000 

  0x00007e5bdc588320: ;   {runtime_call nmethod}
  0x00007e5bdc588320: 0000 e9fb 

  0x00007e5bdc588324: ;   {static_stub}
  0x00007e5bdc588324: ffff ff48 | bb00 0000 | 0000 0000 

  0x00007e5bdc588330: ;   {runtime_call nmethod}
  0x00007e5bdc588330: 00e9 fbff 

  0x00007e5bdc588334: ;   {static_stub}
  0x00007e5bdc588334: ffff 48bb | 0000 0000 | 0000 0000 

  0x00007e5bdc588340: ;   {runtime_call nmethod}
  0x00007e5bdc588340: e9fb ffff 

  0x00007e5bdc588344: ;   {static_stub}
  0x00007e5bdc588344: ff48 bb00 | 0000 0000 

  0x00007e5bdc58834c: ;   {runtime_call nmethod}
  0x00007e5bdc58834c: 0000 00e9 | fbff ffff 

  0x00007e5bdc588354: ;   {static_stub}
  0x00007e5bdc588354: 48bb 0000 | 0000 0000 

  0x00007e5bdc58835c: ;   {runtime_call nmethod}
  0x00007e5bdc58835c: 0000 e9fb 

  0x00007e5bdc588360: ;   {static_stub}
  0x00007e5bdc588360: ffff ff48 | bb00 0000 | 0000 0000 

  0x00007e5bdc58836c: ;   {runtime_call nmethod}
  0x00007e5bdc58836c: 00e9 fbff 

  0x00007e5bdc588370: ;   {static_stub}
  0x00007e5bdc588370: ffff 48bb | 0000 0000 | 0000 0000 

  0x00007e5bdc58837c: ;   {runtime_call nmethod}
  0x00007e5bdc58837c: e9fb ffff 

  0x00007e5bdc588380: ;   {static_stub}
  0x00007e5bdc588380: ff48 bb00 | 0000 0000 

  0x00007e5bdc588388: ;   {runtime_call nmethod}
  0x00007e5bdc588388: 0000 00e9 | fbff ffff 

  0x00007e5bdc588390: ;   {static_stub}
  0x00007e5bdc588390: 48bb 0000 | 0000 0000 

  0x00007e5bdc588398: ;   {runtime_call nmethod}
  0x00007e5bdc588398: 0000 e9fb 

  0x00007e5bdc58839c: ;   {static_stub}
  0x00007e5bdc58839c: ffff ff48 | bb00 0000 | 0000 0000 

  0x00007e5bdc5883a8: ;   {runtime_call nmethod}
  0x00007e5bdc5883a8: 00e9 fbff 

  0x00007e5bdc5883ac: ;   {static_stub}
  0x00007e5bdc5883ac: ffff 48bb | 0000 0000 | 0000 0000 

  0x00007e5bdc5883b8: ;   {runtime_call nmethod}
  0x00007e5bdc5883b8: e9fb ffff 

  0x00007e5bdc5883bc: ;   {static_stub}
  0x00007e5bdc5883bc: ff48 bb00 | 0000 0000 

  0x00007e5bdc5883c4: ;   {runtime_call nmethod}
  0x00007e5bdc5883c4: 0000 00e9 | fbff ffff 

  0x00007e5bdc5883cc: ;   {static_stub}
  0x00007e5bdc5883cc: 48bb 0000 | 0000 0000 

  0x00007e5bdc5883d4: ;   {runtime_call nmethod}
  0x00007e5bdc5883d4: 0000 e9fb 

  0x00007e5bdc5883d8: ;   {static_stub}
  0x00007e5bdc5883d8: ffff ff48 | bb00 0000 | 0000 0000 

  0x00007e5bdc5883e4: ;   {runtime_call nmethod}
  0x00007e5bdc5883e4: 00e9 fbff 

  0x00007e5bdc5883e8: ;   {static_stub}
  0x00007e5bdc5883e8: ffff 48bb | 0000 0000 | 0000 0000 

  0x00007e5bdc5883f4: ;   {runtime_call nmethod}
  0x00007e5bdc5883f4: e9fb ffff 

  0x00007e5bdc5883f8: ;   {static_stub}
  0x00007e5bdc5883f8: ff48 bb00 | 0000 0000 

  0x00007e5bdc588400: ;   {runtime_call nmethod}
  0x00007e5bdc588400: 0000 00e9 | fbff ffff 

  0x00007e5bdc588408: ;   {static_stub}
  0x00007e5bdc588408: 48bb 0000 | 0000 0000 

  0x00007e5bdc588410: ;   {runtime_call nmethod}
  0x00007e5bdc588410: 0000 e9fb 

  0x00007e5bdc588414: ;   {static_stub}
  0x00007e5bdc588414: ffff ff48 | bb00 0000 | 0000 0000 

  0x00007e5bdc588420: ;   {runtime_call nmethod}
  0x00007e5bdc588420: 00e9 fbff 

  0x00007e5bdc588424: ;   {static_stub}
  0x00007e5bdc588424: ffff 48bb | 0000 0000 | 0000 0000 

  0x00007e5bdc588430: ;   {runtime_call nmethod}
  0x00007e5bdc588430: e9fb ffff 

  0x00007e5bdc588434: ;   {static_stub}
  0x00007e5bdc588434: ff48 bb00 | 0000 0000 

  0x00007e5bdc58843c: ;   {runtime_call nmethod}
  0x00007e5bdc58843c: 0000 00e9 | fbff ffff 

  0x00007e5bdc588444: ;   {static_stub}
  0x00007e5bdc588444: 48bb 0000 | 0000 0000 

  0x00007e5bdc58844c: ;   {runtime_call nmethod}
  0x00007e5bdc58844c: 0000 e9fb 

  0x00007e5bdc588450: ;   {static_stub}
  0x00007e5bdc588450: ffff ff48 | bb00 0000 | 0000 0000 

  0x00007e5bdc58845c: ;   {runtime_call nmethod}
  0x00007e5bdc58845c: 00e9 fbff 

  0x00007e5bdc588460: ;   {static_stub}
  0x00007e5bdc588460: ffff 48bb | 0000 0000 | 0000 0000 

  0x00007e5bdc58846c: ;   {runtime_call nmethod}
  0x00007e5bdc58846c: e9fb ffff 

  0x00007e5bdc588470: ;   {static_stub}
  0x00007e5bdc588470: ff48 bb00 | 0000 0000 

  0x00007e5bdc588478: ;   {runtime_call nmethod}
  0x00007e5bdc588478: 0000 00e9 | fbff ffff 

  0x00007e5bdc588480: ;   {static_stub}
  0x00007e5bdc588480: 48bb 0000 | 0000 0000 

  0x00007e5bdc588488: ;   {runtime_call nmethod}
  0x00007e5bdc588488: 0000 e9fb 

  0x00007e5bdc58848c: ;   {static_stub}
  0x00007e5bdc58848c: ffff ff48 | bb00 0000 | 0000 0000 

  0x00007e5bdc588498: ;   {runtime_call nmethod}
  0x00007e5bdc588498: 00e9 fbff 

  0x00007e5bdc58849c: ;   {static_stub}
  0x00007e5bdc58849c: ffff 48bb | 0000 0000 | 0000 0000 

  0x00007e5bdc5884a8: ;   {runtime_call nmethod}
  0x00007e5bdc5884a8: e9fb ffff 

  0x00007e5bdc5884ac: ;   {static_stub}
  0x00007e5bdc5884ac: ff48 bb00 | 0000 0000 

  0x00007e5bdc5884b4: ;   {runtime_call nmethod}
  0x00007e5bdc5884b4: 0000 00e9 | fbff ffff 

  0x00007e5bdc5884bc: ;   {static_stub}
  0x00007e5bdc5884bc: 48bb b882 | 4e88 ad71 

  0x00007e5bdc5884c4: ;   {runtime_call I2C/C2I adapters}
  0x00007e5bdc5884c4: 0000 e9a0 

  0x00007e5bdc5884c8: ;   {static_stub}
  0x00007e5bdc5884c8: 946d ff48 | bb00 0000 | 0000 0000 

  0x00007e5bdc5884d4: ;   {runtime_call nmethod}
  0x00007e5bdc5884d4: 00e9 fbff 

  0x00007e5bdc5884d8: ;   {runtime_call ExceptionBlob}
  0x00007e5bdc5884d8: ffff e921 | 1e79 ffe8 | 0000 0000 | 4883 2c24 

  0x00007e5bdc5884e8: ;   {runtime_call DeoptimizationBlob}
  0x00007e5bdc5884e8: 05e9 b221 | 6eff f4f4 
[/MachCode]


---------------  P R O C E S S  ---------------

Threads class SMR info:
_java_thread_list=0x000071acec0a5910, length=16, elements={
0x00007e5bec02b240, 0x00007e5bec51ee40, 0x00007e5bec5206d0, 0x00007e5bec5221e0,
0x00007e5bec540a10, 0x00007e5bec542360, 0x00007e5bec543c20, 0x00007e5bec545730,
0x00007e5bec547110, 0x000071ad0c0455c0, 0x000071ad000015f0, 0x00007e5bec58e1b0,
0x00007e5bec5911b0, 0x000071ad04014280, 0x000071ad0002e7f0, 0x000071ad0002fe60
}

Java Threads: ( => current thread )
=>0x00007e5bec02b240 JavaThread ""                                  [_thread_in_Java, id=178500, stack(0x00007e5bf2c17000,0x00007e5bf2d17000) (1024K)]
  0x00007e5bec51ee40 JavaThread ""                                  [_thread_blocked, id=178507, stack(0x00007e5bf1500000,0x00007e5bf1600000) (1024K)]
  0x00007e5bec5206d0 JavaThread ""                                  [_thread_blocked, id=178508, stack(0x00007e5bf1400000,0x00007e5bf1500000) (1024K)]
  0x00007e5bec5221e0 JavaThread ""                                  [_thread_blocked, id=178509, stack(0x00007e5bf1300000,0x00007e5bf1400000) (1024K)]
  0x00007e5bec540a10 JavaThread ""                                  [_thread_blocked, id=178533, stack(0x000071add9dff000,0x000071add9eff000) (1024K)]
  0x00007e5bec542360 JavaThread ""                                  [_thread_blocked, id=178534, stack(0x000071add9cff000,0x000071add9dff000) (1024K)]
  0x00007e5bec543c20 JavaThread ""                                  [_thread_blocked, id=178535, stack(0x000071add9bff000,0x000071add9cff000) (1024K)]
  0x00007e5bec545730 JavaThread ""                                  [_thread_blocked, id=178536, stack(0x000071add9aff000,0x000071add9bff000) (1024K)]
  0x00007e5bec547110 JavaThread ""                                  [_thread_blocked, id=178537, stack(0x000071add99ff000,0x000071add9aff000) (1024K)]
  0x000071ad0c0455c0 JavaThread ""                           daemon [_thread_blocked, id=178538, stack(0x000071add98ff000,0x000071add99ff000) (1024K)]
  0x000071ad000015f0 JavaThread ""                           daemon [_thread_blocked, id=178539, stack(0x000071add97ff000,0x000071add98ff000) (1024K)]
  0x00007e5bec58e1b0 JavaThread ""                           daemon [_thread_blocked, id=178540, stack(0x000071add96ff000,0x000071add97ff000) (1024K)]
  0x00007e5bec5911b0 JavaThread "Common-Cleaner"             daemon [_thread_blocked, id=178541, stack(0x000071add95ff000,0x000071add96ff000) (1024K)]
  0x000071ad04014280 JavaThread "æ•¨ç ®æ±­æ¤®ç‘®ç‰¥æ…®â¹¬æ•³æ¥²æ±¡ç©©ç‰¥æ®æµ¯3À€À€À€î¨ˆÀ€á¸¨á­˜À€À€ä¸ä€„À€À€À€â°À€0À€æ½£â¹­ç•³â¹®ç‰¯â¹§ç¡æ¡æ•¨ç ®æ±­æ¤®ç‘®ç‰¥æ…®â¹¬æ•³æ¥²æ±¡ç©©ç‰¥ç”®æ¥´ç¬À€À€À€î¨ˆÀ€ä¡°Ñ˜À€À€äŸä€„À€À€À€â°À€)À€æ½£â¹­ç•³â¹®ç‰¯â¹§ç¡æ¡æ•¨ç ®æ±­æ¤®ç‘®ç‰¥æ…®â¹¬ç‘µæ±©â¹³æ•²sÀ€À€À€À€À€À€î¨ˆÀ€ï€¾î™©À€À€ä ¨ä€„À€À€À€â°À€&À€æ½£â¹­ç•³â¹®ç‰¯â¹§ç¡æ¡æ•¨ç ®æ…°æ¡´æ¤®ç‘®ç‰¥æ…®â¹¬ç¡¡ç¥À€À€À€À€î¨ˆÀ€ëŽˆî™­À€À€ä¡¸ä€„À€À€À€â°À€&À€æ½£â¹­ç•³â¹®ç‰¯â¹§ç¡æ¡æ•¨ç ®æ…°æ¡´æ¤®ç‘®ç‰¥æ…®â¹¬æ…ªç¸À€À€À€À€î¨ˆÀ€î©…è°ŒÀ€À€ä£ˆä€„À€À€À€â°À€,À€æ½£â¹­ç•³â¹®ç‰¯â¹§ç¡æ¡æ•¨ç ®æ…°æ¡´æ¤®ç‘®ç‰¥æ…®â¹¬ç¯ç‰¥ç‘¡æ½©ç®À€À€À€À€À€î¨ˆÀ€å­¼ãŠ´À€À€ä¤ ä€„À€À€À€â°À€*À€æ½£â¹­ç•³â¹®ç‰¯â¹§ç¡æ¡æ•¨ç ®æ…°æ¡´æ¤®ç‘®ç‰¥æ…®â¹¬æ…°ç‘´ç‰¥ç®À€À€À€À€À€À€î¨ˆÀ€ä¿«ê‡ƒÀ€À€ä¥¸ä€„À€À€À€â°À€À€æ½£â¹­ç•³â¹®æµ¸â¹¬æ¹©æ•´æ¹²æ±¡çŒ®ç‰´æ…¥mÀ€À€À€À€À€î¨ˆÀ€í…‘æº‰À€À€ä§€ä€„À€À€À€â°À€À€æ½£â¹­ç•³â¹®æµ¸â¹¬æ¹©æ•´æ¹²æ±¡çŒ®ç‰´æ…¥â¹­ç‘¤dÀ€À€À€î¨ˆÀ€è„ƒë«ŽÀ€À€ä¨ˆä€„À€À€À€â°À€-À€æ½£â¹­ç•³â¹®æµ¸â¹¬æ¹©æ•´æ¹²æ±¡çŒ®ç‰´æ…¥â¹­ç‘¤â¹¤æ½®ç™®æ±¡æ‘©ç‘¡æ¹©gÀ€À€À€À€î¨ˆÀ€è¡¼ç§À€À€ä© ä€„À€À€À€â°À€"À€æ½£â¹­ç•³â¹®æµ¸â¹¬æ¹©æ•´æ¹²æ±¡çŒ®ç‰´æ…¥â¹­ç™¥æ¹¥ç´À€À€À€À€À€À€î¨ˆÀ€á¥æŠ¸À€À€äª°ä€„À€À€À€â°À€ À€æ½£â¹­ç•³â¹®æµ¸â¹¬æ¹©æ•´æ¹²æ±¡çŒ®ç‰´æ…¥â¹­ç‘µæ±©À€À€À€î¨ˆÀ€â½ç‡˜À€À€ä«¸ä€„À€À€À€â°À€#À€æ½£â¹­ç•³â¹®æµ¸â¹¬æ¹©æ•´æ¹²æ±¡çŒ®ç‰´æ…¥â¹­ç‰·ç‘©ç‰¥sÀ€À€À€À€À€î¨ˆÀ€îŒ‘é¥†À€À€ä­ˆä€„À€À€À€â°À€À€æ‘ªâ¹«æµ¸â¹¬æ¹©æ•´æ¹²æ±¡À€À€À€í¸ gÀ€ä®€ä€„À€À€À€À€À€áŠˆÀ€ÃŽÀ€À€À€ãœ¸ä€„À€À€À€À€À€À€â£ˆä€„À€À€À€À€À€À€À€À€À€À€â¡°ä€„ã‘ä€„ã©˜ä€„ä†¸ä€„ãžä€„äˆä€„äª˜ä€„À€À€À€À€ä–°ä€„À€À€ãª¨ä€„À€À€á¼¨ä€„ã» ä€„ä ä€„â°ä€„ä’°ä€„âƒ˜ä€„ã°ä€„ã¨€ä€„âŽ°ä€„À€À€äž¸ä€„À€À€À€À€ä”ˆä€„ä« ä€„ä¥ ä€„À€À€À€À€À€À€À€À€ä©ˆä€„À€À€ä¡ ä€„ã’¨ä€„ä‘ ä€„À€À€À€À€ä„€ä€„À€À€ã– ä€„äŠ°ä€„À€À€À€À€ä‰ ä€„â—€ä€„À€À€À€À€À€À€ä•˜ä€„À€À€À€À€ä¦¨ä€„À€À€ã¤€ä€„âŸˆä€„â…ˆä€„À€À€À€À€À€À€ã™€ä€„À€À€À€À€ã“¸ä€„â‰˜ä€„À€À€âœ˜ä€„À€À€À€À€À€À€ã½€ä€„â‘ ä€„ä¢°ä€„ã¥˜ä€„ã¦°ä€„âˆ€ä€„À€À€ã•ˆä€„â™¸ä€„À€À€À€À€À€À€ã¢ ä€„ä˜ä€„À€À€À€À€À€À€À€À€À€À€À€À€â”ä€„À€À€À€À€À€À€ã·ä€„À€À€À€À€ãŸ°ä€„À€À€À€À€ãŽ¸ä€„äŒˆä€„À€À€ä…˜ä€„À€À€À€À€âˆä€„â’¸ä€        [_thread_blocked, id=178542, stack(0x000071add94ff000,0x000071add95ff000) (1024K)]
  0x000071ad0002e7f0 JavaThread ""                           daemon [_thread_blocked, id=178543, stack(0x000071add93ff000,0x000071add94ff000) (1024K)]
  0x000071ad0002fe60 JavaThread ""                           daemon [_thread_blocked, id=178544, stack(0x000071add92ff000,0x000071add93ff000) (1024K)]
Total: 16

Other Threads:
  0x00007e5bec513940 VMThread "VM Thread"                           [id=178506, stack(0x00007e5bf192b000,0x00007e5bf1a2b000) (1024K)]
  0x00007e5bec501ca0 WatcherThread "VM Periodic Task Thread"        [id=178505, stack(0x00007e5bf1a2c000,0x00007e5bf1b2c000) (1024K)]
Total: 2

Threads with active compile tasks:
Total: 0

VM state: not at safepoint (normal execution)

VM Mutex/Monitor currently owned by a thread: None

Heap address: 0x0000000040000000, size: 3072 MB, Compressed Oops mode: 32-bit

CDS archive(s) mapped at: [0x000071ad93000000-0x000071ad93ca3000-0x000071ad93ca3000), size 13250560, SharedBaseAddress: 0x000071ad93000000, ArchiveRelocationMode: 1.
Compressed class space mapped at: 0x000071ad94000000-0x000071add4000000, reserved size: 1073741824
Narrow klass base: 0x000071ad93000000, Narrow klass shift: 0, Narrow klass range: 0x100000000

GC Precious Log:
<Empty>

Heap:

[error occurred during error reporting (printing heap information), id 0xe0000000, Internal Error (/mydata/mmtk-openjdk/openjdk/share/mmtkHeap.cpp:424)]
Metaspace:

Usage:
  Non-class:      7.82 MB used.
      Class:    851.30 KB used.
       Both:      8.65 MB used.

Virtual space:
  Non-class space:       64.00 MB reserved,       7.94 MB ( 12%) committed,  1 nodes.
      Class space:        1.00 GB reserved,     960.00 KB ( <1%) committed,  1 nodes.
             Both:        1.06 GB reserved,       8.88 MB ( <1%) committed. 

Chunk freelists:
   Non-Class:  6.72 MB
       Class:  15.11 MB
        Both:  21.82 MB

MaxMetaspaceSize: unlimited
CompressedClassSpaceSize: 1.00 GB
Initial GC threshold: 21.00 MB
Current GC threshold: 21.00 MB
CDS: on
 - commit_granule_bytes: 65536.
 - commit_granule_words: 8192.
 - virtual_space_node_default_size: 8388608.
 - enlarge_chunks_in_place: 1.
 - use_allocation_guard: 0.


Internal statistics:

num_allocs_failed_limit: 0.
num_arena_births: 154.
num_arena_deaths: 0.
num_vsnodes_births: 2.
num_vsnodes_deaths: 0.
num_space_committed: 142.
num_space_uncommitted: 0.
num_chunks_returned_to_freelist: 0.
num_chunks_taken_from_freelist: 415.
num_chunk_merges: 0.
num_chunk_splits: 294.
num_chunks_enlarged: 224.
num_inconsistent_stats: 0.

CodeHeap 'non-profiled nmethods': size=118880Kb used=1751Kb max_used=1751Kb free=117128Kb
 bounds [0x00007e5bdc3e8000, 0x00007e5bdc658000, 0x00007e5be3800000]
CodeHeap 'profiled nmethods': size=118876Kb used=3682Kb max_used=3682Kb free=115193Kb
 bounds [0x00007e5bd4800000, 0x00007e5bd4ba0000, 0x00007e5bdbc17000]
CodeHeap 'non-nmethods': size=8004Kb used=3489Kb max_used=3580Kb free=4514Kb
 bounds [0x00007e5bdbc17000, 0x00007e5bdbf97000, 0x00007e5bdc3e8000]
CodeCache: size=245760Kb, used=8922Kb, max_used=9013Kb, free=236835Kb
 total_blobs=2683, nmethods=2160, adapters=423, full_count=0
Compilation: enabled, stopped_count=0, restarted_count=0

Compilation events (20 events):
Event: 3.712 Thread 0x000071ad0c0455c0 2150       3       org.h2.engine.SessionLocal::setWaitForLock (11 bytes)
Event: 3.712 Thread 0x000071ad0002e7f0 nmethod 2149 0x00007e5bd4b94f90 code [0x00007e5bd4b95140, 0x00007e5bd4b95308]
Event: 3.713 Thread 0x000071ad0c0455c0 nmethod 2150 0x00007e5bd4b95410 code [0x00007e5bd4b955a0, 0x00007e5bd4b956b8]
Event: 3.724 Thread 0x000071ad000015f0 2151       3       org.h2.mvstore.db.MVSecondaryIndex::getMVMap (8 bytes)
Event: 3.724 Thread 0x000071ad0002fe60 2152 %     3       org.apache.derbyTesting.system.oe.util.OERandom::randomIntPerm @ 6 (80 bytes)
Event: 3.724 Thread 0x000071ad000015f0 nmethod 2151 0x00007e5bd4b95790 code [0x00007e5bd4b95920, 0x00007e5bd4b95a30]
Event: 3.724 Thread 0x000071ad0002fe60 nmethod 2152% 0x00007e5bd4b95b10 code [0x00007e5bd4b95d00, 0x00007e5bd4b96260]
Event: 3.779 Thread 0x000071ad000015f0 2153       3       org.apache.derbyTesting.system.oe.util.OERandom::randomIntPerm (80 bytes)
Event: 3.779 Thread 0x000071ad000015f0 nmethod 2153 0x00007e5bd4b96510 code [0x00007e5bd4b966e0, 0x00007e5bd4b96b68]
Event: 3.821 Thread 0x00007e5bec547110 2154       3       java.util.BitSet::set (18 bytes)
Event: 3.821 Thread 0x00007e5bec545730 2155       4       org.h2.message.TraceObject::isDebugEnabled (8 bytes)
Event: 3.821 Thread 0x000071ad0c0455c0 2156       3       org.h2.mvstore.Page$Leaf::expand (70 bytes)
Event: 3.821 Thread 0x00007e5bec547110 nmethod 2154 0x00007e5bd4b96d90 code [0x00007e5bd4b96f40, 0x00007e5bd4b97210]
Event: 3.821 Thread 0x00007e5bec547110 2157       3       org.h2.mvstore.Page::expandKeys (42 bytes)
Event: 3.822 Thread 0x00007e5bec547110 nmethod 2157 0x00007e5bd4b97310 code [0x00007e5bd4b97500, 0x00007e5bd4b97b10]
Event: 3.822 Thread 0x000071ad0c0455c0 nmethod 2156 0x00007e5bd4b97d10 code [0x00007e5bd4b97f40, 0x00007e5bd4b98770]
Event: 3.822 Thread 0x00007e5bec545730 nmethod 2155 0x00007e5bdc576790 code [0x00007e5bdc576920, 0x00007e5bdc576a60]
Event: 3.828 Thread 0x000071ad04014280 nmethod 2143% 0x00007e5bdc576c10 code [0x00007e5bdc577d60, 0x00007e5bdc5884f0]
Event: 3.830 Thread 0x000071ad04014280 2158   !   4       org.h2.mvstore.MVMap::flushAppendBuffer (965 bytes)
Event: 3.847 Thread 0x00007e5bec545730 2159       4       org.apache.derbyTesting.system.oe.load.SimpleInsert::orderTable (513 bytes)

GC Heap History (0 events):
No events

Dll operation events (6 events):
Event: 0.001 Loaded shared library /mydata/openjdk-mmtk/build/b0test/images/jdk/lib/libjava.so
Event: 2.194 Loaded shared library /mydata/openjdk-mmtk/build/b0test/images/jdk/lib/libjsvml.so
Event: 2.206 Loaded shared library /mydata/openjdk-mmtk/build/b0test/images/jdk/lib/libnio.so
Event: 2.210 Loaded shared library /mydata/openjdk-mmtk/build/b0test/images/jdk/lib/libzip.so
Event: 2.223 Loaded shared library /mydata/openjdk-mmtk/build/b0test/images/jdk/lib/libjimage.so
Event: 2.250 Loaded shared library /mydata/openjdk-mmtk/build/b0test/images/jdk/lib/libnet.so

Deoptimization events (20 events):
Event: 3.050 Thread 0x00007e5bec02b240 Uncommon trap: trap_request=0xffffff45 fr.pc=0x00007e5bdc503d30 relative=0x0000000000000110
Event: 3.050 Thread 0x00007e5bec02b240 Uncommon trap: reason=unstable_if action=reinterpret pc=0x00007e5bdc503d30 method=org.h2.util.DateTimeUtils.convertScale(JIJ)J @ 30 c2
Event: 3.050 Thread 0x00007e5bec02b240 DEOPT PACKING pc=0x00007e5bdc503d30 sp=0x00007e5bf2d14990
Event: 3.050 Thread 0x00007e5bec02b240 DEOPT UNPACKING pc=0x00007e5bdbc6a399 sp=0x00007e5bf2d14938 mode 2
Event: 3.235 Thread 0x00007e5bec02b240 DEOPT PACKING pc=0x00007e5bd4af4e6d sp=0x00007e5bf2d14a40
Event: 3.235 Thread 0x00007e5bec02b240 DEOPT UNPACKING pc=0x00007e5bdbc6ab2f sp=0x00007e5bf2d13ef0 mode 0
Event: 3.237 Thread 0x00007e5bec02b240 DEOPT PACKING pc=0x00007e5bd4af4e6d sp=0x00007e5bf2d14a40
Event: 3.237 Thread 0x00007e5bec02b240 DEOPT UNPACKING pc=0x00007e5bdbc6ab2f sp=0x00007e5bf2d13ef0 mode 0
Event: 3.284 Thread 0x00007e5bec02b240 Uncommon trap: trap_request=0xffffffcc fr.pc=0x00007e5bdc565be0 relative=0x00000000000002a0
Event: 3.284 Thread 0x00007e5bec02b240 Uncommon trap: reason=intrinsic_or_type_checked_inlining action=make_not_entrant pc=0x00007e5bdc565be0 method=java.util.Arrays.copyOf([Ljava/lang/Object;ILjava/lang/Class;)[Ljava/lang/Object; @ 35 c2
Event: 3.284 Thread 0x00007e5bec02b240 DEOPT PACKING pc=0x00007e5bdc565be0 sp=0x00007e5bf2d14940
Event: 3.284 Thread 0x00007e5bec02b240 DEOPT UNPACKING pc=0x00007e5bdbc6a399 sp=0x00007e5bf2d148e8 mode 2
Event: 3.335 Thread 0x00007e5bec02b240 DEOPT PACKING pc=0x00007e5bd4b7927e sp=0x00007e5bf2d149f0
Event: 3.335 Thread 0x00007e5bec02b240 DEOPT UNPACKING pc=0x00007e5bdbc6ab2f sp=0x00007e5bf2d13ef8 mode 0
Event: 3.847 Thread 0x00007e5bec02b240 DEOPT PACKING pc=0x00007e5bd4b8925c sp=0x00007e5bf2d14de0
Event: 3.847 Thread 0x00007e5bec02b240 DEOPT UNPACKING pc=0x00007e5bdbc6ab2f sp=0x00007e5bf2d142e8 mode 0
Event: 3.924 Thread 0x00007e5bec02b240 Uncommon trap: trap_request=0xfffffff6 fr.pc=0x00007e5bdc52b424 relative=0x00000000000032c4
Event: 3.924 Thread 0x00007e5bec02b240 Uncommon trap: reason=null_check action=maybe_recompile pc=0x00007e5bdc52b424 method=org.h2.mvstore.RootReference.tryUpdate(Lorg/h2/mvstore/RootReference;)Lorg/h2/mvstore/RootReference; @ 30 c2
Event: 3.924 Thread 0x00007e5bec02b240 DEOPT PACKING pc=0x00007e5bdc52b424 sp=0x00007e5bf2d14a00
Event: 3.924 Thread 0x00007e5bec02b240 DEOPT UNPACKING pc=0x00007e5bdbc6a399 sp=0x00007e5bf2d148a0 mode 2

Classes loaded (20 events):
Event: 2.535 Loading class sun/security/provider/NativeSeedGenerator
Event: 2.535 Loading class sun/security/provider/SeedGenerator$URLSeedGenerator
Event: 2.535 Loading class sun/security/provider/SeedGenerator$URLSeedGenerator done
Event: 2.535 Loading class sun/security/provider/NativeSeedGenerator done
Event: 2.535 Loading class sun/security/provider/SeedGenerator$URLSeedGenerator$1
Event: 2.535 Loading class sun/security/provider/SeedGenerator$URLSeedGenerator$1 done
Event: 2.543 Loading class java/io/PrintWriter
Event: 2.543 Loading class java/io/PrintWriter done
Event: 2.543 Loading class java/io/PrintWriter$1
Event: 2.543 Loading class jdk/internal/access/JavaIOPrintWriterAccess
Event: 2.543 Loading class jdk/internal/access/JavaIOPrintWriterAccess done
Event: 2.543 Loading class java/io/PrintWriter$1 done
Event: 2.545 Loading class java/text/MessageFormat
Event: 2.545 Loading class java/text/MessageFormat done
Event: 2.545 Loading class java/text/MessageFormat$Field
Event: 2.545 Loading class java/text/MessageFormat$Field done
Event: 2.559 Loading class java/math/MathContext
Event: 2.559 Loading class java/math/MathContext done
Event: 2.793 Loading class java/lang/Math$RandomNumberGeneratorHolder
Event: 2.793 Loading class java/lang/Math$RandomNumberGeneratorHolder done

Classes unloaded (0 events):
No events

Classes redefined (0 events):
No events

Internal exceptions (20 events):
Event: 2.376 Thread 0x00007e5bec02b240 Exception <a 'java/lang/NoSuchMethodError'{0x00000000403a71d8}: 'void java.lang.invoke.DelegatingMethodHandle$Holder.delegate(java.lang.Object, java.lang.Object, int, java.lang.Object)'> (0x00000000403a71d8) 
thrown [src/hotspot/share/interpreter/linkResolver.cpp, line 772]
Event: 2.376 Thread 0x00007e5bec02b240 Exception <a 'java/lang/NoSuchMethodError'{0x00000000403aafa8}: 'int java.lang.invoke.DirectMethodHandle$Holder.invokeSpecial(java.lang.Object, java.lang.Object, java.lang.Object)'> (0x00000000403aafa8) 
thrown [src/hotspot/share/interpreter/linkResolver.cpp, line 772]
Event: 2.390 Thread 0x00007e5bec02b240 Exception <a 'java/lang/NoClassDefFoundError'{0x00000000408177a8}: org/apache/derby/shared/common/info/ProductVersionHolder> (0x00000000408177a8) 
thrown [src/hotspot/share/classfile/systemDictionary.cpp, line 301]
Event: 2.390 Thread 0x00007e5bec02b240 Exception <a 'java/lang/NoClassDefFoundError'{0x00000000408177a8}> (0x00000000408177a8) 
thrown [src/hotspot/share/oops/instanceKlass.cpp, line 1223]
Event: 2.390 Thread 0x00007e5bec02b240 Exception <a 'java/lang/NoClassDefFoundError'{0x00000000408177a8}> (0x00000000408177a8) 
thrown [src/hotspot/share/oops/instanceKlass.cpp, line 1223]
Event: 2.451 Thread 0x00007e5bec02b240 Exception <a 'java/lang/NoSuchMethodError'{0x0000000040a30990}: 'void java.lang.invoke.DirectMethodHandle$Holder.invokeStaticInit(java.lang.Object, java.lang.Object, java.lang.Object, java.lang.Object, java.lang.Object)'> (0x0000000040a30990) 
thrown [src/hotspot/share/interpreter/linkResolver.cpp, line 772]
Event: 2.478 Thread 0x00007e5bec02b240 Exception <a 'java/lang/NoSuchMethodError'{0x0000000040b52488}: 'int java.lang.invoke.DirectMethodHandle$Holder.invokeStaticInit(java.lang.Object, java.lang.Object, java.lang.Object)'> (0x0000000040b52488) 
thrown [src/hotspot/share/interpreter/linkResolver.cpp, line 772]
Event: 2.537 Thread 0x00007e5bec02b240 Exception <a 'java/lang/NoSuchMethodError'{0x00000000412a8e58}: 'int java.lang.invoke.DirectMethodHandle$Holder.invokeVirtual(java.lang.Object, java.lang.Object)'> (0x00000000412a8e58) 
thrown [src/hotspot/share/interpreter/linkResolver.cpp, line 772]
Event: 2.538 Thread 0x00007e5bec02b240 Exception <a 'java/lang/NoSuchMethodError'{0x00000000412af7c0}: 'int java.lang.invoke.DirectMethodHandle$Holder.invokeStatic(java.lang.Object, java.lang.Object, java.lang.Object, java.lang.Object)'> (0x00000000412af7c0) 
thrown [src/hotspot/share/interpreter/linkResolver.cpp, line 772]
Event: 2.538 Thread 0x00007e5bec02b240 Exception <a 'java/lang/NoSuchMethodError'{0x00000000412b3338}: 'java.lang.Object java.lang.invoke.Invokers$Holder.invokeExact_MT(java.lang.Object, java.lang.Object, java.lang.Object, java.lang.Object, java.lang.Object, java.lang.Object)'> (0x00000000412b3338) 
thrown [src/hotspot/share/interpreter/linkResolver.cpp, line 772]
Event: 2.539 Thread 0x00007e5bec02b240 Exception <a 'java/lang/NoSuchMethodError'{0x00000000412b9ce8}: 'void java.lang.invoke.DirectMethodHandle$Holder.invokeStaticInit(java.lang.Object, java.lang.Object)'> (0x00000000412b9ce8) 
thrown [src/hotspot/share/interpreter/linkResolver.cpp, line 772]
Event: 2.541 Thread 0x00007e5bec02b240 Exception <a 'java/lang/NoSuchMethodError'{0x00000000412d0238}: 'int java.lang.invoke.DirectMethodHandle$Holder.invokeSpecial(java.lang.Object, java.lang.Object, java.lang.Object, java.lang.Object)'> (0x00000000412d0238) 
thrown [src/hotspot/share/interpreter/linkResolver.cpp, line 772]
Event: 2.553 Thread 0x00007e5bec02b240 Exception <a 'java/lang/NoSuchMethodError'{0x000000004133cad0}: 'void java.lang.invoke.DirectMethodHandle$Holder.invokeStatic(java.lang.Object, java.lang.Object, java.lang.Object, java.lang.Object)'> (0x000000004133cad0) 
thrown [src/hotspot/share/interpreter/linkResolver.cpp, line 772]
Event: 2.603 Thread 0x00007e5bec02b240 Implicit null exception at 0x00007e5bdc449ac9 to 0x00007e5bdc449e64
Event: 2.907 Thread 0x00007e5bec02b240 Implicit null exception at 0x00007e5bdc51a9cb to 0x00007e5bdc51bffc
Event: 2.907 Thread 0x00007e5bec02b240 Implicit null exception at 0x00007e5bdc51a9cb to 0x00007e5bdc51bffc
Event: 2.907 Thread 0x00007e5bec02b240 Implicit null exception at 0x00007e5bdc51a9cb to 0x00007e5bdc51bffc
Event: 2.928 Thread 0x00007e5bec02b240 Implicit null exception at 0x00007e5bdc51a9cb to 0x00007e5bdc51bffc
Event: 3.924 Thread 0x00007e5bec02b240 Implicit null exception at 0x00007e5bdc528a0a to 0x00007e5bdc52b3dc
Event: 3.926 Thread 0x00007e5bec02b240 Exception <a 'java/lang/IncompatibleClassChangeError'{0x00000000400923d8}: Class  does not implement the requested interface org.h2.mvstore.type.DataType> (0x00000000400923d8) 
thrown [src/hotspot/share/interpreter/interpreterRuntime.cpp, line 646]

ZGC Phase Switch (0 events):
No events

VM Operations (20 events):
Event: 2.425 Executing VM operation: HandshakeAllThreads (Deoptimize)
Event: 2.425 Executing VM operation: HandshakeAllThreads (Deoptimize) done
Event: 2.444 Executing VM operation: HandshakeAllThreads (Deoptimize)
Event: 2.445 Executing VM operation: HandshakeAllThreads (Deoptimize) done
Event: 2.487 Executing VM operation: HandshakeAllThreads (Deoptimize)
Event: 2.487 Executing VM operation: HandshakeAllThreads (Deoptimize) done
Event: 2.545 Executing VM operation: HandshakeAllThreads (Deoptimize)
Event: 2.545 Executing VM operation: HandshakeAllThreads (Deoptimize) done
Event: 2.568 Executing VM operation: HandshakeAllThreads (Deoptimize)
Event: 2.568 Executing VM operation: HandshakeAllThreads (Deoptimize) done
Event: 2.569 Executing VM operation: ICBufferFull
Event: 2.569 Executing VM operation: ICBufferFull done
Event: 2.694 Executing VM operation: HandshakeAllThreads (Deoptimize)
Event: 2.694 Executing VM operation: HandshakeAllThreads (Deoptimize) done
Event: 2.695 Executing VM operation: ICBufferFull
Event: 2.696 Executing VM operation: ICBufferFull done
Event: 3.696 Executing VM operation: Cleanup
Event: 3.696 Executing VM operation: Cleanup done
Event: 3.867 Executing VM operation: ThirdPartyHeapOperation
Event: 3.922 Executing VM operation: ThirdPartyHeapOperation done

Memory protections (20 events):
Event: 2.193 Protecting memory [0x000071add9cff000,0x000071add9d03000] with protection modes 0
Event: 2.193 Protecting memory [0x000071add9bff000,0x000071add9c03000] with protection modes 0
Event: 2.193 Protecting memory [0x000071add9aff000,0x000071add9b03000] with protection modes 0
Event: 2.193 Protecting memory [0x000071add99ff000,0x000071add9a03000] with protection modes 0
Event: 2.203 Protecting memory [0x000071add98ff000,0x000071add9903000] with protection modes 0
Event: 2.203 Protecting memory [0x000071add97ff000,0x000071add9803000] with protection modes 0
Event: 2.205 Protecting memory [0x000071add96ff000,0x000071add9703000] with protection modes 0
Event: 2.205 Protecting memory [0x000071add95ff000,0x000071add9603000] with protection modes 0
Event: 2.255 Protecting memory [0x000071add94ff000,0x000071add9503000] with protection modes 0
Event: 2.262 Protecting memory [0x000071add93ff000,0x000071add9403000] with protection modes 0
Event: 2.262 Protecting memory [0x000071add92ff000,0x000071add9303000] with protection modes 0
Event: 2.266 Protecting memory [0x000071add91ff000,0x000071add9203000] with protection modes 0
Event: 2.534 Protecting memory [0x000071add90ff000,0x000071add9103000] with protection modes 0
Event: 2.639 Protecting memory [0x000071add90ff000,0x000071add9103000] with protection modes 0
Event: 2.640 Protecting memory [0x000071add8fff000,0x000071add9003000] with protection modes 0
Event: 2.640 Protecting memory [0x000071add8eff000,0x000071add8f03000] with protection modes 0
Event: 2.640 Protecting memory [0x000071add8dff000,0x000071add8e03000] with protection modes 0
Event: 2.685 Protecting memory [0x000071add8cff000,0x000071add8d03000] with protection modes 0
Event: 2.685 Protecting memory [0x000071add8bff000,0x000071add8c03000] with protection modes 0
Event: 2.685 Protecting memory [0x000071add8aff000,0x000071add8b03000] with protection modes 0

Nmethod flushes (0 events):
No events

Events (20 events):
Event: 2.262 Thread 0x000071ad0c0455c0 Thread added: 0x000071ad0002e7f0
Event: 2.262 Thread 0x000071ad0c0455c0 Thread added: 0x000071ad0002fe60
Event: 2.266 Thread 0x00007e5bec545730 Thread added: 0x000071ad080d8ef0
Event: 2.534 Thread 0x00007e5bec02b240 Thread added: 0x00007e5bec840bb0
Event: 2.535 Thread 0x00007e5bec840bb0 Thread exited: 0x00007e5bec840bb0
Event: 2.639 Thread 0x000071ad04014280 Thread added: 0x000071acf00dd960
Event: 2.640 Thread 0x000071ad080d8ef0 Thread added: 0x000071acec0a4760
Event: 2.640 Thread 0x000071ad080d8ef0 Thread added: 0x000071acec0a5dd0
Event: 2.640 Thread 0x000071ad080d8ef0 Thread added: 0x000071acec0a7360
Event: 2.685 Thread 0x000071acec0a4760 Thread added: 0x000071ace427c270
Event: 2.685 Thread 0x000071acec0a4760 Thread added: 0x000071ace40ee8f0
Event: 2.685 Thread 0x000071acec0a4760 Thread added: 0x000071ace40f8610
Event: 3.111 Thread 0x000071ace40f8610 Thread exited: 0x000071ace40f8610
Event: 3.111 Thread 0x000071ace40ee8f0 Thread exited: 0x000071ace40ee8f0
Event: 3.499 Thread 0x000071ace427c270 Thread exited: 0x000071ace427c270
Event: 3.499 Thread 0x000071acec0a7360 Thread exited: 0x000071acec0a7360
Event: 3.499 Thread 0x000071acec0a5dd0 Thread exited: 0x000071acec0a5dd0
Event: 3.511 Thread 0x000071acec0a4760 Thread exited: 0x000071acec0a4760
Event: 3.518 Thread 0x000071acf00dd960 Thread exited: 0x000071acf00dd960
Event: 3.540 Thread 0x000071ad080d8ef0 Thread exited: 0x000071ad080d8ef0


Dynamic libraries:
40000000-40400000 rw-p 00000000 00:00 0                                  [anon:mmtk:space:compressor_space]
40400000-40800000 rw-p 00000000 00:00 0                                  [anon:mmtk:space:los]
40800000-40c00000 rw-p 00000000 00:00 0                                  [anon:mmtk:space:compressor_space]
40c00000-41000000 rw-p 00000000 00:00 0                                  [anon:mmtk:space:los]
41000000-41400000 rw-p 00000000 00:00 0                                  [anon:mmtk:space:compressor_space]
41400000-41800000 rw-p 00000000 00:00 0                                  [anon:mmtk:space:los]
41800000-6d800000 rw-p 00000000 00:00 0                                  [anon:mmtk:space:compressor_space]
100000000000-10006d800000 rw-s 00000000 00:10 68                         anon_inode:bpf-map
5b5f3629f000-5b5f362a0000 r--p 00000000 fc:00 49676320                   /mydata/openjdk-mmtk/build/b0test/images/jdk/bin/java
5b5f362a0000-5b5f362a1000 r-xp 00001000 fc:00 49676320                   /mydata/openjdk-mmtk/build/b0test/images/jdk/bin/java
5b5f362a1000-5b5f362a2000 r--p 00002000 fc:00 49676320                   /mydata/openjdk-mmtk/build/b0test/images/jdk/bin/java
5b5f362a2000-5b5f362a3000 r--p 00002000 fc:00 49676320                   /mydata/openjdk-mmtk/build/b0test/images/jdk/bin/java
5b5f362a3000-5b5f362a4000 rw-p 00003000 fc:00 49676320                   /mydata/openjdk-mmtk/build/b0test/images/jdk/bin/java
5b5f4982a000-5b5f49872000 rw-p 00000000 00:00 0                          [heap]
71acc8000000-71acc8d31000 rw-p 00000000 00:00 0 
71acc8d31000-71accc000000 ---p 00000000 00:00 0 
71acd0000000-71acd059a000 rw-p 00000000 00:00 0 
71acd059a000-71acd4000000 ---p 00000000 00:00 0 
71acd4000000-71acd446d000 rw-p 00000000 00:00 0 
71acd446d000-71acd8000000 ---p 00000000 00:00 0 
71acd8000000-71acd87f7000 rw-p 00000000 00:00 0 
71acd87f7000-71acdc000000 ---p 00000000 00:00 0 
71acdc000000-71acdc6bf000 rw-p 00000000 00:00 0 
71acdc6bf000-71ace0000000 ---p 00000000 00:00 0 
71ace0000000-71ace06d1000 rw-p 00000000 00:00 0 
71ace06d1000-71ace4000000 ---p 00000000 00:00 0 
71ace4000000-71ace46ed000 rw-p 00000000 00:00 0 
71ace46ed000-71ace8000000 ---p 00000000 00:00 0 
71ace8000000-71ace806a000 rw-p 00000000 00:00 0 
71ace806a000-71acec000000 ---p 00000000 00:00 0 
71acec000000-71acec9c8000 rw-p 00000000 00:00 0 
71acec9c8000-71acf0000000 ---p 00000000 00:00 0 
71acf0000000-71acf1938000 rw-p 00000000 00:00 0 
71acf1938000-71acf4000000 ---p 00000000 00:00 0 
71acf4000000-71acf40a0000 rw-p 00000000 00:00 0 
71acf40a0000-71acf8000000 ---p 00000000 00:00 0 
71acf8000000-71acf8021000 rw-p 00000000 00:00 0 
71acf8021000-71acfc000000 ---p 00000000 00:00 0 
71acfc000000-71acfc021000 rw-p 00000000 00:00 0 
71acfc021000-71ad00000000 ---p 00000000 00:00 0 
71ad00000000-71ad00153000 rw-p 00000000 00:00 0 
71ad00153000-71ad04000000 ---p 00000000 00:00 0 
71ad04000000-71ad040a8000 rw-p 00000000 00:00 0 
71ad040a8000-71ad08000000 ---p 00000000 00:00 0 
71ad08000000-71ad088ba000 rw-p 00000000 00:00 0 
71ad088ba000-71ad0c000000 ---p 00000000 00:00 0 
71ad0c000000-71ad0c0ec000 rw-p 00000000 00:00 0 
71ad0c0ec000-71ad10000000 ---p 00000000 00:00 0 
71ad10000000-71ad10021000 rw-p 00000000 00:00 0 
71ad10021000-71ad14000000 ---p 00000000 00:00 0 
71ad14000000-71ad14021000 rw-p 00000000 00:00 0 
71ad14021000-71ad18000000 ---p 00000000 00:00 0 
71ad18000000-71ad180a3000 rw-p 00000000 00:00 0 
71ad180a3000-71ad1c000000 ---p 00000000 00:00 0 
71ad1c000000-71ad1c021000 rw-p 00000000 00:00 0 
71ad1c021000-71ad20000000 ---p 00000000 00:00 0 
71ad20000000-71ad20052000 rw-p 00000000 00:00 0 
71ad20052000-71ad24000000 ---p 00000000 00:00 0 
71ad24000000-71ad2405b000 rw-p 00000000 00:00 0 
71ad2405b000-71ad28000000 ---p 00000000 00:00 0 
71ad28000000-71ad280d3000 rw-p 00000000 00:00 0 
71ad280d3000-71ad2c000000 ---p 00000000 00:00 0 
71ad2c000000-71ad2c052000 rw-p 00000000 00:00 0 
71ad2c052000-71ad30000000 ---p 00000000 00:00 0 
71ad30000000-71ad3009b000 rw-p 00000000 00:00 0 
71ad3009b000-71ad34000000 ---p 00000000 00:00 0 
71ad34000000-71ad3405a000 rw-p 00000000 00:00 0 
71ad3405a000-71ad38000000 ---p 00000000 00:00 0 
71ad38000000-71ad380eb000 rw-p 00000000 00:00 0 
71ad380eb000-71ad3c000000 ---p 00000000 00:00 0 
71ad3c000000-71ad3c082000 rw-p 00000000 00:00 0 
71ad3c082000-71ad40000000 ---p 00000000 00:00 0 
71ad40000000-71ad4011a000 rw-p 00000000 00:00 0 
71ad4011a000-71ad44000000 ---p 00000000 00:00 0 
71ad44000000-71ad44077000 rw-p 00000000 00:00 0 
71ad44077000-71ad48000000 ---p 00000000 00:00 0 
71ad48000000-71ad480cb000 rw-p 00000000 00:00 0 
71ad480cb000-71ad4c000000 ---p 00000000 00:00 0 
71ad4c000000-71ad4c05a000 rw-p 00000000 00:00 0 
71ad4c05a000-71ad50000000 ---p 00000000 00:00 0 
71ad50000000-71ad5006b000 rw-p 00000000 00:00 0 
71ad5006b000-71ad54000000 ---p 00000000 00:00 0 
71ad54000000-71ad540e3000 rw-p 00000000 00:00 0 
71ad540e3000-71ad58000000 ---p 00000000 00:00 0 
71ad58000000-71ad5806b000 rw-p 00000000 00:00 0 
71ad5806b000-71ad5c000000 ---p 00000000 00:00 0 
71ad5c000000-71ad5c11a000 rw-p 00000000 00:00 0 
71ad5c11a000-71ad60000000 ---p 00000000 00:00 0 
71ad60000000-71ad60164000 rw-p 00000000 00:00 0 
71ad60164000-71ad64000000 ---p 00000000 00:00 0 
71ad64000000-71ad6406a000 rw-p 00000000 00:00 0 
71ad6406a000-71ad68000000 ---p 00000000 00:00 0 
71ad68000000-71ad680c7000 rw-p 00000000 00:00 0 
71ad680c7000-71ad6c000000 ---p 00000000 00:00 0 
71ad6c000000-71ad6c07e000 rw-p 00000000 00:00 0 
71ad6c07e000-71ad70000000 ---p 00000000 00:00 0 
71ad70000000-71ad7006c000 rw-p 00000000 00:00 0 
71ad7006c000-71ad74000000 ---p 00000000 00:00 0 
71ad74000000-71ad740e2000 rw-p 00000000 00:00 0 
71ad740e2000-71ad78000000 ---p 00000000 00:00 0 
71ad78000000-71ad78021000 rw-p 00000000 00:00 0 
71ad78021000-71ad7c000000 ---p 00000000 00:00 0 
71ad7c000000-71ad7c021000 rw-p 00000000 00:00 0 
71ad7c021000-71ad80000000 ---p 00000000 00:00 0 
71ad80000000-71ad80021000 rw-p 00000000 00:00 0 
71ad80021000-71ad84000000 ---p 00000000 00:00 0 
71ad84000000-71ad84021000 rw-p 00000000 00:00 0 
71ad84021000-71ad88000000 ---p 00000000 00:00 0 
71ad88000000-71ad882a0000 rw-p 00000000 00:00 0 
71ad882a0000-71ad88400000 ---p 00000000 00:00 0 
71ad88400000-71ad88950000 rw-p 00000000 00:00 0 
71ad88950000-71ad8c000000 ---p 00000000 00:00 0 
71ad8c000000-71ad8c021000 rw-p 00000000 00:00 0 
71ad8c021000-71ad90000000 ---p 00000000 00:00 0 
71ad93000000-71ad93ca3000 rw-p 00001000 fc:00 49677003                   /mydata/openjdk-mmtk/build/b0test/images/jdk/lib/server/classes.jsa
71ad93ca3000-71ad94000000 ---p 00000000 00:00 0 
71ad94000000-71ad94040000 rw-p 00000000 00:00 0 
71ad94040000-71ad940f0000 rw-p 00000000 00:00 0 
71ad940f0000-71add4000000 ---p 00000000 00:00 0 
71add4000000-71add4021000 rw-p 00000000 00:00 0 
71add4021000-71add8000000 ---p 00000000 00:00 0 
71add8aff000-71add8b03000 ---p 00000000 00:00 0 
71add8b03000-71add8bff000 rw-p 00000000 00:00 0 
71add8bff000-71add8c03000 ---p 00000000 00:00 0 
71add8c03000-71add8cff000 rw-p 00000000 00:00 0 
71add8cff000-71add8d03000 ---p 00000000 00:00 0 
71add8d03000-71add8dff000 rw-p 00000000 00:00 0 
71add8dff000-71add8e03000 ---p 00000000 00:00 0 
71add8e03000-71add8eff000 rw-p 00000000 00:00 0 
71add8eff000-71add8f03000 ---p 00000000 00:00 0 
71add8f03000-71add8fff000 rw-p 00000000 00:00 0 
71add8fff000-71add9003000 ---p 00000000 00:00 0 
71add9003000-71add90ff000 rw-p 00000000 00:00 0 
71add90ff000-71add9103000 ---p 00000000 00:00 0 
71add9103000-71add91ff000 rw-p 00000000 00:00 0 
71add91ff000-71add9203000 ---p 00000000 00:00 0 
71add9203000-71add92ff000 rw-p 00000000 00:00 0 
71add92ff000-71add9303000 ---p 00000000 00:00 0 
71add9303000-71add93ff000 rw-p 00000000 00:00 0 
71add93ff000-71add9403000 ---p 00000000 00:00 0 
71add9403000-71add94ff000 rw-p 00000000 00:00 0 
71add94ff000-71add9503000 ---p 00000000 00:00 0 
71add9503000-71add95ff000 rw-p 00000000 00:00 0 
71add95ff000-71add9603000 ---p 00000000 00:00 0 
71add9603000-71add96ff000 rw-p 00000000 00:00 0 
71add96ff000-71add9703000 ---p 00000000 00:00 0 
71add9703000-71add97ff000 rw-p 00000000 00:00 0 
71add97ff000-71add9803000 ---p 00000000 00:00 0 
71add9803000-71add98ff000 rw-p 00000000 00:00 0 
71add98ff000-71add9903000 ---p 00000000 00:00 0 
71add9903000-71add99ff000 rw-p 00000000 00:00 0 
71add99ff000-71add9a03000 ---p 00000000 00:00 0 
71add9a03000-71add9aff000 rw-p 00000000 00:00 0 
71add9aff000-71add9b03000 ---p 00000000 00:00 0 
71add9b03000-71add9bff000 rw-p 00000000 00:00 0 
71add9bff000-71add9c03000 ---p 00000000 00:00 0 
71add9c03000-71add9cff000 rw-p 00000000 00:00 0 
71add9cff000-71add9d03000 ---p 00000000 00:00 0 
71add9d03000-71add9dff000 rw-p 00000000 00:00 0 
71add9dff000-71add9e03000 ---p 00000000 00:00 0 
71add9e03000-71add9eff000 rw-p 00000000 00:00 0 
71add9eff000-71add9f00000 ---p 00000000 00:00 0 
71add9f00000-71adda000000 rw-p 00000000 00:00 0 
71adda000000-71adda400000 rw-p 00000000 00:00 0                          [anon:mmtk:space:compressor_space]
71adda400000-71adda800000 ---p 00000000 00:00 0 
71adda800000-71addac00000 rw-p 00000000 00:00 0                          [anon:mmtk:space:compressor_space]
71addac00000-71addb000000 ---p 00000000 00:00 0 
71addb000000-71addb400000 rw-p 00000000 00:00 0                          [anon:mmtk:space:compressor_space]
71addb400000-71addb800000 ---p 00000000 00:00 0 
71addb800000-71ae07600000 rw-p 00000000 00:00 0                          [anon:mmtk:space:compressor_space]
71ae07600000-71ae9a200000 ---p 00000000 00:00 0 
71ae9a200000-71af00200000 rw-p 00000000 00:00 0 
71af002fb000-71af002fc000 ---p 00000000 00:00 0 
71af002fc000-71af003fc000 rw-p 00000000 00:00 0 
71af003fc000-71af30400000 rw-p 00000000 00:00 0 
71af30400000-71af31400000 ---p 00000000 00:00 0                          [anon:mmtk:sidemeta:all:all-quarantined]
71af31400000-71af32000000 rw-p 00000000 00:00 0                          [anon:mmtk:sidemeta:compressor_space:VO_BIT]
71af32000000-73af32400000 ---p 00000000 00:00 0                          [anon:mmtk:sidemeta:all:all-quarantined]
73af32400000-73af32800000 rw-p 00000000 00:00 0                          [anon:mmtk:sidemeta:compressor_space:CHUNK_MARK]
73af32800000-7659b5400000 ---p 00000000 00:00 0                          [anon:mmtk:sidemeta:all:all-quarantined]
7659b5400000-7659b6000000 rw-p 00000000 00:00 0                          [anon:mmtk:sidemeta:compressor_space:COMPRESSOR_MARK]
7659b6000000-7859b5400000 ---p 00000000 00:00 0                          [anon:mmtk:sidemeta:all:all-quarantined]
7859b5400000-7859b6000000 rw-p 00000000 00:00 0                          [anon:mmtk:sidemeta:compressor_space:COMPRESSOR_OFFSET_VECTOR]
7859b6000000-7a59b5400000 ---p 00000000 00:00 0                          [anon:mmtk:sidemeta:all:all-quarantined]
7a59b5400000-7a59b6000000 rw-p 00000000 00:00 0                          [anon:mmtk:sidemeta:compressor_space:COMPRESSOR_REFBITS]
7a59b6000000-7c59b4400000 ---p 00000000 00:00 0                          [anon:mmtk:sidemeta:all:all-quarantined]
7c59b4400000-7c59b4800000 rw-p 00000000 00:00 0                          [anon:mmtk:sidemeta:los:VMLocalLOSMarkNurserySpec]
7c59b4800000-7e5bb4400000 ---p 00000000 00:00 0                          [anon:mmtk:sidemeta:all:all-quarantined]
7e5bb44fc000-7e5bb44fd000 ---p 00000000 00:00 0 
7e5bb44fd000-7e5bb45fd000 rw-p 00000000 00:00 0 
7e5bb45fd000-7e5bb45fe000 ---p 00000000 00:00 0 
7e5bb45fe000-7e5bb46fe000 rw-p 00000000 00:00 0 
7e5bb46fe000-7e5bb46ff000 ---p 00000000 00:00 0 
7e5bb46ff000-7e5bb47ff000 rw-p 00000000 00:00 0 
7e5bb47ff000-7e5bd4800000 rw-p 00000000 00:00 0 
7e5bd4800000-7e5bd4ba0000 rwxp 00000000 00:00 0 
7e5bd4ba0000-7e5bdbc17000 ---p 00000000 00:00 0 
7e5bdbc17000-7e5bdbf97000 rwxp 00000000 00:00 0 
7e5bdbf97000-7e5bdc3e8000 ---p 00000000 00:00 0 
7e5bdc3e8000-7e5bdc658000 rwxp 00000000 00:00 0 
7e5bdc658000-7e5be3800000 ---p 00000000 00:00 0 
7e5be3800000-7e5bebfa0000 r--s 00000000 fc:00 49676291                   /mydata/openjdk-mmtk/build/b0test/images/jdk/lib/modules
7e5bec000000-7e5bed196000 rw-p 00000000 00:00 0 
7e5bed196000-7e5bf0000000 ---p 00000000 00:00 0 
7e5bf001d000-7e5bf0022000 r--p 00000000 fc:00 49676385                   /mydata/openjdk-mmtk/build/b0test/images/jdk/lib/libjsvml.so
7e5bf0022000-7e5bf0063000 r-xp 00005000 fc:00 49676385                   /mydata/openjdk-mmtk/build/b0test/images/jdk/lib/libjsvml.so
7e5bf0063000-7e5bf00ec000 r--p 00046000 fc:00 49676385                   /mydata/openjdk-mmtk/build/b0test/images/jdk/lib/libjsvml.so
7e5bf00ec000-7e5bf00ed000 r--p 000ce000 fc:00 49676385                   /mydata/openjdk-mmtk/build/b0test/images/jdk/lib/libjsvml.so
7e5bf00ed000-7e5bf00ee000 rw-p 000cf000 fc:00 49676385                   /mydata/openjdk-mmtk/build/b0test/images/jdk/lib/libjsvml.so
7e5bf00ee000-7e5bf00ef000 ---p 00000000 00:00 0 
7e5bf00ef000-7e5bf01ef000 rw-p 00000000 00:00 0 
7e5bf01ef000-7e5bf01f0000 ---p 00000000 00:00 0 
7e5bf01f0000-7e5bf02f0000 rw-p 00000000 00:00 0 
7e5bf02f0000-7e5bf02f1000 ---p 00000000 00:00 0 
7e5bf02f1000-7e5bf03f1000 rw-p 00000000 00:00 0 
7e5bf03f1000-7e5bf03f2000 ---p 00000000 00:00 0 
7e5bf03f2000-7e5bf04f2000 rw-p 00000000 00:00 0 
7e5bf04f2000-7e5bf04f3000 ---p 00000000 00:00 0 
7e5bf04f3000-7e5bf05f3000 rw-p 00000000 00:00 0 
7e5bf05f3000-7e5bf05f4000 ---p 00000000 00:00 0 
7e5bf05f4000-7e5bf06f4000 rw-p 00000000 00:00 0 
7e5bf06f4000-7e5bf06f5000 ---p 00000000 00:00 0 
7e5bf06f5000-7e5bf07f5000 rw-p 00000000 00:00 0 
7e5bf07f5000-7e5bf07f6000 ---p 00000000 00:00 0 
7e5bf07f6000-7e5bf08f6000 rw-p 00000000 00:00 0 
7e5bf08f6000-7e5bf08f7000 ---p 00000000 00:00 0 
7e5bf08f7000-7e5bf09f7000 rw-p 00000000 00:00 0 
7e5bf09f7000-7e5bf09f8000 ---p 00000000 00:00 0 
7e5bf09f8000-7e5bf0af8000 rw-p 00000000 00:00 0 
7e5bf0af8000-7e5bf0af9000 ---p 00000000 00:00 0 
7e5bf0af9000-7e5bf0bf9000 rw-p 00000000 00:00 0 
7e5bf0bf9000-7e5bf0bfa000 ---p 00000000 00:00 0 
7e5bf0bfa000-7e5bf0cfa000 rw-p 00000000 00:00 0 
7e5bf0cfa000-7e5bf0cfb000 ---p 00000000 00:00 0 
7e5bf0cfb000-7e5bf0dfb000 rw-p 00000000 00:00 0 
7e5bf0dfb000-7e5bf0dfc000 ---p 00000000 00:00 0 
7e5bf0dfc000-7e5bf0efc000 rw-p 00000000 00:00 0 
7e5bf0efc000-7e5bf0efd000 ---p 00000000 00:00 0 
7e5bf0efd000-7e5bf0ffd000 rw-p 00000000 00:00 0 
7e5bf0ffd000-7e5bf0ffe000 ---p 00000000 00:00 0 
7e5bf0ffe000-7e5bf10fe000 rw-p 00000000 00:00 0 
7e5bf10fe000-7e5bf10ff000 ---p 00000000 00:00 0 
7e5bf10ff000-7e5bf11ff000 rw-p 00000000 00:00 0 
7e5bf11ff000-7e5bf1200000 ---p 00000000 00:00 0 
7e5bf1200000-7e5bf1300000 rw-p 00000000 00:00 0 
7e5bf1300000-7e5bf1304000 ---p 00000000 00:00 0 
7e5bf1304000-7e5bf1400000 rw-p 00000000 00:00 0 
7e5bf1400000-7e5bf1404000 ---p 00000000 00:00 0 
7e5bf1404000-7e5bf1500000 rw-p 00000000 00:00 0 
7e5bf1500000-7e5bf1504000 ---p 00000000 00:00 0 
7e5bf1504000-7e5bf1600000 rw-p 00000000 00:00 0 
7e5bf1600000-7e5bf18eb000 r--p 00000000 08:03 1410552                    /usr/lib/locale/locale-archive
7e5bf192a000-7e5bf192b000 ---p 00000000 00:00 0 
7e5bf192b000-7e5bf1a2b000 rw-p 00000000 00:00 0 
7e5bf1a2b000-7e5bf1a2c000 ---p 00000000 00:00 0 
7e5bf1a2c000-7e5bf1b2c000 rw-p 00000000 00:00 0 
7e5bf1b2c000-7e5bf1b2d000 ---p 00000000 00:00 0 
7e5bf1b2d000-7e5bf1c2d000 rw-p 00000000 00:00 0 
7e5bf1c2d000-7e5bf222e000 rw-p 00000000 00:00 0 
7e5bf222e000-7e5bf282e000 rw-s 00000000 00:10 68                         anon_inode:bpf-map
7e5bf282e000-7e5bf2832000 r--p 00000000 08:03 1410107                    /usr/lib/x86_64-linux-gnu/libzstd.so.1.5.5
7e5bf2832000-7e5bf28d9000 r-xp 00004000 08:03 1410107                    /usr/lib/x86_64-linux-gnu/libzstd.so.1.5.5
7e5bf28d9000-7e5bf28e6000 r--p 000ab000 08:03 1410107                    /usr/lib/x86_64-linux-gnu/libzstd.so.1.5.5
7e5bf28e6000-7e5bf28e7000 r--p 000b7000 08:03 1410107                    /usr/lib/x86_64-linux-gnu/libzstd.so.1.5.5
7e5bf28e7000-7e5bf28e8000 rw-p 000b8000 08:03 1410107                    /usr/lib/x86_64-linux-gnu/libzstd.so.1.5.5
7e5bf28e8000-7e5bf28f4000 r--p 00000000 fc:00 13107648                   /mydata/gc-bpf-fault/shim/libgcbpf.so
7e5bf28f4000-7e5bf2955000 r-xp 0000c000 fc:00 13107648                   /mydata/gc-bpf-fault/shim/libgcbpf.so
7e5bf2955000-7e5bf2a41000 r--p 0006d000 fc:00 13107648                   /mydata/gc-bpf-fault/shim/libgcbpf.so
7e5bf2a41000-7e5bf2a43000 r--p 00159000 fc:00 13107648                   /mydata/gc-bpf-fault/shim/libgcbpf.so
7e5bf2a43000-7e5bf2a44000 rw-p 0015b000 fc:00 13107648                   /mydata/gc-bpf-fault/shim/libgcbpf.so
7e5bf2a44000-7e5bf2a4a000 rw-p 00000000 00:00 0 
7e5bf2a4a000-7e5bf2b2e000 ---p 00000000 00:00 0 
7e5bf2b2e000-7e5bf2b36000 rw-p 00000000 00:00 0 
7e5bf2b36000-7e5bf2c17000 ---p 00000000 00:00 0 
7e5bf2c17000-7e5bf2c1b000 ---p 00000000 00:00 0 
7e5bf2c1b000-7e5bf2d17000 rw-p 00000000 00:00 0 
7e5bf2d17000-7e5bf2d27000 r--p 00000000 08:03 1411099                    /usr/lib/x86_64-linux-gnu/libm.so.6
7e5bf2d27000-7e5bf2da6000 r-xp 00010000 08:03 1411099                    /usr/lib/x86_64-linux-gnu/libm.so.6
7e5bf2da6000-7e5bf2dfe000 r--p 0008f000 08:03 1411099                    /usr/lib/x86_64-linux-gnu/libm.so.6
7e5bf2dfe000-7e5bf2dff000 r--p 000e7000 08:03 1411099                    /usr/lib/x86_64-linux-gnu/libm.so.6
7e5bf2dff000-7e5bf2e00000 rw-p 000e8000 08:03 1411099                    /usr/lib/x86_64-linux-gnu/libm.so.6
7e5bf2e00000-7e5bf2f48000 r--p 00000000 fc:00 49676344                   /mydata/openjdk-mmtk/build/b0test/images/jdk/lib/server/libmmtk_openjdk.so
7e5bf2f48000-7e5bf31bb000 r-xp 00147000 fc:00 49676344                   /mydata/openjdk-mmtk/build/b0test/images/jdk/lib/server/libmmtk_openjdk.so
7e5bf31bb000-7e5bf31fc000 r--p 003b9000 fc:00 49676344                   /mydata/openjdk-mmtk/build/b0test/images/jdk/lib/server/libmmtk_openjdk.so
7e5bf31fc000-7e5bf31fe000 rw-p 003f9000 fc:00 49676344                   /mydata/openjdk-mmtk/build/b0test/images/jdk/lib/server/libmmtk_openjdk.so
7e5bf31fe000-7e5bf3200000 rw-p 00000000 00:00 0 
7e5bf3200000-7e5bf34a9000 r--p 00000000 fc:00 49676343                   /mydata/openjdk-mmtk/build/b0test/images/jdk/lib/server/libjvm.so
7e5bf34a9000-7e5bf433c000 r-xp 002a9000 fc:00 49676343                   /mydata/openjdk-mmtk/build/b0test/images/jdk/lib/server/libjvm.so
7e5bf433c000-7e5bf4620000 r--p 0113c000 fc:00 49676343                   /mydata/openjdk-mmtk/build/b0test/images/jdk/lib/server/libjvm.so
7e5bf4620000-7e5bf46f6000 r--p 0141f000 fc:00 49676343                   /mydata/openjdk-mmtk/build/b0test/images/jdk/lib/server/libjvm.so
7e5bf46f6000-7e5bf4726000 rw-p 014f5000 fc:00 49676343                   /mydata/openjdk-mmtk/build/b0test/images/jdk/lib/server/libjvm.so
7e5bf4726000-7e5bf478c000 rw-p 00000000 00:00 0 
7e5bf47a5000-7e5bf47ac000 r--s 00000000 08:03 1436340                    /usr/lib/x86_64-linux-gnu/gconv/gconv-modules.cache
7e5bf47ac000-7e5bf47af000 r--p 00000000 fc:00 49676331                   /mydata/openjdk-mmtk/build/b0test/images/jdk/lib/libnet.so
7e5bf47af000-7e5bf47b7000 r-xp 00003000 fc:00 49676331                   /mydata/openjdk-mmtk/build/b0test/images/jdk/lib/libnet.so
7e5bf47b7000-7e5bf47b9000 r--p 0000b000 fc:00 49676331                   /mydata/openjdk-mmtk/build/b0test/images/jdk/lib/libnet.so
7e5bf47b9000-7e5bf47ba000 r--p 0000c000 fc:00 49676331                   /mydata/openjdk-mmtk/build/b0test/images/jdk/lib/libnet.so
7e5bf47ba000-7e5bf47bb000 rw-p 0000d000 fc:00 49676331                   /mydata/openjdk-mmtk/build/b0test/images/jdk/lib/libnet.so
7e5bf47bb000-7e5bf47c2000 r--p 00000000 fc:00 49676332                   /mydata/openjdk-mmtk/build/b0test/images/jdk/lib/libnio.so
7e5bf47c2000-7e5bf47cb000 r-xp 00007000 fc:00 49676332                   /mydata/openjdk-mmtk/build/b0test/images/jdk/lib/libnio.so
7e5bf47cb000-7e5bf47cf000 r--p 00010000 fc:00 49676332                   /mydata/openjdk-mmtk/build/b0test/images/jdk/lib/libnio.so
7e5bf47cf000-7e5bf47d0000 r--p 00014000 fc:00 49676332                   /mydata/openjdk-mmtk/build/b0test/images/jdk/lib/libnio.so
7e5bf47d0000-7e5bf47d1000 rw-p 00015000 fc:00 49676332                   /mydata/openjdk-mmtk/build/b0test/images/jdk/lib/libnio.so
7e5bf47d1000-7e5bf47d4000 r--p 00000000 08:03 1410420                    /usr/lib/x86_64-linux-gnu/libelf-0.190.so
7e5bf47d4000-7e5bf47ea000 r-xp 00003000 08:03 1410420                    /usr/lib/x86_64-linux-gnu/libelf-0.190.so
7e5bf47ea000-7e5bf47ee000 r--p 00019000 08:03 1410420                    /usr/lib/x86_64-linux-gnu/libelf-0.190.so
7e5bf47ee000-7e5bf47ef000 r--p 0001c000 08:03 1410420                    /usr/lib/x86_64-linux-gnu/libelf-0.190.so
7e5bf47ef000-7e5bf47f0000 rw-p 0001d000 08:03 1410420                    /usr/lib/x86_64-linux-gnu/libelf-0.190.so
7e5bf47f0000-7e5bf47f7000 rw-p 00000000 00:00 0 
7e5bf47f7000-7e5bf4800000 ---p 00000000 00:00 0 
7e5bf4800000-7e5bf4828000 r--p 00000000 08:03 1410238                    /usr/lib/x86_64-linux-gnu/libc.so.6
7e5bf4828000-7e5bf49b0000 r-xp 00028000 08:03 1410238                    /usr/lib/x86_64-linux-gnu/libc.so.6
7e5bf49b0000-7e5bf49ff000 r--p 001b0000 08:03 1410238                    /usr/lib/x86_64-linux-gnu/libc.so.6
7e5bf49ff000-7e5bf4a03000 r--p 001fe000 08:03 1410238                    /usr/lib/x86_64-linux-gnu/libc.so.6
7e5bf4a03000-7e5bf4a05000 rw-p 00202000 08:03 1410238                    /usr/lib/x86_64-linux-gnu/libc.so.6
7e5bf4a05000-7e5bf4a12000 rw-p 00000000 00:00 0 
7e5bf4a12000-7e5bf4a14000 r--p 00000000 fc:00 49676335                   /mydata/openjdk-mmtk/build/b0test/images/jdk/lib/libzip.so
7e5bf4a14000-7e5bf4a19000 r-xp 00002000 fc:00 49676335                   /mydata/openjdk-mmtk/build/b0test/images/jdk/lib/libzip.so
7e5bf4a19000-7e5bf4a1b000 r--p 00007000 fc:00 49676335                   /mydata/openjdk-mmtk/build/b0test/images/jdk/lib/libzip.so
7e5bf4a1b000-7e5bf4a1c000 r--p 00008000 fc:00 49676335                   /mydata/openjdk-mmtk/build/b0test/images/jdk/lib/libzip.so
7e5bf4a1c000-7e5bf4a1d000 rw-p 00009000 fc:00 49676335                   /mydata/openjdk-mmtk/build/b0test/images/jdk/lib/libzip.so
7e5bf4a1d000-7e5bf4a2a000 r--p 00000000 fc:00 49676327                   /mydata/openjdk-mmtk/build/b0test/images/jdk/lib/libjava.so
7e5bf4a2a000-7e5bf4a39000 r-xp 0000d000 fc:00 49676327                   /mydata/openjdk-mmtk/build/b0test/images/jdk/lib/libjava.so
7e5bf4a39000-7e5bf4a3e000 r--p 0001c000 fc:00 49676327                   /mydata/openjdk-mmtk/build/b0test/images/jdk/lib/libjava.so
7e5bf4a3e000-7e5bf4a3f000 r--p 00021000 fc:00 49676327                   /mydata/openjdk-mmtk/build/b0test/images/jdk/lib/libjava.so
7e5bf4a3f000-7e5bf4a40000 rw-p 00022000 fc:00 49676327                   /mydata/openjdk-mmtk/build/b0test/images/jdk/lib/libjava.so
7e5bf4a40000-7e5bf4a41000 rw-p 00000000 00:00 0 
7e5bf4a41000-7e5bf4a49000 rw-s 00000000 08:03 237590                     /tmp/hsperfdata_root/178499
7e5bf4a49000-7e5bf4a4d000 r--p 00000000 fc:00 49676328                   /mydata/openjdk-mmtk/build/b0test/images/jdk/lib/libjimage.so
7e5bf4a4d000-7e5bf4a64000 r-xp 00004000 fc:00 49676328                   /mydata/openjdk-mmtk/build/b0test/images/jdk/lib/libjimage.so
7e5bf4a64000-7e5bf4a69000 r--p 0001b000 fc:00 49676328                   /mydata/openjdk-mmtk/build/b0test/images/jdk/lib/libjimage.so
7e5bf4a69000-7e5bf4a6b000 r--p 00020000 fc:00 49676328                   /mydata/openjdk-mmtk/build/b0test/images/jdk/lib/libjimage.so
7e5bf4a6b000-7e5bf4a6c000 rw-p 00022000 fc:00 49676328                   /mydata/openjdk-mmtk/build/b0test/images/jdk/lib/libjimage.so
7e5bf4a6c000-7e5bf4a70000 r--p 00000000 08:03 1410148                    /usr/lib/x86_64-linux-gnu/libgcc_s.so.1
7e5bf4a70000-7e5bf4a94000 r-xp 00004000 08:03 1410148                    /usr/lib/x86_64-linux-gnu/libgcc_s.so.1
7e5bf4a94000-7e5bf4a98000 r--p 00028000 08:03 1410148                    /usr/lib/x86_64-linux-gnu/libgcc_s.so.1
7e5bf4a98000-7e5bf4a99000 r--p 0002b000 08:03 1410148                    /usr/lib/x86_64-linux-gnu/libgcc_s.so.1
7e5bf4a99000-7e5bf4a9a000 rw-p 0002c000 08:03 1410148                    /usr/lib/x86_64-linux-gnu/libgcc_s.so.1
7e5bf4a9a000-7e5bf4a9c000 rw-p 00000000 00:00 0 
7e5bf4a9c000-7e5bf4a9e000 r--p 00000000 08:03 1409104                    /usr/lib/x86_64-linux-gnu/libz.so.1.3
7e5bf4a9e000-7e5bf4ab0000 r-xp 00002000 08:03 1409104                    /usr/lib/x86_64-linux-gnu/libz.so.1.3
7e5bf4ab0000-7e5bf4ab6000 r--p 00014000 08:03 1409104                    /usr/lib/x86_64-linux-gnu/libz.so.1.3
7e5bf4ab6000-7e5bf4ab7000 r--p 0001a000 08:03 1409104                    /usr/lib/x86_64-linux-gnu/libz.so.1.3
7e5bf4ab7000-7e5bf4ab8000 rw-p 0001b000 08:03 1409104                    /usr/lib/x86_64-linux-gnu/libz.so.1.3
7e5bf4abd000-7e5bf4abe000 rw-s 00000000 00:10 68                         anon_inode:bpf-map
7e5bf4abe000-7e5bf4abf000 r--s 00000000 00:10 68                         anon_inode:bpf-map
7e5bf4abf000-7e5bf4ac0000 ---p 00000000 00:00 0 
7e5bf4ac0000-7e5bf4ac1000 r--p 00000000 00:00 0 
7e5bf4ac1000-7e5bf4ac2000 ---p 00000000 00:00 0 
7e5bf4ac2000-7e5bf4ac4000 r--p 00000000 fc:00 49676329                   /mydata/openjdk-mmtk/build/b0test/images/jdk/lib/libjli.so
7e5bf4ac4000-7e5bf4ace000 r-xp 00002000 fc:00 49676329                   /mydata/openjdk-mmtk/build/b0test/images/jdk/lib/libjli.so
7e5bf4ace000-7e5bf4ad1000 r--p 0000c000 fc:00 49676329                   /mydata/openjdk-mmtk/build/b0test/images/jdk/lib/libjli.so
7e5bf4ad1000-7e5bf4ad2000 r--p 0000f000 fc:00 49676329                   /mydata/openjdk-mmtk/build/b0test/images/jdk/lib/libjli.so
7e5bf4ad2000-7e5bf4ad3000 rw-p 00010000 fc:00 49676329                   /mydata/openjdk-mmtk/build/b0test/images/jdk/lib/libjli.so
7e5bf4ad3000-7e5bf4ad5000 rw-p 00000000 00:00 0 
7e5bf4ad5000-7e5bf4ad9000 r--p 00000000 00:00 0                          [vvar]
7e5bf4ad9000-7e5bf4adb000 r--p 00000000 00:00 0                          [vvar_vclock]
7e5bf4adb000-7e5bf4add000 r-xp 00000000 00:00 0                          [vdso]
7e5bf4add000-7e5bf4ade000 r--p 00000000 08:03 1409763                    /usr/lib/x86_64-linux-gnu/ld-linux-x86-64.so.2
7e5bf4ade000-7e5bf4b09000 r-xp 00001000 08:03 1409763                    /usr/lib/x86_64-linux-gnu/ld-linux-x86-64.so.2
7e5bf4b09000-7e5bf4b13000 r--p 0002c000 08:03 1409763                    /usr/lib/x86_64-linux-gnu/ld-linux-x86-64.so.2
7e5bf4b13000-7e5bf4b15000 r--p 00036000 08:03 1409763                    /usr/lib/x86_64-linux-gnu/ld-linux-x86-64.so.2
7e5bf4b15000-7e5bf4b17000 rw-p 00038000 08:03 1409763                    /usr/lib/x86_64-linux-gnu/ld-linux-x86-64.so.2
7ffd0fc2d000-7ffd0fc4e000 rw-p 00000000 00:00 0                          [stack]
ffffffffff600000-ffffffffff601000 --xp 00000000 00:00 0                  [vsyscall]
Total number of mappings: 365

JVMTI agents: none


VM Arguments:
jvm_args: -XX:+UseThirdPartyHeap -Xms768m -Xmx768m 
java_command: /mydata/dacapo/dacapo-23.11/dacapo-23.11-MR2-chopin.jar h2 -n 2
java_class_path (initial): /mydata/dacapo/dacapo-23.11/dacapo-23.11-MR2-chopin.jar
Launcher Type: SUN_STANDARD

[Global flags]
     intx CICompilerCount                          = 15                                        {product} {ergonomic}
   size_t InitialHeapSize                          = 805306368                                 {product} {command line}
   size_t MaxHeapSize                              = 805306368                                 {product} {command line}
   size_t MinHeapDeltaBytes                        = 524288                                    {product} {ergonomic}
   size_t MinHeapSize                              = 805306368                                 {product} {command line}
    uintx NonNMethodCodeHeapSize                   = 8192380                                {pd product} {ergonomic}
    uintx NonProfiledCodeHeapSize                  = 121732930                              {pd product} {ergonomic}
    uintx ProfiledCodeHeapSize                     = 121732930                              {pd product} {ergonomic}
    uintx ReservedCodeCacheSize                    = 251658240                              {pd product} {ergonomic}
     bool SegmentedCodeCache                       = true                                      {product} {ergonomic}
   size_t SoftMaxHeapSize                          = 805306368                              {manageable} {ergonomic}
     bool UseCompressedOops                        = true                           {product lp64_product} {ergonomic}

Logging:
Log output configuration:
 #0: stdout all=warning uptime,level,tags foldmultilines=false
 #1: stderr all=off uptime,level,tags foldmultilines=false

Release file:
IMPLEMENTOR="N/A"
JAVA_RUNTIME_VERSION="21.0.9-internal-adhoc.talzuss.openjdk-mmtk"
JAVA_VERSION="21.0.9"
JAVA_VERSION_DATE="2025-10-21"
LIBC="gnu"
MODULES="java.base java.compiler java.datatransfer java.xml java.prefs java.desktop java.instrument java.logging java.management java.security.sasl java.naming java.rmi java.management.rmi java.net.http java.scripting java.security.jgss java.transaction.xa java.sql java.sql.rowset java.xml.crypto java.se java.smartcardio jdk.accessibility jdk.internal.jvmstat jdk.attach jdk.charsets jdk.internal.opt jdk.zipfs jdk.compiler jdk.crypto.ec jdk.crypto.cryptoki jdk.dynalink jdk.internal.ed jdk.editpad jdk.hotspot.agent jdk.httpserver jdk.incubator.vector jdk.internal.le jdk.internal.vm.ci jdk.internal.vm.compiler jdk.internal.vm.compiler.management jdk.jartool jdk.javadoc jdk.jcmd jdk.management jdk.management.agent jdk.jconsole jdk.jdeps jdk.jdwp.agent jdk.jdi jdk.jfr jdk.jlink jdk.jpackage jdk.jshell jdk.jsobject jdk.jstatd jdk.localedata jdk.management.jfr jdk.naming.dns jdk.naming.rmi jdk.net jdk.nio.mapmode jdk.random jdk.sctp jdk.security.auth jdk.security.jgss jdk.unsupported jdk.unsupported.desktop jdk.xml.dom"
OS_ARCH="x86_64"
OS_NAME="Linux"
SOURCE=".:git:b557520f04b3+"

Environment Variables:
PATH=/usr/local/sbin:/usr/local/bin:/usr/sbin:/usr/bin:/sbin:/bin:/snap/bin
SHELL=/bin/bash
LANG=en_US.UTF-8
TERM=tmux-256color

Active Locale:
LC_ALL=en_US.UTF-8
LC_COLLATE=en_US.UTF-8
LC_CTYPE=en_US.UTF-8
LC_MESSAGES=en_US.UTF-8
LC_MONETARY=en_US.UTF-8
LC_NUMERIC=en_US.UTF-8
LC_TIME=en_US.UTF-8

Signal Handlers:
   SIGSEGV: crash_handler in libjvm.so, mask=11100100010111111101111111111110, flags=SA_RESTART|SA_SIGINFO, unblocked
    SIGBUS: crash_handler in libjvm.so, mask=11100100010111111101111111111110, flags=SA_RESTART|SA_SIGINFO, unblocked
    SIGFPE: crash_handler in libjvm.so, mask=11100100010111111101111111111110, flags=SA_RESTART|SA_SIGINFO, unblocked
   SIGPIPE: javaSignalHandler in libjvm.so, mask=11100100010111111101111111111110, flags=SA_RESTART|SA_SIGINFO, blocked
   SIGXFSZ: javaSignalHandler in libjvm.so, mask=11100100010111111101111111111110, flags=SA_RESTART|SA_SIGINFO, blocked
    SIGILL: crash_handler in libjvm.so, mask=11100100010111111101111111111110, flags=SA_RESTART|SA_SIGINFO, unblocked
   SIGUSR2: SR_handler in libjvm.so, mask=00000000000000000000000000000000, flags=SA_RESTART|SA_SIGINFO, blocked
    SIGHUP: UserHandler in libjvm.so, mask=11100100010111111101111111111110, flags=SA_RESTART|SA_SIGINFO, blocked
    SIGINT: UserHandler in libjvm.so, mask=11100100010111111101111111111110, flags=SA_RESTART|SA_SIGINFO, blocked
   SIGTERM: UserHandler in libjvm.so, mask=11100100010111111101111111111110, flags=SA_RESTART|SA_SIGINFO, blocked
   SIGQUIT: UserHandler in libjvm.so, mask=11100100010111111101111111111110, flags=SA_RESTART|SA_SIGINFO, blocked
   SIGTRAP: crash_handler in libjvm.so, mask=11100100010111111101111111111110, flags=SA_RESTART|SA_SIGINFO, unblocked


Periodic native trim disabled

---------------  S Y S T E M  ---------------

OS:
DISTRIB_ID=Ubuntu
DISTRIB_RELEASE=24.04
DISTRIB_CODENAME=noble
DISTRIB_DESCRIPTION="Ubuntu 24.04.4 LTS"
uname: Linux 6.17.0-bpf-fault+ #1 SMP PREEMPT_DYNAMIC Mon Jul  6 16:43:12 MDT 2026 x86_64
OS uptime: 0 days 6:51 hours
libc: glibc 2.39 NPTL 2.39 
rlimit (soft/hard): STACK 8192k/infinity , CORE 0k/0k , NPROC 513205/513205 , NOFILE 1048576/1048576 , AS infinity/infinity , CPU infinity/infinity , DATA infinity/infinity , FSIZE infinity/infinity , MEMLOCK 16436528k/16436528k
load average: 10.62 20.23 16.04

/proc/meminfo:
MemTotal:       131492232 kB
MemFree:        85461896 kB
MemAvailable:   126863872 kB
Buffers:          426824 kB
Cached:         40439220 kB
SwapCached:            0 kB
Active:          2371788 kB
Inactive:       40067996 kB
Active(anon):    1590200 kB
Inactive(anon):        0 kB
Active(file):     781588 kB
Inactive(file): 40067996 kB
Unevictable:       41912 kB
Mlocked:           38840 kB
SwapTotal:       8388604 kB
SwapFree:        8388604 kB
Zswap:                 0 kB
Zswapped:              0 kB
Dirty:               996 kB
Writeback:             0 kB
AnonPages:       1617032 kB
Mapped:           280068 kB
Shmem:              5324 kB
KReclaimable:    1803628 kB
Slab:            2306364 kB
SReclaimable:    1803628 kB
SUnreclaim:       502736 kB
KernelStack:       10192 kB
PageTables:        16988 kB
SecPageTables:      8336 kB
NFS_Unstable:          0 kB
Bounce:                0 kB
WritebackTmp:          0 kB
CommitLimit:    74134720 kB
Committed_AS:   115092500 kB
VmallocTotal:   34359738367 kB
VmallocUsed:       42276 kB
VmallocChunk:          0 kB
Percpu:            44672 kB
HardwareCorrupted:     0 kB
AnonHugePages:         0 kB
ShmemHugePages:        0 kB
ShmemPmdMapped:        0 kB
FileHugePages:   2152448 kB
FilePmdMapped:         0 kB
Unaccepted:            0 kB
Balloon:               0 kB
HugePages_Total:       0
HugePages_Free:        0
HugePages_Rsvd:        0
HugePages_Surp:        0
Hugepagesize:       2048 kB
Hugetlb:               0 kB
DirectMap4k:      367424 kB
DirectMap2M:    14948352 kB
DirectMap1G:    118489088 kB

/sys/kernel/mm/transparent_hugepage/enabled: always [madvise] never
/sys/kernel/mm/transparent_hugepage/hpage_pmd_size: 2097152
/sys/kernel/mm/transparent_hugepage/defrag (defrag/compaction efforts parameter): always defer defer+madvise [madvise] never

Process Memory:
Virtual Size: 13622048468K (peak: 13622048508K)
Resident Set Size: 842476K (peak: 1476596K) (anon: 763676K, file: 78800K, shmem: 0K)
Swapped out: 0K
C-Heap outstanding allocations: 1381319K, retained: 44496K
glibc malloc tunables: (default)

/proc/sys/kernel/threads-max (system-wide limit on the number of threads): 1026411
/proc/sys/vm/max_map_count (maximum number of memory map areas a process may have): 1048576
/proc/sys/vm/swappiness (control to define how aggressively the kernel swaps out anonymous memory): 60
/proc/sys/kernel/pid_max (system-wide limit on number of process identifiers): 4194304

container information not found.
Steal ticks since vm start: 0
Steal ticks percentage since vm start:  0.000

CPU: total 32 (initial active 32) (32 cores per cpu, 2 threads per core) family 23 model 49 stepping 0 microcode 0x830107c, cx8, cmov, fxsr, ht, mmx, 3dnowpref, sse, sse2, sse3, ssse3, sse4a, sse4.1, sse4.2, popcnt, lzcnt, tsc, tscinvbit, avx, avx2, aes, clmul, bmi1, bmi2, adx, sha, fma, vzeroupper, clflush, clflushopt, rdtscp, rdpid, f16c
CPU Model and flags from /proc/cpuinfo:
model name	: AMD EPYC 7302P 16-Core Processor
flags		: fpu vme de pse tsc msr pae mce cx8 apic sep mtrr pge mca cmov pat pse36 clflush mmx fxsr sse sse2 ht syscall nx mmxext fxsr_opt pdpe1gb rdtscp lm constant_tsc rep_good nopl xtopology nonstop_tsc cpuid extd_apicid aperfmperf rapl pni pclmulqdq monitor ssse3 fma cx16 sse4_1 sse4_2 movbe popcnt aes xsave avx f16c rdrand lahf_lm cmp_legacy svm extapic cr8_legacy abm sse4a misalignsse 3dnowprefetch osvw ibs skinit wdt tce topoext perfctr_core perfctr_nb bpext perfctr_llc mwaitx cpb cat_l3 cdp_l3 hw_pstate ssbd mba ibrs ibpb stibp vmmcall fsgsbase bmi1 avx2 smep bmi2 cqm rdt_a rdseed adx smap clflushopt clwb sha_ni xsaveopt xsavec xgetbv1 xsaves cqm_llc cqm_occup_llc cqm_mbm_total cqm_mbm_local clzero irperf xsaveerptr rdpru wbnoinvd amd_ppin arat npt lbrv svm_lock nrip_save tsc_scale vmcb_clean flushbyasid decodeassists pausefilter pfthreshold avic v_vmsave_vmload vgif v_spec_ctrl umip rdpid overflow_recov succor smca sev sev_es

Online cpus: 0-31
Offline cpus: 
BIOS frequency limitation: <Not Available>
Frequency switch latency (ns): <Not Available>
Available cpu frequencies: <Not Available>
Current governor: <Not Available>
Core performance/turbo boost: <Not Available>

Memory: 4k page, physical 131492232k(126863872k free), swap 8388604k(8388604k free)
Page Sizes: 4k

vm_info: OpenJDK 64-Bit Server VM (21.0.9-internal-adhoc.talzuss.openjdk-mmtk) for linux-amd64 JRE (21.0.9-internal-adhoc.talzuss.openjdk-mmtk), built on 2026-07-06T23:13:08Z by "talzuss" with gcc 13.3.0
heap_info: MMTk OpenJDK 0.32.0 (15c0350), using MMTk 0.32.0 (5d85e8d-dirty, BUILTIN_ENV_LOGGER, DEFAULT, EAGER_SWEEPING, VO_BIT)~

END.
